
🚀 Lancio scenario: autarky_VRES_2030_BESS
[2025-09-15 11:27:19] INFO     Loading sets
[2025-09-15 11:27:19] INFO     Loading parameters
[2025-09-15 11:28:06] INFO     constraints are loaded in the following order: ['energy_balance', 'dispatch', 'costs', 'capacity', 'network', 'policy', 'conversion', 'group', 'conversion_plus', 'milp', 'export']
[2025-09-15 11:28:06] INFO     creating energy_balance constraints
[2025-09-15 11:32:01] INFO     creating dispatch constraints
[2025-09-15 11:35:06] INFO     creating costs constraints
[2025-09-15 11:44:38] INFO     creating capacity constraints
[2025-09-15 11:44:38] INFO     creating network constraints
[2025-09-15 11:44:38] INFO     creating policy constraints
[2025-09-15 11:44:38] INFO     creating conversion constraints
[2025-09-15 11:44:38] INFO     creating group constraints
[2025-09-15 11:44:38] INFO     creating conversion_plus constraints
[2025-09-15 11:44:38] INFO     creating milp constraints
[2025-09-15 11:44:38] INFO     creating export constraints
[2025-09-15 11:56:29] DEBUG    Set parameter WLSAccessID
Set parameter WLSSecret
Set parameter LicenseID to value 2680226
[2025-09-15 11:56:30] DEBUG    Academic license 2680226 - for non-commercial use only - registered to an___@mail.polimi.it
[2025-09-15 11:57:04] DEBUG    Read LP format model from file /tmp/tmpwj7nejbe.pyomo.lp
Reading time = 33.93 seconds
x16498022: 22533709 rows, 16498022 columns, 54085147 nonzeros
[2025-09-15 11:57:04] DEBUG    Set parameter NumericFocus to value 1
Gurobi Optimizer version 12.0.2 build v12.0.2rc0 (linux64 - "Debian GNU/Linux 11 (bullseye)")

CPU model: Intel(R) Xeon(R) Silver 4314 CPU @ 2.40GHz, instruction set [SSE2|AVX|AVX2|AVX512]
Thread count: 32 physical cores, 64 logical processors, using up to 32 threads

Non-default parameters:
NumericFocus  1
[2025-09-15 11:57:04] DEBUG    Academic license 2680226 - for non-commercial use only - registered to an___@mail.polimi.it
Optimize a model with 22533709 rows, 16498022 columns and 54085147 nonzeros
[2025-09-15 11:57:04] DEBUG    Model fingerprint: 0x8bfd21ff
[2025-09-15 11:57:04] DEBUG    Coefficient statistics:
  Matrix range     [1e-07, 3e+02]
  Objective range  [1e+00, 1e+06]
  Bounds range     [0e+00, 0e+00]
  RHS range        [1e+00, 2e+08]
[2025-09-15 11:57:10] DEBUG    Presolve removed 18292136 rows and 9838610 columns (presolve time = 6s)...
[2025-09-15 11:57:14] DEBUG    Presolve removed 19579789 rows and 12820000 columns (presolve time = 10s)...
[2025-09-15 11:57:19] DEBUG    Presolve removed 20392783 rows and 13582215 columns (presolve time = 15s)...
[2025-09-15 11:57:23] DEBUG    Presolve removed 21062074 rows and 13599735 columns
[2025-09-15 11:57:23] DEBUG    Presolve time: 19.97s
Presolved: 1471635 rows, 3038431 columns, 8511366 nonzeros

Concurrent LP optimizer: primal simplex, dual simplex, and barrier
Showing barrier log only...
[2025-09-15 11:57:26] DEBUG    Ordering time: 0.94s
[2025-09-15 11:57:27] DEBUG    Barrier statistics:
 Dense cols : 114
 AA' NZ     : 8.339e+06
[2025-09-15 11:57:27] DEBUG    Factor NZ  : 2.908e+07 (roughly 2.0 GB of memory)
 Factor Ops : 9.402e+08 (less than 1 second per iteration)
 Threads    : 30
[2025-09-15 11:57:31] DEBUG    Objective                Residual
[2025-09-15 11:57:31] DEBUG    Iter       Primal          Dual         Primal    Dual     Compl     Time
[2025-09-15 11:57:31] DEBUG    0   4.53885745e+21 -1.23862822e+19  7.48e+10 2.41e-01  5.97e+15    28s
[2025-09-15 11:57:36] DEBUG    1   1.59252425e+21 -1.22160242e+19  2.28e+10 3.32e+05  2.24e+15    32s
[2025-09-15 11:57:42] DEBUG    2   9.54532404e+20 -9.17819990e+18  1.27e+10 6.11e+04  9.61e+14    39s
[2025-09-15 11:57:50] DEBUG    3   6.09685681e+20 -8.12417063e+18  8.01e+09 1.75e+04  5.57e+14    47s
[2025-09-15 11:57:56] DEBUG    4   4.27919646e+20 -7.75448849e+18  5.61e+09 1.10e+04  3.88e+14    52s
[2025-09-15 11:58:00] DEBUG    5   3.82248799e+20 -7.25173974e+18  4.99e+09 3.60e+03  3.35e+14    57s
[2025-09-15 11:58:04] DEBUG    6   1.89500207e+20 -6.83826174e+18  2.44e+09 1.30e+03  1.64e+14    61s
[2025-09-15 11:58:08] DEBUG    7   1.73288033e+20 -6.53585451e+18  2.22e+09 5.69e+02  1.50e+14    65s
[2025-09-15 11:58:12] DEBUG    8   1.20105163e+20 -6.21181868e+18  1.54e+09 3.14e+02  1.04e+14    69s
[2025-09-15 11:58:18] DEBUG    9   8.63422449e+19 -5.61426659e+18  1.10e+09 9.39e+01  7.41e+13    74s
[2025-09-15 11:58:21] DEBUG    10   7.39486121e+19 -5.30222416e+18  9.41e+08 5.94e+01  6.32e+13    78s
[2025-09-15 11:58:28] DEBUG    11   5.46890557e+19 -4.78807340e+18  6.96e+08 2.63e+01  4.66e+13    84s
[2025-09-15 11:58:32] DEBUG    12   2.54128756e+19 -4.19214569e+18  3.24e+08 1.32e+01  2.18e+13    88s
[2025-09-15 11:58:37] DEBUG    13   8.02319684e+18 -3.40706748e+18  1.01e+08 5.66e+00  7.08e+12    94s
[2025-09-15 11:58:46] DEBUG    14   4.68883261e+18 -1.89372124e+18  6.26e+07 1.32e+00  3.76e+12   102s
[2025-09-15 11:58:51] DEBUG    15   9.07847643e+17 -1.26285507e+18  1.17e+07 7.79e-01  8.33e+11   108s
[2025-09-15 11:58:55] DEBUG    16   2.42323672e+17 -8.23693230e+17  3.06e+06 4.51e-01  2.91e+11   111s
[2025-09-15 11:58:59] DEBUG    17   2.44570113e+16 -2.54505770e+17  2.82e+05 1.45e-01  5.45e+10   115s
[2025-09-15 11:59:03] DEBUG    18   3.46592775e+15 -2.66632491e+16  3.69e+04 4.84e-02  5.46e+09   119s
[2025-09-15 11:59:07] DEBUG    19   1.96945870e+14 -1.49314711e+15  8.04e+01 2.51e-02  2.60e+08   123s
[2025-09-15 11:59:13] DEBUG    20   1.76247554e+14 -2.67441202e+14  2.44e+00 2.65e-02  4.75e+07   129s
[2025-09-15 11:59:18] DEBUG    21   1.68178282e+14 -1.25630525e+14  1.37e-01 2.74e-02  2.22e+07   134s
[2025-09-15 11:59:27] DEBUG    22   1.59815467e+14 -6.13869111e+13  5.22e-02 2.91e-02  1.09e+07   144s
[2025-09-15 11:59:43] DEBUG    23   1.57060301e+14 -4.18415961e+13  4.37e-02 2.96e-02  7.41e+06   159s
[2025-09-15 11:59:57] DEBUG    24   1.53595777e+14 -3.36801203e+13  3.64e-02 3.02e-02  5.93e+06   173s
[2025-09-15 12:00:12] DEBUG    25   1.50908105e+14 -2.21697666e+13  3.16e-02 3.03e-02  3.87e+06   188s
[2025-09-15 12:00:31] DEBUG    26   1.49894884e+14 -2.05882600e+13  2.97e-02 3.05e-02  3.59e+06   208s
[2025-09-15 12:00:49] DEBUG    27   1.47142983e+14 -1.19851134e+13  2.49e-02 3.08e-02  2.01e+06   225s
[2025-09-15 12:01:03] DEBUG    28   1.44679361e+14 -9.48428601e+12  2.04e-02 3.03e-02  1.55e+06   239s
[2025-09-15 12:01:17] DEBUG    29   1.39505831e+14 -6.40881378e+12  1.23e-02 3.01e-02  9.61e+05   253s
[2025-09-15 12:01:28] DEBUG    30   1.39266719e+14 -5.42840519e+12  1.20e-02 3.01e-02  7.96e+05   264s
[2025-09-15 12:01:43] DEBUG    31   1.35342740e+14 -5.14718616e+12  7.02e-03 3.00e-02  6.94e+05   279s
[2025-09-15 12:01:58] DEBUG    32   1.33796008e+14 -3.74619324e+12  5.84e-03 2.97e-02  4.50e+05   295s
[2025-09-15 12:02:10] DEBUG    33   1.33354608e+14 -2.83974710e+12  5.40e-03 2.96e-02  3.11e+05   306s
[2025-09-15 12:02:22] DEBUG    34   1.31262212e+14 -2.72583360e+12  3.39e-03 2.95e-02  2.70e+05   318s
[2025-09-15 12:02:33] DEBUG    35   1.30307091e+14 -2.15365214e+12  2.84e-03 2.90e-02  1.74e+05   330s
[2025-09-15 12:02:45] DEBUG    36   1.29327954e+14 -1.84651478e+12  2.40e-03 2.89e-02  1.19e+05   341s
[2025-09-15 12:02:54] DEBUG    37   1.28831452e+14 -1.68648001e+12  2.17e-03 2.87e-02  9.24e+04   350s
[2025-09-15 12:03:05] DEBUG    38   1.27175800e+14 -1.64766338e+12  1.66e-03 2.87e-02  7.48e+04   361s
[2025-09-15 12:03:17] DEBUG    39   1.26472097e+14 -1.54291599e+12  1.45e-03 2.85e-02  5.40e+04   373s
[2025-09-15 12:03:27] DEBUG    40   1.25848124e+14 -1.38396322e+12  1.16e-03 2.86e-02  3.46e+04   384s
[2025-09-15 12:03:37] DEBUG    41   1.25450361e+14 -1.36280157e+12  1.01e-03 2.86e-02  3.00e+04   393s
[2025-09-15 12:03:46] DEBUG    42   1.24851893e+14 -1.33081813e+12  8.09e-04 2.85e-02  2.33e+04   403s
[2025-09-15 12:03:57] DEBUG    43   1.24616010e+14 -1.31711540e+12  7.32e-04 2.85e-02  2.02e+04   413s
[2025-09-15 12:04:06] DEBUG    44   1.24223953e+14 -1.30749809e+12  6.26e-04 2.85e-02  1.65e+04   423s
[2025-09-15 12:04:17] DEBUG    45   1.23719436e+14 -1.30307034e+12  5.04e-04 2.84e-02  1.36e+04   434s
[2025-09-15 12:04:29] DEBUG    46   1.23293139e+14 -1.30598606e+12  4.58e-04 2.84e-02  1.14e+04   445s
[2025-09-15 12:04:38] DEBUG    47   1.23152335e+14 -1.30667371e+12  4.27e-04 2.83e-02  1.03e+04   455s
[2025-09-15 12:04:48] DEBUG    48   1.22797763e+14 -1.30833719e+12  3.66e-04 2.83e-02  9.14e+03   464s
[2025-09-15 12:04:59] DEBUG    49   1.22483046e+14 -1.30993798e+12  3.51e-04 2.83e-02  8.03e+03   476s
[2025-09-15 12:05:11] DEBUG    50   1.22245019e+14 -1.31251469e+12  3.05e-04 2.83e-02  7.35e+03   487s
[2025-09-15 12:05:22] DEBUG    51   1.22005011e+14 -1.31658691e+12  2.75e-04 2.82e-02  6.68e+03   499s
[2025-09-15 12:05:32] DEBUG    52   1.21798567e+14 -1.32223940e+12  2.44e-04 2.82e-02  5.99e+03   508s
[2025-09-15 12:05:41] DEBUG    53   1.21714610e+14 -1.32400429e+12  2.44e-04 2.82e-02  5.79e+03   518s
[2025-09-15 12:05:51] DEBUG    54   1.21496444e+14 -1.32737904e+12  2.52e-04 2.81e-02  5.27e+03   528s
[2025-09-15 12:06:01] DEBUG    55   1.21329650e+14 -1.33032610e+12  2.14e-04 2.81e-02  4.91e+03   538s
[2025-09-15 12:06:14] DEBUG    56   1.21222389e+14 -1.33647297e+12  2.21e-04 2.81e-02  4.54e+03   550s
[2025-09-15 12:06:22] DEBUG    57   1.21027522e+14 -1.33848041e+12  2.06e-04 2.81e-02  4.19e+03   558s
[2025-09-15 12:06:34] DEBUG    58   1.20914018e+14 -1.34040739e+12  2.44e-04 2.81e-02  3.99e+03   571s
[2025-09-15 12:06:43] DEBUG    59   1.20814955e+14 -1.34221256e+12  2.44e-04 2.80e-02  3.82e+03   580s
[2025-09-15 12:06:50] DEBUG    60   1.20775022e+14 -1.34262183e+12  1.91e-04 2.80e-02  3.77e+03   587s
[2025-09-15 12:07:02] DEBUG    61   1.20607991e+14 -1.34415808e+12  1.83e-04 2.80e-02  3.55e+03   598s
[2025-09-15 12:07:10] DEBUG    62   1.20492184e+14 -1.34714983e+12  2.44e-04 2.80e-02  3.34e+03   607s
[2025-09-15 12:07:21] DEBUG    63   1.20362752e+14 -1.34860088e+12  2.44e-04 2.80e-02  3.17e+03   617s
[2025-09-15 12:07:31] DEBUG    64   1.20187626e+14 -1.35080218e+12  2.44e-04 2.80e-02  2.97e+03   628s
[2025-09-15 12:07:45] DEBUG    65   1.20088499e+14 -1.35347823e+12  2.44e-04 2.80e-02  2.80e+03   641s
[2025-09-15 12:07:55] DEBUG    66   1.20036069e+14 -1.35380831e+12  2.44e-04 2.80e-02  2.75e+03   652s
[2025-09-15 12:08:07] DEBUG    67   1.19972740e+14 -1.35540371e+12  3.05e-04 2.80e-02  2.67e+03   664s
[2025-09-15 12:08:18] DEBUG    68   1.19845820e+14 -1.35667592e+12  3.05e-04 2.80e-02  2.54e+03   675s
[2025-09-15 12:08:29] DEBUG    69   1.19769827e+14 -1.35748936e+12  3.05e-04 2.79e-02  2.45e+03   685s
[2025-09-15 12:08:38] DEBUG    70   1.19680962e+14 -1.35775510e+12  2.44e-04 2.79e-02  2.39e+03   694s
[2025-09-15 12:08:49] DEBUG    71   1.19628508e+14 -1.35934920e+12  2.44e-04 2.79e-02  2.31e+03   705s
[2025-09-15 12:08:58] DEBUG    72   1.19567729e+14 -1.36113594e+12  2.44e-04 2.79e-02  2.23e+03   715s
[2025-09-15 12:09:06] DEBUG    73   1.19501535e+14 -1.36209973e+12  2.44e-04 2.79e-02  2.16e+03   723s
[2025-09-15 12:09:16] DEBUG    74   1.19379798e+14 -1.36274230e+12  2.44e-04 2.79e-02  2.07e+03   732s
[2025-09-15 12:09:27] DEBUG    75   1.19282803e+14 -1.36436087e+12  2.44e-04 2.79e-02  1.98e+03   743s
[2025-09-15 12:09:37] DEBUG    76   1.19219875e+14 -1.36515273e+12  2.44e-04 2.79e-02  1.92e+03   754s
[2025-09-15 12:09:46] DEBUG    77   1.19135621e+14 -1.36555890e+12  2.44e-04 2.79e-02  1.85e+03   763s
[2025-09-15 12:09:55] DEBUG    78   1.19084352e+14 -1.36587045e+12  2.44e-04 2.79e-02  1.81e+03   771s
[2025-09-15 12:10:06] DEBUG    79   1.19003421e+14 -1.36657866e+12  2.44e-04 2.79e-02  1.75e+03   782s
[2025-09-15 12:10:12] DEBUG    80   1.18967812e+14 -1.36684489e+12  1.83e-04 2.79e-02  1.73e+03   789s
[2025-09-15 12:10:22] DEBUG    81   1.18925153e+14 -1.36740999e+12  2.44e-04 2.79e-02  1.70e+03   799s
[2025-09-15 12:10:33] DEBUG    82   1.18847827e+14 -1.36848192e+12  2.44e-04 2.79e-02  1.64e+03   809s
[2025-09-15 12:10:43] DEBUG    83   1.18774645e+14 -1.36959438e+12  2.44e-04 2.79e-02  1.59e+03   820s
[2025-09-15 12:10:52] DEBUG    84   1.18690027e+14 -1.37063492e+12  2.44e-04 2.79e-02  1.52e+03   828s
[2025-09-15 12:11:00] DEBUG    85   1.18605021e+14 -1.37106324e+12  2.44e-04 2.79e-02  1.47e+03   837s
[2025-09-15 12:11:07] DEBUG    86   1.18550782e+14 -1.37097358e+12  2.44e-04 2.79e-02  1.44e+03   843s
[2025-09-15 12:11:14] DEBUG    87   1.18547281e+14 -1.37096407e+12  3.05e-04 2.79e-02  1.44e+03   851s
[2025-09-15 12:11:22] DEBUG    88   1.18542188e+14 -1.37098903e+12  3.05e-04 2.79e-02  1.44e+03   859s
[2025-09-15 12:11:33] DEBUG    89   1.18528472e+14 -1.37106266e+12  3.05e-04 2.79e-02  1.59e+03   869s
[2025-09-15 12:11:33] DEBUG    Barrier performed 89 iterations in 869.15 seconds (174.94 work units)
Numerical trouble encountered
[2025-09-15 12:11:33] DEBUG    Model may be infeasible or unbounded.  Consider using the
homogeneous algorithm (through parameter 'BarHomogeneous')
[2025-09-15 12:12:37] DEBUG    Waiting for other threads to finish...         934s
[2025-09-15 12:13:41] DEBUG    Waiting for other threads to finish...         998s
[2025-09-15 12:14:45] DEBUG    Waiting for other threads to finish...        1062s
[2025-09-15 12:15:49] DEBUG    Waiting for other threads to finish...        1126s
[2025-09-15 12:16:54] DEBUG    Waiting for other threads to finish...        1190s
[2025-09-15 12:17:58] DEBUG    Waiting for other threads to finish...        1254s
[2025-09-15 12:19:02] DEBUG    Waiting for other threads to finish...        1319s
[2025-09-15 12:20:07] DEBUG    Waiting for other threads to finish...        1384s
[2025-09-15 12:21:12] DEBUG    Waiting for other threads to finish...        1448s
[2025-09-15 12:22:16] DEBUG    Waiting for other threads to finish...        1513s
[2025-09-15 12:23:21] DEBUG    Waiting for other threads to finish...        1577s
[2025-09-15 12:24:25] DEBUG    Waiting for other threads to finish...        1642s
[2025-09-15 12:24:55] DEBUG    Solved with dual simplex
[2025-09-15 12:25:05] DEBUG    Iteration    Objective       Primal Inf.    Dual Inf.      Time
[2025-09-15 12:25:05] DEBUG    1588366    1.8641690e+10   0.000000e+00   0.000000e+00   1681s

Solved in 1588366 iterations and 1681.15 seconds (980.09 work units)
[2025-09-15 12:25:05] DEBUG    Optimal objective  1.864169047e+10
❌ Errore nel run di autarky_VRES_2030_BESS: 'Model' object has no attribute 'backend_model'

🚀 Lancio scenario: autarky_VRES_2030_PHES
[2025-09-15 12:32:12] INFO     Loading sets
[2025-09-15 12:32:12] INFO     Loading parameters
[2025-09-15 12:32:46] INFO     constraints are loaded in the following order: ['energy_balance', 'dispatch', 'costs', 'capacity', 'network', 'policy', 'conversion', 'group', 'conversion_plus', 'milp', 'export']
[2025-09-15 12:32:46] INFO     creating energy_balance constraints
[2025-09-15 12:37:28] INFO     creating dispatch constraints
[2025-09-15 12:41:08] INFO     creating costs constraints
[2025-09-15 12:51:34] INFO     creating capacity constraints
[2025-09-15 12:51:34] INFO     creating network constraints
[2025-09-15 12:51:34] INFO     creating policy constraints
[2025-09-15 12:51:34] INFO     creating conversion constraints
[2025-09-15 12:51:34] INFO     creating group constraints
[2025-09-15 12:51:34] INFO     creating conversion_plus constraints
[2025-09-15 12:51:34] INFO     creating milp constraints
[2025-09-15 12:51:34] INFO     creating export constraints
[2025-09-15 13:03:21] DEBUG    Set parameter WLSAccessID
Set parameter WLSSecret
Set parameter LicenseID to value 2680226
[2025-09-15 13:03:21] DEBUG    Academic license 2680226 - for non-commercial use only - registered to an___@mail.polimi.it
[2025-09-15 13:03:55] DEBUG    Read LP format model from file /tmp/tmpi97kqb5a.pyomo.lp
[2025-09-15 13:03:55] DEBUG    Reading time = 33.88 seconds
x16410410: 22411113 rows, 16410410 columns, 54071495 nonzeros
[2025-09-15 13:03:55] DEBUG    Set parameter NumericFocus to value 1
[2025-09-15 13:03:55] DEBUG    Gurobi Optimizer version 12.0.2 build v12.0.2rc0 (linux64 - "Debian GNU/Linux 11 (bullseye)")

CPU model: Intel(R) Xeon(R) Silver 4314 CPU @ 2.40GHz, instruction set [SSE2|AVX|AVX2|AVX512]
Thread count: 32 physical cores, 64 logical processors, using up to 32 threads
[2025-09-15 13:03:55] DEBUG    Non-default parameters:
NumericFocus  1
[2025-09-15 13:03:55] DEBUG    Academic license 2680226 - for non-commercial use only - registered to an___@mail.polimi.it
[2025-09-15 13:03:55] DEBUG    Optimize a model with 22411113 rows, 16410410 columns and 54071495 nonzeros
[2025-09-15 13:03:55] DEBUG    Model fingerprint: 0xd8c7ebe6
[2025-09-15 13:03:56] DEBUG    Coefficient statistics:
  Matrix range     [1e-07, 3e+02]
  Objective range  [1e+00, 1e+06]
[2025-09-15 13:03:56] DEBUG    Bounds range     [0e+00, 0e+00]
  RHS range        [1e+00, 6e+09]
Warning: Model contains large rhs
[2025-09-15 13:04:01] DEBUG    Presolve removed 18318496 rows and 9882422 columns (presolve time = 6s)...
[2025-09-15 13:04:06] DEBUG    Presolve removed 19792363 rows and 13050000 columns (presolve time = 10s)...
[2025-09-15 13:04:11] DEBUG    Presolve removed 20922049 rows and 13604977 columns (presolve time = 15s)...
[2025-09-15 13:04:14] DEBUG    Presolve removed 21062193 rows and 13622497 columns
[2025-09-15 13:04:14] DEBUG    Presolve time: 19.48s
Presolved: 1348920 rows, 2928057 columns, 7964390 nonzeros
[2025-09-15 13:04:14] DEBUG    Concurrent LP optimizer: primal simplex, dual simplex, and barrier
Showing barrier log only...
[2025-09-15 13:04:16] DEBUG    Ordering time: 0.81s
[2025-09-15 13:04:17] DEBUG    Barrier statistics:
 Dense cols : 111
[2025-09-15 13:04:17] DEBUG    AA' NZ     : 7.583e+06
 Factor NZ  : 2.603e+07 (roughly 2.0 GB of memory)
 Factor Ops : 7.886e+08 (less than 1 second per iteration)
 Threads    : 30
[2025-09-15 13:04:21] DEBUG    Objective                Residual
Iter       Primal          Dual         Primal    Dual     Compl     Time
[2025-09-15 13:04:21] DEBUG    0   5.72689118e+21 -1.81510298e+19  5.69e+10 4.94e-01  9.49e+15    26s
[2025-09-15 13:04:25] DEBUG    1   5.27194197e+21 -1.87073078e+19  5.19e+10 4.84e+05  8.07e+15    31s
[2025-09-15 13:04:31] DEBUG    2   4.96994350e+21 -7.30129288e+19  4.90e+10 3.76e+05  7.69e+15    37s
[2025-09-15 13:04:39] DEBUG    3   4.08038564e+21 -2.79694677e+20  4.02e+10 7.90e+04  6.37e+15    45s
[2025-09-15 13:04:45] DEBUG    4   7.12423234e+20 -2.53266415e+20  6.34e+09 2.06e+04  1.05e+15    50s
[2025-09-15 13:04:53] DEBUG    5   1.41147975e+20 -1.64400486e+20  1.12e+09 2.75e+03  2.05e+14    58s
[2025-09-15 13:04:59] DEBUG    6   8.38533896e+19 -6.26667812e+19  6.57e+08 2.80e+02  1.10e+14    64s
[2025-09-15 13:05:03] DEBUG    7   3.85047023e+19 -2.88866633e+19  2.93e+08 4.03e+01  4.78e+13    68s
[2025-09-15 13:05:07] DEBUG    8   2.08532956e+19 -1.56827231e+19  1.53e+08 1.42e+01  2.49e+13    72s
[2025-09-15 13:05:11] DEBUG    9   1.34106345e+19 -1.16343670e+19  9.62e+07 1.53e+00  1.58e+13    76s
[2025-09-15 13:05:15] DEBUG    10   9.00611940e+18 -6.75310497e+18  6.38e+07 1.03e-04  1.01e+13    81s
[2025-09-15 13:05:19] DEBUG    11   6.11800747e+18 -3.69763564e+18  4.28e+07 1.11e-05  6.42e+12    85s
[2025-09-15 13:05:24] DEBUG    12   5.01269483e+18 -2.14679299e+18  3.47e+07 5.18e-05  4.88e+12    89s
[2025-09-15 13:05:28] DEBUG    13   1.16388017e+18 -1.40314973e+18  7.25e+06 4.50e-05  1.17e+12    94s
[2025-09-15 13:05:32] DEBUG    14   3.56868743e+17 -7.58933456e+17  2.17e+06 9.17e-04  3.86e+11    97s
[2025-09-15 13:05:37] DEBUG    15   1.08243066e+17 -3.16639691e+17  6.17e+05 3.83e-05  1.18e+11   102s
[2025-09-15 13:05:41] DEBUG    16   4.79252345e+16 -1.46357467e+17  2.63e+05 2.74e-04  4.76e+10   107s
[2025-09-15 13:05:47] DEBUG    17   1.46680267e+16 -3.23228914e+16  7.93e+04 8.37e-05  1.03e+10   112s
[2025-09-15 13:05:51] DEBUG    18   2.03437170e+15 -1.19469338e+16  9.88e+03 2.04e-05  2.61e+09   116s
[2025-09-15 13:05:57] DEBUG    19   1.49336535e+13 -8.94157830e+14  1.35e+00 2.46e-05  1.59e+08   122s
[2025-09-15 13:06:10] DEBUG    20   5.02762978e+12 -7.57243682e+14  4.45e-02 9.02e-03  1.33e+08   136s
[2025-09-15 13:06:25] DEBUG    21   9.49068206e+12 -1.64425625e+14  5.34e-05 4.62e-03  3.04e+07   150s
[2025-09-15 13:06:38] DEBUG    22   6.60550647e+12 -1.57218251e+14  4.58e-05 4.62e-03  2.87e+07   163s
[2025-09-15 13:06:54] DEBUG    23   5.28364505e+12 -1.05622333e+14  6.01e-04 4.11e-03  1.94e+07   179s
[2025-09-15 13:07:21] DEBUG    24   5.03413542e+12 -6.76201943e+13  5.46e-04 3.40e-03  1.27e+07   206s
[2025-09-15 13:07:39] DEBUG    25   4.71859923e+12 -3.08524356e+13  4.79e-04 4.16e-03  6.21e+06   225s
[2025-09-15 13:08:04] DEBUG    26   4.00082169e+12 -2.59516196e+13  3.44e-04 6.75e-03  5.23e+06   249s
[2025-09-15 13:08:34] DEBUG    27   3.11368298e+12 -1.81974286e+13  1.82e-04 1.25e-02  3.71e+06   280s
[2025-09-15 13:09:06] DEBUG    28   2.74304097e+12 -1.04765045e+13  1.33e-04 1.53e-02  2.30e+06   312s
[2025-09-15 13:09:36] DEBUG    29   2.43385413e+12 -8.29789331e+12  1.00e-04 1.63e-02  1.86e+06   341s
[2025-09-15 13:09:54] DEBUG    30   2.34050912e+12 -6.22088602e+12  9.29e-05 2.35e-02  1.48e+06   359s
[2025-09-15 13:10:09] DEBUG    31   2.00043473e+12 -3.55788972e+12  6.87e-05 1.79e-02  9.51e+05   374s
[2025-09-15 13:10:22] DEBUG    32   1.87418943e+12 -2.13482055e+12  5.97e-05 1.85e-02  6.77e+05   388s
[2025-09-15 13:10:41] DEBUG    33   1.63766091e+12 -1.68269317e+12  4.34e-05 1.88e-02  5.57e+05   406s
[2025-09-15 13:11:00] DEBUG    34   1.50836069e+12 -1.31765441e+12  4.15e-05 1.88e-02  4.70e+05   425s
[2025-09-15 13:11:16] DEBUG    35   1.43436209e+12 -1.09267789e+12  6.29e-05 1.88e-02  4.19e+05   441s
[2025-09-15 13:11:30] DEBUG    36   1.33599284e+12  5.65393523e+10  5.58e-05 1.83e-02  1.97e+05   455s
[2025-09-15 13:11:45] DEBUG    37   1.24361243e+12  1.43940651e+11  3.72e-05 1.81e-02  1.69e+05   470s
[2025-09-15 13:12:02] DEBUG    38   1.13473761e+12  2.35696874e+11  4.20e-05 1.76e-02  1.37e+05   488s
[2025-09-15 13:12:21] DEBUG    39   1.11771554e+12  3.89107761e+11  5.72e-05 1.60e-02  1.08e+05   506s
[2025-09-15 13:12:39] DEBUG    40   1.04748464e+12  4.78696882e+11  4.91e-05 1.45e-02  8.22e+04   524s
[2025-09-15 13:12:57] DEBUG    41   1.00429740e+12  5.59350610e+11  5.01e-05 1.08e-02  6.20e+04   542s
[2025-09-15 13:13:15] DEBUG    42   9.71367304e+11  6.71632942e+11  5.77e-05 5.34e-03  3.78e+04   560s
[2025-09-15 13:13:31] DEBUG    43   9.30836839e+11  6.91551589e+11  4.67e-05 5.16e-03  2.86e+04   577s
[2025-09-15 13:13:50] DEBUG    44   9.06863216e+11  7.06707708e+11  3.77e-05 5.19e-03  2.27e+04   596s
[2025-09-15 13:14:10] DEBUG    45   8.98613001e+11  7.39264769e+11  5.87e-05 5.24e-03  1.59e+04   615s
[2025-09-15 13:14:26] DEBUG    46   8.75534070e+11  7.51909569e+11  3.62e-05 5.24e-03  1.07e+04   631s
[2025-09-15 13:14:42] DEBUG    47   8.67198432e+11  7.56284397e+11  6.06e-05 5.22e-03  8.92e+03   648s
[2025-09-15 13:14:59] DEBUG    48   8.57247241e+11  7.59794774e+11  5.20e-05 5.17e-03  7.12e+03   664s
[2025-09-15 13:15:15] DEBUG    49   8.48609625e+11  7.63800183e+11  4.91e-05 5.06e-03  5.48e+03   680s
[2025-09-15 13:15:31] DEBUG    50   8.39936035e+11  7.66415876e+11  2.24e-05 4.77e-03  4.06e+03   697s
[2025-09-15 13:15:49] DEBUG    51   8.33370411e+11  7.68148394e+11  2.62e-05 4.53e-03  3.13e+03   714s
[2025-09-15 13:16:05] DEBUG    52   8.27229619e+11  7.68564797e+11  3.53e-05 4.53e-03  2.52e+03   730s
[2025-09-15 13:16:23] DEBUG    53   8.24053400e+11  7.68784568e+11  2.43e-05 4.52e-03  2.20e+03   748s
[2025-09-15 13:16:39] DEBUG    54   8.21864620e+11  7.69744334e+11  3.86e-05 4.50e-03  1.83e+03   764s
[2025-09-15 13:16:54] DEBUG    55   8.18276340e+11  7.70129452e+11  3.15e-05 4.47e-03  1.44e+03   779s
[2025-09-15 13:17:12] DEBUG    56   8.17972369e+11  7.70223364e+11  4.01e-05 4.44e-03  1.41e+03   797s
[2025-09-15 13:17:32] DEBUG    57   8.16287282e+11  7.70304885e+11  3.39e-05 4.41e-03  1.28e+03   817s
[2025-09-15 13:17:49] DEBUG    58   8.15336908e+11  7.70350560e+11  2.72e-05 4.39e-03  1.22e+03   834s
[2025-09-15 13:18:09] DEBUG    59   8.14406132e+11  7.70540261e+11  2.38e-05 4.30e-03  1.13e+03   854s
[2025-09-15 13:18:25] DEBUG    60   8.13986082e+11  7.70563777e+11  2.96e-05 4.27e-03  1.10e+03   871s
[2025-09-15 13:18:44] DEBUG    61   8.13677938e+11  7.70572372e+11  4.05e-05 4.26e-03  1.08e+03   889s
[2025-09-15 13:19:06] DEBUG    62   8.13167130e+11  7.70605216e+11  4.20e-05 4.21e-03  1.04e+03   911s
[2025-09-15 13:19:27] DEBUG    63   8.12189957e+11  7.70648760e+11  3.62e-05 4.13e-03  9.76e+02   933s
[2025-09-15 13:19:53] DEBUG    64   8.11751725e+11  7.70701812e+11  3.86e-05 3.99e-03  9.43e+02   958s
[2025-09-15 13:20:18] DEBUG    65   8.11657673e+11  7.70728403e+11  3.53e-05 3.91e-03  9.35e+02   984s
[2025-09-15 13:20:45] DEBUG    66   8.10670893e+11  7.70753352e+11  5.05e-05 3.82e-03  8.56e+02  1010s
[2025-09-15 13:21:11] DEBUG    67   8.10454100e+11  7.70806855e+11  3.67e-05 3.58e-03  8.41e+02  1037s
[2025-09-15 13:21:40] DEBUG    68   8.10288349e+11  7.70833642e+11  3.81e-05 3.48e-03  8.26e+02  1065s
[2025-09-15 13:22:02] DEBUG    69   8.09730427e+11  7.70889823e+11  3.81e-05 3.25e-03  7.67e+02  1087s
[2025-09-15 13:22:21] DEBUG    70   8.09017581e+11  7.70955502e+11  3.15e-05 3.03e-03  6.90e+02  1106s
[2025-09-15 13:22:38] DEBUG    71   8.08429268e+11  7.71003784e+11  3.10e-05 2.81e-03  6.26e+02  1123s
[2025-09-15 13:22:57] DEBUG    72   8.07843164e+11  7.71052506e+11  3.62e-05 2.62e-03  5.61e+02  1143s
[2025-09-15 13:23:16] DEBUG    73   8.07270542e+11  7.71131810e+11  4.39e-05 2.42e-03  4.88e+02  1161s
[2025-09-15 13:23:28] DEBUG    74   8.06872098e+11  7.71258986e+11  4.63e-05 2.41e-03  4.30e+02  1173s
[2025-09-15 13:23:41] DEBUG    75   8.06199010e+11  7.71320948e+11  5.92e-05 2.41e-03  3.53e+02  1186s
[2025-09-15 13:23:52] DEBUG    76   8.05736247e+11  7.71374453e+11  5.25e-05 2.41e-03  3.03e+02  1197s
[2025-09-15 13:24:03] DEBUG    77   8.05367741e+11  7.71418514e+11  5.08e-05 2.41e-03  2.65e+02  1208s
[2025-09-15 13:24:14] DEBUG    78   8.05009624e+11  7.71461068e+11  4.95e-05 2.41e-03  2.30e+02  1219s
[2025-09-15 13:24:29] DEBUG    79   8.04706519e+11  7.71518958e+11  4.42e-05 2.41e-03  2.01e+02  1235s
[2025-09-15 13:24:41] DEBUG    80   8.04461742e+11  7.71551279e+11  3.73e-05 2.41e-03  1.79e+02  1246s
[2025-09-15 13:24:53] DEBUG    81   8.04147575e+11  7.71576165e+11  3.77e-05 2.41e-03  1.55e+02  1258s
[2025-09-15 13:25:03] DEBUG    82   8.03878949e+11  7.71595823e+11  3.34e-05 2.40e-03  1.37e+02  1269s
[2025-09-15 13:25:15] DEBUG    83   8.03565445e+11  7.71626219e+11  4.15e-05 2.40e-03  1.16e+02  1281s
[2025-09-15 13:25:24] DEBUG    84   8.03414411e+11  7.71640476e+11  2.86e-05 2.40e-03  1.07e+02  1290s
[2025-09-15 13:25:33] DEBUG    85   8.03350678e+11  7.71654201e+11  2.96e-05 2.40e-03  1.01e+02  1298s
[2025-09-15 13:25:42] DEBUG    86   8.03294467e+11  7.71659547e+11  4.01e-05 2.40e-03  9.66e+01  1308s
[2025-09-15 13:25:51] DEBUG    87   8.03187116e+11  7.71669625e+11  4.36e-05 2.40e-03  8.83e+01  1316s
[2025-09-15 13:25:58] DEBUG    88   8.03071757e+11  7.71676317e+11  4.04e-05 2.40e-03  8.05e+01  1323s
[2025-09-15 13:26:07] DEBUG    89   8.03058388e+11  7.71680012e+11  3.97e-05 2.40e-03  7.93e+01  1332s
[2025-09-15 13:26:17] DEBUG    90   8.02881580e+11  7.71691525e+11  6.49e-05 2.40e-03  6.78e+01  1342s
[2025-09-15 13:26:23] DEBUG    91   8.02829360e+11  7.71701747e+11  6.42e-05 2.40e-03  6.40e+01  1349s
[2025-09-15 13:26:34] DEBUG    92   8.02679693e+11  7.71710864e+11  6.38e-05 2.40e-03  5.50e+01  1360s
[2025-09-15 13:26:49] DEBUG    93   8.02603193e+11  7.71717567e+11  5.46e-05 2.40e-03  5.08e+01  1374s
[2025-09-15 13:27:00] DEBUG    94   8.02519000e+11  7.71724521e+11  5.63e-05 2.40e-03  4.63e+01  1385s
[2025-09-15 13:27:10] DEBUG    95   8.02381633e+11  7.71734317e+11  4.81e-05 2.40e-03  3.98e+01  1395s
[2025-09-15 13:27:21] DEBUG    96   8.02280380e+11  7.71740786e+11  4.53e-05 2.40e-03  3.54e+01  1406s
[2025-09-15 13:27:33] DEBUG    97   8.02178274e+11  7.71747472e+11  4.01e-05 2.40e-03  3.14e+01  1418s
[2025-09-15 13:27:43] DEBUG    98   8.02096246e+11  7.71756256e+11  4.14e-05 2.40e-03  2.80e+01  1429s
[2025-09-15 13:27:58] DEBUG    99   8.02028694e+11  7.71761339e+11  4.02e-05 2.40e-03  2.57e+01  1443s
[2025-09-15 13:28:07] DEBUG    100   8.01918454e+11  7.71764542e+11  4.26e-05 2.40e-03  2.26e+01  1452s
[2025-09-15 13:28:17] DEBUG    101   8.01795060e+11  7.71769173e+11  3.71e-05 2.40e-03  1.95e+01  1462s
[2025-09-15 13:28:27] DEBUG    102   8.01734931e+11  7.71776968e+11  3.58e-05 2.40e-03  1.76e+01  1472s
[2025-09-15 13:28:37] DEBUG    103   8.01604544e+11  7.71779390e+11  3.84e-05 2.40e-03  1.51e+01  1482s
[2025-09-15 13:28:46] DEBUG    104   8.01556679e+11  7.71784811e+11  3.64e-05 2.40e-03  1.39e+01  1491s
[2025-09-15 13:28:57] DEBUG    105   8.01475555e+11  7.71789769e+11  3.24e-05 2.40e-03  1.23e+01  1502s
[2025-09-15 13:29:07] DEBUG    106   8.01405366e+11  7.71794491e+11  4.20e-05 2.40e-03  1.10e+01  1512s
[2025-09-15 13:29:17] DEBUG    107   8.01328236e+11  7.71796923e+11  3.34e-05 2.40e-03  9.97e+00  1522s
[2025-09-15 13:29:28] DEBUG    108   8.01263595e+11  7.71799099e+11  3.42e-05 2.40e-03  9.14e+00  1533s
[2025-09-15 13:29:36] DEBUG    109   8.01196544e+11  7.71800599e+11  3.53e-05 2.40e-03  8.42e+00  1541s
[2025-09-15 13:29:46] DEBUG    110   8.01140874e+11  7.71801910e+11  2.96e-05 2.40e-03  7.82e+00  1551s
[2025-09-15 13:29:56] DEBUG    111   8.01101381e+11  7.71803713e+11  2.43e-05 2.40e-03  7.34e+00  1561s
[2025-09-15 13:30:07] DEBUG    112   8.01059407e+11  7.71806948e+11  2.63e-05 2.40e-03  6.86e+00  1572s
[2025-09-15 13:30:13] DEBUG    113   8.01001085e+11  7.71807849e+11  2.84e-05 2.40e-03  6.39e+00  1579s
[2025-09-15 13:30:23] DEBUG    114   8.00936047e+11  7.71810844e+11  3.67e-05 2.40e-03  5.80e+00  1589s
[2025-09-15 13:30:33] DEBUG    115   8.00823978e+11  7.71813146e+11  2.53e-05 2.40e-03  4.95e+00  1598s
[2025-09-15 13:30:44] DEBUG    116   8.00769695e+11  7.71815669e+11  4.05e-05 2.40e-03  4.51e+00  1610s
[2025-09-15 13:30:54] DEBUG    117   8.00702651e+11  7.71817107e+11  4.10e-05 2.40e-03  4.13e+00  1619s
[2025-09-15 13:31:04] DEBUG    118   8.00630955e+11  7.71818475e+11  3.58e-05 2.40e-03  3.75e+00  1629s
[2025-09-15 13:31:13] DEBUG    119   8.00560761e+11  7.71819252e+11  3.48e-05 2.40e-03  3.40e+00  1639s
[2025-09-15 13:31:24] DEBUG    120   8.00500751e+11  7.71820263e+11  3.15e-05 2.40e-03  3.11e+00  1649s
[2025-09-15 13:31:33] DEBUG    121   8.00472125e+11  7.71821164e+11  2.81e-05 2.40e-03  2.97e+00  1658s
[2025-09-15 13:31:43] DEBUG    122   8.00401233e+11  7.71822105e+11  4.15e-05 2.40e-03  2.69e+00  1669s
[2025-09-15 13:31:54] DEBUG    123   8.00354382e+11  7.71822372e+11  2.96e-05 2.40e-03  2.53e+00  1679s
[2025-09-15 13:32:04] DEBUG    124   8.00307770e+11  7.71823473e+11  3.10e-05 2.40e-03  2.34e+00  1690s
[2025-09-15 13:32:14] DEBUG    125   8.00268387e+11  7.71824202e+11  2.72e-05 2.40e-03  2.21e+00  1700s
[2025-09-15 13:32:25] DEBUG    126   8.00248591e+11  7.71824366e+11  2.48e-05 2.40e-03  2.16e+00  1710s
[2025-09-15 13:32:34] DEBUG    127   8.00236593e+11  7.71824491e+11  3.34e-05 2.40e-03  2.12e+00  1719s
[2025-09-15 13:32:43] DEBUG    128   8.00217537e+11  7.71824805e+11  4.15e-05 2.40e-03  2.07e+00  1728s
[2025-09-15 13:32:53] DEBUG    129   8.00188967e+11  7.71825170e+11  2.96e-05 2.40e-03  1.99e+00  1738s
[2025-09-15 13:33:04] DEBUG    130   8.00137422e+11  7.71825613e+11  3.91e-05 2.40e-03  1.84e+00  1750s
[2025-09-15 13:33:14] DEBUG    131   8.00068077e+11  7.71826557e+11  3.15e-05 2.40e-03  1.64e+00  1760s
[2025-09-15 13:33:23] DEBUG    132   8.00046841e+11  7.71827151e+11  3.62e-05 2.40e-03  1.60e+00  1768s
[2025-09-15 13:33:32] DEBUG    133   8.00001188e+11  7.71827992e+11  3.91e-05 2.40e-03  1.50e+00  1777s
[2025-09-15 13:33:40] DEBUG    134   7.99984708e+11  7.71828389e+11  2.53e-05 2.40e-03  1.47e+00  1785s
[2025-09-15 13:33:50] DEBUG    135   7.99925944e+11  7.71829583e+11  2.72e-05 2.40e-03  1.33e+00  1795s
[2025-09-15 13:34:00] DEBUG    136   7.99852063e+11  7.71830739e+11  3.19e-05 2.40e-03  1.20e+00  1805s
[2025-09-15 13:34:09] DEBUG    137   7.99825637e+11  7.71831387e+11  2.77e-05 2.40e-03  1.16e+00  1815s
[2025-09-15 13:34:16] DEBUG    138   7.99798333e+11  7.71831583e+11  2.96e-05 2.40e-03  1.12e+00  1822s
[2025-09-15 13:34:26] DEBUG    139   7.99789829e+11  7.71831846e+11  5.39e-05 2.40e-03  1.10e+00  1831s
[2025-09-15 13:34:35] DEBUG    140   7.99770993e+11  7.71832126e+11  5.72e-05 2.40e-03  1.08e+00  1840s
[2025-09-15 13:34:46] DEBUG    141   7.99737650e+11  7.71832432e+11  5.34e-05 2.40e-03  1.03e+00  1851s
[2025-09-15 13:34:55] DEBUG    142   7.99670303e+11  7.71832983e+11  5.72e-05 2.40e-03  9.32e-01  1861s
[2025-09-15 13:35:06] DEBUG    143   7.99645516e+11  7.71833527e+11  5.01e-05 2.40e-03  8.96e-01  1871s
[2025-09-15 13:35:17] DEBUG    144   7.99638498e+11  7.71833559e+11  5.91e-05 2.40e-03  8.89e-01  1882s
[2025-09-15 13:35:25] DEBUG    145   7.99622685e+11  7.71833604e+11  6.48e-05 2.40e-03  8.72e-01  1890s
[2025-09-15 13:35:35] DEBUG    146   7.99615539e+11  7.71833845e+11  7.20e-05 2.40e-03  8.74e-01  1901s
[2025-09-15 13:35:42] DEBUG    147   7.99608337e+11  7.71833892e+11  7.44e-05 2.40e-03  8.67e-01  1907s
[2025-09-15 13:35:49] DEBUG    148   7.99592302e+11  7.71834082e+11  6.96e-05 2.40e-03  8.49e-01  1914s
[2025-09-15 13:35:57] DEBUG    149   7.99582648e+11  7.71834247e+11  8.77e-05 2.40e-03  8.38e-01  1923s
[2025-09-15 13:36:05] DEBUG    150   7.99576224e+11  7.71834577e+11  7.77e-05 2.40e-03  8.28e-01  1931s
[2025-09-15 13:36:13] DEBUG    151   7.99554251e+11  7.71834732e+11  7.25e-05 2.40e-03  8.05e-01  1938s
[2025-09-15 13:36:26] DEBUG    152   7.99547220e+11  7.71834817e+11  7.92e-05 2.40e-03  7.98e-01  1952s
[2025-09-15 13:36:37] DEBUG    153   7.99501928e+11  7.71835131e+11  6.82e-05 2.40e-03  7.50e-01  1962s
[2025-09-15 13:36:47] DEBUG    154   7.99458640e+11  7.71835415e+11  5.96e-05 2.40e-03  7.07e-01  1972s
[2025-09-15 13:36:58] DEBUG    155   7.99430355e+11  7.71835906e+11  6.63e-05 2.40e-03  6.76e-01  1983s
[2025-09-15 13:37:07] DEBUG    156   7.99374102e+11  7.71836321e+11  7.34e-05 2.40e-03  6.23e-01  1993s
[2025-09-15 13:37:15] DEBUG    157   7.99352347e+11  7.71836543e+11  6.25e-05 2.40e-03  6.05e-01  2000s
[2025-09-15 13:37:25] DEBUG    158   7.99307194e+11  7.71836770e+11  6.34e-05 2.40e-03  5.68e-01  2011s
[2025-09-15 13:37:35] DEBUG    159   7.99270665e+11  7.71837017e+11  5.10e-05 2.40e-03  5.39e-01  2020s
[2025-09-15 13:37:43] DEBUG    160   7.99247003e+11  7.71837133e+11  6.29e-05 2.40e-03  5.22e-01  2028s
[2025-09-15 13:37:52] DEBUG    161   7.99238388e+11  7.71837173e+11  5.77e-05 2.40e-03  5.17e-01  2037s
[2025-09-15 13:38:02] DEBUG    162   7.99227665e+11  7.71837345e+11  6.39e-05 2.40e-03  5.08e-01  2047s
[2025-09-15 13:38:13] DEBUG    163   7.99204670e+11  7.71837444e+11  6.44e-05 2.40e-03  4.93e-01  2058s
[2025-09-15 13:38:23] DEBUG    164   7.99201251e+11  7.71837525e+11  7.77e-05 2.40e-03  4.91e-01  2068s
[2025-09-15 13:38:32] DEBUG    165   7.99182363e+11  7.71837607e+11  6.53e-05 2.40e-03  4.79e-01  2077s
[2025-09-15 13:38:42] DEBUG    166   7.99155003e+11  7.71837754e+11  6.01e-05 2.40e-03  4.62e-01  2087s
[2025-09-15 13:38:52] DEBUG    167   7.99127213e+11  7.71837849e+11  6.44e-05 2.40e-03  4.44e-01  2097s
[2025-09-15 13:39:00] DEBUG    168   7.99099594e+11  7.71837957e+11  6.15e-05 2.40e-03  4.27e-01  2105s
[2025-09-15 13:39:09] DEBUG    169   7.99072243e+11  7.71838147e+11  6.58e-05 2.40e-03  4.10e-01  2115s
[2025-09-15 13:39:20] DEBUG    170   7.99040087e+11  7.71838303e+11  6.68e-05 2.40e-03  3.92e-01  2125s
[2025-09-15 13:39:29] DEBUG    171   7.99007455e+11  7.71838399e+11  7.63e-05 2.40e-03  3.74e-01  2134s
[2025-09-15 13:39:39] DEBUG    172   7.98988973e+11  7.71838649e+11  8.11e-05 2.40e-03  3.63e-01  2144s
[2025-09-15 13:39:50] DEBUG    173   7.98944196e+11  7.71838759e+11  9.01e-05 2.40e-03  3.41e-01  2155s
[2025-09-15 13:39:59] DEBUG    174   7.98916695e+11  7.71838832e+11  7.39e-05 2.40e-03  3.28e-01  2164s
[2025-09-15 13:40:08] DEBUG    175   7.98896183e+11  7.71838876e+11  7.20e-05 2.40e-03  3.20e-01  2173s
[2025-09-15 13:40:16] DEBUG    176   7.98882209e+11  7.71838922e+11  7.77e-05 2.40e-03  3.14e-01  2181s
[2025-09-15 13:40:26] DEBUG    177   7.98864820e+11  7.71839001e+11  7.82e-05 2.40e-03  3.06e-01  2191s
[2025-09-15 13:40:34] DEBUG    178   7.98853337e+11  7.71839043e+11  6.48e-05 2.40e-03  3.02e-01  2200s
[2025-09-15 13:40:45] DEBUG    179   7.98831721e+11  7.71839091e+11  6.34e-05 2.40e-03  2.94e-01  2210s
[2025-09-15 13:40:55] DEBUG    180   7.98812690e+11  7.71839160e+11  6.48e-05 2.40e-03  2.86e-01  2220s
[2025-09-15 13:41:03] DEBUG    181   7.98791581e+11  7.71839211e+11  5.96e-05 2.40e-03  2.78e-01  2228s
[2025-09-15 13:41:13] DEBUG    182   7.98772220e+11  7.71839283e+11  5.53e-05 2.40e-03  2.71e-01  2238s
[2025-09-15 13:41:25] DEBUG    183   7.98767911e+11  7.71839298e+11  5.25e-05 2.40e-03  2.70e-01  2250s
[2025-09-15 13:41:35] DEBUG    184   7.98747305e+11  7.71839352e+11  6.15e-05 2.40e-03  2.63e-01  2260s
[2025-09-15 13:41:43] DEBUG    185   7.98736545e+11  7.71839416e+11  4.63e-05 2.40e-03  2.60e-01  2269s
[2025-09-15 13:41:53] DEBUG    186   7.98714933e+11  7.71839472e+11  6.15e-05 2.40e-03  2.52e-01  2279s
[2025-09-15 13:42:04] DEBUG    187   7.98703834e+11  7.71839494e+11  5.77e-05 2.40e-03  2.49e-01  2289s
[2025-09-15 13:42:12] DEBUG    188   7.98692713e+11  7.71839578e+11  6.44e-05 2.40e-03  2.45e-01  2297s
[2025-09-15 13:42:21] DEBUG    189   7.98664730e+11  7.71839664e+11  4.96e-05 2.40e-03  2.36e-01  2307s
[2025-09-15 13:42:31] DEBUG    190   7.98637524e+11  7.71839738e+11  4.82e-05 2.40e-03  2.27e-01  2316s
[2025-09-15 13:42:41] DEBUG    191   7.98607225e+11  7.71839799e+11  4.91e-05 2.40e-03  2.18e-01  2326s
[2025-09-15 13:42:47] DEBUG    192   7.98601669e+11  7.71839821e+11  3.48e-05 2.40e-03  2.16e-01  2333s
[2025-09-15 13:42:57] DEBUG    193   7.98594799e+11  7.71839865e+11  3.19e-05 2.40e-03  2.14e-01  2342s
[2025-09-15 13:43:05] DEBUG    194   7.98591959e+11  7.71839862e+11  4.05e-05 2.40e-03  2.13e-01  2350s
[2025-09-15 13:43:13] DEBUG    195   7.98588443e+11  7.71839873e+11  4.48e-05 2.40e-03  2.12e-01  2358s
[2025-09-15 13:43:20] DEBUG    196   7.98573569e+11  7.71839877e+11  5.48e-05 2.40e-03  2.09e-01  2365s
[2025-09-15 13:43:36] DEBUG    197   7.98553052e+11  7.71839955e+11  4.48e-05 2.40e-03  2.03e-01  2382s
[2025-09-15 13:43:53] DEBUG    198   7.98531401e+11  7.71840030e+11  4.67e-05 2.40e-03  1.97e-01  2399s
[2025-09-15 13:44:03] DEBUG    199   7.98530445e+11  7.71840034e+11  5.67e-05 2.40e-03  1.97e-01  2408s
[2025-09-15 13:44:14] DEBUG    200   7.98528817e+11  7.71840049e+11  5.05e-05 2.40e-03  1.96e-01  2420s
[2025-09-15 13:44:30] DEBUG    201   7.98526735e+11  7.71840055e+11  4.72e-05 2.40e-03  1.96e-01  2436s
[2025-09-15 13:44:49] DEBUG    202   7.98519928e+11  7.71840047e+11  5.29e-05 2.40e-03  1.94e-01  2454s
[2025-09-15 13:44:56] DEBUG    203   7.98514068e+11  7.71840082e+11  5.82e-05 2.40e-03  1.93e-01  2461s
[2025-09-15 13:44:56] DEBUG    Barrier performed 203 iterations in 2461.43 seconds (414.98 work units)
Sub-optimal termination - objective 8.00354382e+11
[2025-09-15 13:44:56] DEBUG    Crossover log...
[2025-09-15 13:44:57] DEBUG    619713 DPushes remaining with DInf 0.0000000e+00              2462s
[2025-09-15 13:45:00] DEBUG    447609 DPushes remaining with DInf 0.0000000e+00              2465s
[2025-09-15 13:45:05] DEBUG    402368 DPushes remaining with DInf 0.0000000e+00              2470s
[2025-09-15 13:45:10] DEBUG    362039 DPushes remaining with DInf 0.0000000e+00              2475s
[2025-09-15 13:45:15] DEBUG    319273 DPushes remaining with DInf 0.0000000e+00              2480s
[2025-09-15 13:45:20] DEBUG    291172 DPushes remaining with DInf 0.0000000e+00              2485s
[2025-09-15 13:45:25] DEBUG    264806 DPushes remaining with DInf 0.0000000e+00              2490s
[2025-09-15 13:45:30] DEBUG    226596 DPushes remaining with DInf 0.0000000e+00              2495s
[2025-09-15 13:45:35] DEBUG    204427 DPushes remaining with DInf 0.0000000e+00              2500s
[2025-09-15 13:45:40] DEBUG    180182 DPushes remaining with DInf 0.0000000e+00              2505s
[2025-09-15 13:45:45] DEBUG    155228 DPushes remaining with DInf 0.0000000e+00              2510s
[2025-09-15 13:45:50] DEBUG    130592 DPushes remaining with DInf 0.0000000e+00              2515s
[2025-09-15 13:45:55] DEBUG    114033 DPushes remaining with DInf 0.0000000e+00              2520s
[2025-09-15 13:46:00] DEBUG    97009 DPushes remaining with DInf 0.0000000e+00              2525s
[2025-09-15 13:46:05] DEBUG    77660 DPushes remaining with DInf 0.0000000e+00              2530s
[2025-09-15 13:46:10] DEBUG    52192 DPushes remaining with DInf 0.0000000e+00              2535s
[2025-09-15 13:46:15] DEBUG    29293 DPushes remaining with DInf 0.0000000e+00              2540s
[2025-09-15 13:46:20] DEBUG    12663 DPushes remaining with DInf 0.0000000e+00              2545s
[2025-09-15 13:46:25] DEBUG    3841 DPushes remaining with DInf 0.0000000e+00              2550s
[2025-09-15 13:46:27] DEBUG    0 DPushes remaining with DInf 0.0000000e+00              2552s
[2025-09-15 13:46:27] DEBUG    2434673 PPushes remaining with PInf 0.0000000e+00              2552s
[2025-09-15 13:46:31] DEBUG    861915 PPushes remaining with PInf 0.0000000e+00              2556s
[2025-09-15 13:46:35] DEBUG    200574 PPushes remaining with PInf 0.0000000e+00              2560s
[2025-09-15 13:46:40] DEBUG    54237 PPushes remaining with PInf 0.0000000e+00              2565s
[2025-09-15 13:46:45] DEBUG    18026 PPushes remaining with PInf 0.0000000e+00              2570s
[2025-09-15 13:46:49] DEBUG    0 PPushes remaining with PInf 0.0000000e+00              2574s
[2025-09-15 13:46:49] DEBUG    Push phase complete: Pinf 0.0000000e+00, Dinf 9.4578046e+05   2574s
[2025-09-15 13:46:49] DEBUG    Iteration    Objective       Primal Inf.    Dual Inf.      Time
[2025-09-15 13:46:49] DEBUG    2667413    8.0018733e+11   0.000000e+00   9.457805e+05   2575s
[2025-09-15 13:46:51] DEBUG    2668244    7.9904003e+11   0.000000e+00   1.471690e+06   2576s
[2025-09-15 13:46:55] DEBUG    2669582    7.9515048e+11   0.000000e+00   1.372886e+06   2580s
[2025-09-15 13:47:01] DEBUG    2671511    7.9277189e+11   0.000000e+00   2.557228e+05   2586s
[2025-09-15 13:47:05] DEBUG    2672451    7.9222001e+11   0.000000e+00   8.939079e+05   2590s
[2025-09-15 13:47:11] DEBUG    2674323    7.9075077e+11   0.000000e+00   8.304981e+05   2596s
[2025-09-15 13:47:16] DEBUG    2676015    7.8992142e+11   0.000000e+00   2.416919e+05   2601s
[2025-09-15 13:47:20] DEBUG    2677005    7.8969328e+11   0.000000e+00   6.076547e+05   2606s
[2025-09-15 13:47:25] DEBUG    2678427    7.8928312e+11   0.000000e+00   2.185525e+05   2610s
[2025-09-15 13:47:31] DEBUG    2680262    7.8919340e+11   0.000000e+00   1.644791e+05   2616s
[2025-09-15 13:47:35] DEBUG    2681840    7.8917169e+11   0.000000e+00   5.181635e+04   2621s
[2025-09-15 13:47:41] DEBUG    2683586    7.8668337e+11   0.000000e+00   1.025065e+04   2626s
[2025-09-15 13:47:46] DEBUG    2685616    7.7722533e+11   0.000000e+00   2.281253e+03   2631s
[2025-09-15 13:47:50] DEBUG    2687245    7.7684342e+11   0.000000e+00   6.597737e+03   2635s
[2025-09-15 13:47:55] DEBUG    2689251    7.7632485e+11   0.000000e+00   2.226476e+04   2641s
[2025-09-15 13:48:01] DEBUG    2691235    7.7586576e+11   0.000000e+00   9.463748e+02   2646s
[2025-09-15 13:48:06] DEBUG    2692666    7.7586028e+11   0.000000e+00   2.832340e+03   2651s
[2025-09-15 13:48:10] DEBUG    2694943    7.7338983e+11   0.000000e+00   2.624488e+03   2655s
[2025-09-15 13:48:15] DEBUG    2697780    7.7246523e+11   0.000000e+00   3.147156e+02   2660s
[2025-09-15 13:48:20] DEBUG    2700759    7.7189352e+11   0.000000e+00   2.435514e+02   2665s
[2025-09-15 13:48:25] DEBUG    2704593    7.7189308e+11   0.000000e+00   1.983527e+02   2671s
[2025-09-15 13:48:30] DEBUG    2709421    7.7189293e+11   0.000000e+00   1.062632e+02   2676s
[2025-09-15 13:48:35] DEBUG    2714137    7.7189292e+11   0.000000e+00   8.849351e+01   2680s
[2025-09-15 13:48:40] DEBUG    2718603    7.7189277e+11   0.000000e+00   5.349768e+01   2686s
[2025-09-15 13:48:45] DEBUG    2721300    7.7189275e+11   0.000000e+00   4.960188e+01   2690s
[2025-09-15 13:48:51] DEBUG    2724862    7.7189274e+11   0.000000e+00   4.563641e+01   2696s
[2025-09-15 13:48:55] DEBUG    2727687    7.7189271e+11   0.000000e+00   3.643218e+01   2700s
[2025-09-15 13:49:00] DEBUG    2730531    7.7189269e+11   0.000000e+00   3.394665e+01   2705s
[2025-09-15 13:49:05] DEBUG    2734225    7.7189265e+11   0.000000e+00   2.628862e+01   2710s
[2025-09-15 13:49:10] DEBUG    2737957    7.7189260e+11   0.000000e+00   1.264649e+01   2716s
[2025-09-15 13:49:15] DEBUG    2741708    7.7189260e+11   0.000000e+00   1.144473e+01   2721s
[2025-09-15 13:49:20] DEBUG    2745488    7.7189260e+11   0.000000e+00   1.036946e+01   2726s
[2025-09-15 13:49:25] DEBUG    2749318    7.7189260e+11   0.000000e+00   9.156231e+00   2731s
[2025-09-15 13:49:30] DEBUG    2753209    7.7189259e+11   0.000000e+00   4.681332e+00   2735s
[2025-09-15 13:49:32] DEBUG    Solved with dual simplex
[2025-09-15 13:49:41] DEBUG    Iteration    Objective       Primal Inf.    Dual Inf.      Time
[2025-09-15 13:49:41] DEBUG    1289560    7.7189241e+11   0.000000e+00   0.000000e+00   2747s

Solved in 1289560 iterations and 2746.62 seconds (898.93 work units)
[2025-09-15 13:49:41] DEBUG    Optimal objective  7.718924080e+11
❌ Errore nel run di autarky_VRES_2030_PHES: 'Model' object has no attribute 'backend_model'

🚀 Lancio scenario: autarky_VRES_2030_nostorage
[2025-09-15 13:59:31] INFO     Loading sets
[2025-09-15 13:59:31] INFO     Loading parameters
[2025-09-15 14:00:04] INFO     constraints are loaded in the following order: ['energy_balance', 'dispatch', 'costs', 'capacity', 'network', 'policy', 'conversion', 'group', 'conversion_plus', 'milp', 'export']
[2025-09-15 14:00:04] INFO     creating energy_balance constraints
[2025-09-15 14:02:57] INFO     creating dispatch constraints
[2025-09-15 14:07:46] INFO     creating costs constraints
[2025-09-15 14:15:39] INFO     creating capacity constraints
[2025-09-15 14:15:39] INFO     creating network constraints
[2025-09-15 14:15:39] INFO     creating policy constraints
[2025-09-15 14:15:39] INFO     creating conversion constraints
[2025-09-15 14:15:39] INFO     creating group constraints
[2025-09-15 14:15:39] INFO     creating conversion_plus constraints
[2025-09-15 14:15:39] INFO     creating milp constraints
[2025-09-15 14:15:39] INFO     creating export constraints
[2025-09-15 14:26:23] DEBUG    Set parameter WLSAccessID
Set parameter WLSSecret
Set parameter LicenseID to value 2680226
[2025-09-15 14:26:24] DEBUG    Academic license 2680226 - for non-commercial use only - registered to an___@mail.polimi.it
[2025-09-15 14:26:54] DEBUG    Read LP format model from file /tmp/tmpp0njh1le.pyomo.lp
Reading time = 29.99 seconds
x14885960: 20273401 rows, 14885960 columns, 48306223 nonzeros
[2025-09-15 14:26:54] DEBUG    Set parameter NumericFocus to value 1
Gurobi Optimizer version 12.0.2 build v12.0.2rc0 (linux64 - "Debian GNU/Linux 11 (bullseye)")

CPU model: Intel(R) Xeon(R) Silver 4314 CPU @ 2.40GHz, instruction set [SSE2|AVX|AVX2|AVX512]
Thread count: 32 physical cores, 64 logical processors, using up to 32 threads

Non-default parameters:
NumericFocus  1
[2025-09-15 14:26:54] DEBUG    Academic license 2680226 - for non-commercial use only - registered to an___@mail.polimi.it
Optimize a model with 20273401 rows, 14885960 columns and 48306223 nonzeros
[2025-09-15 14:26:54] DEBUG    Model fingerprint: 0x14d948d6
[2025-09-15 14:26:54] DEBUG    Coefficient statistics:
  Matrix range     [1e-07, 3e+02]
  Objective range  [1e+00, 1e+06]
  Bounds range     [0e+00, 0e+00]
  RHS range        [1e+00, 2e+08]
[2025-09-15 14:26:59] DEBUG    Presolve removed 17338506 rows and 9173396 columns (presolve time = 5s)...
[2025-09-15 14:27:04] DEBUG    Presolve removed 19206109 rows and 12722064 columns (presolve time = 10s)...
[2025-09-15 14:27:09] DEBUG    Presolve removed 19884090 rows and 12750222 columns
[2025-09-15 14:27:09] DEBUG    Presolve time: 15.54s
Presolved: 389311 rows, 2275882 columns, 3852007 nonzeros

Concurrent LP optimizer: primal simplex, dual simplex, and barrier
Showing barrier log only...
[2025-09-15 14:27:10] DEBUG    Ordering time: 0.13s
[2025-09-15 14:27:10] DEBUG    Barrier statistics:
 Dense cols : 86
[2025-09-15 14:27:10] DEBUG    AA' NZ     : 1.251e+06
 Factor NZ  : 6.574e+06 (roughly 1.1 GB of memory)
 Factor Ops : 1.412e+08 (less than 1 second per iteration)
 Threads    : 1
[2025-09-15 14:27:11] DEBUG    Objective                Residual
Iter       Primal          Dual         Primal    Dual     Compl     Time
[2025-09-15 14:27:11] DEBUG    0   4.87564754e+21 -5.96038870e+19  5.90e+10 4.43e+05  3.06e+16    17s
[2025-09-15 14:27:11] DEBUG    1   3.09214953e+21 -6.28624476e+19  2.56e+10 1.12e+06  1.34e+16    18s
[2025-09-15 14:27:12] DEBUG    2   1.39422278e+21 -4.42253623e+19  7.67e+09 7.35e+04  3.96e+15    18s
[2025-09-15 14:27:13] DEBUG    3   4.76531537e+19 -3.16452557e+19  1.32e+08 9.93e+02  8.07e+13    19s
[2025-09-15 14:27:14] DEBUG    4   2.83171218e+19 -1.27014040e+19  7.57e+07 2.04e-05  4.37e+13    20s
[2025-09-15 14:27:14] DEBUG    5   9.40072880e+18 -7.12445927e+18  2.22e+07 4.07e-06  1.36e+13    20s
[2025-09-15 14:27:15] DEBUG    6   2.63945540e+18 -3.87087025e+18  5.22e+06 7.35e-06  3.66e+12    21s
[2025-09-15 14:27:15] DEBUG    7   1.05790754e+18 -1.67135421e+18  2.01e+06 3.85e-05  1.32e+12    21s
[2025-09-15 14:27:16] DEBUG    8   3.33378941e+17 -7.64778236e+17  6.13e+05 3.88e-05  4.27e+11    22s
[2025-09-15 14:27:16] DEBUG    9   1.13203990e+17 -3.61570844e+17  1.83e+05 1.46e-05  1.51e+11    23s
[2025-09-15 14:27:17] DEBUG    10   6.98252774e+16 -9.34423555e+16  1.07e+05 5.23e-06  5.10e+10    23s
[2025-09-15 14:27:18] DEBUG    11   2.83828639e+16 -4.84301447e+16  3.82e+04 1.19e-06  2.18e+10    24s
[2025-09-15 14:27:18] DEBUG    12   1.72156890e+16 -2.49282575e+16  2.04e+04 2.05e-06  1.14e+10    25s
[2025-09-15 14:27:19] DEBUG    13   1.26453421e+16 -1.65896541e+16  1.33e+04 6.03e-07  7.75e+09    25s
[2025-09-15 14:27:19] DEBUG    14   1.06716836e+16 -1.10623196e+16  1.02e+04 9.06e-07  5.70e+09    26s
[2025-09-15 14:27:20] DEBUG    15   9.36003269e+15 -5.63428719e+15  8.16e+03 3.29e-07  3.90e+09    26s
[2025-09-15 14:27:20] DEBUG    16   8.20742833e+15 -1.93418627e+15  6.52e+03 3.40e-07  2.62e+09    27s
[2025-09-15 14:27:21] DEBUG    17   6.71627384e+15  4.26897094e+14  4.47e+03 2.73e-07  1.61e+09    28s
[2025-09-15 14:27:22] DEBUG    18   5.29905275e+15  1.60150077e+15  2.36e+03 8.88e-08  9.37e+08    29s
[2025-09-15 14:27:23] DEBUG    19   4.52524729e+15  2.30538582e+15  9.32e+02 1.86e-07  5.56e+08    29s
[2025-09-15 14:27:24] DEBUG    20   4.33130227e+15  2.97483948e+15  5.81e+02 4.01e-08  3.38e+08    30s
[2025-09-15 14:27:24] DEBUG    21   4.21529183e+15  3.21739247e+15  3.76e+02 2.15e-08  2.48e+08    31s
[2025-09-15 14:27:25] DEBUG    22   4.16283697e+15  3.40708557e+15  2.83e+02 5.92e-08  1.88e+08    31s
[2025-09-15 14:27:25] DEBUG    23   4.12597202e+15  3.48550142e+15  2.18e+02 5.95e-08  1.59e+08    32s
[2025-09-15 14:27:26] DEBUG    24   4.11941817e+15  3.55585589e+15  2.07e+02 3.32e-08  1.40e+08    32s
[2025-09-15 14:27:26] DEBUG    25   4.08529756e+15  3.68386157e+15  1.48e+02 2.26e-08  9.94e+07    33s
[2025-09-15 14:27:27] DEBUG    26   4.06545226e+15  3.77189928e+15  1.16e+02 1.24e-08  7.26e+07    33s
[2025-09-15 14:27:28] DEBUG    27   4.04634452e+15  3.81943356e+15  8.32e+01 2.54e-08  5.61e+07    34s
[2025-09-15 14:27:29] DEBUG    28   4.03120780e+15  3.87972121e+15  5.71e+01 1.32e-08  3.74e+07    35s
[2025-09-15 14:27:30] DEBUG    29   4.02704135e+15  3.92469995e+15  4.98e+01 1.86e-08  2.53e+07    36s
[2025-09-15 14:27:31] DEBUG    30   4.01762729e+15  3.94524901e+15  3.36e+01 1.77e-08  1.79e+07    37s
[2025-09-15 14:27:32] DEBUG    31   4.01064378e+15  3.96431934e+15  2.16e+01 1.49e-08  1.14e+07    38s
[2025-09-15 14:27:33] DEBUG    32   3.99960975e+15  3.97828482e+15  2.62e+00 2.51e-08  5.26e+06    39s
[2025-09-15 14:27:34] DEBUG    33   3.99902077e+15  3.98521908e+15  1.65e+00 1.12e-08  3.41e+06    40s
[2025-09-15 14:27:34] DEBUG    34   3.99841923e+15  3.99384105e+15  6.70e-01 2.17e-07  1.13e+06    41s
[2025-09-15 14:27:35] DEBUG    35   3.99825186e+15  3.99638347e+15  4.06e-01 1.20e-04  4.61e+05    41s
[2025-09-15 14:27:36] DEBUG    36   3.99809637e+15  3.99761635e+15  1.90e-01 2.50e-04  1.18e+05    42s
[2025-09-15 14:27:36] DEBUG    37   3.99807507e+15  3.99779563e+15  1.61e-01 3.78e-04  6.90e+04    42s
[2025-09-15 14:27:37] DEBUG    38   3.99804386e+15  3.99785958e+15  1.20e-01 2.36e-04  4.55e+04    43s
[2025-09-15 14:27:37] DEBUG    39   3.99801896e+15  3.99790897e+15  8.76e-02 2.47e-04  2.72e+04    44s
[2025-09-15 14:27:38] DEBUG    40   3.99799490e+15  3.99792110e+15  5.74e-02 2.51e-04  1.82e+04    44s
[2025-09-15 14:27:38] DEBUG    41   3.99799111e+15  3.99793025e+15  5.27e-02 2.52e-04  1.50e+04    45s
[2025-09-15 14:27:39] DEBUG    42   3.99798432e+15  3.99793773e+15  4.44e-02 2.55e-04  1.15e+04    45s
[2025-09-15 14:27:39] DEBUG    43   3.99797807e+15  3.99794022e+15  3.69e-02 2.55e-04  9.35e+03    46s
[2025-09-15 14:27:40] DEBUG    44   3.99796582e+15  3.99794261e+15  2.41e-02 2.54e-04  5.74e+03    46s
[2025-09-15 14:27:40] DEBUG    45   3.99795806e+15  3.99794406e+15  1.45e-02 2.50e-04  3.46e+03    47s
[2025-09-15 14:27:41] DEBUG    46   3.99795684e+15  3.99794514e+15  1.31e-02 2.47e-04  2.89e+03    47s
[2025-09-15 14:27:42] DEBUG    47   3.99795305e+15  3.99794552e+15  8.24e-03 2.44e-04  1.87e+03    48s
[2025-09-15 14:27:42] DEBUG    48   3.99795105e+15  3.99794575e+15  5.70e-03 2.42e-04  1.32e+03    48s
[2025-09-15 14:27:43] DEBUG    49   3.99794953e+15  3.99794592e+15  3.77e-03 2.42e-04  8.96e+02    49s
[2025-09-15 14:27:43] DEBUG    50   3.99794842e+15  3.99794619e+15  2.42e-03 2.46e-04  5.56e+02    50s
[2025-09-15 14:27:44] DEBUG    51   3.99794782e+15  3.99794624e+15  1.66e-03 2.43e-04  3.94e+02    50s
[2025-09-15 14:27:44] DEBUG    52   3.99794771e+15  3.99794632e+15  1.54e-03 1.58e-04  3.49e+02    51s
[2025-09-15 14:27:45] DEBUG    53   3.99794735e+15  3.99794635e+15  1.10e-03 1.60e-04  2.51e+02    51s
[2025-09-15 14:27:45] DEBUG    54   3.99794693e+15  3.99794638e+15  6.30e-04 1.47e-04  1.41e+02    52s
[2025-09-15 14:27:46] DEBUG    55   3.99794675e+15  3.99794641e+15  4.06e-04 8.02e-05  8.82e+01    53s
[2025-09-15 14:27:47] DEBUG    56   3.99794661e+15  3.99794642e+15  2.31e-04 5.72e-05  4.97e+01    53s
[2025-09-15 14:27:48] DEBUG    57   3.99794654e+15  3.99794644e+15  1.52e-04 5.70e-05  3.07e+01    54s
[2025-09-15 14:27:48] DEBUG    58   3.99794651e+15  3.99794644e+15  1.07e-04 5.69e-05  2.08e+01    55s
[2025-09-15 14:27:49] DEBUG    59   3.99794649e+15  3.99794644e+15  8.44e-05 5.69e-05  1.66e+01    55s
[2025-09-15 14:27:49] DEBUG    60   3.99794649e+15  3.99794644e+15  7.17e-05 5.68e-05  1.39e+01    56s
[2025-09-15 14:27:50] DEBUG    61   3.99794648e+15  3.99794644e+15  6.59e-05 5.68e-05  1.25e+01    56s
[2025-09-15 14:27:50] DEBUG    62   3.99794647e+15  3.99794644e+15  4.66e-05 5.67e-05  8.55e+00    57s
[2025-09-15 14:27:51] DEBUG    63   3.99794646e+15  3.99794644e+15  3.73e-05 5.67e-05  6.30e+00    58s
[2025-09-15 14:27:52] DEBUG    64   3.99794645e+15  3.99794644e+15  3.63e-05 5.67e-05  5.09e+00    59s
[2025-09-15 14:27:52] DEBUG    Barrier solved model in 64 iterations and 58.70 seconds (56.24 work units)
Optimal objective 3.99794645e+15
[2025-09-15 14:27:53] DEBUG    Crossover log...
[2025-09-15 14:27:53] DEBUG    40660 DPushes remaining with DInf 0.0000000e+00                59s
[2025-09-15 14:27:54] DEBUG    12975 DPushes remaining with DInf 0.0000000e+00                60s
[2025-09-15 14:27:57] DEBUG    0 DPushes remaining with DInf 0.0000000e+00                63s
[2025-09-15 14:27:57] DEBUG    1886534 PPushes remaining with PInf 7.2289188e-06                63s
[2025-09-15 14:27:58] DEBUG    0 PPushes remaining with PInf 0.0000000e+00                65s
[2025-09-15 14:27:58] DEBUG    Push phase complete: Pinf 0.0000000e+00, Dinf 2.5336636e+03     65s
[2025-09-15 14:27:59] DEBUG    Iteration    Objective       Primal Inf.    Dual Inf.      Time
[2025-09-15 14:27:59] DEBUG    1927197    3.9979464e+15   0.000000e+00   2.533664e+03     65s
[2025-09-15 14:28:00] DEBUG    Solved with barrier
[2025-09-15 14:28:09] DEBUG    1928346    3.9979464e+15   0.000000e+00   1.123076e-03     76s
[2025-09-15 14:28:13] DEBUG    Extra simplex iterations after uncrush: 12
[2025-09-15 14:28:13] DEBUG    1928358    3.9979464e+15   0.000000e+00   0.000000e+00     80s

Solved in 1928358 iterations and 79.53 seconds (81.26 work units)
[2025-09-15 14:28:13] DEBUG    Optimal objective  3.997946431e+15
❌ Errore nel run di autarky_VRES_2030_nostorage: 'Model' object has no attribute 'backend_model'

🚀 Lancio scenario: autarky_CG+VRES_2030_BESS
[2025-09-15 14:40:22] INFO     Loading sets
[2025-09-15 14:40:23] INFO     Loading parameters
[2025-09-15 14:40:57] INFO     constraints are loaded in the following order: ['energy_balance', 'dispatch', 'costs', 'capacity', 'network', 'policy', 'conversion', 'group', 'conversion_plus', 'milp', 'export']
[2025-09-15 14:40:57] INFO     creating energy_balance constraints
[2025-09-15 14:44:01] INFO     creating dispatch constraints
[2025-09-15 14:45:57] INFO     creating costs constraints
[2025-09-15 14:59:32] INFO     creating capacity constraints
[2025-09-15 14:59:32] INFO     creating network constraints
[2025-09-15 14:59:32] INFO     creating policy constraints
[2025-09-15 14:59:32] INFO     creating conversion constraints
[2025-09-15 14:59:32] INFO     creating group constraints
[2025-09-15 14:59:32] INFO     creating conversion_plus constraints
[2025-09-15 14:59:32] INFO     creating milp constraints
[2025-09-15 14:59:32] INFO     creating export constraints
[2025-09-15 15:11:41] DEBUG    Set parameter WLSAccessID
Set parameter WLSSecret
Set parameter LicenseID to value 2680226
[2025-09-15 15:11:41] DEBUG    Academic license 2680226 - for non-commercial use only - registered to an___@mail.polimi.it
[2025-09-15 15:12:15] DEBUG    Read LP format model from file /tmp/tmpk8kncdt_.pyomo.lp
Reading time = 34.13 seconds
x16918603: 22708981 rows, 16918603 columns, 55129538 nonzeros
[2025-09-15 15:12:15] DEBUG    Set parameter NumericFocus to value 1
Gurobi Optimizer version 12.0.2 build v12.0.2rc0 (linux64 - "Debian GNU/Linux 11 (bullseye)")

CPU model: Intel(R) Xeon(R) Silver 4314 CPU @ 2.40GHz, instruction set [SSE2|AVX|AVX2|AVX512]
Thread count: 32 physical cores, 64 logical processors, using up to 32 threads

Non-default parameters:
NumericFocus  1
[2025-09-15 15:12:15] DEBUG    Academic license 2680226 - for non-commercial use only - registered to an___@mail.polimi.it
Optimize a model with 22708981 rows, 16918603 columns and 55129538 nonzeros
[2025-09-15 15:12:16] DEBUG    Model fingerprint: 0xb807fedd
[2025-09-15 15:12:16] DEBUG    Coefficient statistics:
  Matrix range     [1e-07, 3e+02]
  Objective range  [1e+00, 1e+06]
  Bounds range     [0e+00, 0e+00]
  RHS range        [1e+00, 2e+08]
[2025-09-15 15:12:22] DEBUG    Presolve removed 18248444 rows and 10355538 columns (presolve time = 6s)...
[2025-09-15 15:12:26] DEBUG    Presolve removed 18489169 rows and 12290000 columns (presolve time = 10s)...
[2025-09-15 15:12:32] DEBUG    Presolve removed 20366587 rows and 14116639 columns (presolve time = 16s)...
[2025-09-15 15:12:36] DEBUG    Presolve removed 21044626 rows and 14134159 columns
[2025-09-15 15:12:36] DEBUG    Presolve time: 20.65s
Presolved: 1664355 rows, 2924588 columns, 8730368 nonzeros

Concurrent LP optimizer: primal simplex, dual simplex, and barrier
Showing barrier log only...
[2025-09-15 15:12:38] DEBUG    Ordering time: 0.95s
[2025-09-15 15:12:39] DEBUG    Barrier statistics:
[2025-09-15 15:12:39] DEBUG    Dense cols : 144
 AA' NZ     : 8.733e+06
 Factor NZ  : 3.094e+07 (roughly 2.0 GB of memory)
 Factor Ops : 8.611e+08 (less than 1 second per iteration)
 Threads    : 30
[2025-09-15 15:12:43] DEBUG    Objective                Residual
[2025-09-15 15:12:43] DEBUG    Iter       Primal          Dual         Primal    Dual     Compl     Time
[2025-09-15 15:12:43] DEBUG    0   2.34528868e+21 -7.66069674e+18  6.99e+10 2.89e-11  4.35e+15    28s
[2025-09-15 15:12:49] DEBUG    1   1.96049527e+21 -7.69003576e+18  5.78e+10 2.38e+05  3.33e+15    34s
[2025-09-15 15:12:55] DEBUG    2   1.59805674e+21 -7.15620755e+18  4.74e+10 1.04e+05  2.47e+15    40s
[2025-09-15 15:13:02] DEBUG    3   1.13538949e+21 -6.16970047e+18  3.37e+10 3.13e+04  1.61e+15    47s
[2025-09-15 15:13:09] DEBUG    4   7.84643106e+20 -5.79218988e+18  2.29e+10 9.24e+03  1.08e+15    54s
[2025-09-15 15:13:14] DEBUG    5   5.82095324e+20 -5.51025264e+18  1.69e+10 4.86e+03  7.93e+14    59s
[2025-09-15 15:13:18] DEBUG    6   4.70958426e+20 -5.28409756e+18  1.37e+10 2.36e+03  6.41e+14    63s
[2025-09-15 15:13:23] DEBUG    7   2.22116309e+20 -5.10293708e+18  6.53e+09 1.33e+03  3.13e+14    68s
[2025-09-15 15:13:26] DEBUG    8   1.18785664e+20 -4.88019117e+18  3.55e+09 7.99e+02  1.73e+14    71s
[2025-09-15 15:13:33] DEBUG    9   6.41339349e+19 -4.41557508e+18  1.96e+09 2.55e+02  9.41e+13    78s
[2025-09-15 15:13:37] DEBUG    10   4.79374130e+19 -4.00891388e+18  1.47e+09 1.17e+02  7.03e+13    82s
[2025-09-15 15:13:44] DEBUG    11   3.38638504e+19 -3.56289982e+18  1.05e+09 3.29e+01  4.94e+13    89s
[2025-09-15 15:13:52] DEBUG    12   1.64964513e+19 -3.06532996e+18  5.05e+08 3.34e+00  2.39e+13    97s
[2025-09-15 15:13:58] DEBUG    13   3.49753425e+18 -2.44328820e+18  1.05e+08 1.32e+00  5.20e+12   103s
[2025-09-15 15:14:02] DEBUG    14   5.33952006e+17 -1.63963112e+18  1.55e+07 8.45e-01  9.63e+11   107s
[2025-09-15 15:14:07] DEBUG    15   4.12683046e+15 -4.52180650e+17  3.19e+04 1.55e-01  7.84e+10   112s
[2025-09-15 15:14:11] DEBUG    16   1.47502195e+15 -3.57990380e+16  6.37e+02 1.37e-02  6.12e+09   116s
[2025-09-15 15:14:16] DEBUG    17   1.43407944e+15 -6.90357434e+15  2.89e+02 2.19e-02  1.20e+09   121s
[2025-09-15 15:14:22] DEBUG    18   1.38794492e+15 -1.00097661e+15  2.16e-01 2.34e-02  1.95e+08   127s
[2025-09-15 15:14:27] DEBUG    19   1.38416785e+15 -3.93703572e+14  1.90e-01 2.45e-02  8.01e+07   132s
[2025-09-15 15:14:34] DEBUG    20   1.37750056e+15 -7.70672450e+13  1.48e-01 2.52e-02  1.77e+07   139s
[2025-09-15 15:14:40] DEBUG    21   1.36291171e+15 -3.54533262e+13  7.13e-02 2.54e-02  8.26e+06   145s
[2025-09-15 15:14:47] DEBUG    22   1.34861409e+15 -3.51381596e+12  3.04e-02 2.55e-02  1.06e+06   152s
[2025-09-15 15:14:56] DEBUG    23   1.33335161e+15 -4.71976428e+11  1.04e-02 2.55e-02  1.92e+05   161s
[2025-09-15 15:15:04] DEBUG    24   1.33066356e+15 -3.12977676e+11  9.14e-03 2.55e-02  1.43e+05   169s
[2025-09-15 15:15:09] DEBUG    25   1.32927117e+15 -2.55957624e+11  8.59e-03 2.55e-02  1.24e+05   174s
[2025-09-15 15:15:15] DEBUG    26   1.32663142e+15 -1.31666007e+11  7.53e-03 2.54e-02  8.47e+04   180s
[2025-09-15 15:15:22] DEBUG    27   1.32226644e+15 -1.12648614e+11  6.06e-03 2.54e-02  6.68e+04   187s
[2025-09-15 15:15:29] DEBUG    28   1.31597420e+15 -9.30447478e+10  4.35e-03 2.54e-02  4.54e+04   194s
[2025-09-15 15:15:38] DEBUG    29   1.30795002e+15 -7.96123760e+10  2.77e-03 2.54e-02  2.69e+04   203s
[2025-09-15 15:15:54] DEBUG    30   1.30175100e+15 -8.03658745e+10  1.95e-03 2.55e-02  1.78e+04   219s
[2025-09-15 15:16:03] DEBUG    31   1.29890782e+15 -7.98798015e+10  1.72e-03 2.55e-02  1.51e+04   228s
[2025-09-15 15:16:10] DEBUG    32   1.29653307e+15 -8.04992779e+10  1.52e-03 2.55e-02  1.32e+04   235s
[2025-09-15 15:16:15] DEBUG    33   1.29487615e+15 -8.26072721e+10  1.41e-03 2.55e-02  1.22e+04   240s
[2025-09-15 15:16:21] DEBUG    34   1.29289890e+15 -8.32163382e+10  1.29e-03 2.55e-02  1.10e+04   246s
[2025-09-15 15:16:30] DEBUG    35   1.29237595e+15 -8.36417939e+10  1.26e-03 2.55e-02  1.07e+04   255s
[2025-09-15 15:16:39] DEBUG    36   1.29110380e+15 -8.38770062e+10  1.20e-03 2.55e-02  1.01e+04   264s
[2025-09-15 15:16:50] DEBUG    37   1.28902209e+15 -8.52767579e+10  1.07e-03 2.55e-02  9.13e+03   275s
[2025-09-15 15:17:01] DEBUG    38   1.28692098e+15 -8.59879321e+10  1.00e-03 2.55e-02  8.19e+03   286s
[2025-09-15 15:17:08] DEBUG    39   1.28629951e+15 -8.64467977e+10  9.77e-04 2.55e-02  7.95e+03   293s
[2025-09-15 15:17:19] DEBUG    40   1.28457060e+15 -8.72730925e+10  9.77e-04 2.55e-02  7.28e+03   304s
[2025-09-15 15:17:31] DEBUG    41   1.28334985e+15 -8.79402473e+10  8.44e-04 2.55e-02  6.84e+03   316s
[2025-09-15 15:17:39] DEBUG    42   1.28281997e+15 -8.81343155e+10  7.81e-04 2.55e-02  6.67e+03   324s
[2025-09-15 15:17:50] DEBUG    43   1.28153518e+15 -8.86100581e+10  7.63e-04 2.55e-02  6.27e+03   335s
[2025-09-15 15:17:59] DEBUG    44   1.28125558e+15 -8.90591784e+10  7.52e-04 2.55e-02  6.18e+03   344s
[2025-09-15 15:18:09] DEBUG    45   1.28090075e+15 -8.94266570e+10  9.77e-04 2.55e-02  6.07e+03   354s
[2025-09-15 15:18:20] DEBUG    46   1.28023184e+15 -8.99501690e+10  7.32e-04 2.55e-02  5.86e+03   365s
[2025-09-15 15:18:28] DEBUG    47   1.27973284e+15 -9.02141806e+10  7.32e-04 2.55e-02  5.73e+03   373s
[2025-09-15 15:18:37] DEBUG    48   1.27867368e+15 -9.07226961e+10  9.77e-04 2.55e-02  5.46e+03   382s
[2025-09-15 15:18:45] DEBUG    49   1.27838176e+15 -9.09503474e+10  7.32e-04 2.55e-02  5.38e+03   390s
[2025-09-15 15:18:57] DEBUG    50   1.27619954e+15 -9.13631994e+10  7.73e-04 2.55e-02  4.84e+03   402s
[2025-09-15 15:19:06] DEBUG    51   1.27557167e+15 -9.16080446e+10  9.77e-04 2.55e-02  4.70e+03   411s
[2025-09-15 15:19:15] DEBUG    52   1.27482242e+15 -9.20651972e+10  9.77e-04 2.55e-02  4.54e+03   420s
[2025-09-15 15:19:26] DEBUG    53   1.27356379e+15 -9.23554727e+10  7.32e-04 2.55e-02  4.27e+03   431s
[2025-09-15 15:19:37] DEBUG    54   1.27233597e+15 -9.26437766e+10  7.32e-04 2.55e-02  4.02e+03   442s
[2025-09-15 15:19:46] DEBUG    55   1.27172536e+15 -9.29016827e+10  7.32e-04 2.55e-02  3.91e+03   451s
[2025-09-15 15:19:56] DEBUG    56   1.27070216e+15 -9.31727890e+10  9.77e-04 2.55e-02  3.72e+03   461s
[2025-09-15 15:20:08] DEBUG    57   1.27009348e+15 -9.34024889e+10  7.32e-04 2.55e-02  3.61e+03   473s
[2025-09-15 15:20:20] DEBUG    58   1.26973461e+15 -9.35924438e+10  9.77e-04 2.55e-02  3.55e+03   485s
[2025-09-15 15:20:31] DEBUG    59   1.26897552e+15 -9.38251268e+10  9.77e-04 2.55e-02  3.42e+03   496s
[2025-09-15 15:20:41] DEBUG    60   1.26877480e+15 -9.39390594e+10  7.32e-04 2.55e-02  3.39e+03   506s
[2025-09-15 15:20:51] DEBUG    61   1.26846013e+15 -9.41297519e+10  7.32e-04 2.55e-02  3.33e+03   516s
[2025-09-15 15:21:03] DEBUG    62   1.26840447e+15 -9.42440887e+10  7.32e-04 2.55e-02  4.31e+03   528s
[2025-09-15 15:21:03] DEBUG    Barrier performed 62 iterations in 527.85 seconds (110.02 work units)
[2025-09-15 15:21:03] DEBUG    Numerical trouble encountered

Model may be infeasible or unbounded.  Consider using the
homogeneous algorithm (through parameter 'BarHomogeneous')
[2025-09-15 15:22:07] DEBUG    Waiting for other threads to finish...         592s
[2025-09-15 15:23:11] DEBUG    Waiting for other threads to finish...         656s
[2025-09-15 15:24:16] DEBUG    Waiting for other threads to finish...         721s
[2025-09-15 15:25:20] DEBUG    Waiting for other threads to finish...         786s
[2025-09-15 15:26:25] DEBUG    Waiting for other threads to finish...         850s
[2025-09-15 15:27:20] DEBUG    Solved with dual simplex
[2025-09-15 15:27:30] DEBUG    Iteration    Objective       Primal Inf.    Dual Inf.      Time
[2025-09-15 15:27:30] DEBUG    963428    1.5453538e+10   0.000000e+00   0.000000e+00    915s

Solved in 963428 iterations and 914.86 seconds (537.52 work units)
[2025-09-15 15:27:30] DEBUG    Optimal objective  1.545353818e+10
❌ Errore nel run di autarky_CG+VRES_2030_BESS: 'Model' object has no attribute 'backend_model'

🚀 Lancio scenario: autarky_CG+VRES_2030_nostorage
[2025-09-15 15:38:15] INFO     Loading sets
[2025-09-15 15:38:15] INFO     Loading parameters
[2025-09-15 15:38:49] INFO     constraints are loaded in the following order: ['energy_balance', 'dispatch', 'costs', 'capacity', 'network', 'policy', 'conversion', 'group', 'conversion_plus', 'milp', 'export']
[2025-09-15 15:38:49] INFO     creating energy_balance constraints
[2025-09-15 15:41:41] INFO     creating dispatch constraints
[2025-09-15 15:43:26] INFO     creating costs constraints
[2025-09-15 15:58:08] INFO     creating capacity constraints
[2025-09-15 15:58:08] INFO     creating network constraints
[2025-09-15 15:58:08] INFO     creating policy constraints
[2025-09-15 15:58:08] INFO     creating conversion constraints
[2025-09-15 15:58:08] INFO     creating group constraints
[2025-09-15 15:58:08] INFO     creating conversion_plus constraints
[2025-09-15 15:58:08] INFO     creating milp constraints
[2025-09-15 15:58:08] INFO     creating export constraints
[2025-09-15 16:09:30] DEBUG    Set parameter WLSAccessID
Set parameter WLSSecret
Set parameter LicenseID to value 2680226
[2025-09-15 16:09:31] DEBUG    Academic license 2680226 - for non-commercial use only - registered to an___@mail.polimi.it
[2025-09-15 16:10:02] DEBUG    Read LP format model from file /tmp/tmpbtk_8jxf.pyomo.lp
Reading time = 31.18 seconds
x15648229: 20930527 rows, 15648229 columns, 50556499 nonzeros
[2025-09-15 16:10:02] DEBUG    Set parameter NumericFocus to value 1
Gurobi Optimizer version 12.0.2 build v12.0.2rc0 (linux64 - "Debian GNU/Linux 11 (bullseye)")

CPU model: Intel(R) Xeon(R) Silver 4314 CPU @ 2.40GHz, instruction set [SSE2|AVX|AVX2|AVX512]
Thread count: 32 physical cores, 64 logical processors, using up to 32 threads

Non-default parameters:
NumericFocus  1
[2025-09-15 16:10:02] DEBUG    Academic license 2680226 - for non-commercial use only - registered to an___@mail.polimi.it
Optimize a model with 20930527 rows, 15648229 columns and 50556499 nonzeros
[2025-09-15 16:10:03] DEBUG    Model fingerprint: 0x01744a74
[2025-09-15 16:10:03] DEBUG    Coefficient statistics:
  Matrix range     [1e-07, 3e+02]
  Objective range  [1e+00, 1e+06]
  Bounds range     [0e+00, 0e+00]
  RHS range        [1e+00, 2e+08]
[2025-09-15 16:10:08] DEBUG    Presolve removed 17740248 rows and 9847342 columns (presolve time = 5s)...
[2025-09-15 16:10:13] DEBUG    Presolve removed 19604817 rows and 13405496 columns (presolve time = 10s)...
[2025-09-15 16:10:18] DEBUG    Presolve removed 20142654 rows and 13424621 columns (presolve time = 15s)...
[2025-09-15 16:10:19] DEBUG    Presolve removed 20282798 rows and 13424621 columns
[2025-09-15 16:10:19] DEBUG    Presolve time: 17.46s
Presolved: 647729 rows, 2363752 columns, 4460227 nonzeros

Concurrent LP optimizer: primal simplex, dual simplex, and barrier
Showing barrier log only...
[2025-09-15 16:10:20] DEBUG    Ordering time: 0.30s
[2025-09-15 16:10:21] DEBUG    Barrier statistics:
 Dense cols : 115
[2025-09-15 16:10:21] DEBUG    AA' NZ     : 1.772e+06
 Factor NZ  : 1.034e+07 (roughly 1.3 GB of memory)
 Factor Ops : 2.198e+08 (less than 1 second per iteration)
 Threads    : 1
[2025-09-15 16:10:21] DEBUG    Objective                Residual
Iter       Primal          Dual         Primal    Dual     Compl     Time
[2025-09-15 16:10:22] DEBUG    0   2.46681989e+21 -9.07623189e+18  6.99e+10 3.27e-03  5.17e+15    20s
[2025-09-15 16:10:22] DEBUG    1   2.04289284e+21 -9.08753190e+18  5.71e+10 4.02e+05  4.24e+15    20s
[2025-09-15 16:10:23] DEBUG    2   1.68986397e+21 -8.74111699e+18  4.68e+10 3.18e+05  3.50e+15    21s
[2025-09-15 16:10:24] DEBUG    3   1.47958539e+21 -7.85248660e+18  4.05e+10 1.62e+05  2.93e+15    22s
[2025-09-15 16:10:25] DEBUG    4   1.09563915e+21 -7.50887971e+18  2.93e+10 1.10e+05  2.13e+15    23s
[2025-09-15 16:10:26] DEBUG    5   7.98392575e+20 -6.82787637e+18  2.10e+10 3.05e+04  1.50e+15    24s
[2025-09-15 16:10:27] DEBUG    6   4.08568611e+20 -6.29542571e+18  1.01e+10 7.12e+03  7.37e+14    25s
[2025-09-15 16:10:28] DEBUG    7   2.62588768e+20 -5.83142686e+18  6.50e+09 1.60e+03  4.70e+14    26s
[2025-09-15 16:10:29] DEBUG    8   1.39259816e+20 -5.38350063e+18  3.42e+09 4.74e+02  2.48e+14    27s
[2025-09-15 16:10:30] DEBUG    9   8.24549707e+19 -5.02573135e+18  1.97e+09 2.03e+02  1.44e+14    28s
[2025-09-15 16:10:30] DEBUG    10   1.18369757e+19 -4.21481265e+18  2.76e+08 3.40e+01  2.09e+13    28s
[2025-09-15 16:10:31] DEBUG    11   2.07271806e+18 -2.66672242e+18  4.79e+07 5.40e+00  3.93e+12    29s
[2025-09-15 16:10:32] DEBUG    12   6.38817959e+17 -1.49518316e+18  1.47e+07 1.75e+00  1.28e+12    30s
[2025-09-15 16:10:32] DEBUG    13   2.21444911e+17 -6.76800634e+17  5.04e+06 1.10e+00  4.36e+11    30s
[2025-09-15 16:10:33] DEBUG    14   6.78741503e+16 -2.46980264e+17  1.52e+06 9.84e-01  1.26e+11    31s
[2025-09-15 16:10:34] DEBUG    15   2.22449079e+16 -6.92214935e+16  4.99e+05 4.62e-01  3.27e+10    32s
[2025-09-15 16:10:34] DEBUG    16   6.02757926e+15 -2.07290224e+16  1.34e+05 1.12e-01  8.02e+09    32s
[2025-09-15 16:10:35] DEBUG    17   1.75231417e+15 -4.92386259e+15  3.59e+04 1.05e-02  1.75e+09    33s
[2025-09-15 16:10:35] DEBUG    18   2.94394590e+14 -4.41602815e+14  2.44e+03 1.78e-02  1.29e+08    34s
[2025-09-15 16:10:36] DEBUG    19   1.75110416e+14 -3.89963401e+13  1.85e+01 1.84e-02  8.99e+06    34s
[2025-09-15 16:10:37] DEBUG    20   1.59608474e+14 -2.95192052e+12  5.88e-02 1.85e-02  6.88e+05    35s
[2025-09-15 16:10:37] DEBUG    21   1.48650835e+14 -9.90507395e+11  1.51e-02 1.85e-02  2.35e+05    36s
[2025-09-15 16:10:38] DEBUG    22   1.43082303e+14 -8.19812385e+11  9.40e-03 1.85e-02  1.95e+05    36s
[2025-09-15 16:10:39] DEBUG    23   1.33172886e+14 -2.86184685e+11  3.07e-03 1.85e-02  7.16e+04    37s
[2025-09-15 16:10:40] DEBUG    24   1.22169921e+14 -1.35311606e+11  7.75e-04 1.85e-02  3.59e+04    38s
[2025-09-15 16:10:41] DEBUG    25   1.12711544e+14 -4.00552469e+10  5.97e-04 1.85e-02  1.35e+04    39s
[2025-09-15 16:10:42] DEBUG    26   1.08438888e+14 -1.70632281e+10  3.53e-04 1.85e-02  8.06e+03    40s
[2025-09-15 16:10:42] DEBUG    27   9.99804114e+13 -4.24801412e+09  2.95e-03 1.85e-02  4.74e+03    40s
[2025-09-15 16:10:43] DEBUG    28   9.56673644e+13  3.63566821e+09  9.93e-04 1.85e-02  2.83e+03    41s
[2025-09-15 16:10:44] DEBUG    29   9.30496284e+13  1.28683782e+10  9.93e-04 1.85e-02  6.59e+02    42s
[2025-09-15 16:10:45] DEBUG    30   9.36236975e+13  1.32195053e+10  9.93e-04 1.85e-02  2.02e+05    44s
[2025-09-15 16:10:46] DEBUG    31   8.90378844e+13  1.27803294e+10  1.97e-03 1.85e-02  1.64e+05    44s
[2025-09-15 16:10:48] DEBUG    32   8.67731972e+13  1.28051008e+10  1.57e-03 1.85e-02  1.75e+05    46s
[2025-09-15 16:10:49] DEBUG    33   8.59751853e+13  1.29073182e+10  5.90e-04 1.85e-02  1.96e+05    47s
[2025-09-15 16:10:52] DEBUG    34   7.79652741e+13  1.22294136e+10  1.08e-03 1.85e-02  2.36e+05    50s
[2025-09-15 16:10:55] DEBUG    35   7.10165042e+13  1.10019078e+10  9.60e-04 1.85e-02  3.58e+05    53s
[2025-09-15 16:10:57] DEBUG    36   6.51689806e+13  8.72163080e+09  6.94e-04 1.85e-02  4.97e+05    55s
[2025-09-15 16:10:59] DEBUG    37   6.17248245e+13  5.33890165e+09  1.33e-03 1.85e-02  6.64e+05    57s
[2025-09-15 16:11:02] DEBUG    38   5.67477095e+13  3.63588796e+09  5.02e-04 1.85e-02  7.55e+05    60s
[2025-09-15 16:11:04] DEBUG    39   4.91315987e+13 -6.71179830e+08  1.08e-03 1.85e-02  7.83e+05    62s
[2025-09-15 16:11:05] DEBUG    40   4.74223206e+13  5.55784082e+08  9.93e-04 1.85e-02  6.95e+05    63s
[2025-09-15 16:11:05] DEBUG    41   4.48581508e+13  1.65736764e+09  9.63e-04 1.85e-02  5.39e+05    63s
[2025-09-15 16:11:06] DEBUG    42   4.10780891e+13  2.58954656e+09  9.90e-04 1.85e-02  2.21e+05    64s
[2025-09-15 16:11:07] DEBUG    43   3.90489151e+13  6.20871424e+09  9.93e-04 1.85e-02  1.30e+05    65s
[2025-09-15 16:11:08] DEBUG    44   4.46279177e+13  7.81643057e+09  9.93e-04 1.85e-02  4.46e+05    66s
[2025-09-15 16:11:09] DEBUG    45   4.20205344e+13  5.96047855e+09  4.34e-04 1.85e-02  1.51e+05    67s
[2025-09-15 16:11:09] DEBUG    46   3.99473897e+13  3.15928886e+09  1.57e-03 1.85e-02  2.20e+04    67s
[2025-09-15 16:11:10] DEBUG    47   3.78979622e+13  7.68090013e+09  9.93e-04 1.85e-02  8.11e+04    68s
[2025-09-15 16:11:11] DEBUG    48   3.71451516e+13  3.39576074e+09  9.93e-04 1.85e-02  8.17e+04    69s
[2025-09-15 16:11:12] DEBUG    49   3.40984352e+13  6.89091497e+09  9.93e-04 1.85e-02  4.44e+04    70s
[2025-09-15 16:11:12] DEBUG    50   3.25534199e+13  8.03103383e+09  9.63e-04 1.85e-02  2.42e+04    70s
[2025-09-15 16:11:13] DEBUG    51   3.20392627e+13  9.15070778e+09  6.27e-04 1.85e-02  2.05e+04    71s
[2025-09-15 16:11:14] DEBUG    52   3.64319291e+13  9.43516879e+09  9.60e-04 1.85e-02  7.48e+04    72s
[2025-09-15 16:11:15] DEBUG    53   3.61184978e+13  9.74550271e+09  2.91e-03 1.85e-02  6.94e+04    73s
[2025-09-15 16:11:16] DEBUG    54   3.58355095e+13  1.02553912e+10  1.36e-03 1.85e-02  6.30e+04    74s
[2025-09-15 16:11:17] DEBUG    55   3.54442949e+13  1.06286995e+10  9.93e-04 1.85e-02  5.66e+04    75s
[2025-09-15 16:11:18] DEBUG    56   3.48090634e+13  1.11803067e+10  9.93e-04 1.85e-02  4.72e+04    76s
[2025-09-15 16:11:19] DEBUG    57   3.39679544e+13  1.12348385e+10  9.93e-04 1.85e-02  3.96e+04    78s
[2025-09-15 16:11:21] DEBUG    58   3.31484087e+13  1.13390834e+10  4.50e-04 1.85e-02  3.34e+04    79s
[2025-09-15 16:11:22] DEBUG    59   3.22259982e+13  1.14719242e+10  9.93e-04 1.85e-02  2.79e+04    80s
[2025-09-15 16:11:23] DEBUG    60   3.13392535e+13  1.16433433e+10  1.45e-03 1.85e-02  2.33e+04    81s
[2025-09-15 16:11:23] DEBUG    Barrier performed 60 iterations in 81.46 seconds (72.61 work units)
Numerical trouble encountered

Model may be infeasible or unbounded.  Consider using the
homogeneous algorithm (through parameter 'BarHomogeneous')
[2025-09-15 16:12:16] DEBUG    Solved with dual simplex
[2025-09-15 16:12:25] DEBUG    Iteration    Objective       Primal Inf.    Dual Inf.      Time
[2025-09-15 16:12:25] DEBUG    345816    1.5453538e+10   0.000000e+00   0.000000e+00    143s

Solved in 345816 iterations and 142.92 seconds (177.42 work units)
[2025-09-15 16:12:25] DEBUG    Optimal objective  1.545353818e+10
❌ Errore nel run di autarky_CG+VRES_2030_nostorage: 'Model' object has no attribute 'backend_model'

🚀 Lancio scenario: autarky_GT+VRES_2030_PHES
[2025-09-15 16:24:22] INFO     Loading sets
[2025-09-15 16:24:22] INFO     Loading parameters
[2025-09-15 16:24:57] INFO     constraints are loaded in the following order: ['energy_balance', 'dispatch', 'costs', 'capacity', 'network', 'policy', 'conversion', 'group', 'conversion_plus', 'milp', 'export']
[2025-09-15 16:24:57] INFO     creating energy_balance constraints
[2025-09-15 16:28:01] INFO     creating dispatch constraints
[2025-09-15 16:29:57] INFO     creating costs constraints
[2025-09-15 16:39:04] INFO     creating capacity constraints
[2025-09-15 16:39:04] INFO     creating network constraints
[2025-09-15 16:39:04] INFO     creating policy constraints
[2025-09-15 16:39:04] INFO     creating conversion constraints
[2025-09-15 16:39:04] INFO     creating group constraints
[2025-09-15 16:39:04] INFO     creating conversion_plus constraints
[2025-09-15 16:39:04] INFO     creating milp constraints
[2025-09-15 16:39:04] INFO     creating export constraints
[2025-09-15 16:51:58] DEBUG    Set parameter WLSAccessID
Set parameter WLSSecret
Set parameter LicenseID to value 2680226
[2025-09-15 16:51:59] DEBUG    Academic license 2680226 - for non-commercial use only - registered to an___@mail.polimi.it
[2025-09-15 16:52:34] DEBUG    Read LP format model from file /tmp/tmpej2_7ds0.pyomo.lp
[2025-09-15 16:52:34] DEBUG    Reading time = 35.37 seconds
x16918603: 22709039 rows, 16918603 columns, 55383636 nonzeros
Set parameter NumericFocus to value 1
Gurobi Optimizer version 12.0.2 build v12.0.2rc0 (linux64 - "Debian GNU/Linux 11 (bullseye)")

CPU model: Intel(R) Xeon(R) Silver 4314 CPU @ 2.40GHz, instruction set [SSE2|AVX|AVX2|AVX512]
Thread count: 32 physical cores, 64 logical processors, using up to 32 threads

Non-default parameters:
NumericFocus  1
[2025-09-15 16:52:34] DEBUG    Academic license 2680226 - for non-commercial use only - registered to an___@mail.polimi.it
Optimize a model with 22709039 rows, 16918603 columns and 55383636 nonzeros
[2025-09-15 16:52:35] DEBUG    Model fingerprint: 0x0500f800
[2025-09-15 16:52:35] DEBUG    Coefficient statistics:
  Matrix range     [1e-07, 3e+02]
  Objective range  [1e+00, 1e+06]
  Bounds range     [0e+00, 0e+00]
  RHS range        [1e+00, 6e+09]
Warning: Model contains large rhs
[2025-09-15 16:52:41] DEBUG    Presolve removed 18379908 rows and 10434384 columns (presolve time = 6s)...
[2025-09-15 16:52:45] DEBUG    Presolve removed 18971813 rows and 12720000 columns (presolve time = 10s)...
[2025-09-15 16:52:50] DEBUG    Presolve removed 20471846 rows and 14174455 columns (presolve time = 15s)...
[2025-09-15 16:52:54] DEBUG    Presolve removed 21149879 rows and 14191975 columns
[2025-09-15 16:52:54] DEBUG    Presolve time: 20.29s
Presolved: 1559160 rows, 2866772 columns, 8288518 nonzeros

Concurrent LP optimizer: primal simplex, dual simplex, and barrier
Showing barrier log only...
[2025-09-15 16:52:57] DEBUG    Ordering time: 0.89s
[2025-09-15 16:52:58] DEBUG    Barrier statistics:
 Dense cols : 141
[2025-09-15 16:52:58] DEBUG    AA' NZ     : 8.012e+06
 Factor NZ  : 2.881e+07 (roughly 2.0 GB of memory)
 Factor Ops : 8.000e+08 (less than 1 second per iteration)
 Threads    : 30
[2025-09-15 16:53:01] DEBUG    Objective                Residual
[2025-09-15 16:53:01] DEBUG    Iter       Primal          Dual         Primal    Dual     Compl     Time
[2025-09-15 16:53:02] DEBUG    0   2.61167679e+21 -7.89299217e+18  6.99e+10 2.89e-11  4.65e+15    28s
[2025-09-15 16:53:06] DEBUG    1   2.39360453e+21 -8.14420433e+18  6.38e+10 2.39e+05  3.89e+15    32s
[2025-09-15 16:53:12] DEBUG    2   2.27307345e+21 -3.58510682e+19  6.06e+10 1.79e+05  3.70e+15    38s
[2025-09-15 16:53:21] DEBUG    3   2.00650119e+21 -9.12462333e+19  5.38e+10 7.89e+04  3.23e+15    47s
[2025-09-15 16:53:27] DEBUG    4   1.49195852e+21 -1.16063046e+20  3.93e+10 2.43e+04  2.35e+15    52s
[2025-09-15 16:53:33] DEBUG    5   9.15967606e+20 -1.15065034e+20  2.37e+10 5.39e+03  1.43e+15    59s
[2025-09-15 16:53:41] DEBUG    6   5.36800153e+20 -1.01919683e+20  1.37e+10 1.53e+03  8.26e+14    67s
[2025-09-15 16:53:48] DEBUG    7   1.23763866e+20 -9.14816481e+19  2.79e+09 7.35e+02  1.86e+14    73s
[2025-09-15 16:53:52] DEBUG    8   3.54487841e+19 -4.84138594e+19  7.75e+08 1.14e+02  5.38e+13    78s
[2025-09-15 16:53:56] DEBUG    9   1.05471973e+19 -2.08663145e+19  2.26e+08 2.61e+01  1.62e+13    82s
[2025-09-15 16:54:00] DEBUG    10   6.03251845e+18 -1.03011756e+19  1.27e+08 8.85e+00  8.59e+12    86s
[2025-09-15 16:54:04] DEBUG    11   3.41379867e+18 -4.85308116e+18  7.15e+07 2.89e+00  4.49e+12    90s
[2025-09-15 16:54:08] DEBUG    12   1.72948238e+18 -2.77385258e+18  3.65e+07 1.09e+00  2.26e+12    94s
[2025-09-15 16:54:13] DEBUG    13   5.64341990e+17 -1.41448847e+18  1.17e+07 3.77e-01  7.83e+11    99s
[2025-09-15 16:54:17] DEBUG    14   1.10869678e+17 -4.35706141e+17  2.29e+06 1.11e-01  1.65e+11   103s
[2025-09-15 16:54:21] DEBUG    15   8.63291281e+15 -7.97829333e+16  1.62e+05 1.31e-02  1.84e+10   107s
[2025-09-15 16:54:25] DEBUG    16   3.70547933e+14 -3.88484821e+15  9.31e+01 1.41e-04  6.70e+08   111s
[2025-09-15 16:54:29] DEBUG    17   3.45381589e+14 -5.94154664e+14  4.57e+00 1.84e-03  1.04e+08   115s
[2025-09-15 16:54:34] DEBUG    18   3.27336499e+14 -3.74046697e+14  2.70e-04 2.02e-03  6.56e+07   119s
[2025-09-15 16:54:40] DEBUG    19   3.11936278e+14 -1.19366027e+14  1.79e-04 4.54e-03  2.16e+07   126s
[2025-09-15 16:54:52] DEBUG    20   3.01088023e+14 -5.81531192e+13  1.34e-04 2.05e-02  1.06e+07   138s
[2025-09-15 16:55:03] DEBUG    21   2.96762706e+14 -2.49787692e+13  1.13e-04 1.33e-02  4.77e+06   149s
[2025-09-15 16:55:11] DEBUG    22   2.90170432e+14 -1.04102517e+13  6.96e-05 1.15e-02  2.16e+06   157s
[2025-09-15 16:55:17] DEBUG    23   2.87317363e+14 -7.54532796e+12  5.96e-05 1.31e-02  1.62e+06   163s
[2025-09-15 16:55:22] DEBUG    24   2.84123047e+14 -4.81626441e+12  7.06e-05 4.64e-02  1.08e+06   168s
[2025-09-15 16:55:31] DEBUG    25   2.83503325e+14 -4.49419499e+12  4.91e-05 4.52e-02  1.02e+06   176s
[2025-09-15 16:55:36] DEBUG    26   2.82648853e+14 -2.71188811e+12  5.01e-05 7.18e-02  6.83e+05   182s
[2025-09-15 16:55:42] DEBUG    27   2.77824551e+14 -1.72938863e+12  5.67e-05 7.17e-02  4.62e+05   188s
[2025-09-15 16:55:51] DEBUG    28   2.75139362e+14 -6.87081888e+11  5.05e-05 7.17e-02  2.43e+05   197s
[2025-09-15 16:56:01] DEBUG    29   2.68434737e+14 -4.94751740e+11  5.72e-05 7.26e-02  1.68e+05   207s
[2025-09-15 16:56:12] DEBUG    30   2.64721226e+14 -3.29625778e+11  3.34e-05 6.85e-02  1.22e+05   217s
[2025-09-15 16:56:21] DEBUG    31   2.62854113e+14 -2.74728009e+11  6.39e-05 6.59e-02  1.06e+05   226s
[2025-09-15 16:56:31] DEBUG    32   2.60940486e+14 -1.97375182e+11  5.63e-05 6.14e-02  8.48e+04   237s
[2025-09-15 16:56:41] DEBUG    33   2.56418698e+14 -1.41137060e+11  4.48e-05 5.35e-02  6.22e+04   247s
[2025-09-15 16:56:52] DEBUG    34   2.51874832e+14 -9.10928204e+10  6.72e-05 4.41e-02  4.39e+04   258s
[2025-09-15 16:57:02] DEBUG    35   2.47538092e+14 -5.40017832e+10  3.86e-05 3.42e-02  3.06e+04   268s
[2025-09-15 16:57:13] DEBUG    36   2.44199506e+14 -3.01436487e+10  4.15e-05 2.60e-02  2.24e+04   279s
[2025-09-15 16:57:24] DEBUG    37   2.40022234e+14 -1.39984489e+10  3.67e-05 2.24e-02  1.56e+04   290s
[2025-09-15 16:57:35] DEBUG    38   2.36665767e+14 -1.03194956e+10  7.01e-05 2.25e-02  1.25e+04   301s
[2025-09-15 16:57:44] DEBUG    39   2.34392683e+14 -2.06022546e+09  4.10e-05 2.24e-02  9.61e+03   310s
[2025-09-15 16:57:55] DEBUG    40   2.32402725e+14 -1.06901627e+09  4.77e-05 2.24e-02  8.41e+03   321s
[2025-09-15 16:58:06] DEBUG    41   2.30877029e+14 -1.65438930e+08  4.39e-05 2.23e-02  7.59e+03   332s
[2025-09-15 16:58:13] DEBUG    42   2.30639736e+14  6.02846944e+08  4.42e-05 2.21e-02  7.38e+03   339s
[2025-09-15 16:58:23] DEBUG    43   2.28744201e+14  2.20132885e+09  4.20e-05 2.18e-02  6.41e+03   349s
[2025-09-15 16:58:33] DEBUG    44   2.28004931e+14  3.25625268e+09  4.41e-05 2.15e-02  5.96e+03   359s
[2025-09-15 16:58:40] DEBUG    45   2.27472598e+14  3.52416244e+09  6.12e-05 2.13e-02  5.78e+03   366s
[2025-09-15 16:58:51] DEBUG    46   2.26678964e+14  3.90715802e+09  4.76e-05 2.11e-02  5.47e+03   377s
[2025-09-15 16:59:01] DEBUG    47   2.24733940e+14  4.46738781e+09  5.48e-05 2.08e-02  4.82e+03   387s
[2025-09-15 16:59:11] DEBUG    48   2.24173493e+14  4.73060289e+09  5.53e-05 2.06e-02  4.64e+03   397s
[2025-09-15 16:59:21] DEBUG    49   2.23089680e+14  5.46425752e+09  6.53e-05 2.00e-02  4.25e+03   407s
[2025-09-15 16:59:32] DEBUG    50   2.21563197e+14  5.73756730e+09  5.73e-05 1.97e-02  3.89e+03   418s
[2025-09-15 16:59:42] DEBUG    51   2.20419151e+14  5.97741713e+09  5.93e-05 1.93e-02  3.64e+03   428s
[2025-09-15 16:59:54] DEBUG    52   2.19164540e+14  6.32437221e+09  6.60e-05 1.87e-02  3.35e+03   440s
[2025-09-15 17:00:04] DEBUG    53   2.18507894e+14  6.66796408e+09  6.41e-05 1.81e-02  3.19e+03   450s
[2025-09-15 17:00:14] DEBUG    54   2.17158316e+14  7.00175484e+09  7.31e-05 1.77e-02  2.93e+03   460s
[2025-09-15 17:00:25] DEBUG    55   2.16776983e+14  7.16487800e+09  6.98e-05 1.76e-02  2.85e+03   471s
[2025-09-15 17:00:38] DEBUG    56   2.16713281e+14  7.28016198e+09  7.12e-05 1.75e-02  2.83e+03   484s
[2025-09-15 17:00:47] DEBUG    57   2.16656398e+14  7.33049056e+09  7.60e-05 1.75e-02  2.81e+03   493s
[2025-09-15 17:00:58] DEBUG    58   2.15260186e+14  7.46993691e+09  9.30e-05 1.73e-02  2.73e+03   504s
[2025-09-15 17:01:08] DEBUG    59   2.14910151e+14  7.69699235e+09  7.55e-05 1.71e-02  2.65e+03   514s
[2025-09-15 17:01:22] DEBUG    60   2.14849008e+14  7.80124482e+09  7.26e-05 1.70e-02  2.62e+03   528s
[2025-09-15 17:01:30] DEBUG    61   2.14297140e+14  7.86173587e+09  9.35e-05 1.69e-02  2.55e+03   536s
[2025-09-15 17:01:37] DEBUG    62   2.14151439e+14  7.95478437e+09  8.39e-05 1.68e-02  2.52e+03   543s
[2025-09-15 17:01:45] DEBUG    63   2.13747746e+14  8.17433269e+09  1.05e-04 1.65e-02  2.44e+03   550s
[2025-09-15 17:01:55] DEBUG    64   2.13379541e+14  8.38986907e+09  9.30e-05 1.62e-02  2.36e+03   560s
[2025-09-15 17:02:04] DEBUG    65   2.12570662e+14  8.49342288e+09  7.56e-05 1.61e-02  2.25e+03   569s
[2025-09-15 17:02:11] DEBUG    66   2.12334210e+14  8.55952754e+09  7.73e-05 1.60e-02  2.22e+03   576s
[2025-09-15 17:02:25] DEBUG    67   2.12270891e+14  8.68321555e+09  1.09e-04 1.57e-02  2.19e+03   590s
[2025-09-15 17:02:36] DEBUG    68   2.12165473e+14  8.74088607e+09  1.21e-04 1.56e-02  2.17e+03   602s
[2025-09-15 17:02:46] DEBUG    69   2.12026857e+14  8.86936129e+09  1.37e-04 1.54e-02  2.13e+03   612s
[2025-09-15 17:02:57] DEBUG    70   2.11808608e+14  8.91276376e+09  1.16e-04 1.53e-02  2.12e+03   622s
[2025-09-15 17:03:04] DEBUG    71   2.11573205e+14  8.97084136e+09  9.35e-05 1.51e-02  2.09e+03   630s
[2025-09-15 17:03:11] DEBUG    72   2.11353311e+14  9.02197658e+09  1.34e-04 1.50e-02  2.06e+03   637s
[2025-09-15 17:03:22] DEBUG    73   2.10413513e+14  9.22704640e+09  1.03e-04 1.46e-02  1.93e+03   648s
[2025-09-15 17:03:33] DEBUG    74   2.09000682e+14  9.29534465e+09  8.25e-05 1.44e-02  1.79e+03   659s
[2025-09-15 17:03:40] DEBUG    75   2.08744805e+14  9.35277074e+09  7.34e-05 1.43e-02  1.76e+03   666s
[2025-09-15 17:03:49] DEBUG    76   2.08616667e+14  9.43572986e+09  1.21e-04 1.40e-02  1.73e+03   675s
[2025-09-15 17:04:00] DEBUG    77   2.08160441e+14  9.53410197e+09  8.21e-05 1.38e-02  1.68e+03   685s
[2025-09-15 17:04:07] DEBUG    78   2.07881941e+14  9.63985126e+09  9.38e-05 1.34e-02  1.64e+03   693s
[2025-09-15 17:04:16] DEBUG    79   2.07695650e+14  9.71426436e+09  8.76e-05 1.31e-02  1.61e+03   702s
[2025-09-15 17:04:25] DEBUG    80   2.07460999e+14  9.78242377e+09  9.87e-05 1.29e-02  1.58e+03   711s
[2025-09-15 17:04:32] DEBUG    81   2.07098239e+14  9.84915270e+09  9.30e-05 1.26e-02  1.54e+03   718s
[2025-09-15 17:04:41] DEBUG    82   2.06768710e+14  9.91748899e+09  8.25e-05 1.24e-02  1.51e+03   727s
[2025-09-15 17:04:49] DEBUG    83   2.06401227e+14  1.00176475e+10  9.92e-05 1.20e-02  1.46e+03   735s
[2025-09-15 17:04:56] DEBUG    84   2.05780940e+14  1.01022751e+10  9.92e-05 1.16e-02  1.41e+03   742s
[2025-09-15 17:05:05] DEBUG    85   2.05470721e+14  1.01668989e+10  9.74e-05 1.16e-02  1.37e+03   751s
[2025-09-15 17:05:15] DEBUG    86   2.05017897e+14  1.02346464e+10  9.44e-05 1.16e-02  1.33e+03   761s
[2025-09-15 17:05:26] DEBUG    87   2.04103753e+14  1.03180444e+10  8.05e-05 1.16e-02  1.26e+03   772s
[2025-09-15 17:05:33] DEBUG    88   2.03638529e+14  1.03850334e+10  8.39e-05 1.16e-02  1.22e+03   779s
[2025-09-15 17:05:42] DEBUG    89   2.03177090e+14  1.04983430e+10  8.92e-05 1.16e-02  1.17e+03   788s
[2025-09-15 17:05:50] DEBUG    90   2.02721744e+14  1.05723464e+10  9.95e-05 1.15e-02  1.13e+03   796s
[2025-09-15 17:06:01] DEBUG    91   2.01354184e+14  1.06511291e+10  9.44e-05 1.15e-02  1.04e+03   806s
[2025-09-15 17:06:11] DEBUG    92   1.99997761e+14  1.07638493e+10  8.39e-05 1.15e-02  9.55e+02   817s
[2025-09-15 17:06:22] DEBUG    93   1.98540093e+14  1.08319472e+10  8.23e-05 1.15e-02  8.75e+02   828s
[2025-09-15 17:06:32] DEBUG    94   1.97991420e+14  1.08543363e+10  1.15e-04 1.15e-02  8.49e+02   838s
[2025-09-15 17:06:44] DEBUG    95   1.96127712e+14  1.09908318e+10  6.90e-05 1.15e-02  7.53e+02   850s
[2025-09-15 17:06:54] DEBUG    96   1.94626636e+14  1.10818457e+10  9.01e-05 1.15e-02  6.87e+02   860s
[2025-09-15 17:07:06] DEBUG    97   1.93018904e+14  1.11409149e+10  6.40e-05 1.15e-02  6.29e+02   872s
[2025-09-15 17:07:18] DEBUG    98   1.92263698e+14  1.12592708e+10  7.72e-05 1.15e-02  5.89e+02   884s
[2025-09-15 17:07:28] DEBUG    99   1.91282809e+14  1.13499359e+10  7.25e-05 1.15e-02  5.49e+02   894s
[2025-09-15 17:07:39] DEBUG    100   1.90807687e+14  1.14811856e+10  9.16e-05 1.15e-02  5.20e+02   905s
[2025-09-15 17:07:50] DEBUG    101   1.89243058e+14  1.15458833e+10  5.52e-05 1.15e-02  4.72e+02   916s
[2025-09-15 17:08:01] DEBUG    102   1.87979068e+14  1.16088114e+10  6.20e-05 1.15e-02  4.37e+02   927s
[2025-09-15 17:08:11] DEBUG    103   1.86599907e+14  1.16824360e+10  5.53e-05 1.15e-02  4.01e+02   937s
[2025-09-15 17:08:21] DEBUG    104   1.85694066e+14  1.17668928e+10  6.10e-05 1.15e-02  3.75e+02   947s
[2025-09-15 17:08:31] DEBUG    105   1.84432455e+14  1.18364290e+10  7.44e-05 1.15e-02  3.44e+02   957s
[2025-09-15 17:08:42] DEBUG    106   1.83320298e+14  1.19114355e+10  6.91e-05 1.15e-02  3.17e+02   967s
[2025-09-15 17:08:50] DEBUG    107   1.82542493e+14  1.19685492e+10  1.08e-04 1.15e-02  2.99e+02   976s
[2025-09-15 17:09:00] DEBUG    108   1.81695139e+14  1.20003161e+10  5.60e-05 1.15e-02  2.83e+02   986s
[2025-09-15 17:09:09] DEBUG    109   1.81377028e+14  1.20321612e+10  7.20e-05 1.15e-02  2.76e+02   995s
[2025-09-15 17:09:19] DEBUG    110   1.79992617e+14  1.20622571e+10  1.11e-04 1.15e-02  2.54e+02  1005s
[2025-09-15 17:09:31] DEBUG    111   1.79325685e+14  1.21028454e+10  7.49e-05 1.14e-02  2.42e+02  1017s
[2025-09-15 17:09:42] DEBUG    112   1.78209937e+14  1.21430637e+10  8.54e-05 1.14e-02  2.25e+02  1028s
[2025-09-15 17:09:53] DEBUG    113   1.77581235e+14  1.21771372e+10  8.75e-05 1.14e-02  2.14e+02  1039s
[2025-09-15 17:10:04] DEBUG    114   1.76671432e+14  1.22194145e+10  8.49e-05 1.14e-02  2.00e+02  1050s
[2025-09-15 17:10:16] DEBUG    115   1.76038042e+14  1.22617705e+10  7.13e-05 1.14e-02  1.89e+02  1061s
[2025-09-15 17:10:26] DEBUG    116   1.75217765e+14  1.22775479e+10  8.30e-05 1.14e-02  1.78e+02  1072s
[2025-09-15 17:10:37] DEBUG    117   1.74441550e+14  1.22956611e+10  7.59e-05 1.14e-02  1.67e+02  1083s
[2025-09-15 17:10:47] DEBUG    118   1.73512580e+14  1.23053271e+10  7.53e-05 1.14e-02  1.58e+02  1093s
[2025-09-15 17:10:58] DEBUG    119   1.72292435e+14  1.23183266e+10  7.51e-05 1.14e-02  1.45e+02  1103s
[2025-09-15 17:11:08] DEBUG    120   1.71175802e+14  1.23289634e+10  7.20e-05 1.14e-02  1.36e+02  1114s
[2025-09-15 17:11:20] DEBUG    121   1.70284358e+14  1.23403574e+10  1.13e-04 1.14e-02  1.29e+02  1126s
[2025-09-15 17:11:30] DEBUG    122   1.69211086e+14  1.23606176e+10  5.04e-05 1.14e-02  1.19e+02  1136s
[2025-09-15 17:11:40] DEBUG    123   1.68881073e+14  1.23644429e+10  6.46e-05 1.14e-02  1.16e+02  1146s
[2025-09-15 17:11:49] DEBUG    124   1.67803798e+14  1.23674217e+10  7.58e-05 1.14e-02  1.09e+02  1155s
[2025-09-15 17:11:59] DEBUG    125   1.67165483e+14  1.23750186e+10  5.60e-05 1.14e-02  1.04e+02  1165s
[2025-09-15 17:12:10] DEBUG    126   1.66172483e+14  1.23851029e+10  6.10e-05 1.13e-02  9.77e+01  1176s
[2025-09-15 17:12:22] DEBUG    127   1.65193461e+14  1.23963149e+10  6.32e-05 1.13e-02  9.43e+01  1188s
[2025-09-15 17:12:33] DEBUG    128   1.64025192e+14  1.23994808e+10  6.34e-05 1.13e-02  8.81e+01  1198s
[2025-09-15 17:12:43] DEBUG    129   1.62961824e+14  1.24059817e+10  6.06e-05 1.13e-02  8.49e+01  1209s
[2025-09-15 17:12:58] DEBUG    130   1.62447367e+14  1.24104800e+10  1.06e-04 1.13e-02  1.20e+03  1224s
[2025-09-15 17:13:16] DEBUG    131   1.60592763e+14  1.24105133e+10  6.48e-05 1.13e-02  1.54e+03  1241s
[2025-09-15 17:13:22] DEBUG    132   1.60361414e+14  1.23981816e+10  6.68e-05 1.13e-02  1.69e+03  1248s
[2025-09-15 17:13:32] DEBUG    133   1.59888924e+14  1.23989285e+10  6.06e-05 1.13e-02  1.83e+03  1258s
[2025-09-15 17:13:41] DEBUG    134   1.59172554e+14  1.24004420e+10  5.64e-05 1.13e-02  1.89e+03  1267s
[2025-09-15 17:13:51] DEBUG    135   1.58432089e+14  1.23967913e+10  7.01e-05 1.13e-02  2.32e+03  1277s
[2025-09-15 17:14:02] DEBUG    136   1.57478940e+14  1.23958335e+10  6.64e-05 1.13e-02  2.26e+03  1288s
[2025-09-15 17:14:13] DEBUG    137   1.56546332e+14  1.23966408e+10  6.96e-05 1.13e-02  2.45e+03  1299s
[2025-09-15 17:14:22] DEBUG    138   1.55976723e+14  1.23974371e+10  6.83e-05 1.13e-02  2.28e+03  1308s
[2025-09-15 17:14:33] DEBUG    139   1.55081958e+14  1.23966761e+10  9.63e-05 1.13e-02  2.05e+03  1319s
[2025-09-15 17:14:43] DEBUG    140   1.54205961e+14  1.23944355e+10  7.53e-05 1.13e-02  1.85e+03  1329s
[2025-09-15 17:14:53] DEBUG    141   1.53257607e+14  1.23938576e+10  8.63e-05 1.13e-02  1.61e+03  1339s
[2025-09-15 17:15:03] DEBUG    142   1.52262755e+14  1.23924516e+10  7.72e-05 1.12e-02  1.43e+03  1349s
[2025-09-15 17:15:11] DEBUG    143   1.51710955e+14  1.23938624e+10  7.72e-05 1.12e-02  1.36e+03  1357s
[2025-09-15 17:15:20] DEBUG    144   1.51488770e+14  1.23948405e+10  8.34e-05 1.12e-02  1.35e+03  1365s
[2025-09-15 17:15:27] DEBUG    145   1.51469201e+14  1.23949907e+10  1.10e-04 1.12e-02  1.35e+03  1373s
[2025-09-15 17:15:35] DEBUG    146   1.51247807e+14  1.23948942e+10  1.12e-04 1.12e-02  1.31e+03  1381s
[2025-09-15 17:15:42] DEBUG    147   1.51187309e+14  1.23945749e+10  1.03e-04 1.12e-02  1.30e+03  1388s
[2025-09-15 17:15:49] DEBUG    148   1.51032961e+14  1.23946939e+10  9.73e-05 1.12e-02  1.28e+03  1395s
[2025-09-15 17:16:03] DEBUG    149   1.50951525e+14  1.23947222e+10  1.18e-04 1.12e-02  1.28e+03  1409s
[2025-09-15 17:16:12] DEBUG    150   1.50895543e+14  1.23954324e+10  1.29e-04 1.12e-02  1.29e+03  1418s
[2025-09-15 17:16:21] DEBUG    151   1.50419884e+14  1.23967647e+10  1.10e-04 1.12e-02  1.24e+03  1427s
[2025-09-15 17:16:36] DEBUG    152   1.49617165e+14  1.23986557e+10  1.50e-04 1.12e-02  1.17e+03  1442s
[2025-09-15 17:16:48] DEBUG    153   1.49182652e+14  1.23987361e+10  1.17e-04 1.12e-02  1.18e+03  1453s
[2025-09-15 17:16:58] DEBUG    154   1.48695884e+14  1.23965217e+10  1.32e-04 1.12e-02  1.15e+03  1464s
[2025-09-15 17:17:08] DEBUG    155   1.47426419e+14  1.23968677e+10  1.20e-04 1.12e-02  1.06e+03  1474s
[2025-09-15 17:17:18] DEBUG    156   1.46457156e+14  1.23993052e+10  9.78e-05 1.12e-02  9.74e+02  1484s
[2025-09-15 17:17:27] DEBUG    157   1.46103893e+14  1.24005521e+10  9.39e-05 1.12e-02  9.50e+02  1493s
[2025-09-15 17:17:34] DEBUG    158   1.45864162e+14  1.24017788e+10  1.00e-04 1.12e-02  9.37e+02  1500s
[2025-09-15 17:17:45] DEBUG    159   1.45243999e+14  1.24070970e+10  9.58e-05 1.12e-02  9.13e+02  1511s
[2025-09-15 17:17:52] DEBUG    160   1.45171345e+14  1.24072844e+10  8.77e-05 1.12e-02  9.08e+02  1518s
[2025-09-15 17:17:59] DEBUG    161   1.45097214e+14  1.24077068e+10  8.92e-05 1.12e-02  9.05e+02  1525s
[2025-09-15 17:18:09] DEBUG    162   1.44921295e+14  1.24081157e+10  6.72e-05 1.12e-02  8.95e+02  1535s
[2025-09-15 17:18:18] DEBUG    163   1.44464307e+14  1.24099834e+10  8.58e-05 1.12e-02  8.68e+02  1544s
[2025-09-15 17:18:24] DEBUG    164   1.44323042e+14  1.24104464e+10  1.32e-04 1.12e-02  8.60e+02  1550s
[2025-09-15 17:18:32] DEBUG    165   1.44086437e+14  1.24117799e+10  9.68e-05 1.12e-02  8.49e+02  1558s
[2025-09-15 17:18:43] DEBUG    166   1.43039096e+14  1.24139391e+10  1.05e-04 1.12e-02  7.79e+02  1569s
[2025-09-15 17:18:54] DEBUG    167   1.42705636e+14  1.24153808e+10  8.15e-05 1.12e-02  7.62e+02  1579s
[2025-09-15 17:19:03] DEBUG    168   1.41907686e+14  1.24173065e+10  7.35e-05 1.12e-02  7.17e+02  1589s
[2025-09-15 17:19:14] DEBUG    169   1.41701936e+14  1.24173774e+10  7.61e-05 1.12e-02  7.45e+02  1600s
[2025-09-15 17:19:29] DEBUG    170   1.41152983e+14  1.24196155e+10  7.77e-05 1.12e-02  7.84e+02  1615s
[2025-09-15 17:19:46] DEBUG    171   1.41006889e+14  1.24204139e+10  9.97e-05 1.12e-02  2.41e+03  1632s
[2025-09-15 17:20:02] DEBUG    172   1.40680260e+14  1.24157939e+10  8.36e-05 1.12e-02  2.56e+03  1648s
[2025-09-15 17:20:15] DEBUG    173   1.40551420e+14  1.24154756e+10  1.06e-04 1.12e-02  2.55e+03  1661s
[2025-09-15 17:20:27] DEBUG    174   1.40520694e+14  1.24155112e+10  8.10e-05 1.12e-02  2.57e+03  1673s
[2025-09-15 17:20:54] DEBUG    175   1.40187331e+14  1.24138843e+10  1.06e-04 1.12e-02  2.63e+03  1700s
[2025-09-15 17:21:10] DEBUG    176   1.39848679e+14  1.24140601e+10  8.73e-05 1.12e-02  2.58e+03  1716s
[2025-09-15 17:21:23] DEBUG    177   1.39809244e+14  1.24142065e+10  8.22e-05 1.12e-02  2.60e+03  1729s
[2025-09-15 17:21:39] DEBUG    178   1.39751841e+14  1.24142410e+10  9.51e-05 1.12e-02  2.59e+03  1745s
[2025-09-15 17:21:53] DEBUG    179   1.39727797e+14  1.24142790e+10  8.98e-05 1.12e-02  2.60e+03  1759s
[2025-09-15 17:22:06] DEBUG    180   1.39613424e+14  1.24143310e+10  9.68e-05 1.12e-02  2.58e+03  1772s
[2025-09-15 17:22:37] DEBUG    181   1.39037399e+14  1.24126953e+10  1.01e-04 1.12e-02  2.54e+03  1803s
[2025-09-15 17:22:37] DEBUG    Barrier performed 181 iterations in 1802.59 seconds (337.34 work units)
[2025-09-15 17:22:37] DEBUG    Numerical trouble encountered

Model may be infeasible or unbounded.  Consider using the
homogeneous algorithm (through parameter 'BarHomogeneous')
[2025-09-15 17:23:41] DEBUG    Waiting for other threads to finish...        1867s
[2025-09-15 17:24:45] DEBUG    Waiting for other threads to finish...        1931s
[2025-09-15 17:25:11] DEBUG    Solved with dual simplex
[2025-09-15 17:25:20] DEBUG    Iteration    Objective       Primal Inf.    Dual Inf.      Time
[2025-09-15 17:25:20] DEBUG    863300    1.5453538e+10   0.000000e+00   0.000000e+00   1966s

Solved in 863300 iterations and 1965.86 seconds (595.06 work units)
[2025-09-15 17:25:20] DEBUG    Optimal objective  1.545353818e+10
❌ Errore nel run di autarky_GT+VRES_2030_PHES: 'Model' object has no attribute 'backend_model'
🏁 Tutti gli scenari sono stati processati.
