
🚀 Lancio scenario: new_trasmission_VRES_2030_BESS
[2025-09-14 23:44:20] INFO     Loading sets
[2025-09-14 23:44:20] INFO     Loading parameters
[2025-09-14 23:45:12] INFO     constraints are loaded in the following order: ['energy_balance', 'dispatch', 'costs', 'capacity', 'network', 'policy', 'conversion', 'group', 'conversion_plus', 'milp', 'export']
[2025-09-14 23:45:12] INFO     creating energy_balance constraints
[2025-09-14 23:49:39] INFO     creating dispatch constraints
[2025-09-14 23:52:59] INFO     creating costs constraints
[2025-09-15 00:04:57] INFO     creating capacity constraints
[2025-09-15 00:04:57] INFO     creating network constraints
[2025-09-15 00:04:57] INFO     creating policy constraints
[2025-09-15 00:04:57] INFO     creating conversion constraints
[2025-09-15 00:04:57] INFO     creating group constraints
[2025-09-15 00:04:57] INFO     creating conversion_plus constraints
[2025-09-15 00:04:57] INFO     creating milp constraints
[2025-09-15 00:04:57] INFO     creating export constraints
[2025-09-15 00:19:44] DEBUG    Set parameter WLSAccessID
Set parameter WLSSecret
Set parameter LicenseID to value 2680226
[2025-09-15 00:19:44] DEBUG    Academic license 2680226 - for non-commercial use only - registered to an___@mail.polimi.it
[2025-09-15 00:20:27] DEBUG    Read LP format model from file /tmp/tmpv32k7233.pyomo.lp
Reading time = 42.45 seconds
x20642038: 27553753 rows, 20642038 columns, 67473251 nonzeros
[2025-09-15 00:20:27] DEBUG    Set parameter NumericFocus to value 1
Gurobi Optimizer version 12.0.2 build v12.0.2rc0 (linux64 - "Debian GNU/Linux 11 (bullseye)")

CPU model: Intel(R) Xeon(R) Silver 4314 CPU @ 2.40GHz, instruction set [SSE2|AVX|AVX2|AVX512]
Thread count: 32 physical cores, 64 logical processors, using up to 32 threads

Non-default parameters:
NumericFocus  1
[2025-09-15 00:20:27] DEBUG    Academic license 2680226 - for non-commercial use only - registered to an___@mail.polimi.it
Optimize a model with 27553753 rows, 20642038 columns and 67473251 nonzeros
[2025-09-15 00:20:28] DEBUG    Model fingerprint: 0x3b4fdb2d
[2025-09-15 00:20:28] DEBUG    Coefficient statistics:
  Matrix range     [1e-07, 6e+02]
  Objective range  [1e+00, 1e+06]
  Bounds range     [0e+00, 0e+00]
  RHS range        [1e+00, 2e+08]
[2025-09-15 00:20:33] DEBUG    Presolve removed 19412092 rows and 11060161 columns (presolve time = 5s)...
[2025-09-15 00:20:38] DEBUG    Presolve removed 19843138 rows and 12969421 columns (presolve time = 10s)...
[2025-09-15 00:20:43] DEBUG    Presolve removed 22633776 rows and 15760000 columns (presolve time = 15s)...
[2025-09-15 00:20:48] DEBUG    Presolve removed 23398039 rows and 16473484 columns (presolve time = 21s)...
[2025-09-15 00:21:20] DEBUG    Presolve removed 23935934 rows and 16727524 columns (presolve time = 52s)...
[2025-09-15 00:21:23] DEBUG    Presolve removed 23935934 rows and 16850164 columns (presolve time = 55s)...
[2025-09-15 00:21:26] DEBUG    Presolve removed 24076078 rows and 16850164 columns
[2025-09-15 00:22:05] DEBUG    Presolve time: 98.22s
Presolved: 3477675 rows, 3932018 columns, 14695928 nonzeros
[2025-09-15 00:22:05] DEBUG    Concurrent LP optimizer: primal simplex, dual simplex, and barrier
Showing barrier log only...
[2025-09-15 00:22:56] DEBUG    Elapsed ordering time = 49s
[2025-09-15 00:22:57] DEBUG    Elapsed ordering time = 50s
[2025-09-15 00:23:02] DEBUG    Elapsed ordering time = 55s
[2025-09-15 00:23:18] DEBUG    Ordering time: 70.61s
[2025-09-15 00:23:20] DEBUG    Barrier statistics:
 Dense cols : 174
[2025-09-15 00:23:20] DEBUG    AA' NZ     : 1.567e+07
 Factor NZ  : 6.510e+07 (roughly 3.5 GB of memory)
 Factor Ops : 6.928e+09 (less than 1 second per iteration)
 Threads    : 30
[2025-09-15 00:23:26] DEBUG    Objective                Residual
Iter       Primal          Dual         Primal    Dual     Compl     Time
[2025-09-15 00:23:27] DEBUG    0   2.18041208e+21 -6.73678341e+18  6.88e+10 2.89e-11  3.33e+15   180s
[2025-09-15 00:23:32] DEBUG    1   1.54321083e+21 -6.77307082e+18  4.80e+10 1.82e+05  2.24e+15   186s
[2025-09-15 00:23:41] DEBUG    2   1.07256749e+21 -5.89898143e+18  3.30e+10 6.27e+04  1.23e+15   194s
[2025-09-15 00:23:52] DEBUG    3   7.42092345e+20 -5.31259427e+18  2.34e+10 2.25e+04  7.55e+14   205s
[2025-09-15 00:24:00] DEBUG    4   6.42886187e+20 -5.17411278e+18  2.06e+10 1.58e+04  6.41e+14   213s
[2025-09-15 00:24:06] DEBUG    5   5.59085833e+20 -5.08949660e+18  1.78e+10 1.25e+04  5.51e+14   219s
[2025-09-15 00:24:12] DEBUG    6   5.19736056e+20 -5.02774894e+18  1.65e+10 9.56e+03  4.99e+14   225s
[2025-09-15 00:24:20] DEBUG    7   4.00052752e+20 -4.97191748e+18  1.28e+10 7.50e+03  3.89e+14   233s
[2025-09-15 00:24:31] DEBUG    8   3.00826408e+20 -4.93406821e+18  9.75e+09 5.36e+03  2.94e+14   244s
[2025-09-15 00:24:44] DEBUG    9   1.75537324e+20 -5.02216497e+18  6.06e+09 9.99e+02  1.66e+14   258s
[2025-09-15 00:24:57] DEBUG    10   5.17387112e+19 -5.00931519e+18  1.62e+09 3.09e+02  4.58e+13   270s
[2025-09-15 00:25:07] DEBUG    11   1.11299018e+19 -4.53063032e+18  3.21e+08 1.11e+02  9.90e+12   280s
[2025-09-15 00:25:14] DEBUG    12   6.03032988e+17 -2.91308913e+18  1.75e+07 1.40e+01  8.71e+11   288s
[2025-09-15 00:25:21] DEBUG    13   1.58991120e+17 -6.48979989e+17  4.45e+06 9.71e-01  1.73e+11   294s
[2025-09-15 00:25:28] DEBUG    14   1.09635264e+15 -1.17311117e+17  2.52e+04 3.02e-02  1.36e+10   301s
[2025-09-15 00:25:35] DEBUG    15   1.13088084e+14 -5.39700308e+15  9.65e+01 2.66e-02  6.12e+08   308s
[2025-09-15 00:25:42] DEBUG    16   9.83439251e+13 -8.35290544e+14  1.86e+01 1.61e-02  9.94e+07   316s
[2025-09-15 00:25:48] DEBUG    17   8.45421055e+13 -1.46031156e+14  3.32e+00 1.90e-02  1.86e+07   321s
[2025-09-15 00:25:55] DEBUG    18   7.90087573e+13 -6.22477528e+13  2.01e+00 3.29e-02  8.31e+06   328s
[2025-09-15 00:26:02] DEBUG    19   7.46456273e+13 -3.65989339e+13  1.35e+00 3.63e-02  5.06e+06   335s
[2025-09-15 00:26:08] DEBUG    20   7.02680968e+13 -2.72633165e+13  8.89e-01 3.74e-02  3.80e+06   341s
[2025-09-15 00:26:16] DEBUG    21   7.02222687e+13 -2.68477771e+13  8.86e-01 3.75e-02  3.75e+06   349s
[2025-09-15 00:26:21] DEBUG    22   6.97795205e+13 -2.64830811e+13  8.55e-01 3.75e-02  3.69e+06   355s
[2025-09-15 00:26:30] DEBUG    23   6.94196669e+13 -2.51048824e+13  8.31e-01 3.77e-02  3.51e+06   363s
[2025-09-15 00:26:40] DEBUG    24   6.88143445e+13 -2.23879008e+13  7.91e-01 3.80e-02  3.16e+06   373s
[2025-09-15 00:26:48] DEBUG    25   6.80942580e+13 -2.22031319e+13  7.47e-01 3.80e-02  3.12e+06   382s
[2025-09-15 00:27:01] DEBUG    26   6.70930328e+13 -1.44286881e+13  6.86e-01 3.89e-02  2.12e+06   394s
[2025-09-15 00:27:13] DEBUG    27   6.62689977e+13 -1.15968246e+13  6.39e-01 3.92e-02  1.74e+06   406s
[2025-09-15 00:27:21] DEBUG    28   6.60228687e+13 -1.10730019e+13  6.26e-01 3.92e-02  1.67e+06   414s
[2025-09-15 00:27:34] DEBUG    29   6.52869871e+13 -9.48521219e+12  5.87e-01 3.93e-02  1.46e+06   427s
[2025-09-15 00:27:45] DEBUG    30   6.50059965e+13 -8.77657438e+12  5.73e-01 3.94e-02  1.36e+06   439s
[2025-09-15 00:27:57] DEBUG    31   6.44490637e+13 -7.74376810e+12  5.45e-01 3.94e-02  1.22e+06   451s
[2025-09-15 00:28:10] DEBUG    32   6.37734369e+13 -6.79648564e+12  5.12e-01 3.94e-02  1.09e+06   464s
[2025-09-15 00:28:23] DEBUG    33   6.34487095e+13 -6.23616074e+12  4.97e-01 3.94e-02  1.01e+06   476s
[2025-09-15 00:28:37] DEBUG    34   6.30936647e+13 -4.81778051e+12  4.81e-01 3.94e-02  8.26e+05   490s
[2025-09-15 00:28:45] DEBUG    35   6.29881176e+13 -4.73645216e+12  4.76e-01 3.94e-02  8.14e+05   499s
[2025-09-15 00:28:57] DEBUG    36   6.24846450e+13 -4.48263115e+12  4.54e-01 3.94e-02  7.72e+05   510s
[2025-09-15 00:29:09] DEBUG    37   6.21175686e+13 -4.03371886e+12  4.39e-01 3.94e-02  7.10e+05   522s
[2025-09-15 00:29:19] DEBUG    38   6.12339873e+13 -3.19376091e+12  4.02e-01 3.93e-02  5.87e+05   532s
[2025-09-15 00:29:30] DEBUG    39   6.10183813e+13 -2.98924008e+12  3.94e-01 3.93e-02  5.57e+05   543s
[2025-09-15 00:29:42] DEBUG    40   6.05116332e+13 -2.65652205e+12  3.75e-01 3.92e-02  5.06e+05   555s
[2025-09-15 00:29:55] DEBUG    41   5.99990342e+13 -2.50022813e+12  3.56e-01 3.92e-02  4.78e+05   568s
[2025-09-15 00:30:07] DEBUG    42   5.94569223e+13 -2.07305656e+12  3.37e-01 3.91e-02  4.15e+05   581s
[2025-09-15 00:30:19] DEBUG    43   5.80236481e+13 -1.83322046e+12  2.88e-01 3.91e-02  3.62e+05   592s
[2025-09-15 00:30:31] DEBUG    44   5.72457718e+13 -1.36778771e+12  2.65e-01 3.89e-02  2.92e+05   604s
[2025-09-15 00:30:43] DEBUG    45   5.63037863e+13 -1.26570268e+12  2.38e-01 3.89e-02  2.67e+05   616s
[2025-09-15 00:30:50] DEBUG    46   5.61137031e+13 -9.99679253e+11  2.33e-01 3.87e-02  2.31e+05   623s
[2025-09-15 00:31:05] DEBUG    47   5.57398213e+13 -8.79844809e+11  2.24e-01 3.86e-02  2.11e+05   639s
[2025-09-15 00:31:16] DEBUG    48   5.51874340e+13 -7.35832113e+11  2.10e-01 3.86e-02  1.87e+05   649s
[2025-09-15 00:31:27] DEBUG    49   5.33482997e+13 -6.17842787e+11  1.68e-01 3.85e-02  1.52e+05   661s
[2025-09-15 00:31:42] DEBUG    50   5.20194649e+13 -4.90643269e+11  1.43e-01 3.84e-02  1.24e+05   675s
[2025-09-15 00:31:54] DEBUG    51   5.12207770e+13 -3.42732045e+11  1.29e-01 3.82e-02  9.89e+04   688s
[2025-09-15 00:32:07] DEBUG    52   5.04074978e+13 -2.54054685e+11  1.16e-01 3.81e-02  8.25e+04   700s
[2025-09-15 00:32:20] DEBUG    53   4.95203622e+13 -1.96566915e+11  1.02e-01 3.80e-02  7.01e+04   714s
[2025-09-15 00:32:32] DEBUG    54   4.85811215e+13 -1.59448306e+11  8.98e-02 3.79e-02  6.00e+04   726s
[2025-09-15 00:32:45] DEBUG    55   4.78842358e+13 -1.40148891e+11  8.14e-02 3.79e-02  5.41e+04   738s
[2025-09-15 00:32:57] DEBUG    56   4.68549612e+13 -1.27149593e+11  7.02e-02 3.78e-02  4.65e+04   751s
[2025-09-15 00:33:11] DEBUG    57   4.61381103e+13 -1.14194576e+11  6.32e-02 3.78e-02  4.19e+04   764s
[2025-09-15 00:33:24] DEBUG    58   4.49859978e+13 -9.39001779e+10  5.31e-02 3.77e-02  3.44e+04   778s
[2025-09-15 00:33:38] DEBUG    59   4.44745013e+13 -8.12861042e+10  4.93e-02 3.76e-02  3.10e+04   791s
[2025-09-15 00:33:52] DEBUG    60   4.36618922e+13 -7.45940764e+10  4.64e-02 3.75e-02  2.89e+04   805s
[2025-09-15 00:34:15] DEBUG    61   4.28755977e+13 -7.12810025e+10  4.50e-02 3.75e-02  2.80e+04   828s
[2025-09-15 00:34:41] DEBUG    62   4.21849823e+13 -6.86667357e+10  4.42e-02 3.75e-02  2.76e+04   854s
[2025-09-15 00:35:01] DEBUG    63   4.15270158e+13 -6.54658357e+10  4.25e-02 3.74e-02  2.67e+04   874s
[2025-09-15 00:35:18] DEBUG    64   4.09052423e+13 -6.02610270e+10  4.03e-02 3.73e-02  2.54e+04   891s
[2025-09-15 00:35:32] DEBUG    65   4.05403179e+13 -5.48050265e+10  3.77e-02 3.71e-02  2.41e+04   905s
[2025-09-15 00:35:46] DEBUG    66   3.98883757e+13 -5.08935817e+10  3.36e-02 3.69e-02  2.15e+04   919s
[2025-09-15 00:36:00] DEBUG    67   3.95977497e+13 -4.61637918e+10  3.19e-02 3.66e-02  2.02e+04   933s
[2025-09-15 00:36:13] DEBUG    68   3.94010536e+13 -4.49543317e+10  3.08e-02 3.65e-02  1.94e+04   946s
[2025-09-15 00:36:27] DEBUG    69   3.90024005e+13 -3.99128905e+10  2.87e-02 3.60e-02  1.78e+04   961s
[2025-09-15 00:36:40] DEBUG    70   3.88221347e+13 -3.75566531e+10  2.77e-02 3.56e-02  1.72e+04   974s
[2025-09-15 00:36:54] DEBUG    71   3.83760023e+13 -3.20429759e+10  2.55e-02 3.49e-02  1.55e+04   987s
[2025-09-15 00:37:09] DEBUG    72   3.79462982e+13 -3.04718720e+10  2.35e-02 3.45e-02  1.43e+04  1002s
[2025-09-15 00:37:20] DEBUG    73   3.74940203e+13 -2.85982742e+10  2.16e-02 3.40e-02  1.31e+04  1013s
[2025-09-15 00:37:34] DEBUG    74   3.71839881e+13 -2.73996945e+10  2.04e-02 3.37e-02  1.24e+04  1027s
[2025-09-15 00:37:57] DEBUG    75   3.68362557e+13 -2.62798774e+10  1.97e-02 3.34e-02  1.19e+04  1050s
[2025-09-15 00:38:13] DEBUG    76   3.66327123e+13 -2.52439022e+10  1.94e-02 3.30e-02  1.17e+04  1066s
[2025-09-15 00:38:27] DEBUG    77   3.65205994e+13 -2.38720605e+10  1.89e-02 3.26e-02  1.14e+04  1080s
[2025-09-15 00:38:37] DEBUG    78   3.59434104e+13 -2.28285463e+10  1.69e-02 3.22e-02  1.02e+04  1090s
[2025-09-15 00:38:51] DEBUG    79   3.56341855e+13 -2.08646956e+10  1.59e-02 3.15e-02  9.40e+03  1105s
[2025-09-15 00:39:05] DEBUG    80   3.53310499e+13 -2.02120935e+10  1.49e-02 3.12e-02  8.85e+03  1118s
[2025-09-15 00:39:19] DEBUG    81   3.50481100e+13 -1.89597834e+10  1.41e-02 3.07e-02  8.29e+03  1132s
[2025-09-15 00:39:40] DEBUG    82   3.48901597e+13 -1.87424814e+10  1.39e-02 3.06e-02  8.16e+03  1153s
[2025-09-15 00:39:59] DEBUG    83   3.48398539e+13 -1.86938569e+10  1.38e-02 3.06e-02  8.13e+03  1172s
[2025-09-15 00:40:19] DEBUG    84   3.47657803e+13 -1.86417155e+10  1.38e-02 3.06e-02  8.09e+03  1192s
[2025-09-15 00:40:42] DEBUG    85   3.46727455e+13 -1.84278176e+10  1.37e-02 3.05e-02  1.00e+04  1215s
[2025-09-15 00:41:12] DEBUG    86   3.45330337e+13 -1.79526818e+10  1.36e-02 3.03e-02  1.06e+04  1245s
[2025-09-15 00:41:41] DEBUG    87   3.41139825e+13 -1.74941585e+10  1.30e-02 3.01e-02  1.04e+04  1275s
[2025-09-15 00:41:55] DEBUG    88   3.39021837e+13 -1.69007564e+10  1.24e-02 2.98e-02  1.00e+04  1289s
[2025-09-15 00:42:15] DEBUG    89   3.36357769e+13 -1.61438014e+10  1.17e-02 2.94e-02  9.40e+03  1308s
[2025-09-15 00:42:31] DEBUG    90   3.34414197e+13 -1.55172505e+10  1.12e-02 2.91e-02  8.95e+03  1324s
[2025-09-15 00:42:46] DEBUG    91   3.31203042e+13 -1.49355936e+10  1.04e-02 2.87e-02  8.33e+03  1339s
[2025-09-15 00:43:02] DEBUG    92   3.28922576e+13 -1.44024391e+10  9.91e-03 2.84e-02  7.88e+03  1355s
[2025-09-15 00:43:17] DEBUG    93   3.26643678e+13 -1.37353264e+10  9.41e-03 2.81e-02  7.41e+03  1370s
[2025-09-15 00:43:35] DEBUG    94   3.23546594e+13 -1.33839107e+10  9.09e-03 2.80e-02  7.15e+03  1388s
[2025-09-15 00:43:54] DEBUG    95   3.20826079e+13 -1.29995081e+10  8.81e-03 2.79e-02  6.93e+03  1407s
[2025-09-15 00:44:09] DEBUG    96   3.18031831e+13 -1.25716753e+10  8.26e-03 2.78e-02  6.49e+03  1422s
[2025-09-15 00:44:22] DEBUG    97   3.15911080e+13 -1.24403413e+10  7.86e-03 2.77e-02  6.22e+03  1435s
[2025-09-15 00:44:37] DEBUG    98   3.14126313e+13 -1.18991467e+10  7.54e-03 2.76e-02  5.90e+03  1450s
[2025-09-15 00:44:52] DEBUG    99   3.12680618e+13 -1.17293746e+10  7.29e-03 2.75e-02  5.70e+03  1466s
[2025-09-15 00:45:14] DEBUG    100   3.10188492e+13 -1.13918753e+10  7.08e-03 2.71e-02  5.52e+03  1487s
[2025-09-15 00:45:38] DEBUG    101   3.08512468e+13 -1.11846088e+10  6.94e-03 2.66e-02  5.43e+03  1512s
[2025-09-15 00:45:58] DEBUG    102   3.06244561e+13 -1.08305325e+10  6.57e-03 2.64e-02  5.13e+03  1531s
[2025-09-15 00:46:09] DEBUG    103   3.05367029e+13 -1.05889295e+10  6.43e-03 2.63e-02  4.99e+03  1542s
[2025-09-15 00:46:24] DEBUG    104   3.02759233e+13 -1.02871646e+10  6.03e-03 2.61e-02  4.68e+03  1557s
[2025-09-15 00:46:41] DEBUG    105   3.01151574e+13 -1.00098063e+10  5.80e-03 2.59e-02  4.47e+03  1574s
[2025-09-15 00:46:55] DEBUG    106   2.99200170e+13 -9.60501865e+09  5.53e-03 2.57e-02  4.22e+03  1589s
[2025-09-15 00:47:06] DEBUG    107   2.97800324e+13 -9.52463482e+09  5.34e-03 2.56e-02  4.09e+03  1600s
[2025-09-15 00:47:17] DEBUG    108   2.97111852e+13 -9.48223686e+09  5.25e-03 2.56e-02  4.03e+03  1610s
[2025-09-15 00:47:30] DEBUG    109   2.94945994e+13 -9.28870790e+09  4.98e-03 2.55e-02  3.82e+03  1623s
[2025-09-15 00:47:47] DEBUG    110   2.93966158e+13 -9.07984855e+09  4.86e-03 2.54e-02  3.70e+03  1640s
[2025-09-15 00:48:02] DEBUG    111   2.92305081e+13 -8.86440166e+09  4.67e-03 2.52e-02  3.54e+03  1656s
[2025-09-15 00:48:11] DEBUG    112   2.91282241e+13 -8.75586661e+09  4.55e-03 2.52e-02  3.46e+03  1664s
[2025-09-15 00:48:23] DEBUG    113   2.89909460e+13 -8.52979330e+09  4.40e-03 2.51e-02  3.33e+03  1676s
[2025-09-15 00:48:35] DEBUG    114   2.88157106e+13 -8.36987430e+09  4.21e-03 2.50e-02  3.19e+03  1688s
[2025-09-15 00:48:51] DEBUG    115   2.86931119e+13 -8.17857456e+09  4.09e-03 2.49e-02  3.08e+03  1705s
[2025-09-15 00:49:07] DEBUG    116   2.85744603e+13 -7.95002301e+09  3.97e-03 2.48e-02  2.98e+03  1720s
[2025-09-15 00:49:21] DEBUG    117   2.84477699e+13 -7.73123076e+09  3.85e-03 2.47e-02  2.88e+03  1735s
[2025-09-15 00:49:34] DEBUG    118   2.82654377e+13 -7.50548255e+09  3.68e-03 2.46e-02  2.74e+03  1748s
[2025-09-15 00:49:51] DEBUG    119   2.81436033e+13 -7.41502383e+09  3.62e-03 2.46e-02  2.70e+03  1764s
[2025-09-15 00:50:15] DEBUG    120   2.80834681e+13 -7.33354522e+09  3.60e-03 2.46e-02  2.69e+03  1789s
[2025-09-15 00:50:33] DEBUG    121   2.80385117e+13 -7.31230040e+09  3.59e-03 2.46e-02  2.68e+03  1806s
[2025-09-15 00:50:53] DEBUG    122   2.80006849e+13 -7.25852359e+09  3.57e-03 2.46e-02  2.81e+03  1826s
[2025-09-15 00:51:21] DEBUG    123   2.78620003e+13 -7.14130596e+09  3.51e-03 2.45e-02  2.80e+03  1854s
[2025-09-15 00:51:48] DEBUG    124   2.77401568e+13 -6.93453294e+09  3.45e-03 2.45e-02  2.79e+03  1881s
[2025-09-15 00:52:09] DEBUG    125   2.76844234e+13 -6.81429093e+09  3.43e-03 2.44e-02  2.79e+03  1902s
[2025-09-15 00:52:29] DEBUG    126   2.75471187e+13 -6.72540413e+09  3.36e-03 2.44e-02  2.76e+03  1923s
[2025-09-15 00:52:45] DEBUG    127   2.75230637e+13 -6.69810327e+09  3.35e-03 2.44e-02  2.75e+03  1939s
[2025-09-15 00:53:02] DEBUG    128   2.74935958e+13 -6.67226600e+09  3.34e-03 2.44e-02  2.74e+03  1955s
[2025-09-15 00:53:20] DEBUG    129   2.74343447e+13 -6.63176510e+09  3.32e-03 2.44e-02  2.72e+03  1974s
[2025-09-15 00:53:44] DEBUG    130   2.73719604e+13 -6.57414350e+09  3.29e-03 2.44e-02  2.70e+03  1998s
[2025-09-15 00:54:20] DEBUG    131   2.73283447e+13 -6.55124287e+09  3.27e-03 2.43e-02  2.69e+03  2033s
[2025-09-15 00:54:41] DEBUG    132   2.72824122e+13 -6.48548810e+09  3.26e-03 2.43e-02  2.68e+03  2055s
[2025-09-15 00:55:01] DEBUG    133   2.72291717e+13 -6.44916021e+09  3.25e-03 2.43e-02  2.67e+03  2075s
[2025-09-15 00:55:27] DEBUG    134   2.71738814e+13 -6.41817619e+09  3.24e-03 2.43e-02  2.66e+03  2100s
[2025-09-15 00:55:27] DEBUG    Barrier performed 134 iterations in 2099.92 seconds (548.44 work units)
Numerical trouble encountered

Model may be infeasible or unbounded.  Consider using the
homogeneous algorithm (through parameter 'BarHomogeneous')
[2025-09-15 00:56:31] DEBUG    Waiting for other threads to finish...        2165s
[2025-09-15 00:57:36] DEBUG    Waiting for other threads to finish...        2229s
[2025-09-15 00:58:40] DEBUG    Waiting for other threads to finish...        2294s
[2025-09-15 00:59:45] DEBUG    Waiting for other threads to finish...        2358s
[2025-09-15 01:00:49] DEBUG    Waiting for other threads to finish...        2422s
[2025-09-15 01:01:54] DEBUG    Waiting for other threads to finish...        2487s
[2025-09-15 01:02:58] DEBUG    Waiting for other threads to finish...        2551s
[2025-09-15 01:04:03] DEBUG    Waiting for other threads to finish...        2616s
[2025-09-15 01:05:07] DEBUG    Waiting for other threads to finish...        2681s
[2025-09-15 01:06:12] DEBUG    Waiting for other threads to finish...        2745s
[2025-09-15 01:07:16] DEBUG    Waiting for other threads to finish...        2809s
[2025-09-15 01:08:21] DEBUG    Waiting for other threads to finish...        2874s
[2025-09-15 01:09:25] DEBUG    Waiting for other threads to finish...        2938s
[2025-09-15 01:10:30] DEBUG    Waiting for other threads to finish...        3003s
[2025-09-15 01:11:34] DEBUG    Waiting for other threads to finish...        3068s
[2025-09-15 01:12:39] DEBUG    Waiting for other threads to finish...        3132s
[2025-09-15 01:13:43] DEBUG    Waiting for other threads to finish...        3197s
[2025-09-15 01:14:01] DEBUG    Solved with dual simplex
[2025-09-15 01:14:15] DEBUG    Iteration    Objective       Primal Inf.    Dual Inf.      Time
 1667828    1.0746037e+10   0.000000e+00   0.000000e+00   3228s

Solved in 1667828 iterations and 3228.27 seconds (1904.75 work units)
[2025-09-15 01:14:15] DEBUG    Optimal objective  1.074603727e+10
✅ Scenario completato: new_trasmission_VRES_2030_BESS

🚀 Lancio scenario: new_trasmission_VRES_2030_PHES
[2025-09-15 01:22:54] INFO     Loading sets
[2025-09-15 01:22:54] INFO     Loading parameters
[2025-09-15 01:23:31] INFO     constraints are loaded in the following order: ['energy_balance', 'dispatch', 'costs', 'capacity', 'network', 'policy', 'conversion', 'group', 'conversion_plus', 'milp', 'export']
[2025-09-15 01:23:31] INFO     creating energy_balance constraints
[2025-09-15 01:28:45] INFO     creating dispatch constraints
[2025-09-15 01:33:05] INFO     creating costs constraints
[2025-09-15 01:45:25] INFO     creating capacity constraints
[2025-09-15 01:45:25] INFO     creating network constraints
[2025-09-15 01:45:25] INFO     creating policy constraints
[2025-09-15 01:45:25] INFO     creating conversion constraints
[2025-09-15 01:45:25] INFO     creating group constraints
[2025-09-15 01:45:25] INFO     creating conversion_plus constraints
[2025-09-15 01:45:25] INFO     creating milp constraints
[2025-09-15 01:45:25] INFO     creating export constraints
[2025-09-15 02:00:10] DEBUG    Set parameter WLSAccessID
Set parameter WLSSecret
Set parameter LicenseID to value 2680226
[2025-09-15 02:00:10] DEBUG    Academic license 2680226 - for non-commercial use only - registered to an___@mail.polimi.it
[2025-09-15 02:00:52] DEBUG    Read LP format model from file /tmp/tmp0t5bge7q.pyomo.lp
Reading time = 41.77 seconds
x20642038: 27553811 rows, 20642038 columns, 67727349 nonzeros
[2025-09-15 02:00:52] DEBUG    Set parameter NumericFocus to value 1
Gurobi Optimizer version 12.0.2 build v12.0.2rc0 (linux64 - "Debian GNU/Linux 11 (bullseye)")

CPU model: Intel(R) Xeon(R) Silver 4314 CPU @ 2.40GHz, instruction set [SSE2|AVX|AVX2|AVX512]
Thread count: 32 physical cores, 64 logical processors, using up to 32 threads

Non-default parameters:
NumericFocus  1
[2025-09-15 02:00:52] DEBUG    Academic license 2680226 - for non-commercial use only - registered to an___@mail.polimi.it
Optimize a model with 27553811 rows, 20642038 columns and 67727349 nonzeros
[2025-09-15 02:00:53] DEBUG    Model fingerprint: 0xd438e307
[2025-09-15 02:00:53] DEBUG    Coefficient statistics:
  Matrix range     [1e-07, 6e+02]
  Objective range  [1e+00, 1e+06]
  Bounds range     [0e+00, 0e+00]
  RHS range        [1e+00, 6e+09]
Warning: Model contains large rhs
[2025-09-15 02:00:58] DEBUG    Presolve removed 19412150 rows and 11060164 columns (presolve time = 5s)...
[2025-09-15 02:01:03] DEBUG    Presolve removed 19974602 rows and 13048267 columns (presolve time = 10s)...
[2025-09-15 02:01:08] DEBUG    Presolve removed 23086420 rows and 16160000 columns (presolve time = 15s)...
[2025-09-15 02:01:13] DEBUG    Presolve removed 23503298 rows and 16531300 columns (presolve time = 20s)...
[2025-09-15 02:01:45] DEBUG    Presolve removed 24041187 rows and 16785340 columns (presolve time = 52s)...
[2025-09-15 02:01:48] DEBUG    Presolve removed 24041187 rows and 16907980 columns (presolve time = 55s)...
[2025-09-15 02:01:51] DEBUG    Presolve removed 24181331 rows and 16907980 columns
[2025-09-15 02:02:29] DEBUG    Presolve time: 97.25s
Presolved: 3372480 rows, 3874202 columns, 14254078 nonzeros

Concurrent LP optimizer: primal simplex, dual simplex, and barrier
Showing barrier log only...
[2025-09-15 02:03:04] DEBUG    Elapsed ordering time = 33s
[2025-09-15 02:03:06] DEBUG    Elapsed ordering time = 35s
[2025-09-15 02:03:11] DEBUG    Elapsed ordering time = 40s
[2025-09-15 02:03:17] DEBUG    Ordering time: 45.63s
[2025-09-15 02:03:20] DEBUG    Barrier statistics:
 Dense cols : 171
 AA' NZ     : 1.495e+07
 Factor NZ  : 6.178e+07 (roughly 3.4 GB of memory)
 Factor Ops : 6.276e+09 (less than 1 second per iteration)
 Threads    : 30
[2025-09-15 02:03:25] DEBUG    Objective                Residual
[2025-09-15 02:03:25] DEBUG    Iter       Primal          Dual         Primal    Dual     Compl     Time
[2025-09-15 02:03:26] DEBUG    0   2.31581923e+21 -6.78155767e+18  6.88e+10 2.89e-11  3.47e+15   154s
[2025-09-15 02:03:33] DEBUG    1   2.11946215e+21 -6.99550845e+18  6.28e+10 1.74e+05  2.72e+15   161s
[2025-09-15 02:03:42] DEBUG    2   1.97193540e+21 -2.05678000e+19  5.88e+10 1.44e+05  2.50e+15   170s
[2025-09-15 02:03:52] DEBUG    3   1.69686829e+21 -6.97335425e+19  5.13e+10 5.91e+04  1.96e+15   180s
[2025-09-15 02:03:58] DEBUG    4   1.07495700e+21 -8.34251589e+19  3.22e+10 2.58e+04  1.18e+15   186s
[2025-09-15 02:04:08] DEBUG    5   7.25861956e+20 -8.34094215e+19  2.18e+10 7.99e+03  7.57e+14   197s
[2025-09-15 02:04:17] DEBUG    6   5.58193414e+20 -7.70018475e+19  1.69e+10 4.39e+03  5.77e+14   205s
[2025-09-15 02:04:23] DEBUG    7   4.84546927e+20 -7.42286140e+19  1.46e+10 3.26e+03  5.01e+14   212s
[2025-09-15 02:04:30] DEBUG    8   4.56941007e+20 -7.23469635e+19  1.38e+10 2.95e+03  4.70e+14   218s
[2025-09-15 02:04:36] DEBUG    9   3.94978719e+20 -6.66592707e+19  1.19e+10 2.06e+03  4.02e+14   225s
[2025-09-15 02:04:44] DEBUG    10   2.32707192e+20 -5.87544941e+19  7.12e+09 1.18e+03  2.43e+14   233s
[2025-09-15 02:04:54] DEBUG    11   7.04662072e+19 -4.25364380e+19  1.97e+09 4.15e+02  7.13e+13   243s
[2025-09-15 02:05:04] DEBUG    12   2.41350038e+19 -2.87536295e+19  6.26e+08 1.61e+02  2.46e+13   252s
[2025-09-15 02:05:14] DEBUG    13   6.18866599e+18 -1.51504445e+19  1.53e+08 5.28e+01  6.88e+12   262s
[2025-09-15 02:05:22] DEBUG    14   1.06689434e+18 -5.00623633e+18  2.60e+07 8.62e+00  1.39e+12   270s
[2025-09-15 02:05:28] DEBUG    15   2.04370556e+17 -7.30535360e+17  5.07e+06 4.13e-01  2.05e+11   276s
[2025-09-15 02:05:34] DEBUG    16   1.91258784e+15 -1.63679674e+17  3.93e+04 2.66e-02  1.94e+10   282s
[2025-09-15 02:05:40] DEBUG    17   1.20979101e+14 -2.98870921e+15  1.16e+01 3.91e-04  3.45e+08   288s
[2025-09-15 02:05:46] DEBUG    18   1.03050080e+14 -2.11112760e+14  9.29e-03 8.65e-03  2.88e+07   295s
[2025-09-15 02:06:01] DEBUG    19   7.61058242e+13 -1.66994000e+14  4.03e-03 7.38e-03  2.26e+07   309s
[2025-09-15 02:06:22] DEBUG    20   7.39785357e+13 -1.42373519e+14  3.82e-03 6.89e-03  1.95e+07   331s
[2025-09-15 02:06:45] DEBUG    21   6.17003112e+13 -7.05563517e+13  2.35e-03 9.67e-03  1.03e+07   354s
[2025-09-15 02:07:07] DEBUG    22   5.25925809e+13 -4.19755369e+13  1.63e-03 9.36e-03  6.41e+06   375s
[2025-09-15 02:07:29] DEBUG    23   5.18447201e+13 -3.10247090e+13  1.58e-03 1.01e-02  5.04e+06   397s
[2025-09-15 02:08:04] DEBUG    24   5.10186914e+13 -2.88045711e+13  1.53e-03 1.03e-02  4.72e+06   432s
[2025-09-15 02:08:24] DEBUG    25   5.05931696e+13 -2.46494201e+13  1.50e-03 1.07e-02  4.20e+06   453s
[2025-09-15 02:08:49] DEBUG    26   5.02167995e+13 -2.05175604e+13  1.48e-03 1.10e-02  3.67e+06   477s
[2025-09-15 02:09:17] DEBUG    27   4.78907059e+13 -2.02370996e+13  1.33e-03 1.10e-02  3.54e+06   505s
[2025-09-15 02:09:40] DEBUG    28   4.69065517e+13 -1.71642477e+13  1.28e-03 1.10e-02  3.12e+06   528s
[2025-09-15 02:10:03] DEBUG    29   4.63820754e+13 -1.38022177e+13  1.25e-03 1.08e-02  2.69e+06   551s
[2025-09-15 02:10:28] DEBUG    30   4.56608982e+13 -1.29077541e+13  1.20e-03 1.08e-02  2.55e+06   576s
[2025-09-15 02:10:52] DEBUG    31   4.55192129e+13 -1.24960062e+13  1.20e-03 1.07e-02  2.49e+06   600s
[2025-09-15 02:11:16] DEBUG    32   4.46274116e+13 -9.33213472e+12  1.14e-03 1.03e-02  2.07e+06   624s
[2025-09-15 02:11:48] DEBUG    33   4.39102694e+13 -9.10674621e+12  1.10e-03 1.03e-02  2.01e+06   657s
[2025-09-15 02:12:16] DEBUG    34   4.27995298e+13 -7.30467741e+12  1.05e-03 1.02e-02  1.74e+06   684s
[2025-09-15 02:12:36] DEBUG    35   4.24337460e+13 -6.68133199e+12  1.03e-03 9.97e-03  1.65e+06   705s
[2025-09-15 02:13:09] DEBUG    36   4.21930787e+13 -6.55959265e+12  1.02e-03 9.94e-03  1.63e+06   737s
[2025-09-15 02:13:37] DEBUG    37   4.18018350e+13 -6.39751659e+12  9.98e-04 9.93e-03  1.59e+06   766s
[2025-09-15 02:14:10] DEBUG    38   4.14888519e+13 -4.97003277e+12  9.83e-04 9.73e-03  1.40e+06   798s
[2025-09-15 02:14:41] DEBUG    39   4.05218611e+13 -4.54103700e+12  9.35e-04 9.57e-03  1.31e+06   829s
[2025-09-15 02:15:12] DEBUG    40   3.99216122e+13 -3.63482622e+12  9.09e-04 9.47e-03  1.17e+06   861s
[2025-09-15 02:15:31] DEBUG    41   3.82431317e+13 -3.02366243e+12  8.30e-04 9.15e-03  1.03e+06   880s
[2025-09-15 02:16:01] DEBUG    42   3.77940630e+13 -2.81095220e+12  8.10e-04 8.96e-03  9.88e+05   910s
[2025-09-15 02:16:27] DEBUG    43   3.59206322e+13 -2.36769937e+12  7.29e-04 8.82e-03  8.62e+05   936s
[2025-09-15 02:16:54] DEBUG    44   3.51045776e+13 -2.00710497e+12  6.96e-04 8.17e-03  7.90e+05   962s
[2025-09-15 02:17:21] DEBUG    45   3.31117897e+13 -1.77168287e+12  6.15e-04 7.87e-03  6.93e+05   989s
[2025-09-15 02:17:50] DEBUG    46   3.17430113e+13 -1.12829167e+12  5.60e-04 7.15e-03  5.83e+05  1018s
[2025-09-15 02:18:18] DEBUG    47   3.03181832e+13 -8.41888940e+11  5.04e-04 5.87e-03  5.10e+05  1046s
[2025-09-15 02:18:45] DEBUG    48   2.98979079e+13 -7.28759062e+11  4.88e-04 5.14e-03  4.88e+05  1073s
[2025-09-15 02:19:08] DEBUG    49   2.96711937e+13 -6.58158072e+11  4.79e-04 4.60e-03  4.78e+05  1096s
[2025-09-15 02:19:33] DEBUG    50   2.78161419e+13 -5.16053321e+11  4.02e-04 4.53e-03  3.94e+05  1121s
[2025-09-15 02:19:57] DEBUG    51   2.68057913e+13 -4.20200005e+11  3.66e-04 4.40e-03  3.51e+05  1145s
[2025-09-15 02:20:26] DEBUG    52   2.45800563e+13 -2.71572703e+11  2.83e-04 3.28e-03  2.66e+05  1175s
[2025-09-15 02:20:52] DEBUG    53   2.33373429e+13 -2.19898328e+11  2.42e-04 2.64e-03  2.26e+05  1200s
[2025-09-15 02:21:12] DEBUG    54   2.30709788e+13 -2.12881697e+11  2.31e-04 2.56e-03  2.18e+05  1221s
[2025-09-15 02:21:37] DEBUG    55   2.29409601e+13 -2.02918613e+11  2.27e-04 2.46e-03  2.14e+05  1246s
[2025-09-15 02:22:02] DEBUG    56   2.27430060e+13 -1.64950822e+11  2.21e-04 2.21e-03  2.07e+05  1271s
[2025-09-15 02:22:23] DEBUG    57   2.26735377e+13 -1.46259799e+11  2.19e-04 1.99e-03  2.05e+05  1292s
[2025-09-15 02:22:50] DEBUG    58   2.20918451e+13 -1.33313905e+11  1.99e-04 1.93e-03  1.85e+05  1318s
[2025-09-15 02:23:27] DEBUG    59   2.12660211e+13 -1.08368391e+11  1.75e-04 1.83e-03  1.62e+05  1355s
[2025-09-15 02:23:48] DEBUG    60   2.10119230e+13 -8.93998917e+10  1.63e-04 2.17e-03  1.51e+05  1376s
[2025-09-15 02:24:10] DEBUG    61   2.03086537e+13 -8.34582979e+10  1.40e-04 2.29e-03  1.21e+05  1398s
[2025-09-15 02:24:23] DEBUG    62   2.02306355e+13 -6.60788958e+10  1.29e-04 2.78e-03  1.16e+05  1412s
[2025-09-15 02:24:40] DEBUG    63   1.98471386e+13 -5.74844598e+10  1.12e-04 3.03e-03  9.79e+04  1428s
[2025-09-15 02:24:52] DEBUG    64   1.95686256e+13 -5.24255879e+10  1.15e-04 3.08e-03  8.61e+04  1440s
[2025-09-15 02:25:08] DEBUG    65   1.92686353e+13 -4.40614551e+10  8.71e-05 3.78e-03  7.35e+04  1457s
[2025-09-15 02:25:23] DEBUG    66   1.91216289e+13 -3.73864119e+10  9.00e-05 3.72e-03  6.72e+04  1471s
[2025-09-15 02:25:33] DEBUG    67   1.90340549e+13 -3.46939449e+10  9.29e-05 3.74e-03  6.43e+04  1482s
[2025-09-15 02:25:48] DEBUG    68   1.88303006e+13 -3.01998714e+10  7.24e-05 3.90e-03  5.74e+04  1496s
[2025-09-15 02:26:03] DEBUG    69   1.85876314e+13 -2.77859289e+10  6.57e-05 3.90e-03  5.04e+04  1511s
[2025-09-15 02:26:20] DEBUG    70   1.84325999e+13 -2.01545025e+10  6.53e-05 4.09e-03  4.52e+04  1528s
[2025-09-15 02:26:35] DEBUG    71   1.81548134e+13 -1.26569849e+10  6.26e-05 5.25e-03  3.73e+04  1543s
[2025-09-15 02:26:51] DEBUG    72   1.79836175e+13 -1.05980317e+10  6.39e-05 5.72e-03  3.36e+04  1559s
[2025-09-15 02:27:06] DEBUG    73   1.78692436e+13 -7.98029099e+09  5.01e-05 7.01e-03  3.11e+04  1575s
[2025-09-15 02:27:22] DEBUG    74   1.76288610e+13 -5.50984830e+09  5.01e-05 1.12e-02  2.61e+04  1590s
[2025-09-15 02:27:41] DEBUG    75   1.75896211e+13 -4.71942077e+09  5.34e-05 1.19e-02  2.56e+04  1609s
[2025-09-15 02:28:00] DEBUG    76   1.75056770e+13 -4.45175011e+09  5.62e-05 1.20e-02  2.48e+04  1628s
[2025-09-15 02:28:24] DEBUG    77   1.74812983e+13 -4.09471528e+09  4.95e-05 1.21e-02  2.45e+04  1653s
[2025-09-15 02:28:46] DEBUG    78   1.74370302e+13 -3.79861577e+09  4.45e-05 1.22e-02  2.40e+04  1674s
[2025-09-15 02:29:08] DEBUG    79   1.74346548e+13 -3.54020799e+09  5.23e-05 1.23e-02  2.40e+04  1697s
[2025-09-15 02:29:35] DEBUG    80   1.74262367e+13 -3.22581834e+09  5.54e-05 1.23e-02  2.39e+04  1723s
[2025-09-15 02:30:09] DEBUG    81   1.74165212e+13 -3.08962873e+09  5.28e-05 1.23e-02  2.71e+04  1758s
[2025-09-15 02:30:32] DEBUG    82   1.73515948e+13 -2.86951275e+09  4.70e-05 1.22e-02  2.72e+04  1780s
[2025-09-15 02:31:03] DEBUG    83   1.72481924e+13 -2.75610587e+09  4.62e-05 1.21e-02  2.65e+04  1811s
[2025-09-15 02:31:30] DEBUG    84   1.71565490e+13 -2.38346811e+09  4.82e-05 1.20e-02  2.58e+04  1838s
[2025-09-15 02:32:00] DEBUG    85   1.71414099e+13 -2.01164691e+09  5.08e-05 1.18e-02  2.56e+04  1868s
[2025-09-15 02:32:36] DEBUG    86   1.71157188e+13 -1.76831092e+09  5.28e-05 1.15e-02  2.55e+04  1904s
[2025-09-15 02:33:11] DEBUG    87   1.68787176e+13 -1.34609972e+09  4.79e-05 1.10e-02  2.36e+04  1939s
[2025-09-15 02:33:37] DEBUG    88   1.68286891e+13 -1.00560492e+09  4.97e-05 1.07e-02  2.30e+04  1966s
[2025-09-15 02:33:57] DEBUG    89   1.67583114e+13 -3.60591324e+08  5.51e-05 9.98e-03  2.17e+04  1985s
[2025-09-15 02:34:18] DEBUG    90   1.67285483e+13 -2.40703722e+08  4.39e-05 9.85e-03  2.13e+04  2006s
[2025-09-15 02:34:35] DEBUG    91   1.65873526e+13  2.33887940e+08  3.69e-05 9.47e-03  1.93e+04  2023s
[2025-09-15 02:34:50] DEBUG    92   1.64475766e+13  6.17863178e+08  3.55e-05 9.35e-03  1.75e+04  2038s
[2025-09-15 02:35:06] DEBUG    93   1.63510028e+13  8.63043306e+08  3.67e-05 9.31e-03  1.65e+04  2054s
[2025-09-15 02:35:23] DEBUG    94   1.62620291e+13  1.83994548e+09  4.11e-05 9.09e-03  1.51e+04  2071s
[2025-09-15 02:35:36] DEBUG    95   1.61432692e+13  2.60185828e+09  5.04e-05 8.77e-03  1.36e+04  2084s
[2025-09-15 02:35:52] DEBUG    96   1.60076608e+13  3.14316063e+09  3.25e-05 8.64e-03  1.23e+04  2100s
[2025-09-15 02:36:05] DEBUG    97   1.59624709e+13  3.49230310e+09  3.89e-05 8.98e-03  1.18e+04  2113s
[2025-09-15 02:36:22] DEBUG    98   1.58039866e+13  3.94603593e+09  3.97e-05 9.23e-03  1.09e+04  2130s
[2025-09-15 02:36:57] DEBUG    99   1.56215939e+13  4.38202406e+09  3.61e-05 9.47e-03  1.01e+04  2165s
[2025-09-15 02:37:21] DEBUG    100   1.55685327e+13  4.73804103e+09  3.71e-05 9.70e-03  9.62e+03  2190s
[2025-09-15 02:37:43] DEBUG    101   1.54696154e+13  5.22862353e+09  3.27e-05 9.91e-03  8.76e+03  2212s
[2025-09-15 02:37:57] DEBUG    102   1.53645177e+13  5.67229593e+09  3.69e-05 1.02e-02  7.34e+03  2226s
[2025-09-15 02:38:10] DEBUG    103   1.53129891e+13  5.91492644e+09  3.30e-05 1.04e-02  6.76e+03  2238s
[2025-09-15 02:38:23] DEBUG    104   1.52632904e+13  6.22451356e+09  2.86e-05 1.06e-02  6.15e+03  2251s
[2025-09-15 02:38:36] DEBUG    105   1.52284640e+13  6.25661305e+09  3.19e-05 1.06e-02  5.87e+03  2264s
[2025-09-15 02:38:48] DEBUG    106   1.51821767e+13  6.78017928e+09  2.17e-05 1.09e-02  5.23e+03  2277s
[2025-09-15 02:39:02] DEBUG    107   1.51194404e+13  6.93667237e+09  3.18e-05 1.11e-02  4.73e+03  2290s
[2025-09-15 02:39:18] DEBUG    108   1.50837485e+13  7.04448489e+09  2.61e-05 1.11e-02  4.46e+03  2306s
[2025-09-15 02:39:32] DEBUG    109   1.50593201e+13  7.22729048e+09  3.16e-05 1.12e-02  4.22e+03  2320s
[2025-09-15 02:39:43] DEBUG    110   1.50438888e+13  7.27203669e+09  2.70e-05 1.12e-02  4.11e+03  2332s
[2025-09-15 02:39:57] DEBUG    111   1.49852647e+13  7.36021284e+09  2.85e-05 1.12e-02  3.75e+03  2345s
[2025-09-15 02:40:10] DEBUG    112   1.49604828e+13  7.45003865e+09  2.96e-05 1.13e-02  3.58e+03  2359s
[2025-09-15 02:40:21] DEBUG    113   1.49414973e+13  7.48718872e+09  2.59e-05 1.13e-02  3.47e+03  2369s
[2025-09-15 02:40:34] DEBUG    114   1.48902565e+13  7.55288252e+09  2.85e-05 1.13e-02  3.21e+03  2382s
[2025-09-15 02:40:47] DEBUG    115   1.48650239e+13  7.64596941e+09  2.88e-05 1.14e-02  3.05e+03  2396s
[2025-09-15 02:41:01] DEBUG    116   1.48370150e+13  7.74007339e+09  2.54e-05 1.14e-02  2.89e+03  2410s
[2025-09-15 02:41:14] DEBUG    117   1.48210372e+13  7.79482484e+09  2.48e-05 1.14e-02  2.80e+03  2423s
[2025-09-15 02:41:27] DEBUG    118   1.48001240e+13  7.87248808e+09  2.41e-05 1.14e-02  2.68e+03  2435s
[2025-09-15 02:41:36] DEBUG    119   1.47866953e+13  7.91263039e+09  2.83e-05 1.15e-02  2.61e+03  2444s
[2025-09-15 02:41:48] DEBUG    120   1.47558240e+13  8.00951873e+09  2.58e-05 1.15e-02  2.44e+03  2456s
[2025-09-15 02:42:01] DEBUG    121   1.47102464e+13  8.06820181e+09  2.98e-05 1.15e-02  2.26e+03  2470s
[2025-09-15 02:42:17] DEBUG    122   1.47066600e+13  8.10182974e+09  2.67e-05 1.15e-02  2.22e+03  2486s
[2025-09-15 02:42:28] DEBUG    123   1.46402346e+13  8.13948687e+09  2.58e-05 1.16e-02  2.00e+03  2497s
[2025-09-15 02:42:42] DEBUG    124   1.45991920e+13  8.18220799e+09  2.66e-05 1.16e-02  1.87e+03  2511s
[2025-09-15 02:42:56] DEBUG    125   1.45584939e+13  8.21346419e+09  3.14e-05 1.16e-02  1.74e+03  2524s
[2025-09-15 02:43:07] DEBUG    126   1.45343147e+13  8.24346982e+09  2.71e-05 1.16e-02  1.67e+03  2535s
[2025-09-15 02:43:20] DEBUG    127   1.44963195e+13  8.26483520e+09  2.83e-05 1.16e-02  1.56e+03  2549s
[2025-09-15 02:43:33] DEBUG    128   1.44675388e+13  8.29387673e+09  2.61e-05 1.17e-02  1.48e+03  2561s
[2025-09-15 02:43:46] DEBUG    129   1.44435428e+13  8.30658579e+09  3.11e-05 1.17e-02  1.42e+03  2574s
[2025-09-15 02:44:02] DEBUG    130   1.44068932e+13  8.34480716e+09  2.80e-05 1.17e-02  1.33e+03  2590s
[2025-09-15 02:44:16] DEBUG    131   1.43751017e+13  8.36894947e+09  3.25e-05 1.17e-02  1.25e+03  2604s
[2025-09-15 02:44:30] DEBUG    132   1.43593278e+13  8.39070285e+09  3.84e-05 1.17e-02  1.20e+03  2618s
[2025-09-15 02:44:44] DEBUG    133   1.43419975e+13  8.41351960e+09  2.72e-05 1.17e-02  1.16e+03  2632s
[2025-09-15 02:44:57] DEBUG    134   1.43271035e+13  8.42180444e+09  2.57e-05 1.17e-02  1.12e+03  2645s
[2025-09-15 02:45:09] DEBUG    135   1.43157560e+13  8.43316649e+09  2.37e-05 1.17e-02  1.10e+03  2657s
[2025-09-15 02:45:27] DEBUG    136   1.42861380e+13  8.43680692e+09  2.85e-05 1.18e-02  1.04e+03  2675s
[2025-09-15 02:45:41] DEBUG    137   1.42652310e+13  8.44503458e+09  4.11e-05 1.18e-02  1.00e+03  2689s
[2025-09-15 02:45:55] DEBUG    138   1.42571986e+13  8.45007388e+09  5.09e-05 1.18e-02  9.88e+02  2703s
[2025-09-15 02:46:09] DEBUG    139   1.42291101e+13  8.45750985e+09  1.19e-04 1.18e-02  9.33e+02  2718s
[2025-09-15 02:46:24] DEBUG    140   1.42115720e+13  8.45908052e+09  1.39e-04 1.18e-02  8.99e+02  2732s
[2025-09-15 02:46:37] DEBUG    141   1.41950477e+13  8.45873391e+09  1.38e-04 1.18e-02  8.67e+02  2746s
[2025-09-15 02:47:04] DEBUG    142   1.41949552e+13  8.45876311e+09  1.37e-04 1.18e-02  8.67e+02  2772s
[2025-09-15 02:47:23] DEBUG    143   1.41936381e+13  8.45938569e+09  1.39e-04 1.18e-02  8.66e+02  2791s
[2025-09-15 02:47:50] DEBUG    144   1.41919724e+13  8.45436272e+09  1.38e-04 1.18e-02  8.66e+02  2818s
[2025-09-15 02:48:23] DEBUG    145   1.41906700e+13  8.45772530e+09  1.38e-04 1.18e-02  8.64e+02  2851s
[2025-09-15 02:48:53] DEBUG    146   1.41900839e+13  8.45781993e+09  1.38e-04 1.18e-02  8.63e+02  2881s
[2025-09-15 02:49:22] DEBUG    147   1.41276465e+13  8.47566378e+09  1.44e-04 1.18e-02  8.18e+02  2911s
[2025-09-15 02:49:59] DEBUG    148   1.41197762e+13  8.47400632e+09  1.50e-04 1.18e-02  8.04e+02  2947s
[2025-09-15 02:50:20] DEBUG    149   1.41100904e+13  8.47327393e+09  1.57e-04 1.18e-02  7.89e+02  2968s
[2025-09-15 02:50:36] DEBUG    150   1.41004472e+13  8.47123224e+09  1.54e-04 1.18e-02  7.73e+02  2984s
[2025-09-15 02:50:52] DEBUG    151   1.40674289e+13  8.46998872e+09  1.72e-04 1.18e-02  7.34e+02  3000s
[2025-09-15 02:51:05] DEBUG    152   1.40480112e+13  8.46737461e+09  1.76e-04 1.18e-02  7.04e+02  3013s
[2025-09-15 02:51:14] DEBUG    153   1.40421562e+13  8.46607535e+09  1.76e-04 1.18e-02  6.95e+02  3022s
[2025-09-15 02:51:27] DEBUG    154   1.40191725e+13  8.45581997e+09  1.64e-04 1.18e-02  6.66e+02  3036s
[2025-09-15 02:51:42] DEBUG    155   1.39973479e+13  8.44575763e+09  1.60e-04 1.19e-02  6.39e+02  3050s
[2025-09-15 02:51:57] DEBUG    156   1.39807151e+13  8.43998564e+09  1.55e-04 1.19e-02  6.20e+02  3065s
[2025-09-15 02:52:15] DEBUG    157   1.39673319e+13  8.43463848e+09  1.51e-04 1.19e-02  6.05e+02  3084s
[2025-09-15 02:52:31] DEBUG    158   1.39583245e+13  8.43280016e+09  1.49e-04 1.19e-02  5.95e+02  3100s
[2025-09-15 02:52:51] DEBUG    159   1.39517647e+13  8.42814362e+09  1.49e-04 1.19e-02  5.87e+02  3119s
[2025-09-15 02:53:03] DEBUG    160   1.39415464e+13  8.42589695e+09  1.47e-04 1.19e-02  5.76e+02  3131s
[2025-09-15 02:53:18] DEBUG    161   1.39253531e+13  8.42245414e+09  1.47e-04 1.19e-02  5.60e+02  3147s
[2025-09-15 02:53:36] DEBUG    162   1.39125445e+13  8.41159137e+09  1.44e-04 1.19e-02  5.45e+02  3164s
[2025-09-15 02:53:49] DEBUG    163   1.38940315e+13  8.40430571e+09  1.42e-04 1.19e-02  5.27e+02  3178s
[2025-09-15 02:54:01] DEBUG    164   1.38720150e+13  8.38545117e+09  1.35e-04 1.19e-02  5.04e+02  3190s
[2025-09-15 02:54:13] DEBUG    165   1.38562815e+13  8.38068890e+09  1.31e-04 1.19e-02  4.91e+02  3201s
[2025-09-15 02:54:33] DEBUG    166   1.38486971e+13  8.37428255e+09  1.29e-04 1.20e-02  4.81e+02  3221s
[2025-09-15 02:54:53] DEBUG    167   1.38340220e+13  8.36497688e+09  1.24e-04 1.25e-02  4.64e+02  3242s
[2025-09-15 02:55:07] DEBUG    168   1.38018058e+13  8.34543355e+09  1.16e-04 1.26e-02  4.41e+02  3255s
[2025-09-15 02:55:25] DEBUG    169   1.37855451e+13  8.33054926e+09  1.12e-04 1.28e-02  4.28e+02  3273s
[2025-09-15 02:55:41] DEBUG    170   1.37588895e+13  8.31441299e+09  1.08e-04 1.30e-02  4.08e+02  3290s
[2025-09-15 02:55:55] DEBUG    171   1.37431571e+13  8.30103971e+09  1.04e-04 1.30e-02  3.96e+02  3303s
[2025-09-15 02:56:10] DEBUG    172   1.37251079e+13  8.28138767e+09  1.23e-04 1.28e-02  3.82e+02  3318s
[2025-09-15 02:56:22] DEBUG    173   1.37124725e+13  8.26376099e+09  1.24e-04 1.25e-02  3.71e+02  3330s
[2025-09-15 02:56:37] DEBUG    174   1.36967226e+13  8.24569308e+09  1.36e-04 1.22e-02  3.59e+02  3345s
[2025-09-15 02:56:51] DEBUG    175   1.36870166e+13  8.23709238e+09  1.28e-04 1.20e-02  3.53e+02  3359s
[2025-09-15 02:57:04] DEBUG    176   1.36807212e+13  8.22760197e+09  1.38e-04 1.19e-02  3.48e+02  3372s
[2025-09-15 02:57:13] DEBUG    177   1.36690948e+13  8.22433664e+09  1.51e-04 1.19e-02  3.41e+02  3382s
[2025-09-15 02:57:27] DEBUG    178   1.36657867e+13  8.22201725e+09  1.58e-04 1.19e-02  3.39e+02  3395s
[2025-09-15 02:57:43] DEBUG    179   1.36621605e+13  8.21899872e+09  1.61e-04 1.19e-02  3.37e+02  3411s
[2025-09-15 02:57:53] DEBUG    180   1.36611152e+13  8.21493462e+09  1.62e-04 1.19e-02  3.36e+02  3421s
[2025-09-15 02:58:04] DEBUG    181   1.36552656e+13  8.21125673e+09  1.65e-04 1.19e-02  3.33e+02  3433s
[2025-09-15 02:58:15] DEBUG    182   1.36421178e+13  8.19885835e+09  1.76e-04 1.19e-02  3.24e+02  3444s
[2025-09-15 02:58:29] DEBUG    183   1.36295031e+13  8.18938317e+09  1.87e-04 1.19e-02  3.16e+02  3458s
[2025-09-15 02:58:43] DEBUG    184   1.36175959e+13  8.17675406e+09  2.02e-04 1.19e-02  3.09e+02  3471s
[2025-09-15 02:58:56] DEBUG    185   1.36002854e+13  8.16340393e+09  2.31e-04 1.19e-02  2.98e+02  3485s
[2025-09-15 02:59:09] DEBUG    186   1.35801018e+13  8.15269465e+09  1.93e-04 1.19e-02  2.87e+02  3497s
[2025-09-15 02:59:21] DEBUG    187   1.35664383e+13  8.14131240e+09  1.92e-04 1.19e-02  2.79e+02  3509s
[2025-09-15 02:59:34] DEBUG    188   1.35514608e+13  8.13073882e+09  1.86e-04 1.19e-02  2.71e+02  3522s
[2025-09-15 02:59:47] DEBUG    189   1.35362273e+13  8.11870169e+09  1.94e-04 1.19e-02  2.62e+02  3536s
[2025-09-15 02:59:59] DEBUG    190   1.35203113e+13  8.11142015e+09  1.96e-04 1.19e-02  2.55e+02  3548s
[2025-09-15 03:00:10] DEBUG    191   1.35098683e+13  8.10755810e+09  1.96e-04 1.19e-02  2.50e+02  3558s
[2025-09-15 03:00:24] DEBUG    192   1.34956390e+13  8.09148847e+09  1.86e-04 1.19e-02  2.43e+02  3572s
[2025-09-15 03:00:38] DEBUG    193   1.34793667e+13  8.08350605e+09  1.83e-04 1.18e-02  2.36e+02  3586s
[2025-09-15 03:00:47] DEBUG    194   1.34656947e+13  8.07888214e+09  1.75e-04 1.18e-02  2.30e+02  3596s
[2025-09-15 03:01:03] DEBUG    195   1.34560829e+13  8.07163000e+09  1.68e-04 1.17e-02  2.25e+02  3612s
[2025-09-15 03:01:15] DEBUG    196   1.34426609e+13  8.06508270e+09  1.73e-04 1.17e-02  2.20e+02  3624s
[2025-09-15 03:01:32] DEBUG    197   1.34403127e+13  8.06423063e+09  1.72e-04 1.16e-02  2.19e+02  3640s
[2025-09-15 03:01:54] DEBUG    198   1.34402683e+13  8.06418460e+09  1.72e-04 1.16e-02  2.19e+02  3662s
[2025-09-15 03:02:16] DEBUG    199   1.34381835e+13  8.06349756e+09  1.69e-04 1.16e-02  2.18e+02  3685s
[2025-09-15 03:02:29] DEBUG    200   1.34281311e+13  8.06065183e+09  1.56e-04 1.15e-02  2.14e+02  3698s
[2025-09-15 03:02:44] DEBUG    201   1.34251551e+13  8.06054239e+09  1.57e-04 1.15e-02  2.13e+02  3713s
[2025-09-15 03:03:03] DEBUG    202   1.34139526e+13  8.05991506e+09  1.60e-04 1.15e-02  2.10e+02  3731s
[2025-09-15 03:03:14] DEBUG    203   1.34117892e+13  8.05813131e+09  1.60e-04 1.14e-02  2.09e+02  3742s
[2025-09-15 03:03:33] DEBUG    204   1.34096648e+13  8.05773982e+09  1.60e-04 1.14e-02  2.08e+02  3761s
[2025-09-15 03:03:33] DEBUG    Barrier performed 204 iterations in 3761.32 seconds (868.44 work units)
Numerical trouble encountered

Model may be infeasible or unbounded.  Consider using the
homogeneous algorithm (through parameter 'BarHomogeneous')
[2025-09-15 03:04:38] DEBUG    Waiting for other threads to finish...        3826s
[2025-09-15 03:05:42] DEBUG    Waiting for other threads to finish...        3891s
[2025-09-15 03:06:47] DEBUG    Waiting for other threads to finish...        3955s
[2025-09-15 03:07:51] DEBUG    Waiting for other threads to finish...        4020s
[2025-09-15 03:08:56] DEBUG    Waiting for other threads to finish...        4084s
[2025-09-15 03:10:00] DEBUG    Waiting for other threads to finish...        4149s
[2025-09-15 03:11:05] DEBUG    Waiting for other threads to finish...        4213s
[2025-09-15 03:12:09] DEBUG    Waiting for other threads to finish...        4278s
[2025-09-15 03:13:14] DEBUG    Waiting for other threads to finish...        4342s
[2025-09-15 03:13:43] DEBUG    Solved with dual simplex
[2025-09-15 03:13:56] DEBUG    Iteration    Objective       Primal Inf.    Dual Inf.      Time
[2025-09-15 03:13:56] DEBUG    1643431    1.0752102e+10   0.000000e+00   0.000000e+00   4385s

Solved in 1643431 iterations and 4384.54 seconds (2040.38 work units)
[2025-09-15 03:13:56] DEBUG    Optimal objective  1.075210193e+10
✅ Scenario completato: new_trasmission_VRES_2030_PHES

🚀 Lancio scenario: new_trasmission_VRES_2030_nostorage
[2025-09-15 03:25:46] INFO     Loading sets
[2025-09-15 03:25:46] INFO     Loading parameters
[2025-09-15 03:26:22] INFO     constraints are loaded in the following order: ['energy_balance', 'dispatch', 'costs', 'capacity', 'network', 'policy', 'conversion', 'group', 'conversion_plus', 'milp', 'export']
[2025-09-15 03:26:22] INFO     creating energy_balance constraints
[2025-09-15 03:29:36] INFO     creating dispatch constraints
[2025-09-15 03:35:20] INFO     creating costs constraints
[2025-09-15 03:45:00] INFO     creating capacity constraints
[2025-09-15 03:45:00] INFO     creating network constraints
[2025-09-15 03:45:00] INFO     creating policy constraints
[2025-09-15 03:45:00] INFO     creating conversion constraints
[2025-09-15 03:45:00] INFO     creating group constraints
[2025-09-15 03:45:00] INFO     creating conversion_plus constraints
[2025-09-15 03:45:00] INFO     creating milp constraints
[2025-09-15 03:45:00] INFO     creating export constraints
[2025-09-15 03:58:55] DEBUG    Set parameter WLSAccessID
Set parameter WLSSecret
Set parameter LicenseID to value 2680226
[2025-09-15 03:58:55] DEBUG    Academic license 2680226 - for non-commercial use only - registered to an___@mail.polimi.it
[2025-09-15 03:59:34] DEBUG    Read LP format model from file /tmp/tmphzbwfgqa.pyomo.lp
Reading time = 39.22 seconds
x19371664: 25775299 rows, 19371664 columns, 62900212 nonzeros
[2025-09-15 03:59:34] DEBUG    Set parameter NumericFocus to value 1
Gurobi Optimizer version 12.0.2 build v12.0.2rc0 (linux64 - "Debian GNU/Linux 11 (bullseye)")

CPU model: Intel(R) Xeon(R) Silver 4314 CPU @ 2.40GHz, instruction set [SSE2|AVX|AVX2|AVX512]
Thread count: 32 physical cores, 64 logical processors, using up to 32 threads

Non-default parameters:
NumericFocus  1
[2025-09-15 03:59:34] DEBUG    Academic license 2680226 - for non-commercial use only - registered to an___@mail.polimi.it
Optimize a model with 25775299 rows, 19371664 columns and 62900212 nonzeros
[2025-09-15 03:59:35] DEBUG    Model fingerprint: 0xe2c18392
[2025-09-15 03:59:35] DEBUG    Coefficient statistics:
  Matrix range     [1e-07, 6e+02]
  Objective range  [1e+00, 1e+06]
  Bounds range     [0e+00, 0e+00]
  RHS range        [1e+00, 2e+08]
[2025-09-15 03:59:40] DEBUG    Presolve removed 19334942 rows and 10551965 columns (presolve time = 5s)...
[2025-09-15 03:59:46] DEBUG    Presolve removed 19335001 rows and 12461225 columns (presolve time = 11s)...
[2025-09-15 03:59:51] DEBUG    Presolve removed 22635774 rows and 15761998 columns (presolve time = 16s)...
[2025-09-15 03:59:55] DEBUG    Presolve removed 23173611 rows and 15761998 columns (presolve time = 20s)...
[2025-09-15 04:00:22] DEBUG    Presolve removed 23173611 rows and 16016038 columns (presolve time = 46s)...
[2025-09-15 04:00:25] DEBUG    Presolve removed 23173611 rows and 16138678 columns (presolve time = 50s)...
[2025-09-15 04:00:26] DEBUG    Presolve removed 23313755 rows and 16138678 columns
[2025-09-15 04:00:59] DEBUG    Presolve time: 84.80s
Presolved: 2461544 rows, 3373130 columns, 10428230 nonzeros

Concurrent LP optimizer: primal simplex, dual simplex, and barrier
Showing barrier log only...
[2025-09-15 04:01:02] DEBUG    Ordering time: 1.58s
[2025-09-15 04:01:04] DEBUG    Barrier statistics:
 Dense cols : 145
 AA' NZ     : 8.711e+06
 Factor NZ  : 3.681e+07 (roughly 2.7 GB of memory)
 Factor Ops : 2.181e+09 (less than 1 second per iteration)
 Threads    : 30
[2025-09-15 04:01:08] DEBUG    Objective                Residual
[2025-09-15 04:01:08] DEBUG    Iter       Primal          Dual         Primal    Dual     Compl     Time
[2025-09-15 04:01:09] DEBUG    0   2.22919559e+21 -7.48461700e+18  6.88e+10 2.89e-11  3.70e+15    95s
[2025-09-15 04:01:14] DEBUG    1   1.70844015e+21 -7.53905273e+18  5.21e+10 1.62e+05  2.55e+15   100s
[2025-09-15 04:01:21] DEBUG    2   1.11452139e+21 -6.77597552e+18  3.35e+10 5.80e+04  1.46e+15   107s
[2025-09-15 04:01:30] DEBUG    3   6.22081785e+20 -5.99047859e+18  1.91e+10 1.51e+04  7.38e+14   116s
[2025-09-15 04:01:36] DEBUG    4   5.26140101e+20 -5.68148981e+18  1.61e+10 8.71e+03  6.05e+14   122s
[2025-09-15 04:01:41] DEBUG    5   4.62431777e+20 -5.62770170e+18  1.41e+10 7.95e+03  5.34e+14   127s
[2025-09-15 04:01:46] DEBUG    6   4.45604068e+20 -5.60245929e+18  1.36e+10 7.53e+03  5.14e+14   132s
[2025-09-15 04:01:52] DEBUG    7   3.96958565e+20 -5.51816694e+18  1.20e+10 6.52e+03  4.56e+14   138s
[2025-09-15 04:01:59] DEBUG    8   3.32592196e+20 -5.33130053e+18  1.00e+10 4.31e+03  3.73e+14   145s
[2025-09-15 04:02:07] DEBUG    9   2.68653327e+20 -5.28602255e+18  8.18e+09 3.58e+03  3.06e+14   153s
[2025-09-15 04:02:18] DEBUG    10   2.33439964e+20 -5.26340654e+18  7.16e+09 3.04e+03  2.68e+14   164s
[2025-09-15 04:02:27] DEBUG    11   1.75474061e+20 -5.21497739e+18  5.44e+09 1.93e+03  2.01e+14   173s
[2025-09-15 04:02:39] DEBUG    12   8.95452617e+19 -5.17265199e+18  2.67e+09 7.24e+02  9.88e+13   185s
[2025-09-15 04:02:50] DEBUG    13   2.26157964e+19 -4.92433550e+18  6.07e+08 2.76e+02  2.40e+13   196s
[2025-09-15 04:02:59] DEBUG    14   3.78812751e+18 -4.02951945e+18  9.77e+07 9.13e+01  4.51e+12   205s
[2025-09-15 04:03:06] DEBUG    15   3.64351293e+17 -2.00211855e+18  9.29e+06 1.58e+01  6.64e+11   212s
[2025-09-15 04:03:10] DEBUG    16   4.26907657e+16 -3.10165635e+17  1.04e+06 2.44e-01  6.84e+10   216s
[2025-09-15 04:03:14] DEBUG    17   1.48089672e+14 -3.06240033e+16  9.18e+02 4.30e-03  4.13e+09   220s
[2025-09-15 04:03:19] DEBUG    18   6.69386058e+13 -2.74065557e+15  1.52e+01 1.08e-03  3.70e+08   225s
[2025-09-15 04:03:23] DEBUG    19   5.60982055e+13 -3.62218987e+14  1.50e-02 2.39e-03  5.12e+07   229s
[2025-09-15 04:03:36] DEBUG    20   4.90331874e+13 -3.49831773e+14  1.25e-02 2.39e-03  4.93e+07   242s
[2025-09-15 04:03:52] DEBUG    21   4.63500873e+13 -3.29308732e+14  1.15e-02 2.36e-03  4.65e+07   258s
[2025-09-15 04:04:10] DEBUG    22   4.39881065e+13 -2.83104837e+14  1.07e-02 2.27e-03  4.02e+07   276s
[2025-09-15 04:04:30] DEBUG    23   4.22299676e+13 -1.89974355e+14  1.01e-02 2.00e-03  2.76e+07   296s
[2025-09-15 04:04:47] DEBUG    24   4.03447189e+13 -1.75592167e+14  9.36e-03 1.96e-03  2.55e+07   313s
[2025-09-15 04:05:06] DEBUG    25   3.65875458e+13 -1.34574470e+14  7.84e-03 1.80e-03  1.98e+07   332s
[2025-09-15 04:05:34] DEBUG    26   3.50609380e+13 -1.05127636e+14  7.33e-03 5.20e-03  1.57e+07   359s
[2025-09-15 04:05:54] DEBUG    27   3.40139480e+13 -9.76293636e+13  6.99e-03 5.10e-03  1.46e+07   380s
[2025-09-15 04:06:14] DEBUG    28   3.14494256e+13 -7.77458384e+13  6.15e-03 4.64e-03  1.18e+07   399s
[2025-09-15 04:06:30] DEBUG    29   3.04215948e+13 -5.93912492e+13  5.82e-03 4.12e-03  9.26e+06   416s
[2025-09-15 04:06:47] DEBUG    30   2.70335891e+13 -2.46977134e+13  4.76e-03 2.04e-02  4.35e+06   433s
[2025-09-15 04:07:12] DEBUG    31   2.29414702e+13 -1.21862901e+13  3.58e-03 1.13e-02  2.42e+06   458s
[2025-09-15 04:07:37] DEBUG    32   1.99331172e+13 -4.58015242e+12  2.66e-03 7.77e-03  1.22e+06   483s
[2025-09-15 04:07:57] DEBUG    33   1.80895948e+13 -2.41402344e+12  2.18e-03 5.62e-03  8.15e+05   503s
[2025-09-15 04:08:12] DEBUG    34   1.62844246e+13 -1.55191888e+12  1.73e-03 4.70e-03  5.98e+05   518s
[2025-09-15 04:08:30] DEBUG    35   1.56675276e+13 -9.71944264e+11  1.59e-03 4.21e-03  4.91e+05   536s
[2025-09-15 04:08:40] DEBUG    36   1.40324149e+13 -6.11748524e+11  1.21e-03 3.51e-03  3.64e+05   546s
[2025-09-15 04:08:57] DEBUG    37   1.33537808e+13 -3.57942148e+11  1.07e-03 3.12e-03  3.04e+05   563s
[2025-09-15 04:09:16] DEBUG    38   1.22886761e+13 -1.92347029e+11  8.83e-04 5.19e-03  2.35e+05   582s
[2025-09-15 04:09:36] DEBUG    39   1.18178251e+13 -1.25849394e+11  8.02e-04 7.92e-03  2.10e+05   602s
[2025-09-15 04:09:54] DEBUG    40   1.08181008e+13 -9.67027687e+10  6.42e-04 9.49e-03  1.61e+05   620s
[2025-09-15 04:10:21] DEBUG    41   1.01669383e+13 -7.73033440e+10  5.48e-04 1.06e-02  1.36e+05   647s
[2025-09-15 04:10:43] DEBUG    42   9.99626958e+12 -6.95482348e+10  5.23e-04 1.03e-02  1.30e+05   669s
[2025-09-15 04:11:06] DEBUG    43   9.62097227e+12 -6.25358757e+10  4.68e-04 1.05e-02  1.16e+05   692s
[2025-09-15 04:11:24] DEBUG    44   9.25484842e+12 -5.80587148e+10  4.00e-04 1.08e-02  9.82e+04   710s
[2025-09-15 04:11:44] DEBUG    45   8.92005464e+12 -5.27871776e+10  3.43e-04 1.12e-02  8.28e+04   730s
[2025-09-15 04:12:06] DEBUG    46   8.64926918e+12 -3.69618101e+10  3.03e-04 1.15e-02  7.21e+04   752s
[2025-09-15 04:12:22] DEBUG    47   8.47429261e+12 -3.10144835e+10  2.71e-04 1.18e-02  6.36e+04   768s
[2025-09-15 04:12:37] DEBUG    48   8.28966299e+12 -2.30035819e+10  2.30e-04 1.23e-02  5.18e+04   783s
[2025-09-15 04:12:50] DEBUG    49   8.09323922e+12 -1.43184581e+10  1.89e-04 1.27e-02  4.01e+04   796s
[2025-09-15 04:13:05] DEBUG    50   7.80696825e+12 -9.45398377e+09  1.49e-04 1.25e-02  3.01e+04   811s
[2025-09-15 04:13:30] DEBUG    51   7.64301309e+12 -6.86244510e+09  1.37e-04 1.23e-02  2.73e+04   836s
[2025-09-15 04:13:52] DEBUG    52   7.56308195e+12 -4.88826413e+09  1.31e-04 1.21e-02  2.58e+04   858s
[2025-09-15 04:14:10] DEBUG    53   7.42660338e+12 -3.41653974e+09  1.14e-04 1.20e-02  2.26e+04   876s
[2025-09-15 04:14:27] DEBUG    54   7.35058784e+12 -1.34465338e+09  1.06e-04 1.19e-02  2.06e+04   893s
[2025-09-15 04:14:43] DEBUG    55   7.25068373e+12  4.12834491e+08  9.19e-05 1.19e-02  1.73e+04   909s
[2025-09-15 04:14:55] DEBUG    56   7.15632745e+12  2.11382373e+09  8.40e-05 1.19e-02  1.44e+04   921s
[2025-09-15 04:15:08] DEBUG    57   7.05419923e+12  3.26990701e+09  7.75e-05 1.19e-02  1.19e+04   934s
[2025-09-15 04:15:22] DEBUG    58   6.97999681e+12  4.09427657e+09  6.46e-05 1.19e-02  1.03e+04   947s
[2025-09-15 04:15:40] DEBUG    59   6.83075784e+12  4.69346627e+09  5.69e-05 1.17e-02  8.76e+03   966s
[2025-09-15 04:16:00] DEBUG    60   6.76203216e+12  5.23376465e+09  5.51e-05 1.16e-02  8.46e+03   986s
[2025-09-15 04:16:22] DEBUG    61   6.66077216e+12  6.18565546e+09  5.06e-05 1.12e-02  7.83e+03  1007s
[2025-09-15 04:16:37] DEBUG    62   6.52252878e+12  6.68549556e+09  4.85e-05 1.11e-02  6.49e+03  1023s
[2025-09-15 04:16:51] DEBUG    63   6.42153055e+12  7.00640604e+09  4.41e-05 1.10e-02  5.16e+03  1037s
[2025-09-15 04:17:05] DEBUG    64   6.35660280e+12  7.37216756e+09  3.53e-05 1.09e-02  4.45e+03  1051s
[2025-09-15 04:17:17] DEBUG    65   6.31091677e+12  7.70102927e+09  3.45e-05 1.08e-02  3.96e+03  1063s
[2025-09-15 04:17:29] DEBUG    66   6.24858506e+12  7.97858296e+09  4.17e-05 1.04e-02  3.38e+03  1075s
[2025-09-15 04:17:40] DEBUG    67   6.20291804e+12  8.20620612e+09  2.71e-05 9.92e-03  3.06e+03  1086s
[2025-09-15 04:17:51] DEBUG    68   6.17667275e+12  8.34829726e+09  3.16e-05 9.88e-03  2.73e+03  1097s
[2025-09-15 04:18:02] DEBUG    69   6.14780742e+12  8.51862338e+09  2.92e-05 9.69e-03  2.38e+03  1108s
[2025-09-15 04:18:15] DEBUG    70   6.10275122e+12  8.62106985e+09  6.67e-05 9.46e-03  1.91e+03  1120s
[2025-09-15 04:18:23] DEBUG    71   6.08070176e+12  8.68041134e+09  3.49e-05 9.18e-03  1.73e+03  1129s
[2025-09-15 04:18:36] DEBUG    72   6.05955444e+12  8.72863289e+09  3.22e-05 8.89e-03  1.58e+03  1142s
[2025-09-15 04:18:45] DEBUG    73   6.02913679e+12  8.82414378e+09  5.65e-05 8.15e-03  1.37e+03  1151s
[2025-09-15 04:18:57] DEBUG    74   6.00194905e+12  8.88393517e+09  4.30e-05 7.63e-03  1.19e+03  1163s
[2025-09-15 04:19:07] DEBUG    75   5.97649839e+12  8.93721859e+09  4.32e-05 7.08e-03  1.07e+03  1173s
[2025-09-15 04:19:19] DEBUG    76   5.95152711e+12  8.98982544e+09  3.18e-05 6.49e-03  9.47e+02  1185s
[2025-09-15 04:19:31] DEBUG    77   5.91838064e+12  9.04107934e+09  5.20e-05 6.08e-03  8.04e+02  1197s
[2025-09-15 04:19:44] DEBUG    78   5.90389027e+12  9.11784487e+09  5.88e-05 6.46e-03  7.43e+02  1210s
[2025-09-15 04:19:52] DEBUG    79   5.88516711e+12  9.15188950e+09  4.57e-05 6.67e-03  6.78e+02  1218s
[2025-09-15 04:20:03] DEBUG    80   5.85046008e+12  9.19526693e+09  4.83e-05 6.88e-03  5.68e+02  1229s
[2025-09-15 04:20:14] DEBUG    81   5.82394922e+12  9.22064593e+09  4.13e-05 6.99e-03  4.95e+02  1240s
[2025-09-15 04:20:26] DEBUG    82   5.80957018e+12  9.25228511e+09  5.06e-05 7.06e-03  4.57e+02  1252s
[2025-09-15 04:20:35] DEBUG    83   5.77435219e+12  9.27884048e+09  3.47e-05 7.10e-03  3.80e+02  1261s
[2025-09-15 04:20:46] DEBUG    84   5.76015936e+12  9.30928506e+09  3.34e-05 7.06e-03  3.48e+02  1272s
[2025-09-15 04:20:57] DEBUG    85   5.73027195e+12  9.32844926e+09  3.42e-05 7.01e-03  2.99e+02  1283s
[2025-09-15 04:21:09] DEBUG    86   5.71826235e+12  9.34291914e+09  3.42e-05 6.95e-03  2.82e+02  1295s
[2025-09-15 04:21:21] DEBUG    87   5.71059866e+12  9.35412053e+09  2.57e-05 6.89e-03  2.71e+02  1307s
[2025-09-15 04:21:32] DEBUG    88   5.69547583e+12  9.37422183e+09  3.62e-05 6.76e-03  2.50e+02  1317s
[2025-09-15 04:21:45] DEBUG    89   5.67655292e+12  9.38595035e+09  2.42e-05 6.65e-03  2.28e+02  1331s
[2025-09-15 04:21:57] DEBUG    90   5.67262902e+12  9.39041344e+09  2.53e-05 6.61e-03  2.24e+02  1343s
[2025-09-15 04:22:09] DEBUG    91   5.65233850e+12  9.40235689e+09  3.00e-05 6.50e-03  2.01e+02  1355s
[2025-09-15 04:22:21] DEBUG    92   5.64048218e+12  9.42072577e+09  2.81e-05 6.27e-03  1.89e+02  1367s
[2025-09-15 04:22:33] DEBUG    93   5.62996689e+12  9.43774784e+09  3.28e-05 6.01e-03  1.78e+02  1379s
[2025-09-15 04:22:40] DEBUG    94   5.62190344e+12  9.44017286e+09  2.97e-05 5.98e-03  1.72e+02  1386s
[2025-09-15 04:22:51] DEBUG    95   5.61121102e+12  9.44841369e+09  3.55e-05 5.82e-03  1.64e+02  1397s
[2025-09-15 04:23:01] DEBUG    96   5.59405588e+12  9.45030985e+09  2.86e-05 5.76e-03  1.52e+02  1407s
[2025-09-15 04:23:12] DEBUG    97   5.58404443e+12  9.45287115e+09  1.94e-05 5.69e-03  1.45e+02  1418s
[2025-09-15 04:23:25] DEBUG    98   5.56878183e+12  9.45741589e+09  2.36e-05 5.55e-03  1.35e+02  1431s
[2025-09-15 04:23:37] DEBUG    99   5.55090428e+12  9.46400523e+09  2.49e-05 5.38e-03  1.23e+02  1443s
[2025-09-15 04:23:51] DEBUG    100   5.53891639e+12  9.47153410e+09  2.28e-05 5.17e-03  1.15e+02  1457s
[2025-09-15 04:23:59] DEBUG    101   5.53421849e+12  9.47314539e+09  2.24e-05 5.12e-03  1.13e+02  1465s
[2025-09-15 04:24:12] DEBUG    102   5.52294002e+12  9.47913700e+09  2.50e-05 4.92e-03  1.07e+02  1478s
[2025-09-15 04:24:22] DEBUG    103   5.51433637e+12  9.48296336e+09  2.79e-05 4.79e-03  1.02e+02  1488s
[2025-09-15 04:24:34] DEBUG    104   5.50625276e+12  9.48614531e+09  2.92e-05 4.67e-03  9.86e+01  1500s
[2025-09-15 04:24:46] DEBUG    105   5.49631084e+12  9.49097414e+09  2.66e-05 4.47e-03  9.38e+01  1512s
[2025-09-15 04:25:00] DEBUG    106   5.48375140e+12  9.49637178e+09  2.51e-05 4.27e-03  8.82e+01  1526s
[2025-09-15 04:25:12] DEBUG    107   5.47896898e+12  9.49853811e+09  2.39e-05 4.19e-03  8.63e+01  1538s
[2025-09-15 04:25:22] DEBUG    108   5.46734784e+12  9.50299333e+09  2.50e-05 4.03e-03  8.16e+01  1548s
[2025-09-15 04:25:33] DEBUG    109   5.45401613e+12  9.50769119e+09  2.44e-05 3.86e-03  7.63e+01  1559s
[2025-09-15 04:25:49] DEBUG    110   5.44317661e+12  9.51186514e+09  2.75e-05 3.72e-03  7.24e+01  1574s
[2025-09-15 04:26:01] DEBUG    111   5.43367129e+12  9.51665388e+09  2.42e-05 3.57e-03  6.91e+01  1587s
[2025-09-15 04:26:11] DEBUG    112   5.43159515e+12  9.51815483e+09  2.49e-05 3.52e-03  6.84e+01  1597s
[2025-09-15 04:26:19] DEBUG    113   5.42762071e+12  9.52053994e+09  2.43e-05 3.50e-03  6.73e+01  1605s
[2025-09-15 04:26:34] DEBUG    114   5.42149182e+12  9.51720978e+09  2.56e-05 3.49e-03  7.49e+01  1620s
[2025-09-15 04:26:53] DEBUG    115   5.42128345e+12  9.52005737e+09  2.50e-05 3.48e-03  7.49e+01  1639s
[2025-09-15 04:27:09] DEBUG    116   5.41497157e+12  9.51967641e+09  2.92e-05 3.42e-03  7.41e+01  1655s
[2025-09-15 04:27:20] DEBUG    117   5.40434659e+12  9.52380283e+09  4.29e-05 3.30e-03  7.08e+01  1666s
[2025-09-15 04:27:33] DEBUG    118   5.39262847e+12  9.52823587e+09  5.69e-05 3.18e-03  6.70e+01  1679s
[2025-09-15 04:27:44] DEBUG    119   5.38317564e+12  9.53236383e+09  5.99e-05 3.07e-03  6.39e+01  1690s
[2025-09-15 04:27:55] DEBUG    120   5.37923449e+12  9.53692343e+09  5.97e-05 2.93e-03  6.24e+01  1701s
[2025-09-15 04:28:06] DEBUG    121   5.36911273e+12  9.53987371e+09  6.35e-05 2.84e-03  5.96e+01  1712s
[2025-09-15 04:28:19] DEBUG    122   5.36030631e+12  9.54290764e+09  6.42e-05 2.75e-03  5.72e+01  1725s
[2025-09-15 04:28:28] DEBUG    123   5.35601156e+12  9.54465505e+09  6.61e-05 2.70e-03  5.61e+01  1734s
[2025-09-15 04:28:40] DEBUG    124   5.34773918e+12  9.54858159e+09  6.36e-05 2.58e-03  5.38e+01  1746s
[2025-09-15 04:28:50] DEBUG    125   5.34129480e+12  9.54972524e+09  6.48e-05 2.55e-03  5.24e+01  1756s
[2025-09-15 04:29:05] DEBUG    126   5.33257580e+12  9.55227409e+09  6.89e-05 2.46e-03  5.03e+01  1771s
[2025-09-15 04:29:15] DEBUG    127   5.32810852e+12  9.55426605e+09  6.73e-05 2.42e-03  4.92e+01  1781s
[2025-09-15 04:29:23] DEBUG    128   5.32323811e+12  9.55521853e+09  6.51e-05 2.40e-03  4.83e+01  1789s
[2025-09-15 04:29:31] DEBUG    129   5.31994712e+12  9.55607692e+09  6.62e-05 2.37e-03  4.76e+01  1797s
[2025-09-15 04:29:42] DEBUG    130   5.31587224e+12  9.55788721e+09  6.46e-05 2.30e-03  4.66e+01  1808s
[2025-09-15 04:29:57] DEBUG    131   5.31571850e+12  9.55793181e+09  6.48e-05 2.30e-03  4.65e+01  1823s
[2025-09-15 04:30:12] DEBUG    132   5.31530075e+12  9.55802891e+09  6.39e-05 2.30e-03  4.64e+01  1837s
[2025-09-15 04:30:34] DEBUG    133   5.31424644e+12  9.55834199e+09  6.45e-05 2.28e-03  4.68e+01  1860s
[2025-09-15 04:30:53] DEBUG    134   5.31408855e+12  9.55855148e+09  6.52e-05 2.27e-03  4.69e+01  1879s
[2025-09-15 04:31:11] DEBUG    135   5.31407515e+12  9.55858193e+09  6.49e-05 2.27e-03  4.70e+01  1897s
[2025-09-15 04:31:38] DEBUG    136   5.31078737e+12  9.55973066e+09  6.48e-05 2.23e-03  4.63e+01  1924s
[2025-09-15 04:31:39] DEBUG    Barrier performed 136 iterations in 1924.36 seconds (432.19 work units)
Numerical trouble encountered

Model may be infeasible or unbounded.  Consider using the
homogeneous algorithm (through parameter 'BarHomogeneous')
[2025-09-15 04:32:43] DEBUG    Waiting for other threads to finish...        1989s
[2025-09-15 04:33:48] DEBUG    Waiting for other threads to finish...        2054s
[2025-09-15 04:34:52] DEBUG    Waiting for other threads to finish...        2118s
[2025-09-15 04:35:57] DEBUG    Waiting for other threads to finish...        2183s
[2025-09-15 04:35:59] DEBUG    Solved with dual simplex
[2025-09-15 04:36:11] DEBUG    Iteration    Objective       Primal Inf.    Dual Inf.      Time
[2025-09-15 04:36:11] DEBUG    750062    1.0752102e+10   0.000000e+00   0.000000e+00   2197s

Solved in 750062 iterations and 2197.44 seconds (1082.38 work units)
[2025-09-15 04:36:12] DEBUG    Optimal objective  1.075210193e+10
✅ Scenario completato: new_trasmission_VRES_2030_nostorage

🚀 Lancio scenario: new_trasmission_CG+VRES_2030_BESS
[2025-09-15 04:50:57] INFO     Loading sets
[2025-09-15 04:50:57] INFO     Loading parameters
[2025-09-15 04:51:35] INFO     constraints are loaded in the following order: ['energy_balance', 'dispatch', 'costs', 'capacity', 'network', 'policy', 'conversion', 'group', 'conversion_plus', 'milp', 'export']
[2025-09-15 04:51:35] INFO     creating energy_balance constraints
[2025-09-15 04:55:02] INFO     creating dispatch constraints
[2025-09-15 04:57:24] INFO     creating costs constraints
[2025-09-15 05:13:23] INFO     creating capacity constraints
[2025-09-15 05:13:23] INFO     creating network constraints
[2025-09-15 05:13:23] INFO     creating policy constraints
[2025-09-15 05:13:23] INFO     creating conversion constraints
[2025-09-15 05:13:23] INFO     creating group constraints
[2025-09-15 05:13:23] INFO     creating conversion_plus constraints
[2025-09-15 05:13:23] INFO     creating milp constraints
[2025-09-15 05:13:23] INFO     creating export constraints
[2025-09-15 05:28:40] DEBUG    Set parameter WLSAccessID
Set parameter WLSSecret
Set parameter LicenseID to value 2680226
[2025-09-15 05:28:40] DEBUG    Academic license 2680226 - for non-commercial use only - registered to an___@mail.polimi.it
[2025-09-15 05:29:23] DEBUG    Read LP format model from file /tmp/tmpk88ld9uj.pyomo.lp
Reading time = 43.11 seconds
x21404303: 28315989 rows, 21404303 columns, 69759814 nonzeros
[2025-09-15 05:29:23] DEBUG    Set parameter NumericFocus to value 1
Gurobi Optimizer version 12.0.2 build v12.0.2rc0 (linux64 - "Debian GNU/Linux 11 (bullseye)")

CPU model: Intel(R) Xeon(R) Silver 4314 CPU @ 2.40GHz, instruction set [SSE2|AVX|AVX2|AVX512]
Thread count: 32 physical cores, 64 logical processors, using up to 32 threads

Non-default parameters:
NumericFocus  1
[2025-09-15 05:29:23] DEBUG    Academic license 2680226 - for non-commercial use only - registered to an___@mail.polimi.it
Optimize a model with 28315989 rows, 21404303 columns and 69759814 nonzeros
[2025-09-15 05:29:24] DEBUG    Model fingerprint: 0xd0e5999d
[2025-09-15 05:29:24] DEBUG    Coefficient statistics:
  Matrix range     [1e-07, 6e+02]
  Objective range  [1e+00, 1e+06]
  Bounds range     [0e+00, 0e+00]
  RHS range        [1e+00, 2e+08]
[2025-09-15 05:29:29] DEBUG    Presolve removed 19920288 rows and 11568357 columns (presolve time = 5s)...
[2025-09-15 05:29:35] DEBUG    Presolve removed 20351334 rows and 13731657 columns (presolve time = 11s)...
[2025-09-15 05:29:39] DEBUG    Presolve removed 22569736 rows and 15950000 columns (presolve time = 15s)...
[2025-09-15 05:29:44] DEBUG    Presolve removed 23906235 rows and 17235720 columns (presolve time = 20s)...
[2025-09-15 05:30:17] DEBUG    Presolve removed 24444130 rows and 17489760 columns (presolve time = 53s)...
[2025-09-15 05:30:20] DEBUG    Presolve removed 24444130 rows and 17612400 columns (presolve time = 56s)...
[2025-09-15 05:30:23] DEBUG    Presolve removed 24584274 rows and 17612400 columns
[2025-09-15 05:31:09] DEBUG    Presolve time: 106.52s
Presolved: 3731715 rows, 3932047 columns, 15204008 nonzeros

Concurrent LP optimizer: primal simplex, dual simplex, and barrier
Showing barrier log only...
[2025-09-15 05:31:48] DEBUG    Elapsed ordering time = 36s
[2025-09-15 05:31:52] DEBUG    Elapsed ordering time = 40s
[2025-09-15 05:31:57] DEBUG    Elapsed ordering time = 45s
[2025-09-15 05:32:03] DEBUG    Ordering time: 50.87s
[2025-09-15 05:32:06] DEBUG    Barrier statistics:
 Dense cols : 203
 AA' NZ     : 1.618e+07
[2025-09-15 05:32:06] DEBUG    Factor NZ  : 6.781e+07 (roughly 4.0 GB of memory)
 Factor Ops : 7.645e+09 (less than 1 second per iteration)
 Threads    : 30
[2025-09-15 05:32:13] DEBUG    Objective                Residual
[2025-09-15 05:32:13] DEBUG    Iter       Primal          Dual         Primal    Dual     Compl     Time
[2025-09-15 05:32:13] DEBUG    0   9.06065697e+14 -8.64884558e+14  6.88e+10 2.51e-01  4.06e+11   170s
[2025-09-15 05:32:20] DEBUG    1   7.93917803e+14 -8.74971223e+14  5.90e+10 2.30e+01  3.03e+11   177s
[2025-09-15 05:32:27] DEBUG    2   6.76380708e+14 -8.47760456e+14  4.76e+10 8.59e+00  1.96e+11   184s
[2025-09-15 05:32:39] DEBUG    3   5.54262122e+14 -7.92330853e+14  3.52e+10 2.91e+00  1.23e+11   196s
[2025-09-15 05:32:48] DEBUG    4   4.11002651e+14 -6.91201128e+14  2.05e+10 9.46e-01  6.72e+10   205s
[2025-09-15 05:32:55] DEBUG    5   3.04908769e+14 -6.45412146e+14  7.20e+09 4.68e-01  2.53e+10   212s
[2025-09-15 05:33:02] DEBUG    6   3.00440601e+14 -5.85959855e+14  4.83e+09 2.07e-01  1.60e+10   219s
[2025-09-15 05:33:09] DEBUG    7   3.07363707e+14 -5.25540722e+14  2.10e+09 1.04e-01  6.91e+09   226s
[2025-09-15 05:33:17] DEBUG    8   3.10698638e+14 -3.80507955e+14  1.92e+09 1.76e-02  4.73e+09   234s
[2025-09-15 05:33:24] DEBUG    9   3.07439040e+14 -3.30277501e+14  7.47e+08 3.37e-02  1.89e+09   241s
[2025-09-15 05:33:33] DEBUG    10   2.98872073e+14 -2.63388753e+14  1.12e+08 6.69e-02  3.41e+08   250s
[2025-09-15 05:33:39] DEBUG    11   2.76835346e+14 -1.88176485e+14  6.82e+07 7.60e-02  1.90e+08   256s
[2025-09-15 05:33:48] DEBUG    12   2.39138527e+14 -1.40059305e+14  1.98e+07 7.10e-02  6.80e+07   265s
[2025-09-15 05:33:57] DEBUG    13   2.35658813e+14 -9.38399511e+13  1.84e+07 7.22e-02  5.32e+07   274s
[2025-09-15 05:34:06] DEBUG    14   2.32889357e+14 -6.91869225e+13  1.74e+07 6.86e-02  4.30e+07   283s
[2025-09-15 05:34:13] DEBUG    15   2.29288249e+14 -6.00042174e+13  1.61e+07 6.64e-02  3.83e+07   290s
[2025-09-15 05:34:20] DEBUG    16   2.25291415e+14 -5.61179516e+13  1.47e+07 6.54e-02  3.48e+07   297s
[2025-09-15 05:34:28] DEBUG    17   2.24091686e+14 -5.08019657e+13  1.43e+07 6.38e-02  3.27e+07   305s
[2025-09-15 05:34:39] DEBUG    18   2.08211471e+14 -4.26823534e+13  9.30e+06 6.04e-02  2.21e+07   316s
[2025-09-15 05:34:53] DEBUG    19   2.00833253e+14 -3.49672168e+13  7.61e+06 5.43e-02  1.73e+07   330s
[2025-09-15 05:35:02] DEBUG    20   1.99835449e+14 -3.05696199e+13  7.39e+06 4.79e-02  1.59e+07   339s
[2025-09-15 05:35:16] DEBUG    21   1.85848458e+14 -2.64950676e+13  4.23e+06 3.92e-02  1.01e+07   353s
[2025-09-15 05:35:29] DEBUG    22   1.75938661e+14 -1.60694609e+13  2.84e+06 3.04e-02  5.46e+06   366s
[2025-09-15 05:35:42] DEBUG    23   1.69351334e+14 -1.00450631e+13  2.12e+06 2.70e-02  3.28e+06   379s
[2025-09-15 05:35:55] DEBUG    24   1.62804199e+14 -5.68944061e+12  1.53e+06 3.00e-02  1.94e+06   392s
[2025-09-15 05:36:06] DEBUG    25   1.55243047e+14 -3.32191991e+12  1.00e+06 2.55e-02  1.08e+06   403s
[2025-09-15 05:36:14] DEBUG    26   1.50861657e+14 -2.16321020e+12  7.76e+05 3.09e-02  7.06e+05   411s
[2025-09-15 05:36:21] DEBUG    27   1.48453491e+14 -1.73636205e+12  6.75e+05 2.74e-02  5.75e+05   418s
[2025-09-15 05:36:27] DEBUG    28   1.44328336e+14 -1.42624667e+12  5.21e+05 2.51e-02  4.41e+05   424s
[2025-09-15 05:36:34] DEBUG    29   1.42159012e+14 -1.21215084e+12  4.57e+05 2.43e-02  3.71e+05   431s
[2025-09-15 05:36:42] DEBUG    30   1.39892962e+14 -8.27627658e+11  3.97e+05 2.48e-02  2.68e+05   439s
[2025-09-15 05:36:52] DEBUG    31   1.37223594e+14 -6.63685847e+11  3.35e+05 2.40e-02  2.09e+05   450s
[2025-09-15 05:37:04] DEBUG    32   1.33467059e+14 -5.06414821e+11  2.59e+05 2.27e-02  1.49e+05   461s
[2025-09-15 05:37:15] DEBUG    33   1.30930048e+14 -3.67486835e+11  2.17e+05 2.43e-02  1.08e+05   472s
[2025-09-15 05:37:26] DEBUG    34   1.28328164e+14 -2.94662032e+11  1.80e+05 2.57e-02  8.33e+04   483s
[2025-09-15 05:37:36] DEBUG    35   1.26779920e+14 -2.44155066e+11  1.61e+05 2.66e-02  6.92e+04   494s
[2025-09-15 05:37:48] DEBUG    36   1.25416595e+14 -2.18642283e+11  1.46e+05 2.71e-02  5.99e+04   506s
[2025-09-15 05:37:59] DEBUG    37   1.23757371e+14 -2.03513422e+11  1.30e+05 2.74e-02  5.15e+04   517s
[2025-09-15 05:38:11] DEBUG    38   1.23083245e+14 -1.90928790e+11  1.24e+05 2.76e-02  4.77e+04   528s
[2025-09-15 05:38:21] DEBUG    39   1.21950971e+14 -1.80426883e+11  1.14e+05 2.78e-02  4.31e+04   538s
[2025-09-15 05:38:33] DEBUG    40   1.20703969e+14 -1.69191959e+11  1.04e+05 2.80e-02  3.82e+04   550s
[2025-09-15 05:38:43] DEBUG    41   1.19833134e+14 -1.59594136e+11  9.71e+04 2.81e-02  3.48e+04   560s
[2025-09-15 05:38:54] DEBUG    42   1.18688698e+14 -1.54821452e+11  8.90e+04 2.82e-02  3.17e+04   571s
[2025-09-15 05:39:04] DEBUG    43   1.18295077e+14 -1.51506490e+11  8.64e+04 2.83e-02  3.06e+04   581s
[2025-09-15 05:39:14] DEBUG    44   1.17612293e+14 -1.45455821e+11  8.20e+04 2.84e-02  2.87e+04   591s
[2025-09-15 05:39:23] DEBUG    45   1.17052416e+14 -1.41203888e+11  7.85e+04 2.85e-02  2.72e+04   600s
[2025-09-15 05:39:34] DEBUG    46   1.16715890e+14 -1.39233917e+11  7.65e+04 2.85e-02  2.64e+04   611s
[2025-09-15 05:39:44] DEBUG    47   1.16400840e+14 -1.37896277e+11  7.47e+04 2.85e-02  2.58e+04   621s
[2025-09-15 05:39:54] DEBUG    48   1.15843022e+14 -1.33693164e+11  7.16e+04 2.86e-02  2.44e+04   631s
[2025-09-15 05:40:04] DEBUG    49   1.15447962e+14 -1.31559737e+11  6.94e+04 2.86e-02  2.36e+04   641s
[2025-09-15 05:40:14] DEBUG    50   1.15161844e+14 -1.30055051e+11  6.79e+04 2.87e-02  2.31e+04   651s
[2025-09-15 05:40:25] DEBUG    51   1.14566924e+14 -1.27817014e+11  6.48e+04 2.87e-02  2.19e+04   662s
[2025-09-15 05:40:36] DEBUG    52   1.13950125e+14 -1.25343995e+11  6.18e+04 2.87e-02  2.07e+04   673s
[2025-09-15 05:40:46] DEBUG    53   1.13238127e+14 -1.23305345e+11  5.84e+04 2.88e-02  1.94e+04   683s
[2025-09-15 05:40:57] DEBUG    54   1.12784383e+14 -1.21480852e+11  5.63e+04 2.88e-02  1.88e+04   694s
[2025-09-15 05:41:08] DEBUG    55   1.12312205e+14 -1.20470914e+11  5.43e+04 2.88e-02  1.81e+04   705s
[2025-09-15 05:41:19] DEBUG    56   1.11731604e+14 -1.19432764e+11  5.18e+04 2.89e-02  1.72e+04   716s
[2025-09-15 05:41:29] DEBUG    57   1.11075086e+14 -1.18466673e+11  4.92e+04 2.89e-02  1.63e+04   726s
[2025-09-15 05:41:38] DEBUG    58   1.10530776e+14 -1.17578444e+11  4.70e+04 2.89e-02  1.56e+04   735s
[2025-09-15 05:41:50] DEBUG    59   1.10218686e+14 -1.17041928e+11  4.59e+04 2.89e-02  1.51e+04   747s
[2025-09-15 05:42:01] DEBUG    60   1.10050031e+14 -1.16733660e+11  4.53e+04 2.89e-02  1.49e+04   758s
[2025-09-15 05:42:11] DEBUG    61   1.09632461e+14 -1.15822029e+11  4.38e+04 2.89e-02  1.44e+04   768s
[2025-09-15 05:42:20] DEBUG    62   1.09218800e+14 -1.15281543e+11  4.23e+04 2.89e-02  1.39e+04   777s
[2025-09-15 05:42:31] DEBUG    63   1.08864892e+14 -1.14169391e+11  4.11e+04 2.90e-02  1.34e+04   788s
[2025-09-15 05:42:40] DEBUG    64   1.08477680e+14 -1.13896639e+11  3.98e+04 2.90e-02  1.30e+04   797s
[2025-09-15 05:42:51] DEBUG    65   1.07978947e+14 -1.13142998e+11  3.82e+04 2.90e-02  1.25e+04   808s
[2025-09-15 05:43:01] DEBUG    66   1.07527771e+14 -1.12671632e+11  3.68e+04 2.90e-02  1.20e+04   818s
[2025-09-15 05:43:11] DEBUG    67   1.07109215e+14 -1.12323745e+11  3.56e+04 2.90e-02  1.16e+04   829s
[2025-09-15 05:43:22] DEBUG    68   1.06780173e+14 -1.11783988e+11  3.46e+04 2.90e-02  1.12e+04   840s
[2025-09-15 05:43:34] DEBUG    69   1.06464394e+14 -1.11315845e+11  3.38e+04 2.90e-02  1.09e+04   851s
[2025-09-15 05:43:44] DEBUG    70   1.06127790e+14 -1.11007392e+11  3.28e+04 2.90e-02  1.06e+04   861s
[2025-09-15 05:43:54] DEBUG    71   1.05811997e+14 -1.10737774e+11  3.20e+04 2.90e-02  1.03e+04   871s
[2025-09-15 05:44:05] DEBUG    72   1.05606456e+14 -1.10470463e+11  3.14e+04 2.90e-02  1.01e+04   882s
[2025-09-15 05:44:16] DEBUG    73   1.05375276e+14 -1.10226575e+11  3.08e+04 2.90e-02  9.93e+03   893s
[2025-09-15 05:44:27] DEBUG    74   1.05153772e+14 -1.09970447e+11  3.03e+04 2.90e-02  9.73e+03   904s
[2025-09-15 05:44:38] DEBUG    75   1.04975602e+14 -1.09593347e+11  2.98e+04 2.90e-02  9.56e+03   915s
[2025-09-15 05:44:48] DEBUG    76   1.04774001e+14 -1.09570386e+11  2.93e+04 2.90e-02  9.41e+03   925s
[2025-09-15 05:44:57] DEBUG    77   1.04694297e+14 -1.09395067e+11  2.91e+04 2.90e-02  9.34e+03   934s
[2025-09-15 05:45:05] DEBUG    78   1.04606017e+14 -1.09376198e+11  2.89e+04 2.90e-02  9.27e+03   942s
[2025-09-15 05:45:16] DEBUG    79   1.04476175e+14 -1.09319998e+11  2.86e+04 2.90e-02  1.27e+04   953s
[2025-09-15 05:45:26] DEBUG    80   1.04322792e+14 -1.09227603e+11  2.82e+04 2.90e-02  1.39e+04   963s
[2025-09-15 05:45:35] DEBUG    81   1.04210614e+14 -1.09120807e+11  2.80e+04 2.90e-02  1.43e+04   972s
[2025-09-15 05:45:45] DEBUG    82   1.04147469e+14 -1.09073397e+11  2.78e+04 2.90e-02  1.45e+04   982s
[2025-09-15 05:45:56] DEBUG    83   1.04030135e+14 -1.09027910e+11  2.76e+04 2.90e-02  1.45e+04   993s
[2025-09-15 05:46:04] DEBUG    84   1.03859897e+14 -1.08971484e+11  2.72e+04 2.90e-02  1.43e+04  1002s
[2025-09-15 05:46:15] DEBUG    85   1.03752490e+14 -1.08912724e+11  2.69e+04 2.90e-02  1.42e+04  1012s
[2025-09-15 05:46:22] DEBUG    86   1.03743961e+14 -1.08895086e+11  2.69e+04 2.90e-02  1.42e+04  1020s
[2025-09-15 05:46:31] DEBUG    87   1.03711936e+14 -1.08799141e+11  2.68e+04 2.91e-02  1.41e+04  1028s
[2025-09-15 05:46:41] DEBUG    88   1.03615773e+14 -1.08738909e+11  2.66e+04 2.91e-02  1.40e+04  1038s
[2025-09-15 05:46:49] DEBUG    89   1.03525793e+14 -1.08707398e+11  2.64e+04 2.91e-02  1.39e+04  1046s
[2025-09-15 05:47:00] DEBUG    90   1.03441161e+14 -1.08591696e+11  2.62e+04 2.91e-02  1.38e+04  1057s
[2025-09-15 05:47:11] DEBUG    91   1.03364273e+14 -1.08510613e+11  2.61e+04 2.91e-02  1.37e+04  1068s
[2025-09-15 05:47:22] DEBUG    92   1.03343259e+14 -1.08436121e+11  2.60e+04 2.91e-02  1.36e+04  1079s
[2025-09-15 05:47:33] DEBUG    93   1.03132567e+14 -1.08355873e+11  2.55e+04 2.91e-02  1.34e+04  1090s
[2025-09-15 05:47:41] DEBUG    94   1.03096772e+14 -1.08339822e+11  2.55e+04 2.91e-02  1.34e+04  1098s
[2025-09-15 05:47:52] DEBUG    95   1.02586904e+14 -1.08275381e+11  2.44e+04 2.91e-02  1.29e+04  1109s
[2025-09-15 05:48:03] DEBUG    96   1.02390185e+14 -1.08180933e+11  2.40e+04 2.91e-02  1.27e+04  1120s
[2025-09-15 05:48:14] DEBUG    97   1.02199576e+14 -1.08092277e+11  2.36e+04 2.91e-02  1.24e+04  1131s
[2025-09-15 05:48:24] DEBUG    98   1.02011230e+14 -1.08031956e+11  2.32e+04 2.91e-02  1.22e+04  1141s
[2025-09-15 05:48:34] DEBUG    99   1.01868524e+14 -1.08000991e+11  2.29e+04 2.91e-02  1.21e+04  1151s
[2025-09-15 05:48:45] DEBUG    100   1.01835846e+14 -1.07982159e+11  2.28e+04 2.91e-02  1.20e+04  1162s
[2025-09-15 05:48:55] DEBUG    101   1.01752939e+14 -1.07941736e+11  2.27e+04 2.91e-02  1.19e+04  1172s
[2025-09-15 05:49:06] DEBUG    102   1.01668991e+14 -1.07836098e+11  2.25e+04 2.91e-02  1.17e+04  1184s
[2025-09-15 05:49:17] DEBUG    103   1.01494166e+14 -1.07761792e+11  2.22e+04 2.91e-02  1.15e+04  1194s
[2025-09-15 05:49:29] DEBUG    104   1.01349543e+14 -1.07725008e+11  2.19e+04 2.91e-02  1.13e+04  1206s
[2025-09-15 05:49:40] DEBUG    105   1.01008340e+14 -1.07620924e+11  2.12e+04 2.91e-02  1.09e+04  1217s
[2025-09-15 05:49:48] DEBUG    106   1.00855296e+14 -1.07610980e+11  2.10e+04 2.91e-02  1.08e+04  1225s
[2025-09-15 05:49:57] DEBUG    107   1.00469757e+14 -1.07598864e+11  2.03e+04 2.91e-02  1.05e+04  1234s
[2025-09-15 05:50:07] DEBUG    108   1.00240806e+14 -1.07522973e+11  1.99e+04 2.91e-02  1.02e+04  1244s
[2025-09-15 05:50:18] DEBUG    109   9.98137126e+13 -1.07475467e+11  1.91e+04 2.91e-02  9.80e+03  1255s
[2025-09-15 05:50:28] DEBUG    110   9.96068589e+13 -1.07451512e+11  1.88e+04 2.91e-02  9.63e+03  1265s
[2025-09-15 05:50:39] DEBUG    111   9.95573695e+13 -1.07424624e+11  1.87e+04 2.91e-02  9.53e+03  1276s
[2025-09-15 05:50:48] DEBUG    112   9.94721197e+13 -1.07429219e+11  1.86e+04 2.91e-02  9.47e+03  1285s
[2025-09-15 05:50:58] DEBUG    113   9.93952214e+13 -1.07395239e+11  1.84e+04 2.91e-02  9.59e+03  1295s
[2025-09-15 05:51:07] DEBUG    114   9.92580331e+13 -1.07407220e+11  1.82e+04 2.91e-02  9.65e+03  1304s
[2025-09-15 05:51:17] DEBUG    115   9.90717131e+13 -1.07387420e+11  1.79e+04 2.91e-02  9.54e+03  1314s
[2025-09-15 05:51:26] DEBUG    116   9.88730292e+13 -1.07402485e+11  1.76e+04 2.91e-02  9.43e+03  1323s
[2025-09-15 05:51:37] DEBUG    117   9.82857513e+13 -1.07359267e+11  1.67e+04 2.91e-02  8.99e+03  1334s
[2025-09-15 05:51:48] DEBUG    118   9.80535352e+13 -1.07343450e+11  1.63e+04 2.91e-02  8.81e+03  1345s
[2025-09-15 05:52:00] DEBUG    119   9.79143728e+13 -1.07327843e+11  1.61e+04 2.91e-02  8.63e+03  1357s
[2025-09-15 05:52:09] DEBUG    120   9.76887921e+13 -1.07345233e+11  1.58e+04 2.91e-02  8.42e+03  1366s
[2025-09-15 05:52:19] DEBUG    121   9.75608034e+13 -1.07419431e+11  1.56e+04 2.91e-02  8.34e+03  1376s
[2025-09-15 05:52:31] DEBUG    122   9.70943255e+13 -1.07485168e+11  1.50e+04 2.91e-02  8.01e+03  1388s
[2025-09-15 05:52:41] DEBUG    123   9.69198413e+13 -1.07612507e+11  1.48e+04 2.91e-02  7.93e+03  1399s
[2025-09-15 05:52:52] DEBUG    124   9.66520865e+13 -1.07713498e+11  1.44e+04 2.91e-02  7.73e+03  1410s
[2025-09-15 05:53:02] DEBUG    125   9.65198035e+13 -1.07820042e+11  1.42e+04 2.91e-02  7.72e+03  1419s
[2025-09-15 05:53:10] DEBUG    126   9.63983242e+13 -1.07957091e+11  1.41e+04 2.91e-02  7.64e+03  1427s
[2025-09-15 05:53:21] DEBUG    127   9.61289366e+13 -1.08047978e+11  1.37e+04 2.91e-02  7.51e+03  1438s
[2025-09-15 05:53:32] DEBUG    128   9.59221322e+13 -1.08190964e+11  1.35e+04 2.91e-02  7.36e+03  1449s
[2025-09-15 05:53:43] DEBUG    129   9.57386192e+13 -1.08323563e+11  1.33e+04 2.91e-02  7.22e+03  1460s
[2025-09-15 05:53:54] DEBUG    130   9.56761090e+13 -1.08442209e+11  1.32e+04 2.91e-02  7.15e+03  1471s
[2025-09-15 05:54:04] DEBUG    131   9.54897355e+13 -1.08563135e+11  1.30e+04 2.91e-02  7.02e+03  1481s
[2025-09-15 05:54:13] DEBUG    132   9.54211285e+13 -1.08655732e+11  1.29e+04 2.91e-02  7.05e+03  1490s
[2025-09-15 05:54:24] DEBUG    133   9.50135045e+13 -1.08775260e+11  1.24e+04 2.91e-02  6.82e+03  1501s
[2025-09-15 05:54:34] DEBUG    134   9.49424267e+13 -1.08854416e+11  1.23e+04 2.91e-02  6.78e+03  1512s
[2025-09-15 05:54:45] DEBUG    135   9.47236583e+13 -1.08987468e+11  1.21e+04 2.91e-02  6.63e+03  1522s
[2025-09-15 05:54:55] DEBUG    136   9.45717887e+13 -1.09130174e+11  1.19e+04 2.91e-02  6.55e+03  1532s
[2025-09-15 05:55:06] DEBUG    137   9.44076614e+13 -1.09238864e+11  1.17e+04 2.91e-02  6.45e+03  1544s
[2025-09-15 05:55:17] DEBUG    138   9.43537610e+13 -1.09310548e+11  1.17e+04 2.91e-02  6.40e+03  1554s
[2025-09-15 05:55:26] DEBUG    139   9.40485102e+13 -1.09443833e+11  1.14e+04 2.91e-02  6.23e+03  1563s
[2025-09-15 05:55:35] DEBUG    140   9.39534753e+13 -1.09518252e+11  1.13e+04 2.91e-02  6.22e+03  1572s
[2025-09-15 05:55:43] DEBUG    141   9.37402206e+13 -1.09591111e+11  1.10e+04 2.91e-02  6.12e+03  1580s
[2025-09-15 05:55:53] DEBUG    142   9.35672207e+13 -1.09722820e+11  1.09e+04 2.91e-02  6.02e+03  1590s
[2025-09-15 05:56:03] DEBUG    143   9.34001926e+13 -1.09833021e+11  1.07e+04 2.91e-02  5.92e+03  1600s
[2025-09-15 05:56:14] DEBUG    144   9.33435305e+13 -1.09889236e+11  1.06e+04 2.90e-02  5.89e+03  1611s
[2025-09-15 05:56:24] DEBUG    145   9.31554812e+13 -1.09948987e+11  1.05e+04 2.90e-02  5.80e+03  1621s
[2025-09-15 05:56:35] DEBUG    146   9.30083244e+13 -1.10071564e+11  1.03e+04 2.90e-02  5.73e+03  1632s
[2025-09-15 05:56:44] DEBUG    147   9.28924310e+13 -1.10131470e+11  1.02e+04 2.90e-02  5.67e+03  1641s
[2025-09-15 05:56:55] DEBUG    148   9.27305744e+13 -1.10211217e+11  1.01e+04 2.90e-02  5.59e+03  1652s
[2025-09-15 05:57:04] DEBUG    149   9.26272770e+13 -1.10286671e+11  9.96e+03 2.90e-02  5.56e+03  1661s
[2025-09-15 05:57:15] DEBUG    150   9.22258210e+13 -1.10402846e+11  9.59e+03 2.90e-02  5.38e+03  1672s
[2025-09-15 05:57:23] DEBUG    151   9.20666058e+13 -1.10444447e+11  9.45e+03 2.90e-02  5.31e+03  1680s
[2025-09-15 05:57:34] DEBUG    152   9.18419043e+13 -1.10567834e+11  9.25e+03 2.90e-02  5.20e+03  1691s
[2025-09-15 05:57:45] DEBUG    153   9.17604650e+13 -1.10672473e+11  9.18e+03 2.90e-02  5.15e+03  1702s
[2025-09-15 05:57:54] DEBUG    154   9.17358669e+13 -1.10724188e+11  9.16e+03 2.90e-02  5.13e+03  1711s
[2025-09-15 05:58:05] DEBUG    155   9.13795323e+13 -1.10793764e+11  8.85e+03 2.90e-02  4.99e+03  1722s
[2025-09-15 05:58:15] DEBUG    156   9.13198455e+13 -1.10901658e+11  8.81e+03 2.90e-02  4.95e+03  1732s
[2025-09-15 05:58:23] DEBUG    157   9.11734484e+13 -1.10965457e+11  8.69e+03 2.90e-02  4.89e+03  1740s
[2025-09-15 05:58:34] DEBUG    158   9.10211945e+13 -1.11055745e+11  8.56e+03 2.90e-02  4.82e+03  1751s
[2025-09-15 05:58:43] DEBUG    159   9.09372657e+13 -1.11120901e+11  8.50e+03 2.89e-02  4.78e+03  1760s
[2025-09-15 05:58:53] DEBUG    160   9.08788748e+13 -1.11186163e+11  8.45e+03 2.89e-02  4.75e+03  1771s
[2025-09-15 05:59:04] DEBUG    161   9.08111718e+13 -1.11233566e+11  8.40e+03 2.89e-02  4.73e+03  1781s
[2025-09-15 05:59:15] DEBUG    162   9.06521462e+13 -1.11318022e+11  8.27e+03 2.89e-02  4.67e+03  1792s
[2025-09-15 05:59:23] DEBUG    163   9.05715970e+13 -1.11366124e+11  8.21e+03 2.89e-02  4.65e+03  1800s
[2025-09-15 05:59:33] DEBUG    164   9.02373002e+13 -1.11480967e+11  7.95e+03 2.89e-02  4.51e+03  1810s
[2025-09-15 05:59:43] DEBUG    165   9.01175462e+13 -1.11550587e+11  7.86e+03 2.89e-02  4.46e+03  1820s
[2025-09-15 05:59:52] DEBUG    166   8.99738816e+13 -1.11630217e+11  7.76e+03 2.89e-02  4.40e+03  1829s
[2025-09-15 06:00:03] DEBUG    167   8.98932664e+13 -1.11707524e+11  7.70e+03 2.89e-02  4.35e+03  1840s
[2025-09-15 06:00:13] DEBUG    168   8.97588151e+13 -1.11775037e+11  7.60e+03 2.88e-02  4.30e+03  1850s
[2025-09-15 06:00:23] DEBUG    169   8.96962662e+13 -1.11869369e+11  7.55e+03 2.88e-02  4.27e+03  1860s
[2025-09-15 06:00:33] DEBUG    170   8.96251917e+13 -1.11911098e+11  7.50e+03 2.88e-02  4.24e+03  1870s
[2025-09-15 06:00:41] DEBUG    171   8.95153733e+13 -1.11948664e+11  7.43e+03 2.88e-02  4.22e+03  1878s
[2025-09-15 06:00:49] DEBUG    172   8.94961170e+13 -1.11977720e+11  7.41e+03 2.88e-02  4.22e+03  1886s
[2025-09-15 06:00:57] DEBUG    173   8.94632323e+13 -1.12014393e+11  7.39e+03 2.88e-02  4.20e+03  1894s
[2025-09-15 06:01:09] DEBUG    174   8.94393932e+13 -1.12077948e+11  7.37e+03 2.88e-02  4.19e+03  1906s
[2025-09-15 06:01:26] DEBUG    175   8.93910109e+13 -1.12180375e+11  7.34e+03 2.88e-02  4.17e+03  1923s
[2025-09-15 06:01:39] DEBUG    176   8.91996964e+13 -1.12223223e+11  7.21e+03 2.88e-02  4.13e+03  1936s
[2025-09-15 06:01:50] DEBUG    177   8.91816166e+13 -1.12273480e+11  7.19e+03 2.87e-02  4.12e+03  1947s
[2025-09-15 06:01:59] DEBUG    178   8.91058760e+13 -1.12301357e+11  7.14e+03 2.87e-02  4.09e+03  1956s
[2025-09-15 06:02:11] DEBUG    179   8.89956489e+13 -1.12331549e+11  7.07e+03 2.87e-02  4.06e+03  1968s
[2025-09-15 06:02:23] DEBUG    180   8.89866972e+13 -1.12357605e+11  7.06e+03 2.87e-02  4.05e+03  1980s
[2025-09-15 06:02:34] DEBUG    181   8.88915619e+13 -1.12374536e+11  7.00e+03 2.87e-02  4.03e+03  1991s
[2025-09-15 06:02:43] DEBUG    182   8.88396066e+13 -1.12402500e+11  6.96e+03 2.87e-02  4.01e+03  2000s
[2025-09-15 06:02:54] DEBUG    183   8.88307797e+13 -1.12428579e+11  6.96e+03 2.87e-02  4.00e+03  2011s
[2025-09-15 06:03:05] DEBUG    184   8.88041491e+13 -1.12453448e+11  6.94e+03 2.87e-02  3.99e+03  2023s
[2025-09-15 06:03:06] DEBUG    Barrier performed 184 iterations in 2022.56 seconds (527.25 work units)
Numerical trouble encountered

Model may be infeasible or unbounded.  Consider using the
homogeneous algorithm (through parameter 'BarHomogeneous')
[2025-09-15 06:04:10] DEBUG    Waiting for other threads to finish...        2087s
[2025-09-15 06:05:15] DEBUG    Waiting for other threads to finish...        2152s
[2025-09-15 06:06:19] DEBUG    Waiting for other threads to finish...        2216s
[2025-09-15 06:07:23] DEBUG    Waiting for other threads to finish...        2280s
[2025-09-15 06:08:28] DEBUG    Waiting for other threads to finish...        2345s
[2025-09-15 06:09:33] DEBUG    Waiting for other threads to finish...        2410s
[2025-09-15 06:10:38] DEBUG    Waiting for other threads to finish...        2475s
[2025-09-15 06:11:42] DEBUG    Waiting for other threads to finish...        2539s
[2025-09-15 06:12:47] DEBUG    Waiting for other threads to finish...        2604s
[2025-09-15 06:13:51] DEBUG    Waiting for other threads to finish...        2668s
[2025-09-15 06:14:56] DEBUG    Waiting for other threads to finish...        2733s
[2025-09-15 06:16:00] DEBUG    Waiting for other threads to finish...        2797s
[2025-09-15 06:17:05] DEBUG    Waiting for other threads to finish...        2862s
[2025-09-15 06:18:09] DEBUG    Waiting for other threads to finish...        2926s
[2025-09-15 06:19:14] DEBUG    Waiting for other threads to finish...        2991s
[2025-09-15 06:20:18] DEBUG    Waiting for other threads to finish...        3055s
[2025-09-15 06:21:23] DEBUG    Waiting for other threads to finish...        3120s
[2025-09-15 06:22:27] DEBUG    Waiting for other threads to finish...        3184s
[2025-09-15 06:23:29] DEBUG    Solved with dual simplex
[2025-09-15 06:23:43] DEBUG    Iteration    Objective       Primal Inf.    Dual Inf.      Time
[2025-09-15 06:23:43] DEBUG    1662065    1.0737809e+10   0.000000e+00   0.000000e+00   3260s

Solved in 1662065 iterations and 3259.84 seconds (2069.67 work units)
[2025-09-15 06:23:43] DEBUG    Optimal objective  1.073780869e+10
✅ Scenario completato: new_trasmission_CG+VRES_2030_BESS

🚀 Lancio scenario: new_trasmission_CG+VRES_2030_nostorage
[2025-09-15 06:36:41] INFO     Loading sets
[2025-09-15 06:36:41] INFO     Loading parameters
[2025-09-15 06:37:17] INFO     constraints are loaded in the following order: ['energy_balance', 'dispatch', 'costs', 'capacity', 'network', 'policy', 'conversion', 'group', 'conversion_plus', 'milp', 'export']
[2025-09-15 06:37:17] INFO     creating energy_balance constraints
[2025-09-15 06:40:32] INFO     creating dispatch constraints
[2025-09-15 06:42:45] INFO     creating costs constraints
[2025-09-15 07:00:06] INFO     creating capacity constraints
[2025-09-15 07:00:06] INFO     creating network constraints
[2025-09-15 07:00:06] INFO     creating policy constraints
[2025-09-15 07:00:06] INFO     creating conversion constraints
[2025-09-15 07:00:06] INFO     creating group constraints
[2025-09-15 07:00:06] INFO     creating conversion_plus constraints
[2025-09-15 07:00:06] INFO     creating milp constraints
[2025-09-15 07:00:06] INFO     creating export constraints
[2025-09-15 07:15:40] DEBUG    Set parameter WLSAccessID
Set parameter WLSSecret
Set parameter LicenseID to value 2680226
[2025-09-15 07:15:40] DEBUG    Academic license 2680226 - for non-commercial use only - registered to an___@mail.polimi.it
[2025-09-15 07:16:21] DEBUG    Read LP format model from file /tmp/tmp3_j_jn03.pyomo.lp
Reading time = 40.75 seconds
x20133929: 26537535 rows, 20133929 columns, 65186775 nonzeros
[2025-09-15 07:16:21] DEBUG    Set parameter NumericFocus to value 1
Gurobi Optimizer version 12.0.2 build v12.0.2rc0 (linux64 - "Debian GNU/Linux 11 (bullseye)")

CPU model: Intel(R) Xeon(R) Silver 4314 CPU @ 2.40GHz, instruction set [SSE2|AVX|AVX2|AVX512]
Thread count: 32 physical cores, 64 logical processors, using up to 32 threads

Non-default parameters:
NumericFocus  1
[2025-09-15 07:16:21] DEBUG    Academic license 2680226 - for non-commercial use only - registered to an___@mail.polimi.it
Optimize a model with 26537535 rows, 20133929 columns and 65186775 nonzeros
[2025-09-15 07:16:22] DEBUG    Model fingerprint: 0x6bff831c
[2025-09-15 07:16:22] DEBUG    Coefficient statistics:
  Matrix range     [1e-07, 6e+02]
  Objective range  [1e+00, 1e+06]
  Bounds range     [0e+00, 0e+00]
  RHS range        [1e+00, 2e+08]
[2025-09-15 07:16:27] DEBUG    Presolve removed 19843138 rows and 11060161 columns (presolve time = 5s)...
[2025-09-15 07:16:32] DEBUG    Presolve removed 19843138 rows and 13223461 columns (presolve time = 10s)...
[2025-09-15 07:16:37] DEBUG    Presolve removed 23143970 rows and 16524234 columns (presolve time = 15s)...
[2025-09-15 07:16:43] DEBUG    Presolve removed 23143970 rows and 16524234 columns (presolve time = 21s)...
[2025-09-15 07:17:10] DEBUG    Presolve removed 23681807 rows and 16778274 columns (presolve time = 48s)...
[2025-09-15 07:17:13] DEBUG    Presolve removed 23681807 rows and 16900914 columns (presolve time = 51s)...
[2025-09-15 07:17:16] DEBUG    Presolve removed 23821951 rows and 16900914 columns
[2025-09-15 07:17:49] DEBUG    Presolve time: 88.25s
Presolved: 2715584 rows, 3373159 columns, 10936310 nonzeros

Concurrent LP optimizer: primal simplex, dual simplex, and barrier
Showing barrier log only...
[2025-09-15 07:17:53] DEBUG    Ordering time: 1.80s
[2025-09-15 07:17:55] DEBUG    Barrier statistics:
 Dense cols : 174
 AA' NZ     : 9.219e+06
 Factor NZ  : 3.993e+07 (roughly 3.0 GB of memory)
 Factor Ops : 2.328e+09 (less than 1 second per iteration)
 Threads    : 30
[2025-09-15 07:18:00] DEBUG    Objective                Residual
[2025-09-15 07:18:00] DEBUG    Iter       Primal          Dual         Primal    Dual     Compl     Time
[2025-09-15 07:18:00] DEBUG    0   9.17593097e+14 -9.00493852e+14  6.88e+10 3.11e-01  4.21e+11    99s
[2025-09-15 07:18:06] DEBUG    1   8.08206859e+14 -9.11199750e+14  5.95e+10 2.25e+01  3.24e+11   105s
[2025-09-15 07:18:13] DEBUG    2   6.80902758e+14 -8.97308058e+14  4.85e+10 1.09e+01  2.39e+11   112s
[2025-09-15 07:18:21] DEBUG    3   5.15708641e+14 -7.61615949e+14  3.39e+10 3.83e+00  1.43e+11   120s
[2025-09-15 07:18:27] DEBUG    4   4.05692122e+14 -7.04828917e+14  2.36e+10 1.44e+00  9.37e+10   126s
[2025-09-15 07:18:32] DEBUG    5   2.46264457e+14 -6.65155763e+14  6.95e+09 7.67e-01  3.04e+10   131s
[2025-09-15 07:18:36] DEBUG    6   2.36115454e+14 -6.12165089e+14  4.27e+09 3.64e-01  1.81e+10   135s
[2025-09-15 07:18:42] DEBUG    7   2.38308624e+14 -5.44658955e+14  2.00e+09 1.94e-01  8.54e+09   141s
[2025-09-15 07:18:47] DEBUG    8   2.39416552e+14 -4.50667118e+14  1.58e+09 4.65e-02  6.11e+09   145s
[2025-09-15 07:18:54] DEBUG    9   2.65579628e+14 -4.02545829e+14  6.96e+08 2.34e-02  2.76e+09   153s
[2025-09-15 07:19:03] DEBUG    10   2.38096486e+14 -3.16318306e+14  2.08e+08 4.09e-02  8.23e+08   162s
[2025-09-15 07:19:08] DEBUG    11   2.05138648e+14 -2.17603510e+14  5.91e+07 6.98e-02  2.48e+08   167s
[2025-09-15 07:19:13] DEBUG    12   1.85953599e+14 -1.67416871e+14  3.54e+07 7.21e-02  1.46e+08   172s
[2025-09-15 07:19:18] DEBUG    13   1.71511673e+14 -1.29354551e+14  2.39e+07 7.27e-02  9.80e+07   177s
[2025-09-15 07:19:23] DEBUG    14   1.61279958e+14 -9.51708670e+13  1.81e+07 6.32e-02  7.06e+07   182s
[2025-09-15 07:19:27] DEBUG    15   1.57767927e+14 -9.26144198e+13  1.66e+07 6.30e-02  6.53e+07   186s
[2025-09-15 07:19:34] DEBUG    16   1.41850285e+14 -6.25025355e+13  9.93e+06 7.36e-02  3.82e+07   193s
[2025-09-15 07:19:43] DEBUG    17   1.33939639e+14 -4.25862160e+13  7.87e+06 8.07e-02  2.70e+07   201s
[2025-09-15 07:19:50] DEBUG    18   1.28976898e+14 -3.04203117e+13  6.73e+06 7.81e-02  1.96e+07   209s
[2025-09-15 07:19:55] DEBUG    19   1.23082843e+14 -2.54696697e+13  5.52e+06 8.19e-02  1.56e+07   214s
[2025-09-15 07:19:59] DEBUG    20   1.20747447e+14 -2.24314469e+13  5.13e+06 8.67e-02  1.39e+07   217s
[2025-09-15 07:20:06] DEBUG    21   1.17606545e+14 -1.94923303e+13  4.60e+06 8.96e-02  1.18e+07   225s
[2025-09-15 07:20:14] DEBUG    22   1.11473964e+14 -1.65297848e+13  3.65e+06 8.95e-02  9.06e+06   233s
[2025-09-15 07:20:26] DEBUG    23   1.04378728e+14 -1.16531336e+13  2.72e+06 8.79e-02  5.79e+06   245s
[2025-09-15 07:20:37] DEBUG    24   9.96561356e+13 -9.61452400e+12  2.18e+06 8.06e-02  4.40e+06   256s
[2025-09-15 07:20:47] DEBUG    25   9.70148619e+13 -8.37620363e+12  1.91e+06 7.09e-02  3.69e+06   266s
[2025-09-15 07:20:56] DEBUG    26   9.35695544e+13 -5.77597576e+12  1.56e+06 4.50e-02  2.52e+06   275s
[2025-09-15 07:21:06] DEBUG    27   8.78933674e+13 -4.46683289e+12  1.02e+06 3.18e-02  1.63e+06   285s
[2025-09-15 07:21:15] DEBUG    28   8.58314741e+13 -3.57734360e+12  8.78e+05 2.71e-02  1.29e+06   294s
[2025-09-15 07:21:25] DEBUG    29   8.33496672e+13 -2.80443961e+12  7.17e+05 2.88e-02  9.62e+05   304s
[2025-09-15 07:21:34] DEBUG    30   8.07924602e+13 -2.20291251e+12  5.74e+05 3.21e-02  7.10e+05   313s
[2025-09-15 07:21:42] DEBUG    31   7.85013761e+13 -1.78831296e+12  4.65e+05 3.34e-02  5.44e+05   321s
[2025-09-15 07:21:51] DEBUG    32   7.69663029e+13 -1.16490526e+12  4.02e+05 3.53e-02  3.76e+05   330s
[2025-09-15 07:22:03] DEBUG    33   7.54112326e+13 -1.03681313e+12  3.47e+05 3.49e-02  3.18e+05   342s
[2025-09-15 07:22:13] DEBUG    34   7.44080230e+13 -7.90249916e+11  3.13e+05 3.26e-02  2.51e+05   352s
[2025-09-15 07:22:22] DEBUG    35   7.28359746e+13 -6.84566784e+11  2.65e+05 2.88e-02  2.08e+05   361s
[2025-09-15 07:22:32] DEBUG    36   7.21661564e+13 -5.77104763e+11  2.47e+05 2.58e-02  1.79e+05   371s
[2025-09-15 07:22:41] DEBUG    37   7.09848015e+13 -4.78625517e+11  2.17e+05 2.59e-02  1.48e+05   380s
[2025-09-15 07:22:49] DEBUG    38   7.04511252e+13 -4.39817718e+11  2.05e+05 2.59e-02  1.36e+05   388s
[2025-09-15 07:23:00] DEBUG    39   6.98491594e+13 -4.07870494e+11  1.91e+05 2.59e-02  1.25e+05   399s
[2025-09-15 07:23:09] DEBUG    40   6.95811572e+13 -3.96848426e+11  1.86e+05 2.59e-02  1.21e+05   408s
[2025-09-15 07:23:17] DEBUG    41   6.92245835e+13 -3.73474181e+11  1.78e+05 2.59e-02  1.14e+05   416s
[2025-09-15 07:23:26] DEBUG    42   6.88052130e+13 -3.59583844e+11  1.70e+05 2.59e-02  1.08e+05   425s
[2025-09-15 07:23:36] DEBUG    43   6.85220814e+13 -3.47432663e+11  1.64e+05 2.58e-02  1.04e+05   435s
[2025-09-15 07:23:47] DEBUG    44   6.81576101e+13 -3.28879569e+11  1.58e+05 2.58e-02  9.83e+04   446s
[2025-09-15 07:23:55] DEBUG    45   6.77281102e+13 -3.12495859e+11  1.50e+05 2.58e-02  9.24e+04   454s
[2025-09-15 07:24:04] DEBUG    46   6.74195531e+13 -2.89250886e+11  1.44e+05 2.57e-02  8.64e+04   463s
[2025-09-15 07:24:12] DEBUG    47   6.70814660e+13 -2.78461787e+11  1.38e+05 2.57e-02  8.24e+04   471s
[2025-09-15 07:24:22] DEBUG    48   6.69191546e+13 -2.64621046e+11  1.36e+05 2.57e-02  7.92e+04   481s
[2025-09-15 07:24:31] DEBUG    49   6.65946961e+13 -2.55149195e+11  1.30e+05 2.56e-02  7.57e+04   490s
[2025-09-15 07:24:39] DEBUG    50   6.63676395e+13 -2.44313708e+11  1.27e+05 2.56e-02  7.27e+04   498s
[2025-09-15 07:24:50] DEBUG    51   6.62247575e+13 -2.35323276e+11  1.25e+05 2.55e-02  7.04e+04   509s
[2025-09-15 07:24:58] DEBUG    52   6.58485709e+13 -2.21787860e+11  1.19e+05 2.55e-02  6.61e+04   517s
[2025-09-15 07:25:08] DEBUG    53   6.54715541e+13 -2.12486971e+11  1.13e+05 2.54e-02  6.25e+04   527s
[2025-09-15 07:25:19] DEBUG    54   6.51983489e+13 -2.03725945e+11  1.09e+05 2.54e-02  5.98e+04   538s
[2025-09-15 07:25:29] DEBUG    55   6.49072505e+13 -1.94136429e+11  1.05e+05 2.53e-02  5.70e+04   548s
[2025-09-15 07:25:40] DEBUG    56   6.46270965e+13 -1.89182003e+11  1.02e+05 2.53e-02  5.49e+04   559s
[2025-09-15 07:25:49] DEBUG    57   6.43838198e+13 -1.78765977e+11  9.85e+04 2.52e-02  5.22e+04   568s
[2025-09-15 07:25:57] DEBUG    58   6.41750390e+13 -1.72590698e+11  9.59e+04 2.51e-02  5.04e+04   576s
[2025-09-15 07:26:04] DEBUG    59   6.39553915e+13 -1.66214877e+11  9.31e+04 2.50e-02  4.86e+04   583s
[2025-09-15 07:26:14] DEBUG    60   6.36271683e+13 -1.57277530e+11  8.92e+04 2.49e-02  4.59e+04   593s
[2025-09-15 07:26:23] DEBUG    61   6.34796935e+13 -1.54191945e+11  8.74e+04 2.49e-02  4.49e+04   601s
[2025-09-15 07:26:33] DEBUG    62   6.32590370e+13 -1.46009371e+11  8.49e+04 2.48e-02  4.28e+04   612s
[2025-09-15 07:26:43] DEBUG    63   6.30786565e+13 -1.39927819e+11  8.29e+04 2.47e-02  4.12e+04   622s
[2025-09-15 07:26:52] DEBUG    64   6.28889966e+13 -1.36974131e+11  8.08e+04 2.46e-02  4.02e+04   630s
[2025-09-15 07:27:00] DEBUG    65   6.27685975e+13 -1.33526618e+11  7.95e+04 2.46e-02  3.93e+04   639s
[2025-09-15 07:27:11] DEBUG    66   6.24754626e+13 -1.29955864e+11  7.63e+04 2.45e-02  3.77e+04   650s
[2025-09-15 07:27:20] DEBUG    67   6.22898191e+13 -1.25591402e+11  7.44e+04 2.44e-02  3.65e+04   659s
[2025-09-15 07:27:31] DEBUG    68   6.20141403e+13 -1.19675730e+11  7.16e+04 2.43e-02  3.47e+04   670s
[2025-09-15 07:27:42] DEBUG    69   6.18067339e+13 -1.13806979e+11  6.96e+04 2.42e-02  3.32e+04   680s
[2025-09-15 07:27:48] DEBUG    70   6.16578972e+13 -1.12128461e+11  6.81e+04 2.42e-02  3.26e+04   687s
[2025-09-15 07:27:58] DEBUG    71   6.15025293e+13 -1.09100471e+11  6.67e+04 2.41e-02  3.17e+04   697s
[2025-09-15 07:28:07] DEBUG    72   6.14824561e+13 -1.06746789e+11  6.65e+04 2.41e-02  3.13e+04   706s
[2025-09-15 07:28:14] DEBUG    73   6.13516406e+13 -1.05338524e+11  6.53e+04 2.40e-02  3.08e+04   713s
[2025-09-15 07:28:21] DEBUG    74   6.13085783e+13 -1.03370033e+11  6.49e+04 2.40e-02  3.04e+04   720s
[2025-09-15 07:28:32] DEBUG    75   6.10639091e+13 -1.01028788e+11  6.27e+04 2.39e-02  2.94e+04   731s
[2025-09-15 07:28:41] DEBUG    76   6.09695184e+13 -9.91496448e+10  6.18e+04 2.39e-02  2.89e+04   740s
[2025-09-15 07:28:48] DEBUG    77   6.08415637e+13 -9.70332448e+10  6.07e+04 2.38e-02  2.82e+04   747s
[2025-09-15 07:28:56] DEBUG    78   6.07894167e+13 -9.51414485e+10  6.02e+04 2.38e-02  2.78e+04   755s
[2025-09-15 07:29:02] DEBUG    79   6.06706187e+13 -9.42557181e+10  5.92e+04 2.37e-02  2.74e+04   761s
[2025-09-15 07:29:08] DEBUG    80   6.06439642e+13 -9.32630822e+10  5.90e+04 2.37e-02  2.72e+04   767s
[2025-09-15 07:29:16] DEBUG    81   6.05534969e+13 -9.13053605e+10  5.82e+04 2.36e-02  2.67e+04   775s
[2025-09-15 07:29:22] DEBUG    82   6.04293067e+13 -9.05463815e+10  5.71e+04 2.36e-02  3.31e+04   781s
[2025-09-15 07:29:32] DEBUG    83   6.03486301e+13 -8.90516247e+10  5.65e+04 2.36e-02  3.26e+04   791s
[2025-09-15 07:29:41] DEBUG    84   6.03126596e+13 -8.73801986e+10  5.62e+04 2.35e-02  3.40e+04   800s
[2025-09-15 07:29:51] DEBUG    85   6.03010783e+13 -8.55935266e+10  5.61e+04 2.35e-02  3.35e+04   810s
[2025-09-15 07:30:01] DEBUG    86   6.01220079e+13 -8.45113035e+10  5.46e+04 2.34e-02  3.34e+04   820s
[2025-09-15 07:30:10] DEBUG    87   6.00775960e+13 -8.21035498e+10  5.42e+04 2.33e-02  3.27e+04   829s
[2025-09-15 07:30:20] DEBUG    88   6.00698488e+13 -8.15376847e+10  5.41e+04 2.33e-02  3.28e+04   839s
[2025-09-15 07:30:31] DEBUG    89   5.99597761e+13 -8.00275063e+10  5.32e+04 2.33e-02  3.22e+04   850s
[2025-09-15 07:30:40] DEBUG    90   5.99293539e+13 -7.80847102e+10  5.30e+04 2.32e-02  3.17e+04   858s
[2025-09-15 07:30:46] DEBUG    91   5.97587057e+13 -7.65184175e+10  5.16e+04 2.31e-02  3.09e+04   865s
[2025-09-15 07:30:55] DEBUG    92   5.96564197e+13 -7.52627481e+10  5.08e+04 2.31e-02  3.04e+04   874s
[2025-09-15 07:31:06] DEBUG    93   5.95385644e+13 -7.31742646e+10  4.99e+04 2.30e-02  2.96e+04   885s
[2025-09-15 07:31:17] DEBUG    94   5.94188197e+13 -7.15062234e+10  4.90e+04 2.29e-02  2.89e+04   896s
[2025-09-15 07:31:23] DEBUG    95   5.93405157e+13 -7.06784139e+10  4.84e+04 2.29e-02  2.85e+04   902s
[2025-09-15 07:31:33] DEBUG    96   5.91614566e+13 -6.89939796e+10  4.71e+04 2.28e-02  2.77e+04   912s
[2025-09-15 07:31:40] DEBUG    97   5.90606189e+13 -6.79876634e+10  4.63e+04 2.28e-02  2.72e+04   919s
[2025-09-15 07:31:49] DEBUG    98   5.88977964e+13 -6.69497675e+10  4.51e+04 2.27e-02  2.66e+04   928s
[2025-09-15 07:31:59] DEBUG    99   5.88848376e+13 -6.62225086e+10  4.50e+04 2.27e-02  2.64e+04   938s
[2025-09-15 07:32:09] DEBUG    100   5.88275339e+13 -6.51637750e+10  4.46e+04 2.27e-02  2.61e+04   948s
[2025-09-15 07:32:18] DEBUG    101   5.85777697e+13 -6.33047118e+10  4.29e+04 2.26e-02  2.53e+04   957s
[2025-09-15 07:32:28] DEBUG    102   5.84513561e+13 -6.16131612e+10  4.20e+04 2.27e-02  2.47e+04   967s
[2025-09-15 07:32:36] DEBUG    103   5.84123072e+13 -6.01591661e+10  4.18e+04 2.32e-02  2.43e+04   975s
[2025-09-15 07:32:47] DEBUG    104   5.82872627e+13 -5.91973410e+10  4.09e+04 2.35e-02  2.38e+04   986s
[2025-09-15 07:32:54] DEBUG    105   5.82090226e+13 -5.81899191e+10  4.04e+04 2.39e-02  2.34e+04   993s
[2025-09-15 07:33:04] DEBUG    106   5.80688639e+13 -5.71048450e+10  3.95e+04 2.43e-02  2.28e+04  1003s
[2025-09-15 07:33:12] DEBUG    107   5.80289597e+13 -5.60650933e+10  3.93e+04 2.46e-02  2.25e+04  1011s
[2025-09-15 07:33:21] DEBUG    108   5.79370294e+13 -5.52989145e+10  3.87e+04 2.48e-02  2.22e+04  1020s
[2025-09-15 07:33:29] DEBUG    109   5.78064252e+13 -5.40791416e+10  3.79e+04 2.52e-02  2.16e+04  1028s
[2025-09-15 07:33:39] DEBUG    110   5.76163344e+13 -5.28778100e+10  3.67e+04 2.55e-02  2.10e+04  1038s
[2025-09-15 07:33:45] DEBUG    111   5.75711253e+13 -5.23219027e+10  3.64e+04 2.56e-02  2.08e+04  1044s
[2025-09-15 07:33:51] DEBUG    112   5.74633593e+13 -5.17526662e+10  3.58e+04 2.57e-02  2.05e+04  1050s
[2025-09-15 07:33:58] DEBUG    113   5.73835672e+13 -5.13915228e+10  3.53e+04 2.58e-02  2.05e+04  1057s
[2025-09-15 07:34:08] DEBUG    114   5.73308386e+13 -5.04814407e+10  3.50e+04 2.60e-02  2.02e+04  1066s
[2025-09-15 07:34:16] DEBUG    115   5.72896101e+13 -4.97611073e+10  3.48e+04 2.61e-02  2.00e+04  1075s
[2025-09-15 07:34:23] DEBUG    116   5.72857078e+13 -4.93357493e+10  3.47e+04 2.62e-02  1.99e+04  1082s
[2025-09-15 07:34:32] DEBUG    117   5.71754102e+13 -4.85584185e+10  3.41e+04 2.65e-02  1.96e+04  1091s
[2025-09-15 07:34:40] DEBUG    118   5.71386409e+13 -4.79209108e+10  3.39e+04 2.66e-02  1.94e+04  1099s
[2025-09-15 07:34:49] DEBUG    119   5.70952861e+13 -4.72718455e+10  3.37e+04 2.68e-02  1.91e+04  1108s
[2025-09-15 07:34:59] DEBUG    120   5.70766770e+13 -4.64152146e+10  3.36e+04 2.70e-02  1.90e+04  1117s
[2025-09-15 07:35:07] DEBUG    121   5.69376515e+13 -4.59361904e+10  3.28e+04 2.71e-02  1.86e+04  1126s
[2025-09-15 07:35:15] DEBUG    122   5.68851652e+13 -4.55032984e+10  3.25e+04 2.72e-02  1.85e+04  1134s
[2025-09-15 07:35:24] DEBUG    123   5.68323942e+13 -4.49848243e+10  3.22e+04 2.74e-02  1.82e+04  1143s
[2025-09-15 07:35:35] DEBUG    124   5.67494573e+13 -4.37473762e+10  3.18e+04 2.76e-02  1.78e+04  1154s
[2025-09-15 07:35:42] DEBUG    125   5.66333845e+13 -4.33244684e+10  3.11e+04 2.77e-02  1.75e+04  1161s
[2025-09-15 07:35:54] DEBUG    126   5.65454981e+13 -4.24820492e+10  3.07e+04 2.79e-02  1.72e+04  1172s
[2025-09-15 07:36:03] DEBUG    127   5.64993080e+13 -4.19885108e+10  3.05e+04 2.80e-02  1.70e+04  1182s
[2025-09-15 07:36:10] DEBUG    128   5.64245640e+13 -4.15281917e+10  3.01e+04 2.81e-02  1.68e+04  1189s
[2025-09-15 07:36:16] DEBUG    129   5.63266904e+13 -4.10473840e+10  2.96e+04 2.82e-02  1.65e+04  1195s
[2025-09-15 07:36:24] DEBUG    130   5.61597076e+13 -4.06258228e+10  2.87e+04 2.82e-02  1.62e+04  1203s
[2025-09-15 07:36:33] DEBUG    131   5.60856988e+13 -3.97792707e+10  2.84e+04 2.83e-02  1.59e+04  1212s
[2025-09-15 07:36:42] DEBUG    132   5.60570005e+13 -3.93948497e+10  2.82e+04 2.84e-02  1.57e+04  1221s
[2025-09-15 07:36:51] DEBUG    133   5.59978631e+13 -3.88441869e+10  2.80e+04 2.84e-02  1.55e+04  1230s
[2025-09-15 07:37:02] DEBUG    134   5.59678545e+13 -3.81452167e+10  2.78e+04 2.85e-02  1.55e+04  1241s
[2025-09-15 07:37:09] DEBUG    135   5.59622441e+13 -3.76627701e+10  2.78e+04 2.86e-02  1.53e+04  1248s
[2025-09-15 07:37:17] DEBUG    136   5.59015947e+13 -3.70727755e+10  2.75e+04 2.86e-02  1.52e+04  1256s
[2025-09-15 07:37:23] DEBUG    137   5.58493408e+13 -3.67870440e+10  2.73e+04 2.86e-02  1.51e+04  1262s
[2025-09-15 07:37:33] DEBUG    138   5.57737764e+13 -3.64811106e+10  2.69e+04 2.86e-02  1.50e+04  1272s
[2025-09-15 07:37:44] DEBUG    139   5.57376640e+13 -3.57972117e+10  2.68e+04 2.86e-02  1.47e+04  1283s
[2025-09-15 07:37:52] DEBUG    140   5.56779510e+13 -3.52184895e+10  2.65e+04 2.86e-02  1.45e+04  1291s
[2025-09-15 07:38:02] DEBUG    141   5.55565264e+13 -3.47079104e+10  2.59e+04 2.85e-02  1.42e+04  1301s
[2025-09-15 07:38:10] DEBUG    142   5.55071834e+13 -3.41825753e+10  2.57e+04 2.85e-02  1.40e+04  1309s
[2025-09-15 07:38:18] DEBUG    143   5.54212721e+13 -3.37811912e+10  2.53e+04 2.84e-02  1.38e+04  1317s
[2025-09-15 07:38:28] DEBUG    144   5.53582898e+13 -3.31586244e+10  2.51e+04 2.84e-02  1.36e+04  1327s
[2025-09-15 07:38:37] DEBUG    145   5.53042999e+13 -3.27821090e+10  2.48e+04 2.83e-02  1.34e+04  1336s
[2025-09-15 07:38:45] DEBUG    146   5.52925593e+13 -3.23533753e+10  2.48e+04 2.83e-02  1.33e+04  1344s
[2025-09-15 07:38:55] DEBUG    147   5.52500462e+13 -3.19296054e+10  2.46e+04 2.82e-02  1.32e+04  1354s
[2025-09-15 07:39:05] DEBUG    148   5.52180305e+13 -3.14667447e+10  2.45e+04 2.81e-02  1.32e+04  1363s
[2025-09-15 07:39:15] DEBUG    149   5.51425668e+13 -3.10233623e+10  2.41e+04 2.80e-02  1.30e+04  1374s
[2025-09-15 07:39:23] DEBUG    150   5.50933132e+13 -3.06062710e+10  2.39e+04 2.79e-02  1.29e+04  1382s
[2025-09-15 07:39:32] DEBUG    151   5.50413015e+13 -3.01752998e+10  2.37e+04 2.78e-02  1.28e+04  1391s
[2025-09-15 07:39:41] DEBUG    152   5.49958782e+13 -2.97051524e+10  2.35e+04 2.77e-02  1.26e+04  1400s
[2025-09-15 07:39:50] DEBUG    153   5.49771310e+13 -2.93170644e+10  2.34e+04 2.75e-02  1.25e+04  1409s
[2025-09-15 07:40:00] DEBUG    154   5.49463211e+13 -2.88293747e+10  2.33e+04 2.74e-02  1.25e+04  1419s
[2025-09-15 07:40:11] DEBUG    155   5.48981237e+13 -2.84070235e+10  2.31e+04 2.73e-02  1.23e+04  1430s
[2025-09-15 07:40:19] DEBUG    156   5.48669787e+13 -2.79761519e+10  2.30e+04 2.72e-02  1.22e+04  1438s
[2025-09-15 07:40:29] DEBUG    157   5.48022428e+13 -2.75686919e+10  2.27e+04 2.70e-02  1.21e+04  1448s
[2025-09-15 07:40:36] DEBUG    158   5.47288958e+13 -2.71881814e+10  2.24e+04 2.69e-02  1.19e+04  1455s
[2025-09-15 07:40:44] DEBUG    159   5.46715428e+13 -2.70186314e+10  2.22e+04 2.69e-02  1.18e+04  1463s
[2025-09-15 07:40:52] DEBUG    160   5.46145277e+13 -2.65536268e+10  2.20e+04 2.67e-02  1.17e+04  1471s
[2025-09-15 07:41:00] DEBUG    161   5.45850201e+13 -2.63728809e+10  2.19e+04 2.67e-02  1.16e+04  1479s
[2025-09-15 07:41:08] DEBUG    162   5.45574508e+13 -2.60130919e+10  2.18e+04 2.65e-02  1.15e+04  1487s
[2025-09-15 07:41:16] DEBUG    163   5.45200516e+13 -2.56356108e+10  2.16e+04 2.64e-02  1.14e+04  1495s
[2025-09-15 07:41:24] DEBUG    164   5.44419398e+13 -2.54563728e+10  2.13e+04 2.63e-02  1.13e+04  1503s
[2025-09-15 07:41:34] DEBUG    165   5.43998059e+13 -2.51253426e+10  2.12e+04 2.62e-02  1.12e+04  1513s
[2025-09-15 07:41:44] DEBUG    166   5.43532191e+13 -2.48984473e+10  2.10e+04 2.61e-02  1.11e+04  1523s
[2025-09-15 07:41:57] DEBUG    167   5.42821268e+13 -2.46349564e+10  2.07e+04 2.60e-02  1.09e+04  1536s
[2025-09-15 07:42:06] DEBUG    168   5.42535200e+13 -2.44519002e+10  2.06e+04 2.58e-02  1.09e+04  1545s
[2025-09-15 07:42:13] DEBUG    169   5.41996708e+13 -2.43888332e+10  2.04e+04 2.58e-02  1.08e+04  1552s
[2025-09-15 07:42:23] DEBUG    170   5.40658160e+13 -2.40848710e+10  2.00e+04 2.56e-02  1.05e+04  1562s
[2025-09-15 07:42:31] DEBUG    171   5.40117293e+13 -2.38594241e+10  1.98e+04 2.55e-02  1.04e+04  1570s
[2025-09-15 07:42:39] DEBUG    172   5.39603277e+13 -2.34953043e+10  1.96e+04 2.53e-02  1.03e+04  1578s
[2025-09-15 07:42:48] DEBUG    173   5.39181342e+13 -2.31759612e+10  1.94e+04 2.52e-02  1.01e+04  1587s
[2025-09-15 07:42:59] DEBUG    174   5.38930637e+13 -2.29391023e+10  1.94e+04 2.50e-02  1.01e+04  1598s
[2025-09-15 07:43:10] DEBUG    175   5.37649977e+13 -2.26768760e+10  1.89e+04 2.49e-02  9.83e+03  1609s
[2025-09-15 07:43:19] DEBUG    176   5.37164735e+13 -2.24209677e+10  1.87e+04 2.47e-02  9.77e+03  1618s
[2025-09-15 07:43:26] DEBUG    177   5.36650652e+13 -2.22340849e+10  1.86e+04 2.46e-02  9.66e+03  1625s
[2025-09-15 07:43:38] DEBUG    178   5.35955273e+13 -2.20157379e+10  1.83e+04 2.44e-02  9.56e+03  1637s
[2025-09-15 07:43:47] DEBUG    179   5.35450651e+13 -2.18149916e+10  1.82e+04 2.43e-02  9.45e+03  1646s
[2025-09-15 07:43:54] DEBUG    180   5.34882459e+13 -2.16354576e+10  1.80e+04 2.42e-02  9.34e+03  1653s
[2025-09-15 07:44:03] DEBUG    181   5.34443731e+13 -2.14261830e+10  1.78e+04 2.40e-02  9.23e+03  1662s
[2025-09-15 07:44:14] DEBUG    182   5.34033377e+13 -2.12322046e+10  1.77e+04 2.39e-02  9.13e+03  1673s
[2025-09-15 07:44:24] DEBUG    183   5.33622241e+13 -2.10285248e+10  1.76e+04 2.37e-02  9.03e+03  1683s
[2025-09-15 07:44:34] DEBUG    184   5.33139160e+13 -2.08672854e+10  1.74e+04 2.36e-02  8.93e+03  1693s
[2025-09-15 07:44:42] DEBUG    185   5.32702879e+13 -2.07378643e+10  1.73e+04 2.35e-02  8.85e+03  1701s
[2025-09-15 07:44:50] DEBUG    186   5.32301695e+13 -2.06049603e+10  1.72e+04 2.34e-02  8.77e+03  1709s
[2025-09-15 07:44:58] DEBUG    187   5.31901064e+13 -2.04368435e+10  1.70e+04 2.33e-02  8.78e+03  1717s
[2025-09-15 07:45:08] DEBUG    188   5.31584053e+13 -2.02923283e+10  1.69e+04 2.32e-02  8.74e+03  1727s
[2025-09-15 07:45:14] DEBUG    189   5.31024986e+13 -2.01397052e+10  1.68e+04 2.30e-02  8.66e+03  1733s
[2025-09-15 07:45:23] DEBUG    190   5.30534379e+13 -2.00178830e+10  1.66e+04 2.29e-02  8.59e+03  1742s
[2025-09-15 07:45:31] DEBUG    191   5.30361157e+13 -1.98781488e+10  1.66e+04 2.28e-02  8.54e+03  1750s
[2025-09-15 07:45:39] DEBUG    192   5.30002849e+13 -1.97062979e+10  1.65e+04 2.27e-02  8.47e+03  1758s
[2025-09-15 07:45:47] DEBUG    193   5.29373101e+13 -1.95446905e+10  1.63e+04 2.25e-02  8.38e+03  1766s
[2025-09-15 07:45:57] DEBUG    194   5.29210912e+13 -1.94425108e+10  1.62e+04 2.24e-02  8.34e+03  1776s
[2025-09-15 07:46:05] DEBUG    195   5.28944187e+13 -1.93252246e+10  1.61e+04 2.23e-02  8.28e+03  1784s
[2025-09-15 07:46:12] DEBUG    196   5.28785656e+13 -1.92171236e+10  1.61e+04 2.22e-02  8.26e+03  1791s
[2025-09-15 07:46:24] DEBUG    197   5.28517799e+13 -1.90562736e+10  1.60e+04 2.21e-02  8.20e+03  1803s
[2025-09-15 07:46:37] DEBUG    198   5.27917062e+13 -1.88974206e+10  1.58e+04 2.20e-02  8.12e+03  1816s
[2025-09-15 07:46:46] DEBUG    199   5.27655366e+13 -1.87891372e+10  1.58e+04 2.19e-02  8.08e+03  1825s
[2025-09-15 07:46:55] DEBUG    200   5.26928425e+13 -1.86498092e+10  1.56e+04 2.17e-02  7.96e+03  1834s
[2025-09-15 07:47:03] DEBUG    201   5.26795139e+13 -1.84999632e+10  1.55e+04 2.16e-02  7.92e+03  1842s
[2025-09-15 07:47:11] DEBUG    202   5.25892746e+13 -1.83334477e+10  1.53e+04 2.14e-02  7.78e+03  1850s
[2025-09-15 07:47:19] DEBUG    203   5.25575758e+13 -1.82225167e+10  1.52e+04 2.13e-02  7.75e+03  1858s
[2025-09-15 07:47:27] DEBUG    204   5.24952467e+13 -1.80958462e+10  1.50e+04 2.12e-02  7.65e+03  1866s
[2025-09-15 07:47:37] DEBUG    205   5.24028404e+13 -1.79507868e+10  1.48e+04 2.11e-02  7.54e+03  1876s
[2025-09-15 07:47:47] DEBUG    206   5.23748382e+13 -1.78137277e+10  1.47e+04 2.09e-02  7.47e+03  1886s
[2025-09-15 07:47:55] DEBUG    207   5.23370515e+13 -1.77175819e+10  1.46e+04 2.08e-02  7.40e+03  1894s
[2025-09-15 07:48:04] DEBUG    208   5.22931152e+13 -1.76204573e+10  1.45e+04 2.07e-02  7.36e+03  1903s
[2025-09-15 07:48:12] DEBUG    209   5.22342234e+13 -1.75037566e+10  1.43e+04 2.06e-02  7.28e+03  1911s
[2025-09-15 07:48:23] DEBUG    210   5.21871472e+13 -1.73904439e+10  1.42e+04 2.05e-02  7.22e+03  1922s
[2025-09-15 07:48:32] DEBUG    211   5.20910366e+13 -1.72550141e+10  1.39e+04 2.04e-02  7.08e+03  1931s
[2025-09-15 07:48:41] DEBUG    212   5.20463689e+13 -1.71458467e+10  1.38e+04 2.02e-02  7.02e+03  1940s
[2025-09-15 07:48:50] DEBUG    213   5.19566022e+13 -1.69801546e+10  1.36e+04 2.01e-02  6.89e+03  1949s
[2025-09-15 07:48:58] DEBUG    214   5.19219765e+13 -1.69440862e+10  1.35e+04 2.00e-02  6.87e+03  1957s
[2025-09-15 07:49:07] DEBUG    215   5.18592418e+13 -1.68537705e+10  1.33e+04 1.99e-02  6.78e+03  1966s
[2025-09-15 07:49:14] DEBUG    216   5.17979959e+13 -1.67419981e+10  1.32e+04 1.98e-02  6.70e+03  1973s
[2025-09-15 07:49:23] DEBUG    217   5.17731100e+13 -1.66592150e+10  1.31e+04 1.97e-02  6.66e+03  1982s
[2025-09-15 07:49:33] DEBUG    218   5.16780747e+13 -1.65342587e+10  1.29e+04 1.95e-02  6.54e+03  1992s
[2025-09-15 07:49:42] DEBUG    219   5.16447930e+13 -1.64430301e+10  1.28e+04 1.94e-02  6.50e+03  2001s
[2025-09-15 07:49:49] DEBUG    220   5.15769034e+13 -1.63565515e+10  1.26e+04 1.93e-02  6.41e+03  2008s
[2025-09-15 07:50:00] DEBUG    221   5.15313281e+13 -1.62015811e+10  1.25e+04 1.91e-02  6.34e+03  2019s
[2025-09-15 07:50:08] DEBUG    222   5.14493577e+13 -1.60996588e+10  1.23e+04 1.90e-02  6.24e+03  2027s
[2025-09-15 07:50:15] DEBUG    223   5.13865199e+13 -1.59900840e+10  1.22e+04 1.88e-02  6.16e+03  2034s
[2025-09-15 07:50:24] DEBUG    224   5.13512965e+13 -1.59359114e+10  1.21e+04 1.88e-02  6.11e+03  2043s
[2025-09-15 07:50:29] DEBUG    225   5.13363512e+13 -1.59248074e+10  1.21e+04 1.88e-02  6.10e+03  2048s
[2025-09-15 07:50:39] DEBUG    226   5.13181397e+13 -1.58458012e+10  1.20e+04 1.87e-02  6.09e+03  2058s
[2025-09-15 07:50:46] DEBUG    227   5.12945090e+13 -1.57913074e+10  1.20e+04 1.86e-02  6.07e+03  2065s
[2025-09-15 07:50:54] DEBUG    228   5.12793374e+13 -1.56923233e+10  1.20e+04 1.85e-02  6.04e+03  2073s
[2025-09-15 07:51:02] DEBUG    229   5.12450336e+13 -1.56244482e+10  1.19e+04 1.84e-02  6.01e+03  2081s
[2025-09-15 07:51:12] DEBUG    230   5.11778695e+13 -1.55282306e+10  1.17e+04 1.83e-02  5.94e+03  2091s
[2025-09-15 07:51:19] DEBUG    231   5.11397941e+13 -1.54357572e+10  1.16e+04 1.83e-02  5.89e+03  2098s
[2025-09-15 07:51:26] DEBUG    232   5.10236523e+13 -1.53494122e+10  1.14e+04 1.83e-02  5.77e+03  2104s
[2025-09-15 07:51:34] DEBUG    233   5.10131537e+13 -1.52695719e+10  1.14e+04 1.83e-02  5.75e+03  2113s
[2025-09-15 07:51:41] DEBUG    234   5.09877656e+13 -1.52584329e+10  1.13e+04 1.83e-02  5.72e+03  2120s
[2025-09-15 07:51:49] DEBUG    235   5.09722184e+13 -1.52081597e+10  1.13e+04 1.82e-02  5.72e+03  2128s
[2025-09-15 07:52:00] DEBUG    236   5.08519315e+13 -1.51298316e+10  1.10e+04 1.82e-02  5.61e+03  2139s
[2025-09-15 07:52:10] DEBUG    237   5.08217368e+13 -1.50411038e+10  1.10e+04 1.82e-02  5.56e+03  2149s
[2025-09-15 07:52:21] DEBUG    238   5.07915331e+13 -1.49781943e+10  1.09e+04 1.82e-02  5.52e+03  2159s
[2025-09-15 07:52:32] DEBUG    239   5.07575361e+13 -1.48936522e+10  1.08e+04 1.82e-02  5.48e+03  2171s
[2025-09-15 07:52:40] DEBUG    240   5.07172539e+13 -1.48470860e+10  1.07e+04 1.82e-02  5.45e+03  2179s
[2025-09-15 07:52:50] DEBUG    241   5.05919546e+13 -1.47614698e+10  1.05e+04 1.81e-02  5.33e+03  2189s
[2025-09-15 07:52:59] DEBUG    242   5.05633643e+13 -1.46731841e+10  1.04e+04 1.81e-02  5.29e+03  2198s
[2025-09-15 07:53:08] DEBUG    243   5.04775377e+13 -1.45765629e+10  1.03e+04 1.81e-02  5.19e+03  2207s
[2025-09-15 07:53:16] DEBUG    244   5.04532430e+13 -1.44887610e+10  1.02e+04 1.81e-02  5.16e+03  2215s
[2025-09-15 07:53:26] DEBUG    245   5.04192764e+13 -1.44254839e+10  1.01e+04 1.80e-02  5.12e+03  2225s
[2025-09-15 07:53:33] DEBUG    246   5.04057293e+13 -1.43743880e+10  1.01e+04 1.80e-02  5.12e+03  2232s
[2025-09-15 07:53:43] DEBUG    247   5.03601866e+13 -1.43021737e+10  1.00e+04 1.80e-02  5.08e+03  2242s
[2025-09-15 07:53:52] DEBUG    248   5.03345428e+13 -1.42395362e+10  9.97e+03 1.80e-02  5.05e+03  2251s
[2025-09-15 07:54:04] DEBUG    249   5.03033982e+13 -1.41679660e+10  9.92e+03 1.80e-02  5.02e+03  2263s
[2025-09-15 07:54:13] DEBUG    250   5.02308214e+13 -1.41099375e+10  9.78e+03 1.80e-02  4.96e+03  2272s
[2025-09-15 07:54:22] DEBUG    251   5.02102004e+13 -1.40482164e+10  9.74e+03 1.79e-02  4.93e+03  2281s
[2025-09-15 07:54:33] DEBUG    252   5.01889582e+13 -1.40023218e+10  9.70e+03 1.79e-02  4.91e+03  2291s
[2025-09-15 07:54:39] DEBUG    253   5.01158620e+13 -1.39866624e+10  9.56e+03 1.79e-02  4.87e+03  2298s
[2025-09-15 07:54:48] DEBUG    254   5.00891764e+13 -1.39303642e+10  9.51e+03 1.79e-02  4.83e+03  2307s
[2025-09-15 07:54:56] DEBUG    255   5.00756934e+13 -1.38800199e+10  9.49e+03 1.79e-02  4.81e+03  2314s
[2025-09-15 07:55:03] DEBUG    256   5.00071501e+13 -1.38796609e+10  9.36e+03 1.79e-02  4.78e+03  2322s
[2025-09-15 07:55:14] DEBUG    257   4.99436378e+13 -1.38253152e+10  9.25e+03 1.79e-02  4.72e+03  2333s
[2025-09-15 07:55:22] DEBUG    258   4.99019886e+13 -1.37621184e+10  9.17e+03 1.78e-02  4.67e+03  2341s
[2025-09-15 07:55:31] DEBUG    259   4.98366732e+13 -1.36985340e+10  9.06e+03 1.78e-02  4.60e+03  2350s
[2025-09-15 07:55:37] DEBUG    260   4.97966624e+13 -1.36756960e+10  8.99e+03 1.78e-02  4.58e+03  2356s
[2025-09-15 07:55:46] DEBUG    261   4.97124839e+13 -1.36173355e+10  8.84e+03 1.78e-02  4.51e+03  2365s
[2025-09-15 07:55:52] DEBUG    262   4.96859494e+13 -1.35631943e+10  8.79e+03 1.78e-02  4.48e+03  2371s
[2025-09-15 07:55:59] DEBUG    263   4.96311294e+13 -1.35368121e+10  8.70e+03 1.78e-02  4.44e+03  2378s
[2025-09-15 07:56:06] DEBUG    264   4.95937316e+13 -1.35043377e+10  8.63e+03 1.78e-02  4.41e+03  2385s
[2025-09-15 07:56:15] DEBUG    265   4.95382273e+13 -1.34613057e+10  8.54e+03 1.78e-02  4.36e+03  2394s
[2025-09-15 07:56:24] DEBUG    266   4.95256631e+13 -1.34363343e+10  8.52e+03 1.77e-02  4.35e+03  2403s
[2025-09-15 07:56:34] DEBUG    267   4.94885310e+13 -1.33776863e+10  8.46e+03 1.77e-02  4.31e+03  2413s
[2025-09-15 07:56:45] DEBUG    268   4.94583158e+13 -1.33311212e+10  8.41e+03 1.77e-02  4.29e+03  2424s
[2025-09-15 07:56:54] DEBUG    269   4.93638399e+13 -1.32541064e+10  8.25e+03 1.77e-02  4.21e+03  2433s
[2025-09-15 07:57:04] DEBUG    270   4.93421972e+13 -1.32177144e+10  8.22e+03 1.77e-02  4.20e+03  2443s
[2025-09-15 07:57:12] DEBUG    271   4.92808902e+13 -1.31638845e+10  8.12e+03 1.77e-02  4.14e+03  2451s
[2025-09-15 07:57:21] DEBUG    272   4.92547288e+13 -1.31369865e+10  8.08e+03 1.76e-02  4.13e+03  2460s
[2025-09-15 07:57:29] DEBUG    273   4.92146429e+13 -1.30982665e+10  8.01e+03 1.76e-02  4.09e+03  2468s
[2025-09-15 07:57:38] DEBUG    274   4.91831798e+13 -1.30610545e+10  7.96e+03 1.76e-02  4.07e+03  2477s
[2025-09-15 07:57:46] DEBUG    275   4.91726348e+13 -1.30278779e+10  7.95e+03 1.76e-02  4.06e+03  2485s
[2025-09-15 07:57:54] DEBUG    276   4.91549579e+13 -1.30282476e+10  7.92e+03 1.76e-02  4.06e+03  2493s
[2025-09-15 07:58:03] DEBUG    277   4.91318493e+13 -1.30191583e+10  7.88e+03 1.76e-02  4.04e+03  2502s
[2025-09-15 07:58:10] DEBUG    278   4.91231724e+13 -1.29973921e+10  7.87e+03 1.76e-02  4.04e+03  2509s
[2025-09-15 07:58:26] DEBUG    279   4.90660064e+13 -1.29561174e+10  7.78e+03 1.76e-02  4.00e+03  2525s
[2025-09-15 07:58:34] DEBUG    280   4.90641000e+13 -1.29467807e+10  7.78e+03 1.76e-02  4.00e+03  2533s
[2025-09-15 07:58:44] DEBUG    281   4.90078672e+13 -1.29332054e+10  7.69e+03 1.75e-02  3.97e+03  2543s
[2025-09-15 07:58:51] DEBUG    282   4.89335511e+13 -1.29104650e+10  7.58e+03 1.75e-02  3.91e+03  2550s
[2025-09-15 07:59:00] DEBUG    283   4.89116807e+13 -1.28733777e+10  7.54e+03 1.75e-02  3.89e+03  2559s
[2025-09-15 07:59:08] DEBUG    284   4.88673195e+13 -1.28382890e+10  7.48e+03 1.75e-02  3.85e+03  2567s
[2025-09-15 07:59:18] DEBUG    285   4.88615687e+13 -1.28249654e+10  7.47e+03 1.75e-02  3.85e+03  2577s
[2025-09-15 07:59:28] DEBUG    286   4.87842576e+13 -1.28046859e+10  7.35e+03 1.75e-02  3.80e+03  2587s
[2025-09-15 07:59:35] DEBUG    287   4.87766027e+13 -1.27828760e+10  7.34e+03 1.75e-02  3.79e+03  2594s
[2025-09-15 07:59:45] DEBUG    288   4.87692117e+13 -1.27538521e+10  7.33e+03 1.75e-02  3.77e+03  2604s
[2025-09-15 07:59:55] DEBUG    289   4.87123279e+13 -1.27209226e+10  7.25e+03 1.75e-02  3.74e+03  2613s
[2025-09-15 08:00:03] DEBUG    290   4.86637959e+13 -1.26981845e+10  7.18e+03 1.74e-02  3.71e+03  2622s
[2025-09-15 08:00:11] DEBUG    291   4.86433005e+13 -1.26717890e+10  7.15e+03 1.74e-02  3.69e+03  2630s
[2025-09-15 08:00:26] DEBUG    292   4.85035250e+13 -1.26143825e+10  6.95e+03 1.74e-02  3.60e+03  2645s
[2025-09-15 08:00:32] DEBUG    293   4.84568868e+13 -1.26001192e+10  6.88e+03 1.74e-02  3.57e+03  2651s
[2025-09-15 08:00:38] DEBUG    294   4.84428272e+13 -1.25738306e+10  6.86e+03 1.74e-02  3.55e+03  2657s
[2025-09-15 08:00:47] DEBUG    295   4.84293381e+13 -1.25466271e+10  6.85e+03 1.74e-02  3.54e+03  2665s
[2025-09-15 08:00:54] DEBUG    296   4.84180472e+13 -1.25311489e+10  6.83e+03 1.74e-02  3.54e+03  2673s
[2025-09-15 08:01:05] DEBUG    297   4.83577329e+13 -1.25132134e+10  6.75e+03 1.73e-02  3.50e+03  2684s
[2025-09-15 08:01:16] DEBUG    298   4.83437320e+13 -1.24963608e+10  6.73e+03 1.73e-02  3.49e+03  2695s
[2025-09-15 08:01:25] DEBUG    299   4.83361355e+13 -1.24774493e+10  6.72e+03 1.73e-02  3.48e+03  2704s
[2025-09-15 08:01:34] DEBUG    300   4.83039633e+13 -1.24575604e+10  6.67e+03 1.73e-02  3.47e+03  2713s
[2025-09-15 08:01:42] DEBUG    301   4.82785344e+13 -1.24364289e+10  6.64e+03 1.73e-02  3.45e+03  2721s
[2025-09-15 08:01:54] DEBUG    302   4.82300233e+13 -1.24205941e+10  6.57e+03 1.73e-02  3.43e+03  2733s
[2025-09-15 08:02:05] DEBUG    303   4.82102009e+13 -1.23823606e+10  6.55e+03 1.73e-02  3.40e+03  2744s
[2025-09-15 08:02:16] DEBUG    304   4.80892395e+13 -1.23564438e+10  6.39e+03 1.72e-02  3.34e+03  2755s
[2025-09-15 08:02:22] DEBUG    305   4.80590826e+13 -1.23466283e+10  6.35e+03 1.72e-02  3.32e+03  2761s
[2025-09-15 08:02:29] DEBUG    306   4.79859338e+13 -1.23310960e+10  6.26e+03 1.72e-02  3.27e+03  2768s
[2025-09-15 08:02:36] DEBUG    307   4.79801214e+13 -1.23257208e+10  6.25e+03 1.72e-02  3.27e+03  2775s
[2025-09-15 08:02:43] DEBUG    308   4.79781516e+13 -1.23218789e+10  6.25e+03 1.72e-02  3.26e+03  2782s
[2025-09-15 08:02:55] DEBUG    309   4.78955246e+13 -1.22926438e+10  6.14e+03 1.72e-02  3.21e+03  2794s
[2025-09-15 08:03:04] DEBUG    310   4.78736204e+13 -1.22855793e+10  6.11e+03 1.72e-02  3.20e+03  2803s
[2025-09-15 08:03:11] DEBUG    311   4.78271616e+13 -1.22833078e+10  6.06e+03 1.72e-02  3.17e+03  2810s
[2025-09-15 08:03:20] DEBUG    312   4.77900413e+13 -1.22719157e+10  6.01e+03 1.72e-02  3.15e+03  2819s
[2025-09-15 08:03:28] DEBUG    313   4.77095530e+13 -1.22528238e+10  5.91e+03 1.72e-02  3.10e+03  2827s
[2025-09-15 08:03:36] DEBUG    314   4.77039002e+13 -1.22430400e+10  5.91e+03 1.72e-02  3.09e+03  2835s
[2025-09-15 08:03:45] DEBUG    315   4.76916093e+13 -1.22278818e+10  5.89e+03 1.71e-02  3.08e+03  2844s
[2025-09-15 08:03:55] DEBUG    316   4.76878204e+13 -1.22146505e+10  5.89e+03 1.71e-02  3.08e+03  2854s
[2025-09-15 08:04:05] DEBUG    317   4.76517424e+13 -1.21977373e+10  5.84e+03 1.71e-02  3.06e+03  2864s
[2025-09-15 08:04:16] DEBUG    318   4.76285480e+13 -1.21848768e+10  5.81e+03 1.71e-02  3.05e+03  2875s
[2025-09-15 08:04:23] DEBUG    319   4.75868883e+13 -1.21758204e+10  5.77e+03 1.71e-02  3.03e+03  2882s
[2025-09-15 08:04:32] DEBUG    320   4.75709384e+13 -1.21551530e+10  5.75e+03 1.71e-02  3.02e+03  2890s
[2025-09-15 08:04:42] DEBUG    321   4.75494856e+13 -1.21377858e+10  5.72e+03 1.71e-02  3.01e+03  2901s
[2025-09-15 08:04:50] DEBUG    322   4.75272516e+13 -1.21299115e+10  5.70e+03 1.71e-02  3.00e+03  2909s
[2025-09-15 08:04:56] DEBUG    323   4.73921432e+13 -1.21182929e+10  5.54e+03 1.71e-02  2.93e+03  2915s
[2025-09-15 08:05:04] DEBUG    324   4.73758145e+13 -1.20997943e+10  5.52e+03 1.71e-02  2.92e+03  2923s
[2025-09-15 08:05:13] DEBUG    325   4.73737281e+13 -1.20954253e+10  5.52e+03 1.70e-02  2.91e+03  2932s
[2025-09-15 08:05:22] DEBUG    326   4.72826898e+13 -1.21007952e+10  5.41e+03 1.71e-02  2.87e+03  2940s
[2025-09-15 08:05:29] DEBUG    327   4.72783208e+13 -1.20904313e+10  5.41e+03 1.73e-02  2.86e+03  2948s
[2025-09-15 08:05:38] DEBUG    328   4.72594971e+13 -1.20734974e+10  5.39e+03 1.76e-02  2.85e+03  2957s
[2025-09-15 08:05:47] DEBUG    329   4.72248301e+13 -1.20569453e+10  5.35e+03 1.79e-02  2.83e+03  2966s
[2025-09-15 08:05:57] DEBUG    330   4.72104585e+13 -1.20383631e+10  5.33e+03 1.82e-02  2.82e+03  2976s
[2025-09-15 08:06:06] DEBUG    331   4.71816041e+13 -1.20275618e+10  5.30e+03 1.84e-02  2.81e+03  2985s
[2025-09-15 08:06:14] DEBUG    332   4.71483597e+13 -1.20211583e+10  5.27e+03 1.85e-02  2.79e+03  2993s
[2025-09-15 08:06:24] DEBUG    333   4.71296540e+13 -1.20140750e+10  5.25e+03 1.86e-02  2.78e+03  3002s
[2025-09-15 08:06:36] DEBUG    334   4.70929507e+13 -1.20020224e+10  5.21e+03 1.88e-02  2.76e+03  3015s
[2025-09-15 08:06:46] DEBUG    335   4.70649444e+13 -1.19923901e+10  5.18e+03 1.89e-02  2.74e+03  3025s
[2025-09-15 08:06:54] DEBUG    336   4.70533155e+13 -1.19820267e+10  5.16e+03 1.91e-02  2.74e+03  3033s
[2025-09-15 08:07:05] DEBUG    337   4.70291345e+13 -1.19717798e+10  5.14e+03 1.92e-02  2.72e+03  3044s
[2025-09-15 08:07:12] DEBUG    338   4.69962659e+13 -1.19646667e+10  5.10e+03 1.93e-02  2.71e+03  3051s
[2025-09-15 08:07:22] DEBUG    339   4.69734274e+13 -1.19471289e+10  5.08e+03 1.96e-02  2.69e+03  3061s
[2025-09-15 08:07:31] DEBUG    340   4.69414268e+13 -1.19340003e+10  5.05e+03 1.98e-02  2.68e+03  3070s
[2025-09-15 08:07:41] DEBUG    341   4.69292967e+13 -1.19210906e+10  5.03e+03 1.99e-02  2.67e+03  3080s
[2025-09-15 08:07:51] DEBUG    342   4.69111552e+13 -1.19105667e+10  5.01e+03 2.01e-02  2.66e+03  3090s
[2025-09-15 08:08:01] DEBUG    343   4.68669403e+13 -1.18945816e+10  4.97e+03 2.03e-02  2.64e+03  3100s
[2025-09-15 08:08:10] DEBUG    344   4.68605606e+13 -1.18839691e+10  4.96e+03 2.04e-02  2.64e+03  3109s
[2025-09-15 08:08:18] DEBUG    345   4.68307720e+13 -1.18843144e+10  4.93e+03 2.05e-02  2.63e+03  3117s
[2025-09-15 08:08:27] DEBUG    346   4.68104680e+13 -1.18773513e+10  4.91e+03 2.06e-02  2.62e+03  3126s
[2025-09-15 08:08:41] DEBUG    347   4.67463543e+13 -1.18653028e+10  4.84e+03 2.07e-02  2.59e+03  3140s
[2025-09-15 08:08:51] DEBUG    348   4.67172503e+13 -1.18551768e+10  4.82e+03 2.08e-02  2.57e+03  3150s
[2025-09-15 08:08:58] DEBUG    349   4.67108179e+13 -1.18476957e+10  4.81e+03 2.09e-02  2.57e+03  3157s
[2025-09-15 08:09:08] DEBUG    350   4.66867447e+13 -1.18386342e+10  4.78e+03 2.10e-02  2.56e+03  3167s
[2025-09-15 08:09:17] DEBUG    351   4.66826766e+13 -1.18321795e+10  4.78e+03 2.11e-02  2.56e+03  3176s
[2025-09-15 08:09:26] DEBUG    352   4.66535472e+13 -1.18224995e+10  4.75e+03 2.12e-02  2.54e+03  3185s
[2025-09-15 08:09:36] DEBUG    353   4.66469897e+13 -1.18147843e+10  4.75e+03 2.13e-02  2.54e+03  3195s
[2025-09-15 08:09:44] DEBUG    354   4.66060156e+13 -1.18206232e+10  4.70e+03 2.13e-02  2.53e+03  3203s
[2025-09-15 08:09:52] DEBUG    355   4.65970792e+13 -1.18139171e+10  4.70e+03 2.14e-02  2.52e+03  3211s
[2025-09-15 08:10:04] DEBUG    356   4.65125978e+13 -1.18028346e+10  4.61e+03 2.15e-02  2.48e+03  3223s
[2025-09-15 08:10:10] DEBUG    357   4.65021436e+13 -1.17934769e+10  4.60e+03 2.16e-02  2.47e+03  3229s
[2025-09-15 08:10:20] DEBUG    358   4.64560861e+13 -1.17866285e+10  4.56e+03 2.16e-02  2.45e+03  3239s
[2025-09-15 08:10:31] DEBUG    359   4.64324067e+13 -1.17716787e+10  4.54e+03 2.17e-02  2.44e+03  3250s
[2025-09-15 08:10:41] DEBUG    360   4.64195899e+13 -1.17614505e+10  4.52e+03 2.18e-02  2.43e+03  3260s
[2025-09-15 08:10:50] DEBUG    361   4.63678738e+13 -1.17512065e+10  4.48e+03 2.18e-02  2.41e+03  3269s
[2025-09-15 08:10:59] DEBUG    362   4.63510584e+13 -1.17431646e+10  4.46e+03 2.19e-02  2.40e+03  3278s
[2025-09-15 08:11:09] DEBUG    363   4.63274226e+13 -1.17363217e+10  4.44e+03 2.19e-02  2.39e+03  3288s
[2025-09-15 08:11:17] DEBUG    364   4.62898093e+13 -1.17286647e+10  4.40e+03 2.20e-02  2.38e+03  3296s
[2025-09-15 08:11:17] DEBUG    Barrier performed 364 iterations in 3296.15 seconds (833.19 work units)
[2025-09-15 08:11:17] DEBUG    Barrier solve interrupted - model solved by another algorithm
[2025-09-15 08:11:17] DEBUG    Solved with dual simplex
[2025-09-15 08:11:30] DEBUG    Iteration    Objective       Primal Inf.    Dual Inf.      Time
[2025-09-15 08:11:30] DEBUG    781820    1.0737809e+10   0.000000e+00   0.000000e+00   3309s

Solved in 781820 iterations and 3308.77 seconds (1209.64 work units)
[2025-09-15 08:11:30] DEBUG    Optimal objective  1.073780869e+10
✅ Scenario completato: new_trasmission_CG+VRES_2030_nostorage

🚀 Lancio scenario: new_trasmission_GT+VRES_2030_PHES
[2025-09-15 08:27:57] INFO     Loading sets
[2025-09-15 08:27:58] INFO     Loading parameters
[2025-09-15 08:28:36] INFO     constraints are loaded in the following order: ['energy_balance', 'dispatch', 'costs', 'capacity', 'network', 'policy', 'conversion', 'group', 'conversion_plus', 'milp', 'export']
[2025-09-15 08:28:36] INFO     creating energy_balance constraints
[2025-09-15 08:32:04] INFO     creating dispatch constraints
[2025-09-15 08:34:27] INFO     creating costs constraints
[2025-09-15 08:45:15] INFO     creating capacity constraints
[2025-09-15 08:45:15] INFO     creating network constraints
[2025-09-15 08:45:15] INFO     creating policy constraints
[2025-09-15 08:45:15] INFO     creating conversion constraints
[2025-09-15 08:45:15] INFO     creating group constraints
[2025-09-15 08:45:15] INFO     creating conversion_plus constraints
[2025-09-15 08:45:15] INFO     creating milp constraints
[2025-09-15 08:45:15] INFO     creating export constraints
[2025-09-15 09:01:16] DEBUG    Set parameter WLSAccessID
Set parameter WLSSecret
Set parameter LicenseID to value 2680226
[2025-09-15 09:01:16] DEBUG    Academic license 2680226 - for non-commercial use only - registered to an___@mail.polimi.it
[2025-09-15 09:02:00] DEBUG    Read LP format model from file /tmp/tmpbe53wxg1.pyomo.lp
[2025-09-15 09:02:00] DEBUG    Reading time = 44.19 seconds
x21404303: 28316047 rows, 21404303 columns, 70013912 nonzeros
Set parameter NumericFocus to value 1
Gurobi Optimizer version 12.0.2 build v12.0.2rc0 (linux64 - "Debian GNU/Linux 11 (bullseye)")

CPU model: Intel(R) Xeon(R) Silver 4314 CPU @ 2.40GHz, instruction set [SSE2|AVX|AVX2|AVX512]
Thread count: 32 physical cores, 64 logical processors, using up to 32 threads

Non-default parameters:
NumericFocus  1
[2025-09-15 09:02:00] DEBUG    Academic license 2680226 - for non-commercial use only - registered to an___@mail.polimi.it
Optimize a model with 28316047 rows, 21404303 columns and 70013912 nonzeros
[2025-09-15 09:02:01] DEBUG    Model fingerprint: 0x535f1741
[2025-09-15 09:02:02] DEBUG    Coefficient statistics:
  Matrix range     [1e-07, 6e+02]
  Objective range  [1e+00, 1e+06]
  Bounds range     [0e+00, 0e+00]
  RHS range        [1e+00, 6e+09]
Warning: Model contains large rhs
[2025-09-15 09:02:07] DEBUG    Presolve removed 19920346 rows and 11568360 columns (presolve time = 5s)...
[2025-09-15 09:02:12] DEBUG    Presolve removed 20482798 rows and 12116766 columns (presolve time = 10s)...
[2025-09-15 09:02:17] DEBUG    Presolve removed 21452380 rows and 14780000 columns (presolve time = 15s)...
[2025-09-15 09:02:22] DEBUG    Presolve removed 24011494 rows and 17293536 columns (presolve time = 20s)...
[2025-09-15 09:02:56] DEBUG    Presolve removed 24549383 rows and 17547576 columns (presolve time = 54s)...
[2025-09-15 09:02:57] DEBUG    Presolve removed 24549383 rows and 17670216 columns (presolve time = 55s)...
[2025-09-15 09:03:02] DEBUG    Presolve removed 24549383 rows and 17670216 columns (presolve time = 60s)...
[2025-09-15 09:03:02] DEBUG    Presolve removed 24689527 rows and 17670216 columns
[2025-09-15 09:03:43] DEBUG    Presolve time: 103.05s
[2025-09-15 09:03:43] DEBUG    Presolved: 3626520 rows, 3874231 columns, 14762158 nonzeros

Concurrent LP optimizer: primal simplex, dual simplex, and barrier
Showing barrier log only...
[2025-09-15 09:04:17] DEBUG    Elapsed ordering time = 31s
[2025-09-15 09:04:21] DEBUG    Elapsed ordering time = 35s
[2025-09-15 09:04:43] DEBUG    Ordering time: 56.59s
[2025-09-15 09:04:47] DEBUG    Barrier statistics:
[2025-09-15 09:04:47] DEBUG    Dense cols : 200
 AA' NZ     : 1.546e+07
 Factor NZ  : 6.478e+07 (roughly 3.6 GB of memory)
 Factor Ops : 7.110e+09 (less than 1 second per iteration)
 Threads    : 30
[2025-09-15 09:04:52] DEBUG    Objective                Residual
[2025-09-15 09:04:52] DEBUG    Iter       Primal          Dual         Primal    Dual     Compl     Time
[2025-09-15 09:04:53] DEBUG    0   9.43852973e+14 -7.57010191e+14  6.88e+10 2.58e-01  3.66e+11   172s
[2025-09-15 09:04:59] DEBUG    1   8.70461191e+14 -7.83467397e+14  6.28e+10 1.97e+01  2.82e+11   178s
[2025-09-15 09:05:06] DEBUG    2   8.25168563e+14 -2.31685998e+15  5.91e+10 1.63e+01  2.58e+11   186s
[2025-09-15 09:05:17] DEBUG    3   7.47527546e+14 -7.50056173e+15  5.25e+10 7.25e+00  2.02e+11   197s
[2025-09-15 09:05:26] DEBUG    4   5.46677434e+14 -9.43259211e+15  3.52e+10 2.77e+00  1.25e+11   205s
[2025-09-15 09:05:36] DEBUG    5   3.62210013e+14 -9.39975646e+15  1.94e+10 1.06e+00  6.77e+10   216s
[2025-09-15 09:05:46] DEBUG    6   2.15766993e+14 -7.83224425e+15  4.53e+09 4.35e-01  1.75e+10   226s
[2025-09-15 09:05:55] DEBUG    7   2.19278397e+14 -4.89956754e+15  1.77e+09 2.20e-01  6.88e+09   234s
[2025-09-15 09:06:00] DEBUG    8   2.15749719e+14 -2.37256276e+15  6.44e+08 5.17e-02  2.41e+09   240s
[2025-09-15 09:06:06] DEBUG    9   2.11284211e+14 -1.06502126e+15  4.31e+08 1.10e-02  1.41e+09   246s
[2025-09-15 09:06:13] DEBUG    10   1.90970772e+14 -4.98856084e+14  1.87e+08 3.10e-02  5.97e+08   252s
[2025-09-15 09:06:19] DEBUG    11   1.64403771e+14 -3.35371900e+14  8.16e+07 6.10e-02  2.70e+08   259s
[2025-09-15 09:06:25] DEBUG    12   1.46057381e+14 -2.70294940e+14  4.87e+07 6.04e-02  1.69e+08   264s
[2025-09-15 09:06:30] DEBUG    13   1.29546466e+14 -2.07951146e+14  2.97e+07 5.69e-02  1.06e+08   270s
[2025-09-15 09:06:37] DEBUG    14   1.17208349e+14 -1.64936048e+14  2.01e+07 5.48e-02  7.26e+07   276s
[2025-09-15 09:06:43] DEBUG    15   1.08065247e+14 -1.14534078e+14  1.49e+07 7.06e-02  5.03e+07   282s
[2025-09-15 09:06:49] DEBUG    16   9.87844176e+13 -9.84072661e+13  1.06e+07 6.98e-02  3.73e+07   288s
[2025-09-15 09:06:57] DEBUG    17   9.19915422e+13 -7.02931763e+13  8.24e+06 9.69e-02  2.68e+07   297s
[2025-09-15 09:07:04] DEBUG    18   8.72470587e+13 -6.13517876e+13  6.88e+06 9.01e-02  2.23e+07   303s
[2025-09-15 09:07:13] DEBUG    19   8.22016973e+13 -5.20733662e+13  5.58e+06 8.32e-02  1.77e+07   313s
[2025-09-15 09:07:25] DEBUG    20   7.79223422e+13 -3.75499947e+13  4.59e+06 6.47e-02  1.29e+07   324s
[2025-09-15 09:07:36] DEBUG    21   7.04899625e+13 -2.88579042e+13  2.80e+06 4.40e-02  8.41e+06   336s
[2025-09-15 09:07:50] DEBUG    22   6.65408611e+13 -1.99778951e+13  2.13e+06 3.14e-02  5.85e+06   349s
[2025-09-15 09:08:02] DEBUG    23   6.09346041e+13 -1.13351543e+13  1.30e+06 2.39e-02  3.22e+06   362s
[2025-09-15 09:08:14] DEBUG    24   5.88566826e+13 -8.92351753e+12  1.07e+06 2.46e-02  2.49e+06   373s
[2025-09-15 09:08:24] DEBUG    25   5.57726910e+13 -6.84776678e+12  7.70e+05 2.51e-02  1.77e+06   384s
[2025-09-15 09:08:32] DEBUG    26   5.46771561e+13 -5.51126011e+12  6.83e+05 2.51e-02  1.44e+06   392s
[2025-09-15 09:08:39] DEBUG    27   5.36295703e+13 -4.81296342e+12  6.10e+05 2.52e-02  1.24e+06   398s
[2025-09-15 09:08:47] DEBUG    28   5.15006422e+13 -4.15120325e+12  4.67e+05 2.50e-02  9.83e+05   407s
[2025-09-15 09:08:57] DEBUG    29   5.03779060e+13 -3.42829948e+12  4.06e+05 2.46e-02  8.01e+05   416s
[2025-09-15 09:09:08] DEBUG    30   4.88057943e+13 -2.91626221e+12  3.29e+05 2.41e-02  6.48e+05   427s
[2025-09-15 09:09:20] DEBUG    31   4.72032489e+13 -2.45287475e+12  2.62e+05 2.36e-02  5.18e+05   440s
[2025-09-15 09:09:33] DEBUG    32   4.65181945e+13 -2.02542908e+12  2.38e+05 2.32e-02  4.31e+05   452s
[2025-09-15 09:09:44] DEBUG    33   4.58517482e+13 -1.76432900e+12  2.16e+05 2.28e-02  3.76e+05   464s
[2025-09-15 09:09:56] DEBUG    34   4.46551691e+13 -1.55178604e+12  1.80e+05 2.24e-02  3.18e+05   476s
[2025-09-15 09:10:10] DEBUG    35   4.38813629e+13 -1.41750500e+12  1.60e+05 2.21e-02  2.84e+05   489s
[2025-09-15 09:10:20] DEBUG    36   4.31933292e+13 -1.23600305e+12  1.43e+05 2.17e-02  2.47e+05   500s
[2025-09-15 09:10:32] DEBUG    37   4.22666075e+13 -1.00234501e+12  1.23e+05 2.12e-02  2.00e+05   511s
[2025-09-15 09:10:41] DEBUG    38   4.19178908e+13 -9.27090584e+11  1.16e+05 2.10e-02  1.86e+05   521s
[2025-09-15 09:10:53] DEBUG    39   4.11574375e+13 -8.70375041e+11  1.02e+05 2.08e-02  1.69e+05   533s
[2025-09-15 09:11:05] DEBUG    40   4.07874631e+13 -8.02260245e+11  9.58e+04 2.05e-02  1.56e+05   544s
[2025-09-15 09:11:13] DEBUG    41   4.05417745e+13 -7.23917653e+11  9.19e+04 2.02e-02  1.43e+05   553s
[2025-09-15 09:11:25] DEBUG    42   3.97317312e+13 -6.28649278e+11  7.93e+04 1.99e-02  1.23e+05   565s
[2025-09-15 09:11:38] DEBUG    43   3.89145884e+13 -5.65215889e+11  6.81e+04 1.96e-02  1.08e+05   577s
[2025-09-15 09:11:50] DEBUG    44   3.83142386e+13 -4.99292959e+11  6.09e+04 1.94e-02  9.56e+04   589s
[2025-09-15 09:12:02] DEBUG    45   3.78397692e+13 -4.55888729e+11  5.58e+04 1.92e-02  8.69e+04   602s
[2025-09-15 09:12:14] DEBUG    46   3.74785470e+13 -4.11845587e+11  5.21e+04 1.90e-02  7.90e+04   614s
[2025-09-15 09:12:27] DEBUG    47   3.70157900e+13 -3.81069002e+11  4.77e+04 1.88e-02  7.25e+04   627s
[2025-09-15 09:12:39] DEBUG    48   3.66604646e+13 -3.46849252e+11  4.46e+04 1.87e-02  6.62e+04   639s
[2025-09-15 09:12:52] DEBUG    49   3.63236879e+13 -3.27638687e+11  4.18e+04 1.86e-02  6.22e+04   652s
[2025-09-15 09:13:05] DEBUG    50   3.60298558e+13 -3.16959955e+11  3.95e+04 1.85e-02  5.96e+04   665s
[2025-09-15 09:13:16] DEBUG    51   3.57959617e+13 -3.02900332e+11  3.77e+04 1.85e-02  5.68e+04   676s
[2025-09-15 09:13:28] DEBUG    52   3.56696129e+13 -2.68365282e+11  3.68e+04 1.83e-02  5.19e+04   687s
[2025-09-15 09:13:40] DEBUG    53   3.52046273e+13 -2.48342875e+11  3.35e+04 1.81e-02  4.76e+04   700s
[2025-09-15 09:13:51] DEBUG    54   3.49019764e+13 -2.32555667e+11  3.15e+04 1.80e-02  4.46e+04   710s
[2025-09-15 09:14:01] DEBUG    55   3.45777136e+13 -2.14054147e+11  2.95e+04 1.79e-02  4.12e+04   720s
[2025-09-15 09:14:12] DEBUG    56   3.42419347e+13 -1.97221288e+11  2.76e+04 1.78e-02  3.80e+04   732s
[2025-09-15 09:14:25] DEBUG    57   3.39558722e+13 -1.82351125e+11  2.60e+04 1.77e-02  3.52e+04   744s
[2025-09-15 09:14:36] DEBUG    58   3.37471488e+13 -1.72888965e+11  2.49e+04 1.77e-02  3.35e+04   755s
[2025-09-15 09:14:49] DEBUG    59   3.35059620e+13 -1.61167429e+11  2.37e+04 1.77e-02  3.13e+04   768s
[2025-09-15 09:15:01] DEBUG    60   3.33273633e+13 -1.54333727e+11  2.28e+04 1.83e-02  3.00e+04   781s
[2025-09-15 09:15:10] DEBUG    61   3.31087259e+13 -1.47020302e+11  2.18e+04 1.88e-02  2.86e+04   790s
[2025-09-15 09:15:22] DEBUG    62   3.28265300e+13 -1.37874649e+11  2.05e+04 1.95e-02  2.68e+04   802s
[2025-09-15 09:15:35] DEBUG    63   3.26647034e+13 -1.32028655e+11  1.98e+04 2.00e-02  2.57e+04   815s
[2025-09-15 09:15:46] DEBUG    64   3.25565622e+13 -1.26463574e+11  1.94e+04 2.04e-02  2.48e+04   825s
[2025-09-15 09:15:58] DEBUG    65   3.23776614e+13 -1.20435138e+11  1.87e+04 2.08e-02  2.36e+04   838s
[2025-09-15 09:16:12] DEBUG    66   3.22665288e+13 -1.13628022e+11  1.82e+04 2.13e-02  2.26e+04   851s
[2025-09-15 09:16:23] DEBUG    67   3.21265585e+13 -1.09915098e+11  1.77e+04 2.16e-02  2.18e+04   862s
[2025-09-15 09:16:32] DEBUG    68   3.19992370e+13 -1.05116936e+11  1.72e+04 2.19e-02  2.10e+04   872s
[2025-09-15 09:16:44] DEBUG    69   3.17750631e+13 -9.89261433e+10  1.63e+04 2.24e-02  1.98e+04   884s
[2025-09-15 09:16:55] DEBUG    70   3.15460704e+13 -9.30636186e+10  1.55e+04 2.28e-02  1.86e+04   894s
[2025-09-15 09:17:08] DEBUG    71   3.13933335e+13 -8.70848966e+10  1.50e+04 2.32e-02  1.76e+04   907s
[2025-09-15 09:17:19] DEBUG    72   3.12427792e+13 -7.87845075e+10  1.45e+04 2.38e-02  1.64e+04   918s
[2025-09-15 09:17:29] DEBUG    73   3.10346596e+13 -7.44615336e+10  1.38e+04 2.40e-02  1.55e+04   929s
[2025-09-15 09:17:41] DEBUG    74   3.08834579e+13 -6.92940357e+10  1.33e+04 2.44e-02  1.46e+04   941s
[2025-09-15 09:17:54] DEBUG    75   3.06575245e+13 -6.64062094e+10  1.26e+04 2.45e-02  1.39e+04   954s
[2025-09-15 09:18:04] DEBUG    76   3.04385514e+13 -6.21347228e+10  1.20e+04 2.48e-02  1.30e+04   964s
[2025-09-15 09:18:14] DEBUG    77   3.03141278e+13 -5.93886253e+10  1.16e+04 2.49e-02  1.25e+04   973s
[2025-09-15 09:18:26] DEBUG    78   3.01680528e+13 -5.64268848e+10  1.12e+04 2.51e-02  1.20e+04   985s
[2025-09-15 09:18:39] DEBUG    79   3.00105145e+13 -5.46933276e+10  1.08e+04 2.52e-02  1.15e+04   999s
[2025-09-15 09:18:52] DEBUG    80   2.99545595e+13 -5.35448988e+10  1.06e+04 2.52e-02  1.13e+04  1011s
[2025-09-15 09:19:02] DEBUG    81   2.98201082e+13 -5.20594486e+10  1.03e+04 2.52e-02  1.10e+04  1022s
[2025-09-15 09:19:14] DEBUG    82   2.97087676e+13 -5.00695180e+10  1.00e+04 2.51e-02  1.06e+04  1033s
[2025-09-15 09:19:26] DEBUG    83   2.95843434e+13 -4.84532902e+10  9.68e+03 2.46e-02  1.02e+04  1045s
[2025-09-15 09:19:39] DEBUG    84   2.94557718e+13 -4.69864023e+10  9.35e+03 2.38e-02  9.91e+03  1059s
[2025-09-15 09:19:51] DEBUG    85   2.93061355e+13 -4.46254626e+10  8.98e+03 2.27e-02  9.44e+03  1071s
[2025-09-15 09:20:02] DEBUG    86   2.92213839e+13 -4.32665724e+10  8.77e+03 2.21e-02  9.17e+03  1081s
[2025-09-15 09:20:13] DEBUG    87   2.90432996e+13 -4.24132026e+10  8.35e+03 2.16e-02  8.85e+03  1093s
[2025-09-15 09:20:27] DEBUG    88   2.89410510e+13 -4.04084742e+10  8.12e+03 2.06e-02  8.49e+03  1107s
[2025-09-15 09:20:39] DEBUG    89   2.87862721e+13 -3.87959892e+10  7.77e+03 1.97e-02  8.12e+03  1119s
[2025-09-15 09:20:52] DEBUG    90   2.86492332e+13 -3.67404962e+10  7.48e+03 1.87e-02  7.72e+03  1132s
[2025-09-15 09:21:03] DEBUG    91   2.85275196e+13 -3.52595567e+10  7.23e+03 1.79e-02  7.41e+03  1142s
[2025-09-15 09:21:13] DEBUG    92   2.83985390e+13 -3.38688621e+10  6.97e+03 1.71e-02  7.10e+03  1153s
[2025-09-15 09:21:26] DEBUG    93   2.82921849e+13 -3.28061229e+10  6.77e+03 1.66e-02  6.87e+03  1165s
[2025-09-15 09:21:37] DEBUG    94   2.81844608e+13 -3.18989309e+10  6.56e+03 1.61e-02  6.65e+03  1176s
[2025-09-15 09:21:48] DEBUG    95   2.81077341e+13 -3.07174921e+10  6.42e+03 1.54e-02  6.43e+03  1187s
[2025-09-15 09:22:01] DEBUG    96   2.80252341e+13 -2.97159717e+10  6.27e+03 1.49e-02  6.23e+03  1201s
[2025-09-15 09:22:14] DEBUG    97   2.79493819e+13 -2.89318395e+10  6.14e+03 1.47e-02  6.07e+03  1214s
[2025-09-15 09:22:22] DEBUG    98   2.78912765e+13 -2.87835286e+10  6.04e+03 1.47e-02  6.00e+03  1222s
[2025-09-15 09:22:35] DEBUG    99   2.77798116e+13 -2.81074955e+10  5.85e+03 1.47e-02  5.82e+03  1234s
[2025-09-15 09:22:47] DEBUG    100   2.76985621e+13 -2.76375228e+10  5.72e+03 1.47e-02  5.69e+03  1247s
[2025-09-15 09:22:57] DEBUG    101   2.76214990e+13 -2.70531996e+10  5.59e+03 1.47e-02  5.55e+03  1257s
[2025-09-15 09:23:10] DEBUG    102   2.75413703e+13 -2.57764482e+10  5.47e+03 1.46e-02  5.33e+03  1270s
[2025-09-15 09:23:23] DEBUG    103   2.74505572e+13 -2.52655480e+10  5.32e+03 1.46e-02  5.19e+03  1283s
[2025-09-15 09:23:34] DEBUG    104   2.73876433e+13 -2.44353547e+10  5.23e+03 1.46e-02  5.04e+03  1294s
[2025-09-15 09:23:46] DEBUG    105   2.73107569e+13 -2.38839310e+10  5.11e+03 1.46e-02  4.91e+03  1305s
[2025-09-15 09:23:57] DEBUG    106   2.72852565e+13 -2.33924073e+10  5.08e+03 1.45e-02  4.84e+03  1316s
[2025-09-15 09:24:07] DEBUG    107   2.72531687e+13 -2.30166875e+10  5.03e+03 1.45e-02  4.77e+03  1327s
[2025-09-15 09:24:18] DEBUG    108   2.72264011e+13 -2.26048659e+10  4.99e+03 1.45e-02  4.70e+03  1337s
[2025-09-15 09:24:27] DEBUG    109   2.71533564e+13 -2.23012345e+10  4.88e+03 1.45e-02  4.61e+03  1347s
[2025-09-15 09:24:40] DEBUG    110   2.70658686e+13 -2.17830367e+10  4.76e+03 1.44e-02  4.48e+03  1359s
[2025-09-15 09:24:49] DEBUG    111   2.70380955e+13 -2.15575350e+10  4.72e+03 1.44e-02  4.43e+03  1369s
[2025-09-15 09:25:00] DEBUG    112   2.69858673e+13 -2.12306756e+10  4.65e+03 1.44e-02  4.35e+03  1380s
[2025-09-15 09:25:10] DEBUG    113   2.69530749e+13 -2.10405709e+10  4.61e+03 1.44e-02  4.31e+03  1389s
[2025-09-15 09:25:19] DEBUG    114   2.69131471e+13 -2.07857232e+10  4.55e+03 1.44e-02  4.25e+03  1399s
[2025-09-15 09:25:28] DEBUG    115   2.68852543e+13 -2.05348082e+10  4.52e+03 1.43e-02  4.20e+03  1408s
[2025-09-15 09:25:36] DEBUG    116   2.68640163e+13 -2.03933624e+10  4.49e+03 1.43e-02  4.17e+03  1416s
[2025-09-15 09:25:50] DEBUG    117   2.67852111e+13 -2.01542205e+10  4.39e+03 1.43e-02  4.09e+03  1429s
[2025-09-15 09:26:01] DEBUG    118   2.67630696e+13 -1.99780849e+10  4.36e+03 1.43e-02  4.76e+03  1440s
[2025-09-15 09:26:10] DEBUG    119   2.67345867e+13 -1.97911669e+10  4.32e+03 1.42e-02  4.71e+03  1449s
[2025-09-15 09:26:20] DEBUG    120   2.67240109e+13 -1.96048740e+10  4.31e+03 1.42e-02  4.83e+03  1460s
[2025-09-15 09:26:31] DEBUG    121   2.67168366e+13 -1.93584284e+10  4.30e+03 1.42e-02  4.78e+03  1471s
[2025-09-15 09:26:45] DEBUG    122   2.66511209e+13 -1.89894421e+10  4.21e+03 1.41e-02  4.72e+03  1485s
[2025-09-15 09:26:59] DEBUG    123   2.65336742e+13 -1.87353955e+10  4.07e+03 1.41e-02  4.61e+03  1499s
[2025-09-15 09:27:09] DEBUG    124   2.65092629e+13 -1.85937392e+10  4.04e+03 1.41e-02  4.57e+03  1509s
[2025-09-15 09:27:17] DEBUG    125   2.64649983e+13 -1.82840054e+10  3.99e+03 1.40e-02  4.48e+03  1516s
[2025-09-15 09:27:25] DEBUG    126   2.64564071e+13 -1.80372895e+10  3.98e+03 1.40e-02  4.44e+03  1525s
[2025-09-15 09:27:32] DEBUG    127   2.64049006e+13 -1.78390570e+10  3.91e+03 1.40e-02  4.37e+03  1532s
[2025-09-15 09:27:42] DEBUG    128   2.63317859e+13 -1.75500546e+10  3.83e+03 1.41e-02  4.28e+03  1542s
[2025-09-15 09:27:50] DEBUG    129   2.62881667e+13 -1.74161622e+10  3.78e+03 1.41e-02  4.23e+03  1550s
[2025-09-15 09:27:57] DEBUG    130   2.62435870e+13 -1.72619113e+10  3.73e+03 1.41e-02  4.17e+03  1556s
[2025-09-15 09:28:06] DEBUG    131   2.62260497e+13 -1.70533158e+10  3.71e+03 1.41e-02  4.13e+03  1565s
[2025-09-15 09:28:14] DEBUG    132   2.62117187e+13 -1.69612847e+10  3.69e+03 1.41e-02  4.10e+03  1574s
[2025-09-15 09:28:22] DEBUG    133   2.61984465e+13 -1.68194244e+10  3.68e+03 1.41e-02  4.07e+03  1582s
[2025-09-15 09:28:32] DEBUG    134   2.61899930e+13 -1.66166899e+10  3.67e+03 1.41e-02  4.05e+03  1592s
[2025-09-15 09:28:45] DEBUG    135   2.61743237e+13 -1.63793018e+10  3.65e+03 1.41e-02  4.01e+03  1605s
[2025-09-15 09:28:55] DEBUG    136   2.60829436e+13 -1.62744669e+10  3.55e+03 1.41e-02  3.94e+03  1615s
[2025-09-15 09:29:04] DEBUG    137   2.60388236e+13 -1.60504229e+10  3.50e+03 1.41e-02  3.87e+03  1623s
[2025-09-15 09:29:14] DEBUG    138   2.59952102e+13 -1.59293731e+10  3.46e+03 1.41e-02  3.82e+03  1633s
[2025-09-15 09:29:25] DEBUG    139   2.59651157e+13 -1.57676631e+10  3.43e+03 1.41e-02  3.78e+03  1644s
[2025-09-15 09:29:34] DEBUG    140   2.59501498e+13 -1.56252507e+10  3.41e+03 1.41e-02  3.75e+03  1654s
[2025-09-15 09:29:45] DEBUG    141   2.59220475e+13 -1.54627548e+10  3.38e+03 1.41e-02  3.70e+03  1664s
[2025-09-15 09:29:55] DEBUG    142   2.59078534e+13 -1.53547427e+10  3.37e+03 1.41e-02  3.68e+03  1674s
[2025-09-15 09:30:05] DEBUG    143   2.59016189e+13 -1.52318528e+10  3.36e+03 1.41e-02  3.66e+03  1685s
[2025-09-15 09:30:22] DEBUG    144   2.58567647e+13 -1.50669444e+10  3.31e+03 1.41e-02  3.62e+03  1701s
[2025-09-15 09:30:36] DEBUG    145   2.57841698e+13 -1.48928194e+10  3.24e+03 1.41e-02  3.55e+03  1716s
[2025-09-15 09:30:48] DEBUG    146   2.57469015e+13 -1.47356745e+10  3.20e+03 1.41e-02  3.50e+03  1727s
[2025-09-15 09:31:07] DEBUG    147   2.57021799e+13 -1.46288525e+10  3.16e+03 1.41e-02  3.45e+03  1747s
[2025-09-15 09:31:17] DEBUG    148   2.56602775e+13 -1.44527356e+10  3.12e+03 1.41e-02  3.40e+03  1757s
[2025-09-15 09:31:28] DEBUG    149   2.56402978e+13 -1.43451748e+10  3.10e+03 1.41e-02  3.37e+03  1767s
[2025-09-15 09:31:34] DEBUG    150   2.56221571e+13 -1.42708334e+10  3.08e+03 1.41e-02  3.35e+03  1774s
[2025-09-15 09:31:43] DEBUG    151   2.55921949e+13 -1.41420236e+10  3.05e+03 1.41e-02  3.32e+03  1783s
[2025-09-15 09:31:54] DEBUG    152   2.55704973e+13 -1.40632570e+10  3.03e+03 1.41e-02  3.30e+03  1793s
[2025-09-15 09:32:04] DEBUG    153   2.55495185e+13 -1.40069863e+10  3.01e+03 1.41e-02  3.28e+03  1804s
[2025-09-15 09:32:18] DEBUG    154   2.55370386e+13 -1.39104354e+10  3.00e+03 1.41e-02  3.26e+03  1817s
[2025-09-15 09:32:29] DEBUG    155   2.55005264e+13 -1.38402167e+10  2.97e+03 1.41e-02  3.23e+03  1829s
[2025-09-15 09:32:39] DEBUG    156   2.54866318e+13 -1.37687823e+10  2.95e+03 1.41e-02  3.21e+03  1839s
[2025-09-15 09:32:49] DEBUG    157   2.54533533e+13 -1.36245674e+10  2.92e+03 1.41e-02  3.17e+03  1849s
[2025-09-15 09:33:03] DEBUG    158   2.54426632e+13 -1.34964602e+10  2.91e+03 1.41e-02  3.15e+03  1862s
[2025-09-15 09:33:12] DEBUG    159   2.54030449e+13 -1.33859694e+10  2.88e+03 1.41e-02  3.11e+03  1871s
[2025-09-15 09:33:21] DEBUG    160   2.53849024e+13 -1.32968388e+10  2.86e+03 1.41e-02  3.09e+03  1880s
[2025-09-15 09:33:30] DEBUG    161   2.53689923e+13 -1.31697083e+10  2.85e+03 1.41e-02  3.06e+03  1890s
[2025-09-15 09:33:42] DEBUG    162   2.53387936e+13 -1.30658877e+10  2.82e+03 1.41e-02  3.04e+03  1902s
[2025-09-15 09:33:54] DEBUG    163   2.53161370e+13 -1.29649375e+10  2.80e+03 1.42e-02  3.01e+03  1913s
[2025-09-15 09:34:05] DEBUG    164   2.52960057e+13 -1.28992367e+10  2.78e+03 1.42e-02  2.99e+03  1925s
[2025-09-15 09:34:14] DEBUG    165   2.52673155e+13 -1.28546015e+10  2.76e+03 1.42e-02  2.97e+03  1933s
[2025-09-15 09:34:24] DEBUG    166   2.52544960e+13 -1.27907500e+10  2.75e+03 1.42e-02  2.95e+03  1943s
[2025-09-15 09:34:33] DEBUG    167   2.52432597e+13 -1.27463093e+10  2.74e+03 1.42e-02  2.94e+03  1953s
[2025-09-15 09:34:41] DEBUG    168   2.52210697e+13 -1.26669747e+10  2.72e+03 1.42e-02  2.92e+03  1961s
[2025-09-15 09:34:57] DEBUG    169   2.52026948e+13 -1.25404411e+10  2.70e+03 1.42e-02  2.89e+03  1976s
[2025-09-15 09:35:14] DEBUG    170   2.51751979e+13 -1.24279687e+10  2.68e+03 1.42e-02  2.87e+03  1993s
[2025-09-15 09:35:25] DEBUG    171   2.51086962e+13 -1.23189363e+10  2.62e+03 1.42e-02  2.82e+03  2005s
[2025-09-15 09:35:37] DEBUG    172   2.50837985e+13 -1.21946372e+10  2.60e+03 1.42e-02  2.78e+03  2017s
[2025-09-15 09:35:49] DEBUG    173   2.50705042e+13 -1.20736452e+10  2.59e+03 1.43e-02  2.76e+03  2028s
[2025-09-15 09:36:01] DEBUG    174   2.50564211e+13 -1.18863882e+10  2.58e+03 1.43e-02  2.73e+03  2041s
[2025-09-15 09:36:09] DEBUG    175   2.49926090e+13 -1.18315271e+10  2.52e+03 1.43e-02  2.70e+03  2049s
[2025-09-15 09:36:20] DEBUG    176   2.49513477e+13 -1.16397531e+10  2.49e+03 1.43e-02  2.65e+03  2060s
[2025-09-15 09:36:31] DEBUG    177   2.49235210e+13 -1.15565673e+10  2.47e+03 1.43e-02  2.63e+03  2070s
[2025-09-15 09:36:43] DEBUG    178   2.48509874e+13 -1.14383643e+10  2.41e+03 1.43e-02  2.57e+03  2083s
[2025-09-15 09:36:51] DEBUG    179   2.48024587e+13 -1.13830037e+10  2.37e+03 1.43e-02  2.54e+03  2091s
[2025-09-15 09:36:59] DEBUG    180   2.47515544e+13 -1.13363843e+10  2.33e+03 1.43e-02  2.50e+03  2099s
[2025-09-15 09:37:09] DEBUG    181   2.47133283e+13 -1.12490229e+10  2.30e+03 1.43e-02  2.47e+03  2109s
[2025-09-15 09:37:16] DEBUG    182   2.46660922e+13 -1.12080274e+10  2.26e+03 1.43e-02  2.44e+03  2116s
[2025-09-15 09:37:27] DEBUG    183   2.46336626e+13 -1.10974826e+10  2.24e+03 1.43e-02  2.41e+03  2126s
[2025-09-15 09:37:34] DEBUG    184   2.46258506e+13 -1.10297837e+10  2.23e+03 1.44e-02  2.39e+03  2134s
[2025-09-15 09:37:47] DEBUG    185   2.45604743e+13 -1.08808354e+10  2.18e+03 1.44e-02  2.34e+03  2147s
[2025-09-15 09:37:58] DEBUG    186   2.45387006e+13 -1.07665599e+10  2.17e+03 1.44e-02  2.33e+03  2158s
[2025-09-15 09:38:09] DEBUG    187   2.45197104e+13 -1.07142434e+10  2.15e+03 1.44e-02  2.31e+03  2169s
[2025-09-15 09:38:17] DEBUG    188   2.44982736e+13 -1.06484132e+10  2.14e+03 1.44e-02  2.30e+03  2176s
[2025-09-15 09:38:30] DEBUG    189   2.44159533e+13 -1.04986312e+10  2.08e+03 1.44e-02  2.24e+03  2189s
[2025-09-15 09:38:40] DEBUG    190   2.43635680e+13 -1.03925205e+10  2.04e+03 1.44e-02  2.20e+03  2199s
[2025-09-15 09:38:52] DEBUG    191   2.43265139e+13 -1.02832528e+10  2.02e+03 1.44e-02  2.17e+03  2212s
[2025-09-15 09:39:01] DEBUG    192   2.42803741e+13 -1.01693834e+10  1.98e+03 1.44e-02  2.13e+03  2220s
[2025-09-15 09:39:10] DEBUG    193   2.42268077e+13 -1.00775119e+10  1.95e+03 1.44e-02  2.09e+03  2230s
[2025-09-15 09:39:18] DEBUG    194   2.42236168e+13 -1.00351993e+10  1.95e+03 1.44e-02  2.08e+03  2238s
[2025-09-15 09:39:28] DEBUG    195   2.42085257e+13 -9.96488693e+09  1.94e+03 1.44e-02  2.07e+03  2247s
[2025-09-15 09:39:36] DEBUG    196   2.41741460e+13 -9.88287929e+09  1.91e+03 1.44e-02  2.05e+03  2256s
[2025-09-15 09:39:46] DEBUG    197   2.41338911e+13 -9.81276161e+09  1.89e+03 1.44e-02  2.03e+03  2266s
[2025-09-15 09:39:57] DEBUG    198   2.40973965e+13 -9.72727428e+09  1.86e+03 1.44e-02  2.00e+03  2277s
[2025-09-15 09:40:07] DEBUG    199   2.40878389e+13 -9.67709388e+09  1.86e+03 1.44e-02  1.99e+03  2286s
[2025-09-15 09:40:19] DEBUG    200   2.40194066e+13 -9.59406973e+09  1.81e+03 1.44e-02  1.94e+03  2299s
[2025-09-15 09:40:31] DEBUG    201   2.39637570e+13 -9.50758482e+09  1.78e+03 1.45e-02  1.91e+03  2310s
[2025-09-15 09:40:38] DEBUG    202   2.39046749e+13 -9.47176527e+09  1.74e+03 1.45e-02  1.88e+03  2318s
[2025-09-15 09:40:46] DEBUG    203   2.38736402e+13 -9.38975544e+09  1.72e+03 1.45e-02  1.85e+03  2326s
[2025-09-15 09:40:58] DEBUG    204   2.38357462e+13 -9.27348957e+09  1.70e+03 1.45e-02  1.82e+03  2337s
[2025-09-15 09:41:07] DEBUG    205   2.38102410e+13 -9.23620036e+09  1.68e+03 1.45e-02  1.81e+03  2346s
[2025-09-15 09:41:19] DEBUG    206   2.37797001e+13 -9.12915037e+09  1.67e+03 1.45e-02  1.78e+03  2359s
[2025-09-15 09:41:30] DEBUG    207   2.37265608e+13 -9.03622946e+09  1.63e+03 1.45e-02  1.76e+03  2370s
[2025-09-15 09:41:38] DEBUG    208   2.37250081e+13 -9.00297041e+09  1.63e+03 1.45e-02  1.75e+03  2378s
[2025-09-15 09:41:48] DEBUG    209   2.37060109e+13 -8.92105782e+09  1.62e+03 1.45e-02  1.73e+03  2388s
[2025-09-15 09:41:57] DEBUG    210   2.37021131e+13 -8.85887492e+09  1.62e+03 1.45e-02  1.73e+03  2397s
[2025-09-15 09:42:09] DEBUG    211   2.36776860e+13 -8.77573316e+09  1.61e+03 1.45e-02  1.72e+03  2409s
[2025-09-15 09:42:19] DEBUG    212   2.36683966e+13 -8.74843843e+09  1.60e+03 1.45e-02  1.72e+03  2419s
[2025-09-15 09:42:31] DEBUG    213   2.36367421e+13 -8.65878088e+09  1.58e+03 1.45e-02  1.69e+03  2430s
[2025-09-15 09:42:44] DEBUG    214   2.36213132e+13 -8.59000553e+09  1.57e+03 1.45e-02  1.69e+03  2443s
[2025-09-15 09:42:56] DEBUG    215   2.35414526e+13 -8.51630202e+09  1.53e+03 1.45e-02  1.64e+03  2456s
[2025-09-15 09:43:08] DEBUG    216   2.34968757e+13 -8.40833489e+09  1.50e+03 1.45e-02  1.61e+03  2468s
[2025-09-15 09:43:16] DEBUG    217   2.34652977e+13 -8.34454641e+09  1.49e+03 1.45e-02  1.59e+03  2475s
[2025-09-15 09:43:25] DEBUG    218   2.34352403e+13 -8.29866696e+09  1.47e+03 1.45e-02  1.57e+03  2485s
[2025-09-15 09:43:36] DEBUG    219   2.34295231e+13 -8.25116444e+09  1.47e+03 1.44e-02  1.56e+03  2496s
[2025-09-15 09:43:47] DEBUG    220   2.34070709e+13 -8.19241650e+09  1.46e+03 1.44e-02  1.55e+03  2507s
[2025-09-15 09:43:59] DEBUG    221   2.33639424e+13 -8.15253216e+09  1.43e+03 1.44e-02  1.54e+03  2518s
[2025-09-15 09:44:08] DEBUG    222   2.33448729e+13 -8.13366304e+09  1.42e+03 1.44e-02  1.53e+03  2528s
[2025-09-15 09:44:19] DEBUG    223   2.33128531e+13 -8.07147093e+09  1.41e+03 1.44e-02  1.51e+03  2539s
[2025-09-15 09:44:29] DEBUG    224   2.32747557e+13 -8.04438605e+09  1.39e+03 1.44e-02  1.50e+03  2548s
[2025-09-15 09:44:40] DEBUG    225   2.32467980e+13 -7.99898042e+09  1.37e+03 1.44e-02  1.48e+03  2559s
[2025-09-15 09:44:51] DEBUG    226   2.32323845e+13 -7.93192794e+09  1.37e+03 1.44e-02  1.47e+03  2571s
[2025-09-15 09:45:02] DEBUG    227   2.31727761e+13 -7.87804290e+09  1.34e+03 1.45e-02  1.44e+03  2582s
[2025-09-15 09:45:12] DEBUG    228   2.31437393e+13 -7.85122586e+09  1.32e+03 1.45e-02  1.43e+03  2592s
[2025-09-15 09:45:26] DEBUG    229   2.31265883e+13 -7.81368943e+09  1.31e+03 1.45e-02  1.42e+03  2605s
[2025-09-15 09:45:38] DEBUG    230   2.31221973e+13 -7.78953386e+09  1.31e+03 1.45e-02  1.41e+03  2617s
[2025-09-15 09:45:48] DEBUG    231   2.31039457e+13 -7.74855902e+09  1.30e+03 1.46e-02  1.40e+03  2627s
[2025-09-15 09:45:56] DEBUG    232   2.30800131e+13 -7.71433823e+09  1.29e+03 1.46e-02  1.39e+03  2636s
[2025-09-15 09:46:06] DEBUG    233   2.30748534e+13 -7.68610550e+09  1.29e+03 1.46e-02  1.39e+03  2645s
[2025-09-15 09:46:18] DEBUG    234   2.30068409e+13 -7.64302536e+09  1.26e+03 1.47e-02  1.36e+03  2658s
[2025-09-15 09:46:28] DEBUG    235   2.29905704e+13 -7.59708852e+09  1.25e+03 1.47e-02  1.35e+03  2667s
[2025-09-15 09:46:37] DEBUG    236   2.29591090e+13 -7.55165544e+09  1.24e+03 1.48e-02  1.33e+03  2677s
[2025-09-15 09:46:47] DEBUG    237   2.29243117e+13 -7.51481815e+09  1.22e+03 1.48e-02  1.32e+03  2687s
[2025-09-15 09:46:57] DEBUG    238   2.28813702e+13 -7.47972012e+09  1.20e+03 1.48e-02  1.30e+03  2697s
[2025-09-15 09:47:09] DEBUG    239   2.28463601e+13 -7.42259548e+09  1.19e+03 1.49e-02  1.28e+03  2708s
[2025-09-15 09:47:20] DEBUG    240   2.28067297e+13 -7.38193039e+09  1.17e+03 1.49e-02  1.26e+03  2719s
[2025-09-15 09:47:28] DEBUG    241   2.28006801e+13 -7.36661352e+09  1.17e+03 1.49e-02  1.26e+03  2728s
[2025-09-15 09:47:37] DEBUG    242   2.27942203e+13 -7.34886159e+09  1.16e+03 1.50e-02  1.26e+03  2737s
[2025-09-15 09:47:48] DEBUG    243   2.27857335e+13 -7.33394853e+09  1.16e+03 1.50e-02  1.26e+03  2748s
[2025-09-15 09:47:55] DEBUG    244   2.27666391e+13 -7.32368564e+09  1.15e+03 1.50e-02  1.25e+03  2755s
[2025-09-15 09:48:10] DEBUG    245   2.27452349e+13 -7.30582173e+09  1.14e+03 1.50e-02  1.25e+03  2769s
[2025-09-15 09:48:25] DEBUG    246   2.27218948e+13 -7.28139725e+09  1.13e+03 1.50e-02  1.24e+03  2784s
[2025-09-15 09:48:38] DEBUG    247   2.26795921e+13 -7.24004013e+09  1.11e+03 1.51e-02  1.22e+03  2798s
[2025-09-15 09:48:49] DEBUG    248   2.26457798e+13 -7.20535359e+09  1.10e+03 1.51e-02  1.20e+03  2809s
[2025-09-15 09:49:00] DEBUG    249   2.26130536e+13 -7.17441839e+09  1.08e+03 1.51e-02  1.19e+03  2820s
[2025-09-15 09:49:08] DEBUG    250   2.26065844e+13 -7.16104498e+09  1.08e+03 1.51e-02  1.18e+03  2828s
[2025-09-15 09:49:19] DEBUG    251   2.25919345e+13 -7.13751491e+09  1.07e+03 1.52e-02  1.17e+03  2839s
[2025-09-15 09:49:31] DEBUG    252   2.25650956e+13 -7.09154126e+09  1.06e+03 1.52e-02  1.16e+03  2851s
[2025-09-15 09:49:41] DEBUG    253   2.25341161e+13 -7.07143358e+09  1.05e+03 1.52e-02  1.15e+03  2861s
[2025-09-15 09:49:53] DEBUG    254   2.24682915e+13 -7.03383490e+09  1.02e+03 1.52e-02  1.13e+03  2872s
[2025-09-15 09:50:03] DEBUG    255   2.24286734e+13 -6.98590343e+09  1.00e+03 1.53e-02  1.11e+03  2883s
[2025-09-15 09:50:13] DEBUG    256   2.23817488e+13 -6.94923596e+09  9.84e+02 1.53e-02  1.08e+03  2893s
[2025-09-15 09:50:22] DEBUG    257   2.23500560e+13 -6.92527820e+09  9.72e+02 1.53e-02  1.07e+03  2901s
[2025-09-15 09:50:32] DEBUG    258   2.23234981e+13 -6.90462468e+09  9.61e+02 1.53e-02  1.06e+03  2911s
[2025-09-15 09:50:42] DEBUG    259   2.22991883e+13 -6.86336893e+09  9.52e+02 1.54e-02  1.05e+03  2921s
[2025-09-15 09:50:52] DEBUG    260   2.22592284e+13 -6.84082104e+09  9.36e+02 1.54e-02  1.03e+03  2932s
[2025-09-15 09:51:02] DEBUG    261   2.22368267e+13 -6.81142946e+09  9.27e+02 1.54e-02  1.02e+03  2941s
[2025-09-15 09:51:12] DEBUG    262   2.22075229e+13 -6.78355517e+09  9.16e+02 1.54e-02  1.00e+03  2952s
[2025-09-15 09:51:19] DEBUG    263   2.22008978e+13 -6.76554944e+09  9.14e+02 1.54e-02  1.00e+03  2959s
[2025-09-15 09:51:28] DEBUG    264   2.21739588e+13 -6.74426838e+09  9.04e+02 1.54e-02  9.89e+02  2967s
[2025-09-15 09:51:36] DEBUG    265   2.21582435e+13 -6.72249041e+09  8.98e+02 1.55e-02  9.88e+02  2976s
[2025-09-15 09:51:46] DEBUG    266   2.21360049e+13 -6.69982242e+09  8.89e+02 1.55e-02  9.78e+02  2986s
[2025-09-15 09:51:59] DEBUG    267   2.20809446e+13 -6.67621956e+09  8.69e+02 1.55e-02  9.61e+02  2998s
[2025-09-15 09:52:08] DEBUG    268   2.20555397e+13 -6.64288041e+09  8.60e+02 1.55e-02  9.49e+02  3008s
[2025-09-15 09:52:21] DEBUG    269   2.20295040e+13 -6.62052729e+09  8.51e+02 1.55e-02  9.39e+02  3020s
[2025-09-15 09:52:34] DEBUG    270   2.19757044e+13 -6.60216474e+09  8.32e+02 1.55e-02  9.20e+02  3034s
[2025-09-15 09:52:47] DEBUG    271   2.19413273e+13 -6.57551320e+09  8.20e+02 1.55e-02  9.06e+02  3047s
[2025-09-15 09:52:59] DEBUG    272   2.19193735e+13 -6.53587906e+09  8.12e+02 1.56e-02  8.94e+02  3059s
[2025-09-15 09:53:08] DEBUG    273   2.18928097e+13 -6.51127091e+09  8.04e+02 1.56e-02  8.83e+02  3068s
[2025-09-15 09:53:18] DEBUG    274   2.18705338e+13 -6.49038705e+09  7.96e+02 1.56e-02  8.74e+02  3078s
[2025-09-15 09:53:30] DEBUG    275   2.18416788e+13 -6.46561742e+09  7.86e+02 1.56e-02  8.63e+02  3090s
[2025-09-15 09:53:43] DEBUG    276   2.18037611e+13 -6.43566064e+09  7.74e+02 1.56e-02  8.48e+02  3103s
[2025-09-15 09:53:55] DEBUG    277   2.17623689e+13 -6.41323595e+09  7.61e+02 1.56e-02  8.34e+02  3115s
[2025-09-15 09:54:04] DEBUG    278   2.17378802e+13 -6.39364034e+09  7.53e+02 1.56e-02  8.25e+02  3124s
[2025-09-15 09:54:15] DEBUG    279   2.17099623e+13 -6.37644157e+09  7.44e+02 1.56e-02  8.15e+02  3134s
[2025-09-15 09:54:23] DEBUG    280   2.16762764e+13 -6.36316953e+09  7.34e+02 1.56e-02  8.05e+02  3143s
[2025-09-15 09:54:32] DEBUG    281   2.16669875e+13 -6.34508273e+09  7.31e+02 1.56e-02  8.00e+02  3152s
[2025-09-15 09:54:42] DEBUG    282   2.16564058e+13 -6.33412100e+09  7.28e+02 1.57e-02  7.96e+02  3162s
[2025-09-15 09:54:53] DEBUG    283   2.16507649e+13 -6.31915780e+09  7.26e+02 1.57e-02  8.00e+02  3172s
[2025-09-15 09:55:03] DEBUG    284   2.16461704e+13 -6.30433165e+09  7.24e+02 1.57e-02  7.99e+02  3182s
[2025-09-15 09:55:23] DEBUG    285   2.16157493e+13 -6.27370911e+09  7.15e+02 1.57e-02  7.89e+02  3202s
[2025-09-15 09:55:45] DEBUG    286   2.15662147e+13 -6.24345793e+09  7.00e+02 1.57e-02  7.75e+02  3224s
[2025-09-15 09:55:58] DEBUG    287   2.15320530e+13 -6.22118485e+09  6.90e+02 1.57e-02  7.63e+02  3238s
[2025-09-15 09:56:16] DEBUG    288   2.14955204e+13 -6.19428991e+09  6.80e+02 1.57e-02  7.51e+02  3256s
[2025-09-15 09:56:28] DEBUG    289   2.14631081e+13 -6.16633578e+09  6.70e+02 1.57e-02  7.39e+02  3268s
[2025-09-15 09:56:40] DEBUG    290   2.14505153e+13 -6.15092715e+09  6.67e+02 1.57e-02  7.34e+02  3279s
[2025-09-15 09:56:48] DEBUG    291   2.14493223e+13 -6.14451622e+09  6.66e+02 1.57e-02  7.33e+02  3288s
[2025-09-15 09:56:57] DEBUG    292   2.14158880e+13 -6.12675731e+09  6.57e+02 1.57e-02  7.28e+02  3297s
[2025-09-15 09:57:08] DEBUG    293   2.14003577e+13 -6.11336450e+09  6.53e+02 1.57e-02  7.24e+02  3308s
[2025-09-15 09:57:18] DEBUG    294   2.13624706e+13 -6.09290002e+09  6.42e+02 1.57e-02  7.13e+02  3317s
[2025-09-15 09:57:29] DEBUG    295   2.13213307e+13 -6.07993286e+09  6.31e+02 1.57e-02  7.02e+02  3329s
[2025-09-15 09:57:41] DEBUG    296   2.12897826e+13 -6.05813616e+09  6.23e+02 1.57e-02  6.92e+02  3340s
[2025-09-15 09:57:50] DEBUG    297   2.12596929e+13 -6.03880396e+09  6.15e+02 1.57e-02  6.83e+02  3350s
[2025-09-15 09:57:59] DEBUG    298   2.12314731e+13 -6.03112786e+09  6.07e+02 1.57e-02  6.76e+02  3359s
[2025-09-15 09:58:08] DEBUG    299   2.12209651e+13 -6.01647379e+09  6.05e+02 1.57e-02  6.72e+02  3368s
[2025-09-15 09:58:17] DEBUG    300   2.12043886e+13 -6.00379397e+09  6.00e+02 1.57e-02  6.67e+02  3377s
[2025-09-15 09:58:30] DEBUG    301   2.11720583e+13 -5.99035136e+09  5.92e+02 1.57e-02  6.59e+02  3389s
[2025-09-15 09:58:40] DEBUG    302   2.11586314e+13 -5.97731132e+09  5.89e+02 1.57e-02  6.55e+02  3399s
[2025-09-15 09:58:47] DEBUG    303   2.11486085e+13 -5.96940170e+09  5.86e+02 1.57e-02  6.52e+02  3407s
[2025-09-15 09:58:55] DEBUG    304   2.11462932e+13 -5.95950922e+09  5.86e+02 1.57e-02  6.51e+02  3415s
[2025-09-15 09:59:08] DEBUG    305   2.11207401e+13 -5.94552470e+09  5.79e+02 1.57e-02  6.45e+02  3428s
[2025-09-15 09:59:17] DEBUG    306   2.11085044e+13 -5.94110637e+09  5.76e+02 1.57e-02  6.43e+02  3436s
[2025-09-15 09:59:26] DEBUG    307   2.10952239e+13 -5.93199116e+09  5.73e+02 1.57e-02  6.39e+02  3446s
[2025-09-15 09:59:46] DEBUG    308   2.10599994e+13 -5.91698157e+09  5.64e+02 1.57e-02  6.30e+02  3466s
[2025-09-15 10:00:02] DEBUG    309   2.10425344e+13 -5.89861315e+09  5.60e+02 1.57e-02  6.25e+02  3482s
[2025-09-15 10:00:12] DEBUG    310   2.10031316e+13 -5.88613233e+09  5.50e+02 1.57e-02  6.15e+02  3492s
[2025-09-15 10:00:24] DEBUG    311   2.09775398e+13 -5.86813999e+09  5.44e+02 1.57e-02  6.09e+02  3503s
[2025-09-15 10:00:31] DEBUG    312   2.09646377e+13 -5.85974821e+09  5.41e+02 1.57e-02  6.05e+02  3511s
[2025-09-15 10:00:40] DEBUG    313   2.09601346e+13 -5.85843618e+09  5.40e+02 1.57e-02  6.04e+02  3519s
[2025-09-15 10:00:57] DEBUG    314   2.09380305e+13 -5.85441455e+09  5.35e+02 1.57e-02  6.00e+02  3537s
[2025-09-15 10:01:09] DEBUG    315   2.09178750e+13 -5.83934915e+09  5.30e+02 1.57e-02  5.95e+02  3549s
[2025-09-15 10:01:18] DEBUG    316   2.09093859e+13 -5.83346567e+09  5.28e+02 1.57e-02  5.93e+02  3558s
[2025-09-15 10:01:28] DEBUG    317   2.09010727e+13 -5.83170669e+09  5.27e+02 1.57e-02  5.91e+02  3568s
[2025-09-15 10:01:37] DEBUG    318   2.08883225e+13 -5.82573781e+09  5.24e+02 1.57e-02  5.88e+02  3577s
[2025-09-15 10:01:47] DEBUG    319   2.08733682e+13 -5.82021992e+09  5.20e+02 1.57e-02  5.84e+02  3587s
[2025-09-15 10:01:55] DEBUG    320   2.08709169e+13 -5.81843465e+09  5.20e+02 1.57e-02  5.84e+02  3595s
[2025-09-15 10:01:56] DEBUG    Barrier performed 320 iterations in 3594.97 seconds (1008.16 work units)
Numerical trouble encountered

Model may be infeasible or unbounded.  Consider using the
[2025-09-15 10:01:56] DEBUG    homogeneous algorithm (through parameter 'BarHomogeneous')
[2025-09-15 10:03:00] DEBUG    Waiting for other threads to finish...        3659s
[2025-09-15 10:04:04] DEBUG    Waiting for other threads to finish...        3724s
[2025-09-15 10:05:09] DEBUG    Waiting for other threads to finish...        3788s
[2025-09-15 10:06:13] DEBUG    Waiting for other threads to finish...        3853s
[2025-09-15 10:07:18] DEBUG    Waiting for other threads to finish...        3917s
[2025-09-15 10:08:22] DEBUG    Waiting for other threads to finish...        3982s
[2025-09-15 10:09:27] DEBUG    Waiting for other threads to finish...        4046s
[2025-09-15 10:10:31] DEBUG    Waiting for other threads to finish...        4111s
[2025-09-15 10:11:36] DEBUG    Waiting for other threads to finish...        4176s
[2025-09-15 10:12:40] DEBUG    Waiting for other threads to finish...        4240s
[2025-09-15 10:13:45] DEBUG    Waiting for other threads to finish...        4305s
[2025-09-15 10:14:50] DEBUG    Waiting for other threads to finish...        4369s
[2025-09-15 10:15:54] DEBUG    Waiting for other threads to finish...        4434s
[2025-09-15 10:16:59] DEBUG    Waiting for other threads to finish...        4498s
[2025-09-15 10:18:03] DEBUG    Waiting for other threads to finish...        4563s
[2025-09-15 10:18:29] DEBUG    Solved with dual simplex
[2025-09-15 10:18:45] DEBUG    Iteration    Objective       Primal Inf.    Dual Inf.      Time
[2025-09-15 10:18:45] DEBUG    1644332    1.0737809e+10   0.000000e+00   0.000000e+00   4604s

Solved in 1644332 iterations and 4604.29 seconds (2208.84 work units)
[2025-09-15 10:18:45] DEBUG    Optimal objective  1.073780869e+10
✅ Scenario completato: new_trasmission_GT+VRES_2030_PHES
🏁 Tutti gli scenari sono stati processati.
