
🚀 Lancio scenario: new_trasmission_VRES_2030_BESS
[2025-08-07 02:57:21] INFO     Loading sets
[2025-08-07 02:57:21] INFO     Loading parameters
[2025-08-07 02:58:12] INFO     constraints are loaded in the following order: ['energy_balance', 'dispatch', 'costs', 'capacity', 'network', 'policy', 'conversion', 'group', 'conversion_plus', 'milp', 'export']
[2025-08-07 02:58:12] INFO     creating energy_balance constraints
[2025-08-07 03:02:26] INFO     creating dispatch constraints
[2025-08-07 03:06:01] INFO     creating costs constraints
[2025-08-07 03:16:57] INFO     creating capacity constraints
[2025-08-07 03:16:57] INFO     creating network constraints
[2025-08-07 03:16:57] INFO     creating policy constraints
[2025-08-07 03:16:57] INFO     creating conversion constraints
[2025-08-07 03:16:57] INFO     creating group constraints
[2025-08-07 03:16:57] INFO     creating conversion_plus constraints
[2025-08-07 03:16:57] INFO     creating milp constraints
[2025-08-07 03:16:57] INFO     creating export constraints
[2025-08-07 03:31:10] DEBUG    Set parameter WLSAccessID
Set parameter WLSSecret
Set parameter LicenseID to value 2680226
[2025-08-07 03:31:10] DEBUG    Academic license 2680226 - for non-commercial use only - registered to an___@mail.polimi.it
[2025-08-07 03:31:51] DEBUG    Read LP format model from file /tmp/tmpzyd82_8z.pyomo.lp
Reading time = 40.84 seconds
[2025-08-07 03:31:51] DEBUG    x19923672: 26712733 rows, 19923672 columns, 65169585 nonzeros
Set parameter NumericFocus to value 1
Gurobi Optimizer version 12.0.2 build v12.0.2rc0 (linux64 - "Debian GNU/Linux 11 (bullseye)")

CPU model: Intel(R) Xeon(R) Silver 4314 CPU @ 2.40GHz, instruction set [SSE2|AVX|AVX2|AVX512]
Thread count: 32 physical cores, 64 logical processors, using up to 32 threads

Non-default parameters:
NumericFocus  1
[2025-08-07 03:31:51] DEBUG    Academic license 2680226 - for non-commercial use only - registered to an___@mail.polimi.it
Optimize a model with 26712733 rows, 19923672 columns and 65169585 nonzeros
[2025-08-07 03:31:52] DEBUG    Model fingerprint: 0x90da8bca
[2025-08-07 03:31:52] DEBUG    Coefficient statistics:
  Matrix range     [1e-07, 3e+02]
  Objective range  [1e+00, 1e+06]
  Bounds range     [0e+00, 0e+00]
  RHS range        [1e+00, 2e+08]
[2025-08-07 03:31:57] DEBUG    Presolve removed 19562778 rows and 10744459 columns (presolve time = 5s)...
[2025-08-07 03:32:02] DEBUG    Presolve removed 19562778 rows and 12750733 columns (presolve time = 10s)...
[2025-08-07 03:32:07] DEBUG    Presolve removed 22317024 rows and 15454150 columns (presolve time = 15s)...
[2025-08-07 03:32:13] DEBUG    Presolve removed 22317024 rows and 15454150 columns (presolve time = 21s)...
[2025-08-07 03:32:21] DEBUG    Presolve removed 22317082 rows and 15681910 columns (presolve time = 29s)...
[2025-08-07 03:32:22] DEBUG    Presolve removed 22317082 rows and 15787030 columns (presolve time = 30s)...
[2025-08-07 03:32:27] DEBUG    Presolve removed 22317600 rows and 15787030 columns (presolve time = 35s)...
[2025-08-07 03:32:28] DEBUG    Presolve removed 22466503 rows and 15787030 columns
[2025-08-07 03:33:06] DEBUG    Presolve time: 74.58s
Presolved: 4246230 rows, 4285545 columns, 15803457 nonzeros
[2025-08-07 03:33:06] DEBUG    Concurrent LP optimizer: primal simplex, dual simplex, and barrier
Showing barrier log only...
[2025-08-07 03:33:23] DEBUG    Elapsed ordering time = 15s
[2025-08-07 03:33:31] DEBUG    Ordering time: 23.13s
[2025-08-07 03:33:34] DEBUG    Barrier statistics:
 Dense cols : 165
 AA' NZ     : 1.666e+07
[2025-08-07 03:33:34] DEBUG    Factor NZ  : 6.243e+07 (roughly 4.0 GB of memory)
 Factor Ops : 4.727e+09 (less than 1 second per iteration)
 Threads    : 30
[2025-08-07 03:33:40] DEBUG    Objective                Residual
Iter       Primal          Dual         Primal    Dual     Compl     Time
[2025-08-07 03:33:41] DEBUG    0   5.38909094e+18 -3.88809652e+17  1.81e+08 1.43e-11  2.98e+12   110s
[2025-08-07 03:33:47] DEBUG    1   4.24860330e+18 -3.34533503e+17  1.44e+08 3.56e+04  1.81e+12   116s
[2025-08-07 03:33:56] DEBUG    2   3.70603721e+18 -3.01569130e+17  1.27e+08 1.51e+04  1.39e+12   125s
[2025-08-07 03:34:05] DEBUG    3   2.70754182e+18 -2.80563964e+17  9.55e+07 5.86e+03  9.70e+11   134s
[2025-08-07 03:34:13] DEBUG    4   2.20530423e+18 -2.61088653e+17  7.82e+07 2.30e+03  7.53e+11   142s
[2025-08-07 03:34:18] DEBUG    5   1.65228272e+18 -2.37547675e+17  5.85e+07 1.17e+03  5.53e+11   147s
[2025-08-07 03:34:25] DEBUG    6   1.33406274e+18 -2.18425265e+17  4.72e+07 7.73e+02  4.40e+11   154s
[2025-08-07 03:34:30] DEBUG    7   9.40359794e+17 -2.04734386e+17  3.33e+07 6.16e+02  3.13e+11   159s
[2025-08-07 03:34:38] DEBUG    8   5.58840473e+17 -1.75830812e+17  2.01e+07 3.59e+02  1.89e+11   167s
[2025-08-07 03:34:44] DEBUG    9   4.16888941e+17 -1.36921182e+17  1.50e+07 1.68e+02  1.35e+11   173s
[2025-08-07 03:34:53] DEBUG    10   2.97767874e+16 -6.35080064e+16  1.06e+06 1.42e+01  1.40e+10   182s
[2025-08-07 03:34:59] DEBUG    11   9.91783087e+14 -1.90965998e+16  3.45e+04 2.51e+00  2.12e+09   188s
[2025-08-07 03:35:07] DEBUG    12   1.87259840e+12 -1.26386382e+14  7.30e-05 3.87e-03  1.28e+07   196s
[2025-08-07 03:35:17] DEBUG    13   1.30622157e+12 -7.51411877e+13  3.99e-05 2.10e-03  7.61e+06   206s
[2025-08-07 03:35:25] DEBUG    14   1.07388367e+12 -4.18782548e+13  2.59e-05 1.15e-03  4.30e+06   214s
[2025-08-07 03:35:31] DEBUG    15   8.49388465e+11 -2.86274743e+13  1.95e-05 6.03e-04  2.95e+06   220s
[2025-08-07 03:35:38] DEBUG    16   7.02534452e+11 -2.00260202e+13  1.49e-05 3.83e-04  2.07e+06   227s
[2025-08-07 03:35:43] DEBUG    17   5.98198539e+11 -1.17931486e+13  1.25e-05 2.01e-04  1.24e+06   232s
[2025-08-07 03:35:50] DEBUG    18   4.99128497e+11 -6.93940263e+12  8.61e-06 1.12e-04  7.42e+05   239s
[2025-08-07 03:35:56] DEBUG    19   3.42085994e+11 -3.54034807e+12  6.26e-06 4.38e-05  3.88e+05   245s
[2025-08-07 03:36:07] DEBUG    20   1.67403571e+11 -1.37886637e+12  2.01e-06 1.86e-08  1.54e+05   256s
[2025-08-07 03:36:20] DEBUG    21   1.20986464e+11 -9.16307366e+11  1.13e-06 1.24e-08  1.03e+05   269s
[2025-08-07 03:36:31] DEBUG    22   9.84103889e+10 -5.28581586e+11  7.47e-07 7.21e-09  6.24e+04   280s
[2025-08-07 03:36:45] DEBUG    23   7.50294505e+10 -3.70607924e+11  4.63e-07 5.08e-09  4.43e+04   294s
[2025-08-07 03:36:58] DEBUG    24   4.97554794e+10 -2.06000242e+11  2.19e-07 2.88e-09  2.54e+04   307s
[2025-08-07 03:37:09] DEBUG    25   3.97036872e+10 -1.19427314e+11  1.38e-06 1.81e-09  1.58e+04   318s
[2025-08-07 03:37:17] DEBUG    26   3.34775167e+10 -8.39515223e+10  4.68e-06 1.34e-09  1.16e+04   326s
[2025-08-07 03:37:23] DEBUG    27   3.22945328e+10 -6.71956141e+10  2.77e-06 1.12e-09  9.85e+03   332s
[2025-08-07 03:37:30] DEBUG    28   3.08648914e+10 -5.91516564e+10  5.78e-06 1.00e-09  8.92e+03   339s
[2025-08-07 03:37:36] DEBUG    29   2.93270821e+10 -5.36269904e+10  1.20e-05 9.22e-10  8.21e+03   345s
[2025-08-07 03:37:48] DEBUG    30   2.85967604e+10 -4.83042071e+10  1.14e-05 8.47e-10  7.61e+03   357s
[2025-08-07 03:38:04] DEBUG    31   2.75605689e+10 -3.63473809e+10  1.05e-05 6.82e-10  6.33e+03   373s
[2025-08-07 03:38:22] DEBUG    32   2.51803026e+10 -2.25941106e+10  3.73e-05 5.18e-10  4.73e+03   391s
[2025-08-07 03:38:38] DEBUG    33   2.43829434e+10 -1.28864425e+10  3.45e-05 3.98e-10  3.69e+03   407s
[2025-08-07 03:38:51] DEBUG    34   2.40352813e+10 -6.60947230e+09  3.33e-05 3.04e-10  3.03e+03   420s
[2025-08-07 03:39:04] DEBUG    35   2.16922299e+10  4.23979833e+09  2.51e-05 3.49e-10  1.73e+03   433s
[2025-08-07 03:39:19] DEBUG    36   2.08791693e+10  8.32090387e+09  2.31e-05 6.76e-09  1.24e+03   448s
[2025-08-07 03:39:33] DEBUG    37   2.04807594e+10  9.18950954e+09  2.21e-05 4.86e-09  1.12e+03   462s
[2025-08-07 03:39:50] DEBUG    38   2.02268162e+10  9.51747070e+09  2.13e-05 4.04e-09  1.06e+03   479s
[2025-08-07 03:40:10] DEBUG    39   1.84583852e+10  1.00738652e+10  1.59e-05 3.47e-09  8.30e+02   499s
[2025-08-07 03:40:31] DEBUG    40   1.78076402e+10  1.11598240e+10  1.37e-05 2.32e-09  6.58e+02   520s
[2025-08-07 03:40:48] DEBUG    41   1.69742977e+10  1.17606536e+10  1.12e-05 6.29e-07  5.16e+02   537s
[2025-08-07 03:41:09] DEBUG    42   1.59987472e+10  1.22838579e+10  8.15e-06 3.98e-07  3.67e+02   558s
[2025-08-07 03:41:28] DEBUG    43   1.59507664e+10  1.23929339e+10  8.01e-06 3.42e-07  3.52e+02   577s
[2025-08-07 03:41:41] DEBUG    44   1.53217944e+10  1.25417070e+10  6.24e-06 2.56e-07  2.75e+02   590s
[2025-08-07 03:42:04] DEBUG    45   1.50138585e+10  1.26508060e+10  5.37e-06 2.04e-07  2.34e+02   613s
[2025-08-07 03:42:28] DEBUG    46   1.48423378e+10  1.27675164e+10  4.96e-06 1.48e-07  2.05e+02   637s
[2025-08-07 03:42:56] DEBUG    47   1.44933933e+10  1.28616872e+10  4.02e-06 1.13e-07  1.61e+02   665s
[2025-08-07 03:43:21] DEBUG    48   1.44331438e+10  1.28986223e+10  3.89e-06 1.14e-07  1.52e+02   690s
[2025-08-07 03:43:52] DEBUG    49   1.43374003e+10  1.29021851e+10  3.64e-06 1.15e-07  1.42e+02   721s
[2025-08-07 03:44:28] DEBUG    50   1.41654167e+10  1.29550555e+10  3.19e-06 1.29e-07  1.20e+02   757s
[2025-08-07 03:45:02] DEBUG    51   1.38819300e+10  1.29979688e+10  2.40e-06 2.10e-07  8.74e+01   791s
[2025-08-07 03:45:33] DEBUG    52   1.37271438e+10  1.30235384e+10  1.96e-06 2.62e-07  6.96e+01   822s
[2025-08-07 03:46:06] DEBUG    53   1.36559158e+10  1.30355666e+10  1.77e-06 2.85e-07  6.14e+01   855s
[2025-08-07 03:46:31] DEBUG    54   1.36311772e+10  1.30390395e+10  1.69e-06 2.93e-07  5.86e+01   880s
[2025-08-07 03:47:04] DEBUG    55   1.34643881e+10  1.30493889e+10  1.20e-06 3.12e-07  4.10e+01   913s
[2025-08-07 03:47:37] DEBUG    56   1.33916090e+10  1.30571786e+10  9.83e-07 3.04e-07  3.31e+01   946s
[2025-08-07 03:48:06] DEBUG    57   1.33818947e+10  1.30590653e+10  9.56e-07 3.02e-07  3.19e+01   975s
[2025-08-07 03:48:41] DEBUG    58   1.33500223e+10  1.30699124e+10  8.58e-07 2.88e-07  2.77e+01  1010s
[2025-08-07 03:49:20] DEBUG    59   1.33381947e+10  1.30728084e+10  8.17e-07 2.83e-07  2.62e+01  1049s
[2025-08-07 03:49:54] DEBUG    60   1.33135093e+10  1.30752445e+10  7.42e-07 2.71e-07  2.36e+01  1083s
[2025-08-07 03:50:45] DEBUG    61   1.33006609e+10  1.30767212e+10  7.00e-07 2.66e-07  2.21e+01  1134s
[2025-08-07 03:51:21] DEBUG    62   1.32733877e+10  1.30787680e+10  6.14e-07 2.91e-07  1.92e+01  1170s
[2025-08-07 03:52:03] DEBUG    63   1.32451098e+10  1.30811107e+10  5.32e-07 3.45e-07  1.62e+01  1212s
[2025-08-07 03:52:40] DEBUG    64   1.32350648e+10  1.30832622e+10  4.96e-07 3.83e-07  1.50e+01  1249s
[2025-08-07 03:53:15] DEBUG    65   1.32221081e+10  1.30841982e+10  4.49e-07 3.97e-07  1.36e+01  1284s
[2025-08-07 03:53:45] DEBUG    66   1.32165460e+10  1.30856883e+10  4.28e-07 3.97e-07  1.29e+01  1314s
[2025-08-07 03:54:22] DEBUG    67   1.31789257e+10  1.30879827e+10  2.96e-07 3.93e-07  9.00e+00  1351s
[2025-08-07 03:54:59] DEBUG    68   1.31754792e+10  1.30904091e+10  2.87e-07 3.78e-07  8.41e+00  1388s
[2025-08-07 03:55:31] DEBUG    69   1.31593879e+10  1.30914485e+10  2.34e-07 3.70e-07  6.72e+00  1420s
[2025-08-07 03:56:10] DEBUG    70   1.31413984e+10  1.30920180e+10  1.71e-07 3.69e-07  4.88e+00  1459s
[2025-08-07 03:56:35] DEBUG    71   1.31403890e+10  1.30927798e+10  1.67e-07 3.66e-07  4.71e+00  1484s
[2025-08-07 03:57:03] DEBUG    72   1.31352935e+10  1.30931227e+10  1.49e-07 3.68e-07  4.17e+00  1512s
[2025-08-07 03:57:44] DEBUG    73   1.31321297e+10  1.30935567e+10  1.39e-07 3.70e-07  3.82e+00  1553s
[2025-08-07 03:58:15] DEBUG    74   1.31262293e+10  1.30939133e+10  1.15e-07 3.73e-07  3.20e+00  1584s
[2025-08-07 03:58:48] DEBUG    75   1.31176900e+10  1.30941459e+10  9.20e-08 3.68e-07  2.33e+00  1617s
[2025-08-07 03:59:18] DEBUG    76   1.31141592e+10  1.30942951e+10  7.52e-08 3.55e-07  1.96e+00  1647s
[2025-08-07 03:59:50] DEBUG    77   1.31132688e+10  1.30944072e+10  7.05e-08 3.45e-07  1.87e+00  1679s
[2025-08-07 04:00:23] DEBUG    78   1.31091039e+10  1.30945621e+10  6.03e-08 3.21e-07  1.44e+00  1712s
[2025-08-07 04:00:56] DEBUG    79   1.31051078e+10  1.30948092e+10  3.86e-08 2.78e-07  1.02e+00  1745s
[2025-08-07 04:01:27] DEBUG    80   1.31025271e+10  1.30948672e+10  2.98e-08 2.50e-07  7.58e-01  1776s
[2025-08-07 04:01:57] DEBUG    81   1.31009034e+10  1.30949570e+10  2.98e-08 2.07e-07  5.88e-01  1806s
[2025-08-07 04:02:25] DEBUG    82   1.30997422e+10  1.30950206e+10  3.35e-08 1.70e-07  4.67e-01  1834s
[2025-08-07 04:03:00] DEBUG    83   1.30991722e+10  1.30950275e+10  3.73e-08 1.57e-07  4.10e-01  1869s
[2025-08-07 04:03:25] DEBUG    84   1.30985894e+10  1.30950508e+10  4.10e-08 1.39e-07  3.50e-01  1894s
[2025-08-07 04:03:54] DEBUG    85   1.30983181e+10  1.30950782e+10  4.10e-08 1.23e-07  3.20e-01  1923s
[2025-08-07 04:04:25] DEBUG    86   1.30975536e+10  1.30951214e+10  2.61e-08 9.64e-08  2.41e-01  1954s
[2025-08-07 04:04:55] DEBUG    87   1.30971025e+10  1.30951784e+10  3.35e-08 6.04e-08  1.90e-01  1984s
[2025-08-07 04:05:25] DEBUG    88   1.30967319e+10  1.30951998e+10  4.10e-08 4.43e-08  1.52e-01  2014s
[2025-08-07 04:05:52] DEBUG    89   1.30962534e+10  1.30952188e+10  3.35e-08 3.03e-08  1.02e-01  2041s
[2025-08-07 04:06:17] DEBUG    90   1.30959921e+10  1.30952350e+10  4.47e-08 2.08e-08  7.49e-02  2066s
[2025-08-07 04:06:47] DEBUG    91   1.30958153e+10  1.30952440e+10  3.35e-08 1.38e-08  5.65e-02  2096s
[2025-08-07 04:07:18] DEBUG    92   1.30956611e+10  1.30952516e+10  3.35e-08 8.98e-09  4.05e-02  2127s
[2025-08-07 04:07:43] DEBUG    93   1.30956126e+10  1.30952553e+10  3.73e-08 6.50e-09  3.53e-02  2152s
[2025-08-07 04:08:02] DEBUG    94   1.30955376e+10  1.30952570e+10  3.35e-08 5.32e-09  2.78e-02  2171s
[2025-08-07 04:08:25] DEBUG    95   1.30954670e+10  1.30952572e+10  3.73e-08 4.90e-09  2.07e-02  2194s
[2025-08-07 04:08:46] DEBUG    96   1.30954093e+10  1.30952599e+10  3.35e-08 2.39e-09  1.48e-02  2215s
[2025-08-07 04:09:00] DEBUG    97   1.30953289e+10  1.30952607e+10  3.35e-08 1.96e-09  6.75e-03  2229s
[2025-08-07 04:09:13] DEBUG    98   1.30952794e+10  1.30952616e+10  4.47e-08 1.38e-09  1.76e-03  2242s
[2025-08-07 04:09:23] DEBUG    99   1.30952681e+10  1.30952621e+10  6.71e-08 1.11e-09  5.91e-04  2252s
[2025-08-07 04:09:31] DEBUG    100   1.30952658e+10  1.30952632e+10  3.73e-08 4.62e-10  2.55e-04  2260s
[2025-08-07 04:09:40] DEBUG    101   1.30952648e+10  1.30952634e+10  3.73e-08 3.68e-10  1.32e-04  2269s
[2025-08-07 04:09:48] DEBUG    102   1.30952645e+10  1.30952638e+10  3.35e-08 3.49e-10  7.02e-05  2277s
[2025-08-07 04:09:56] DEBUG    103   1.30952643e+10  1.30952639e+10  3.35e-08 3.49e-10  4.32e-05  2285s
[2025-08-07 04:10:04] DEBUG    104   1.30952642e+10  1.30952639e+10  3.35e-08 3.49e-10  2.08e-05  2293s
[2025-08-07 04:10:10] DEBUG    105   1.30952641e+10  1.30952640e+10  4.47e-08 4.66e-10  4.03e-06  2299s
[2025-08-07 04:10:15] DEBUG    106   1.30952640e+10  1.30952640e+10  4.10e-08 3.49e-10  6.89e-07  2304s
[2025-08-07 04:10:22] DEBUG    107   1.30952640e+10  1.30952640e+10  5.96e-08 4.66e-10  3.38e-09  2311s
[2025-08-07 04:10:22] DEBUG    Barrier solved model in 107 iterations and 2310.83 seconds (558.14 work units)
Optimal objective 1.30952640e+10
[2025-08-07 04:10:23] DEBUG    Crossover log...
[2025-08-07 04:10:24] DEBUG    484786 DPushes remaining with DInf 0.0000000e+00              2313s
[2025-08-07 04:10:27] DEBUG    285462 DPushes remaining with DInf 0.0000000e+00              2316s
[2025-08-07 04:10:31] DEBUG    265967 DPushes remaining with DInf 0.0000000e+00              2320s
[2025-08-07 04:10:37] DEBUG    258159 DPushes remaining with DInf 0.0000000e+00              2326s
[2025-08-07 04:10:41] DEBUG    252449 DPushes remaining with DInf 0.0000000e+00              2330s
[2025-08-07 04:10:46] DEBUG    244296 DPushes remaining with DInf 0.0000000e+00              2335s
[2025-08-07 04:10:51] DEBUG    236886 DPushes remaining with DInf 0.0000000e+00              2340s
[2025-08-07 04:10:57] DEBUG    230984 DPushes remaining with DInf 0.0000000e+00              2346s
[2025-08-07 04:11:01] DEBUG    226803 DPushes remaining with DInf 0.0000000e+00              2350s
[2025-08-07 04:11:07] DEBUG    214642 DPushes remaining with DInf 0.0000000e+00              2356s
[2025-08-07 04:11:11] DEBUG    206296 DPushes remaining with DInf 0.0000000e+00              2360s
[2025-08-07 04:11:17] DEBUG    197305 DPushes remaining with DInf 0.0000000e+00              2366s
[2025-08-07 04:11:22] DEBUG    189948 DPushes remaining with DInf 0.0000000e+00              2371s
[2025-08-07 04:11:26] DEBUG    182703 DPushes remaining with DInf 0.0000000e+00              2375s
[2025-08-07 04:11:31] DEBUG    164993 DPushes remaining with DInf 0.0000000e+00              2380s
[2025-08-07 04:11:37] DEBUG    151094 DPushes remaining with DInf 0.0000000e+00              2386s
[2025-08-07 04:11:41] DEBUG    144835 DPushes remaining with DInf 0.0000000e+00              2390s
[2025-08-07 04:11:47] DEBUG    132979 DPushes remaining with DInf 0.0000000e+00              2396s
[2025-08-07 04:11:52] DEBUG    123295 DPushes remaining with DInf 0.0000000e+00              2401s
[2025-08-07 04:11:56] DEBUG    115740 DPushes remaining with DInf 0.0000000e+00              2405s
[2025-08-07 04:12:01] DEBUG    101890 DPushes remaining with DInf 0.0000000e+00              2410s
[2025-08-07 04:12:06] DEBUG    92319 DPushes remaining with DInf 0.0000000e+00              2415s
[2025-08-07 04:12:11] DEBUG    83593 DPushes remaining with DInf 0.0000000e+00              2420s
[2025-08-07 04:12:16] DEBUG    74951 DPushes remaining with DInf 0.0000000e+00              2425s
[2025-08-07 04:12:22] DEBUG    64854 DPushes remaining with DInf 0.0000000e+00              2431s
[2025-08-07 04:12:27] DEBUG    54827 DPushes remaining with DInf 0.0000000e+00              2436s
[2025-08-07 04:12:31] DEBUG    46348 DPushes remaining with DInf 0.0000000e+00              2440s
[2025-08-07 04:12:36] DEBUG    43297 DPushes remaining with DInf 0.0000000e+00              2445s
[2025-08-07 04:12:42] DEBUG    40302 DPushes remaining with DInf 0.0000000e+00              2451s
[2025-08-07 04:12:47] DEBUG    35422 DPushes remaining with DInf 0.0000000e+00              2456s
[2025-08-07 04:12:52] DEBUG    31003 DPushes remaining with DInf 0.0000000e+00              2461s
[2025-08-07 04:12:57] DEBUG    26971 DPushes remaining with DInf 0.0000000e+00              2466s
[2025-08-07 04:13:03] DEBUG    23974 DPushes remaining with DInf 0.0000000e+00              2472s
[2025-08-07 04:13:06] DEBUG    21336 DPushes remaining with DInf 0.0000000e+00              2475s
[2025-08-07 04:13:11] DEBUG    13334 DPushes remaining with DInf 0.0000000e+00              2480s
[2025-08-07 04:13:16] DEBUG    6527 DPushes remaining with DInf 0.0000000e+00              2485s
[2025-08-07 04:13:21] DEBUG    681 DPushes remaining with DInf 0.0000000e+00              2490s
[2025-08-07 04:13:22] DEBUG    0 DPushes remaining with DInf 0.0000000e+00              2491s
[2025-08-07 04:13:22] DEBUG    1342988 PPushes remaining with PInf 4.0930261e-01              2491s
[2025-08-07 04:13:27] DEBUG    63625 PPushes remaining with PInf 5.3271405e-01              2496s
[2025-08-07 04:13:31] DEBUG    7169 PPushes remaining with PInf 1.1428987e-01              2500s
[2025-08-07 04:13:33] DEBUG    0 PPushes remaining with PInf 0.0000000e+00              2502s
[2025-08-07 04:13:33] DEBUG    Push phase complete: Pinf 0.0000000e+00, Dinf 2.0387869e-01   2502s
[2025-08-07 04:13:34] DEBUG    Iteration    Objective       Primal Inf.    Dual Inf.      Time
 1691517    1.3095264e+10   0.000000e+00   2.038787e-01   2503s
[2025-08-07 04:13:36] DEBUG    1694520    1.3095264e+10   0.000000e+00   3.025904e-02   2505s
[2025-08-07 04:13:38] DEBUG    Solved with barrier
[2025-08-07 04:13:53] DEBUG    1695604    1.3095264e+10   0.000000e+00   0.000000e+00   2522s
[2025-08-07 04:13:53] DEBUG    Solved in 1695604 iterations and 2522.38 seconds (747.86 work units)
[2025-08-07 04:13:53] DEBUG    Optimal objective  1.309526404e+10
✅ Scenario completato: new_trasmission_VRES_2030_BESS

🚀 Lancio scenario: new_trasmission_VRES_2030_PHES
[2025-08-07 04:22:00] INFO     Loading sets
[2025-08-07 04:22:00] INFO     Loading parameters
[2025-08-07 04:22:38] INFO     constraints are loaded in the following order: ['energy_balance', 'dispatch', 'costs', 'capacity', 'network', 'policy', 'conversion', 'group', 'conversion_plus', 'milp', 'export']
[2025-08-07 04:22:38] INFO     creating energy_balance constraints
[2025-08-07 04:27:45] INFO     creating dispatch constraints
[2025-08-07 04:31:56] INFO     creating costs constraints
[2025-08-07 04:43:55] INFO     creating capacity constraints
[2025-08-07 04:43:55] INFO     creating network constraints
[2025-08-07 04:43:55] INFO     creating policy constraints
[2025-08-07 04:43:55] INFO     creating conversion constraints
[2025-08-07 04:43:55] INFO     creating group constraints
[2025-08-07 04:43:55] INFO     creating conversion_plus constraints
[2025-08-07 04:43:55] INFO     creating milp constraints
[2025-08-07 04:43:55] INFO     creating export constraints
[2025-08-07 04:58:00] DEBUG    Set parameter WLSAccessID
Set parameter WLSSecret
Set parameter LicenseID to value 2680226
[2025-08-07 04:58:00] DEBUG    Academic license 2680226 - for non-commercial use only - registered to an___@mail.polimi.it
[2025-08-07 04:58:41] DEBUG    Read LP format model from file /tmp/tmpl4nput7x.pyomo.lp
Reading time = 40.59 seconds
x19923672: 26712791 rows, 19923672 columns, 65423683 nonzeros
[2025-08-07 04:58:41] DEBUG    Set parameter NumericFocus to value 1
Gurobi Optimizer version 12.0.2 build v12.0.2rc0 (linux64 - "Debian GNU/Linux 11 (bullseye)")

CPU model: Intel(R) Xeon(R) Silver 4314 CPU @ 2.40GHz, instruction set [SSE2|AVX|AVX2|AVX512]
Thread count: 32 physical cores, 64 logical processors, using up to 32 threads

Non-default parameters:
NumericFocus  1
[2025-08-07 04:58:41] DEBUG    Academic license 2680226 - for non-commercial use only - registered to an___@mail.polimi.it
Optimize a model with 26712791 rows, 19923672 columns and 65423683 nonzeros
[2025-08-07 04:58:42] DEBUG    Model fingerprint: 0x78c265b3
[2025-08-07 04:58:42] DEBUG    Coefficient statistics:
  Matrix range     [1e-07, 3e+02]
  Objective range  [1e+00, 1e+06]
  Bounds range     [0e+00, 0e+00]
  RHS range        [1e+00, 6e+09]
Warning: Model contains large rhs
[2025-08-07 04:58:47] DEBUG    Presolve removed 19641679 rows and 10744462 columns (presolve time = 5s)...
[2025-08-07 04:58:52] DEBUG    Presolve removed 19694242 rows and 12829579 columns (presolve time = 10s)...
[2025-08-07 04:58:58] DEBUG    Presolve removed 22422283 rows and 15511966 columns (presolve time = 17s)...
[2025-08-07 04:59:03] DEBUG    Presolve removed 22422283 rows and 15511966 columns (presolve time = 21s)...
[2025-08-07 04:59:11] DEBUG    Presolve removed 22422335 rows and 15739726 columns (presolve time = 29s)...
[2025-08-07 04:59:12] DEBUG    Presolve removed 22422335 rows and 15844846 columns (presolve time = 30s)...
[2025-08-07 04:59:17] DEBUG    Presolve removed 22422853 rows and 15844846 columns (presolve time = 35s)...
[2025-08-07 04:59:17] DEBUG    Presolve removed 22571756 rows and 15844846 columns
[2025-08-07 04:59:55] DEBUG    Presolve time: 74.16s
Presolved: 4141035 rows, 4227729 columns, 15361607 nonzeros

Concurrent LP optimizer: primal simplex, dual simplex, and barrier
Showing barrier log only...
[2025-08-07 05:00:14] DEBUG    Elapsed ordering time = 16s
[2025-08-07 05:00:21] DEBUG    Ordering time: 23.43s
[2025-08-07 05:00:24] DEBUG    Barrier statistics:
 Dense cols : 162
 AA' NZ     : 1.594e+07
 Factor NZ  : 5.962e+07 (roughly 4.0 GB of memory)
 Factor Ops : 4.203e+09 (less than 1 second per iteration)
 Threads    : 30
[2025-08-07 05:00:30] DEBUG    Objective                Residual
[2025-08-07 05:00:30] DEBUG    Iter       Primal          Dual         Primal    Dual     Compl     Time
[2025-08-07 05:00:30] DEBUG    0   4.70654328e+18 -5.29543517e+17  1.45e+08 2.86e-11  3.39e+12   110s
[2025-08-07 05:00:37] DEBUG    1   3.73400167e+18 -4.51687280e+17  1.16e+08 5.87e+04  2.08e+12   116s
[2025-08-07 05:00:45] DEBUG    2   3.27240683e+18 -3.93759599e+17  1.02e+08 2.52e+04  1.59e+12   125s
[2025-08-07 05:00:56] DEBUG    3   2.18355797e+18 -3.59921514e+17  7.25e+07 9.24e+03  1.03e+12   135s
[2025-08-07 05:01:04] DEBUG    4   1.67511658e+18 -3.30990780e+17  5.61e+07 3.85e+03  7.51e+11   143s
[2025-08-07 05:01:11] DEBUG    5   1.38132022e+18 -2.98060635e+17  4.62e+07 1.92e+03  5.98e+11   150s
[2025-08-07 05:01:18] DEBUG    6   9.70918981e+17 -2.81459660e+17  3.24e+07 1.57e+03  4.25e+11   157s
[2025-08-07 05:01:25] DEBUG    7   8.21751982e+17 -2.60935206e+17  2.74e+07 1.17e+03  3.56e+11   164s
[2025-08-07 05:01:33] DEBUG    8   4.71333486e+17 -2.10163201e+17  1.61e+07 5.31e+02  2.02e+11   172s
[2025-08-07 05:01:44] DEBUG    9   2.25220322e+17 -1.43248214e+17  8.03e+06 1.38e+02  9.48e+10   184s
[2025-08-07 05:01:54] DEBUG    10   1.45025699e+16 -7.22386061e+16  6.32e+05 2.20e+01  1.26e+10   193s
[2025-08-07 05:02:00] DEBUG    11   2.03925073e+14 -1.34859174e+16  8.41e+03 2.06e+00  1.43e+09   199s
[2025-08-07 05:02:07] DEBUG    12   9.41569372e+11 -2.69599529e+14  1.18e-04 3.90e-02  2.78e+07   206s
[2025-08-07 05:02:13] DEBUG    13   1.18901692e+12 -7.95157352e+13  2.30e-04 1.10e-02  8.35e+06   212s
[2025-08-07 05:02:19] DEBUG    14   1.08257318e+12 -4.59478850e+13  7.54e-05 6.05e-03  4.90e+06   219s
[2025-08-07 05:02:27] DEBUG    15   7.86603920e+11 -2.24690241e+13  7.34e-05 2.64e-03  2.41e+06   226s
[2025-08-07 05:02:34] DEBUG    16   7.19994787e+11 -1.77327294e+13  4.00e-05 2.11e-03  1.91e+06   233s
[2025-08-07 05:02:41] DEBUG    17   6.18411554e+11 -1.08277897e+13  1.46e-05 9.50e-04  1.18e+06   240s
[2025-08-07 05:02:47] DEBUG    18   5.25180120e+11 -7.41202005e+12  9.00e-06 5.35e-04  8.21e+05   247s
[2025-08-07 05:02:56] DEBUG    19   3.70475723e+11 -3.82026101e+12  7.41e-06 1.57e-04  4.34e+05   256s
[2025-08-07 05:03:08] DEBUG    20   3.04093983e+11 -2.39649100e+12  4.16e-06 9.20e-05  2.79e+05   267s
[2025-08-07 05:03:17] DEBUG    21   2.22251864e+11 -9.58236847e+11  2.41e-06 3.17e-05  1.21e+05   276s
[2025-08-07 05:03:23] DEBUG    22   1.59815074e+11 -5.87813859e+11  2.06e-06 9.73e-06  7.66e+04   283s
[2025-08-07 05:03:30] DEBUG    23   1.07379357e+11 -2.86019584e+11  9.50e-07 7.52e-10  4.01e+04   289s
[2025-08-07 05:03:36] DEBUG    24   7.32505640e+10 -1.98355810e+11  5.16e-07 5.37e-10  2.76e+04   295s
[2025-08-07 05:03:43] DEBUG    25   5.50101875e+10 -1.20071945e+11  1.39e-06 4.66e-10  1.77e+04   302s
[2025-08-07 05:03:52] DEBUG    26   4.34979073e+10 -5.58127218e+10  2.06e-06 3.49e-10  1.00e+04   312s
[2025-08-07 05:04:07] DEBUG    27   3.69134042e+10 -3.18727364e+10  1.85e-06 4.66e-10  6.94e+03   326s
[2025-08-07 05:04:19] DEBUG    28   3.48931072e+10 -1.91666002e+10  3.36e-06 2.33e-10  5.45e+03   338s
[2025-08-07 05:04:32] DEBUG    29   3.39079039e+10 -1.77186845e+10  3.20e-06 3.49e-10  5.21e+03   351s
[2025-08-07 05:04:47] DEBUG    30   3.26642129e+10 -1.23714199e+10  3.01e-06 2.33e-10  4.54e+03   366s
[2025-08-07 05:05:07] DEBUG    31   3.03985404e+10 -6.99515634e+09  2.66e-06 2.33e-10  3.77e+03   386s
[2025-08-07 05:05:27] DEBUG    32   2.87375021e+10 -1.74180398e+09  2.39e-06 3.49e-10  3.07e+03   407s
[2025-08-07 05:05:47] DEBUG    33   2.61604884e+10  6.86830677e+09  1.98e-06 3.49e-10  1.94e+03   426s
[2025-08-07 05:06:09] DEBUG    34   2.44322218e+10  9.25502008e+09  1.73e-06 2.33e-10  1.53e+03   449s
[2025-08-07 05:06:29] DEBUG    35   2.26717375e+10  1.02840037e+10  1.45e-06 2.33e-10  1.25e+03   468s
[2025-08-07 05:06:53] DEBUG    36   2.22064140e+10  1.06693649e+10  1.37e-06 3.49e-10  1.16e+03   492s
[2025-08-07 05:07:14] DEBUG    37   2.15954395e+10  1.12166369e+10  1.28e-06 2.33e-10  1.04e+03   513s
[2025-08-07 05:07:34] DEBUG    38   1.98952159e+10  1.19801339e+10  5.16e-06 4.15e-09  7.96e+02   533s
[2025-08-07 05:07:53] DEBUG    39   1.89746439e+10  1.25304165e+10  4.51e-06 1.84e-09  6.48e+02   552s
[2025-08-07 05:08:14] DEBUG    40   1.83297926e+10  1.26416529e+10  3.99e-06 2.03e-09  5.72e+02   573s
[2025-08-07 05:08:29] DEBUG    41   1.76693646e+10  1.28266160e+10  3.56e-06 8.33e-08  4.87e+02   588s
[2025-08-07 05:08:48] DEBUG    42   1.72444339e+10  1.29239037e+10  3.29e-06 7.01e-08  4.34e+02   608s
[2025-08-07 05:09:08] DEBUG    43   1.66103572e+10  1.29590675e+10  3.68e-06 6.58e-08  3.67e+02   627s
[2025-08-07 05:09:32] DEBUG    44   1.64299264e+10  1.30541600e+10  4.03e-06 7.91e-08  3.39e+02   651s
[2025-08-07 05:09:49] DEBUG    45   1.63817920e+10  1.30985580e+10  3.93e-06 1.45e-07  3.30e+02   668s
[2025-08-07 05:10:07] DEBUG    46   1.63591805e+10  1.31650709e+10  3.92e-06 2.70e-07  3.21e+02   686s
[2025-08-07 05:10:28] DEBUG    47   1.58838450e+10  1.32605201e+10  3.30e-06 2.60e-07  2.64e+02   707s
[2025-08-07 05:10:47] DEBUG    48   1.50945522e+10  1.32757414e+10  1.47e-06 2.74e-07  1.83e+02   726s
[2025-08-07 05:11:16] DEBUG    49   1.50607693e+10  1.32932102e+10  1.43e-06 2.81e-07  1.78e+02   756s
[2025-08-07 05:11:38] DEBUG    50   1.48788800e+10  1.33396831e+10  1.30e-06 3.12e-07  1.55e+02   777s
[2025-08-07 05:12:02] DEBUG    51   1.46867047e+10  1.33835910e+10  1.12e-06 3.84e-07  1.31e+02   801s
[2025-08-07 05:12:27] DEBUG    52   1.44759154e+10  1.34023904e+10  9.40e-07 4.27e-07  1.08e+02   826s
[2025-08-07 05:12:54] DEBUG    53   1.43882471e+10  1.34123163e+10  8.64e-07 4.46e-07  9.81e+01   853s
[2025-08-07 05:13:21] DEBUG    54   1.43811710e+10  1.34144921e+10  8.62e-07 4.38e-07  9.71e+01   880s
[2025-08-07 05:13:56] DEBUG    55   1.43682626e+10  1.34201184e+10  8.47e-07 4.29e-07  9.53e+01   916s
[2025-08-07 05:14:19] DEBUG    56   1.41762717e+10  1.34385378e+10  7.00e-07 1.24e-07  7.41e+01   938s
[2025-08-07 05:14:40] DEBUG    57   1.40619086e+10  1.34524340e+10  5.89e-07 2.00e-07  6.12e+01   959s
[2025-08-07 05:14:59] DEBUG    58   1.40479677e+10  1.34537554e+10  5.74e-07 2.00e-07  5.97e+01   978s
[2025-08-07 05:15:35] DEBUG    59   1.39751475e+10  1.34601746e+10  4.97e-07 1.97e-07  5.17e+01  1014s
[2025-08-07 05:15:57] DEBUG    60   1.38837351e+10  1.34677559e+10  4.05e-07 1.87e-07  4.18e+01  1037s
[2025-08-07 05:16:23] DEBUG    61   1.38527988e+10  1.34709614e+10  3.66e-07 1.79e-07  3.84e+01  1063s
[2025-08-07 05:16:50] DEBUG    62   1.38291185e+10  1.34769972e+10  3.48e-07 1.54e-07  3.54e+01  1089s
[2025-08-07 05:17:20] DEBUG    63   1.37930854e+10  1.34785557e+10  3.12e-07 1.47e-07  3.16e+01  1119s
[2025-08-07 05:17:49] DEBUG    64   1.37747364e+10  1.34831442e+10  2.93e-07 1.26e-07  2.93e+01  1149s
[2025-08-07 05:18:16] DEBUG    65   1.37542717e+10  1.34845398e+10  2.72e-07 1.19e-07  2.71e+01  1175s
[2025-08-07 05:18:50] DEBUG    66   1.37324995e+10  1.34879094e+10  2.50e-07 1.04e-07  2.46e+01  1209s
[2025-08-07 05:19:13] DEBUG    67   1.37240889e+10  1.34891400e+10  2.43e-07 9.87e-08  2.36e+01  1232s
[2025-08-07 05:19:43] DEBUG    68   1.37075905e+10  1.34899907e+10  2.22e-07 9.47e-08  2.19e+01  1262s
[2025-08-07 05:20:15] DEBUG    69   1.36857738e+10  1.34929761e+10  2.02e-07 8.55e-08  1.94e+01  1295s
[2025-08-07 05:20:50] DEBUG    70   1.36766249e+10  1.34949810e+10  1.92e-07 7.90e-08  1.83e+01  1330s
[2025-08-07 05:21:25] DEBUG    71   1.36464296e+10  1.34971393e+10  1.59e-07 7.02e-08  1.50e+01  1364s
[2025-08-07 05:21:52] DEBUG    72   1.36340273e+10  1.34981941e+10  1.48e-07 6.59e-08  1.36e+01  1391s
[2025-08-07 05:22:22] DEBUG    73   1.36262577e+10  1.34993930e+10  1.40e-07 6.06e-08  1.27e+01  1421s
[2025-08-07 05:22:55] DEBUG    74   1.36137492e+10  1.35009659e+10  1.25e-07 5.20e-08  1.13e+01  1455s
[2025-08-07 05:23:28] DEBUG    75   1.35916250e+10  1.35025130e+10  1.01e-07 4.47e-08  8.95e+00  1487s
[2025-08-07 05:23:55] DEBUG    76   1.35859973e+10  1.35047846e+10  9.36e-08 3.34e-08  8.16e+00  1514s
[2025-08-07 05:24:26] DEBUG    77   1.35768317e+10  1.35056412e+10  8.19e-08 2.97e-08  7.15e+00  1546s
[2025-08-07 05:24:58] DEBUG    78   1.35696259e+10  1.35062782e+10  7.39e-08 2.66e-08  6.37e+00  1577s
[2025-08-07 05:25:27] DEBUG    79   1.35668308e+10  1.35072156e+10  7.29e-08 2.83e-08  5.99e+00  1606s
[2025-08-07 05:25:53] DEBUG    80   1.35553585e+10  1.35084423e+10  5.55e-08 3.39e-08  4.71e+00  1632s
[2025-08-07 05:26:24] DEBUG    81   1.35498213e+10  1.35088243e+10  5.05e-08 3.42e-08  4.12e+00  1663s
[2025-08-07 05:26:50] DEBUG    82   1.35467540e+10  1.35093371e+10  4.79e-08 3.45e-08  3.76e+00  1690s
[2025-08-07 05:27:23] DEBUG    83   1.35422373e+10  1.35095759e+10  3.98e-08 3.35e-08  3.28e+00  1722s
[2025-08-07 05:27:53] DEBUG    84   1.35396521e+10  1.35096832e+10  3.79e-08 3.32e-08  3.01e+00  1752s
[2025-08-07 05:28:25] DEBUG    85   1.35366048e+10  1.35100252e+10  2.98e-08 3.17e-08  2.67e+00  1784s
[2025-08-07 05:28:57] DEBUG    86   1.35354445e+10  1.35102384e+10  4.10e-08 3.03e-08  2.53e+00  1816s
[2025-08-07 05:29:33] DEBUG    87   1.35334786e+10  1.35104339e+10  3.31e-08 2.88e-08  2.32e+00  1852s
[2025-08-07 05:30:06] DEBUG    88   1.35283630e+10  1.35107214e+10  2.98e-08 2.55e-08  1.77e+00  1885s
[2025-08-07 05:30:33] DEBUG    89   1.35256221e+10  1.35111040e+10  3.73e-08 2.14e-08  1.46e+00  1912s
[2025-08-07 05:31:01] DEBUG    90   1.35248259e+10  1.35113426e+10  4.47e-08 1.77e-08  1.35e+00  1941s
[2025-08-07 05:31:31] DEBUG    91   1.35217271e+10  1.35114285e+10  2.98e-08 1.57e-08  1.03e+00  1970s
[2025-08-07 05:31:55] DEBUG    92   1.35212468e+10  1.35115240e+10  2.98e-08 1.34e-08  9.77e-01  1994s
[2025-08-07 05:32:21] DEBUG    93   1.35188302e+10  1.35116266e+10  2.98e-08 1.12e-08  7.24e-01  2020s
[2025-08-07 05:32:50] DEBUG    94   1.35173996e+10  1.35117121e+10  4.10e-08 9.11e-09  5.71e-01  2049s
[2025-08-07 05:33:20] DEBUG    95   1.35160442e+10  1.35117808e+10  2.98e-08 7.64e-09  4.28e-01  2079s
[2025-08-07 05:33:50] DEBUG    96   1.35148923e+10  1.35118586e+10  4.84e-08 6.19e-09  3.05e-01  2109s
[2025-08-07 05:34:15] DEBUG    97   1.35144673e+10  1.35119301e+10  3.35e-08 5.19e-09  2.55e-01  2135s
[2025-08-07 05:34:43] DEBUG    98   1.35139770e+10  1.35119542e+10  2.98e-08 4.36e-09  2.03e-01  2162s
[2025-08-07 05:35:10] DEBUG    99   1.35133154e+10  1.35119841e+10  4.10e-08 3.31e-09  1.34e-01  2190s
[2025-08-07 05:35:40] DEBUG    100   1.35128929e+10  1.35120267e+10  2.98e-08 2.11e-09  8.70e-02  2219s
[2025-08-07 05:36:09] DEBUG    101   1.35126329e+10  1.35120503e+10  2.61e-08 1.96e-09  5.85e-02  2248s
[2025-08-07 05:36:33] DEBUG    102   1.35125836e+10  1.35120578e+10  4.84e-08 1.69e-09  5.28e-02  2272s
[2025-08-07 05:36:57] DEBUG    103   1.35125220e+10  1.35120584e+10  3.35e-08 1.65e-09  4.66e-02  2297s
[2025-08-07 05:37:19] DEBUG    104   1.35124052e+10  1.35120626e+10  3.35e-08 1.33e-09  3.44e-02  2319s
[2025-08-07 05:37:39] DEBUG    105   1.35123258e+10  1.35120648e+10  4.10e-08 1.21e-09  2.62e-02  2338s
[2025-08-07 05:37:58] DEBUG    106   1.35122518e+10  1.35120692e+10  3.35e-08 1.06e-09  1.83e-02  2358s
[2025-08-07 05:38:17] DEBUG    107   1.35121688e+10  1.35120712e+10  3.35e-08 9.41e-10  9.80e-03  2377s
[2025-08-07 05:38:36] DEBUG    108   1.35121139e+10  1.35120719e+10  4.10e-08 8.98e-10  4.22e-03  2395s
[2025-08-07 05:38:50] DEBUG    109   1.35120985e+10  1.35120741e+10  3.73e-08 6.43e-10  2.45e-03  2409s
[2025-08-07 05:38:59] DEBUG    110   1.35120901e+10  1.35120755e+10  3.73e-08 4.57e-10  1.47e-03  2418s
[2025-08-07 05:39:08] DEBUG    111   1.35120850e+10  1.35120766e+10  4.47e-08 3.36e-10  8.44e-04  2428s
[2025-08-07 05:39:17] DEBUG    112   1.35120802e+10  1.35120780e+10  3.73e-08 3.49e-10  2.18e-04  2437s
[2025-08-07 05:39:25] DEBUG    113   1.35120790e+10  1.35120783e+10  3.35e-08 4.02e-10  7.80e-05  2444s
[2025-08-07 05:39:33] DEBUG    114   1.35120790e+10  1.35120783e+10  3.35e-08 3.49e-10  6.18e-05  2452s
[2025-08-07 05:39:40] DEBUG    115   1.35120786e+10  1.35120785e+10  3.73e-08 3.49e-10  9.73e-06  2459s
[2025-08-07 05:39:46] DEBUG    116   1.35120785e+10  1.35120785e+10  4.10e-08 4.66e-10  1.52e-06  2465s
[2025-08-07 05:39:53] DEBUG    117   1.35120785e+10  1.35120785e+10  4.47e-08 5.15e-10  1.86e-08  2472s
[2025-08-07 05:39:59] DEBUG    118   1.35120785e+10  1.35120785e+10  4.10e-08 4.66e-10  2.43e-11  2478s
[2025-08-07 05:39:59] DEBUG    Barrier solved model in 118 iterations and 2478.46 seconds (565.67 work units)
[2025-08-07 05:39:59] DEBUG    Optimal objective 1.35120785e+10
[2025-08-07 05:40:00] DEBUG    Crossover log...
[2025-08-07 05:40:01] DEBUG    450804 DPushes remaining with DInf 0.0000000e+00              2480s
[2025-08-07 05:40:06] DEBUG    0 DPushes remaining with DInf 0.0000000e+00              2485s
[2025-08-07 05:40:06] DEBUG    243212 PPushes remaining with PInf 1.5289528e-01              2485s
[2025-08-07 05:40:09] DEBUG    0 PPushes remaining with PInf 0.0000000e+00              2488s
[2025-08-07 05:40:09] DEBUG    Push phase complete: Pinf 0.0000000e+00, Dinf 4.6062717e-05   2488s
[2025-08-07 05:40:09] DEBUG    Iteration    Objective       Primal Inf.    Dual Inf.      Time
[2025-08-07 05:40:09] DEBUG    485458    1.3512079e+10   0.000000e+00   4.606272e-05   2489s
[2025-08-07 05:40:10] DEBUG    Solved with barrier
[2025-08-07 05:40:25] DEBUG    485459    1.3512079e+10   0.000000e+00   0.000000e+00   2504s
[2025-08-07 05:40:25] DEBUG    Solved in 485459 iterations and 2504.24 seconds (589.68 work units)
[2025-08-07 05:40:25] DEBUG    Optimal objective  1.351207851e+10
✅ Scenario completato: new_trasmission_VRES_2030_PHES

🚀 Lancio scenario: new_trasmission_VRES_2030_nostorage
[2025-08-07 05:51:42] INFO     Loading sets
[2025-08-07 05:51:42] INFO     Loading parameters
[2025-08-07 05:52:19] INFO     constraints are loaded in the following order: ['energy_balance', 'dispatch', 'costs', 'capacity', 'network', 'policy', 'conversion', 'group', 'conversion_plus', 'milp', 'export']
[2025-08-07 05:52:19] INFO     creating energy_balance constraints
[2025-08-07 05:55:28] INFO     creating dispatch constraints
[2025-08-07 06:01:03] INFO     creating costs constraints
[2025-08-07 06:10:24] INFO     creating capacity constraints
[2025-08-07 06:10:24] INFO     creating network constraints
[2025-08-07 06:10:24] INFO     creating policy constraints
[2025-08-07 06:10:24] INFO     creating conversion constraints
[2025-08-07 06:10:24] INFO     creating group constraints
[2025-08-07 06:10:24] INFO     creating conversion_plus constraints
[2025-08-07 06:10:24] INFO     creating milp constraints
[2025-08-07 06:10:24] INFO     creating export constraints
[2025-08-07 06:23:43] DEBUG    Set parameter WLSAccessID
Set parameter WLSSecret
Set parameter LicenseID to value 2680226
[2025-08-07 06:23:43] DEBUG    Academic license 2680226 - for non-commercial use only - registered to an___@mail.polimi.it
[2025-08-07 06:24:21] DEBUG    Read LP format model from file /tmp/tmp4l395nhv.pyomo.lp
Reading time = 37.65 seconds
x18653298: 24934279 rows, 18653298 columns, 60596546 nonzeros
[2025-08-07 06:24:21] DEBUG    Set parameter NumericFocus to value 1
Gurobi Optimizer version 12.0.2 build v12.0.2rc0 (linux64 - "Debian GNU/Linux 11 (bullseye)")

CPU model: Intel(R) Xeon(R) Silver 4314 CPU @ 2.40GHz, instruction set [SSE2|AVX|AVX2|AVX512]
Thread count: 32 physical cores, 64 logical processors, using up to 32 threads

Non-default parameters:
NumericFocus  1
[2025-08-07 06:24:21] DEBUG    Academic license 2680226 - for non-commercial use only - registered to an___@mail.polimi.it
Optimize a model with 24934279 rows, 18653298 columns and 60596546 nonzeros
[2025-08-07 06:24:21] DEBUG    Model fingerprint: 0x3715cccd
[2025-08-07 06:24:22] DEBUG    Coefficient statistics:
  Matrix range     [1e-07, 3e+02]
  Objective range  [1e+00, 1e+06]
  Bounds range     [0e+00, 0e+00]
  RHS range        [1e+00, 2e+08]
[2025-08-07 06:24:28] DEBUG    Presolve removed 19054582 rows and 10451786 columns (presolve time = 6s)...
[2025-08-07 06:24:32] DEBUG    Presolve removed 19054632 rows and 12242537 columns (presolve time = 10s)...
[2025-08-07 06:24:37] DEBUG    Presolve removed 21554759 rows and 14742664 columns (presolve time = 15s)...
[2025-08-07 06:24:47] DEBUG    Presolve removed 21554759 rows and 14970424 columns (presolve time = 25s)...
[2025-08-07 06:24:47] DEBUG    Presolve removed 21554759 rows and 14970424 columns (presolve time = 25s)...
[2025-08-07 06:24:52] DEBUG    Presolve removed 21555277 rows and 15075544 columns (presolve time = 30s)...
[2025-08-07 06:24:52] DEBUG    Presolve removed 21704180 rows and 15075544 columns
[2025-08-07 06:25:25] DEBUG    Presolve time: 64.19s
[2025-08-07 06:25:25] DEBUG    Presolved: 3230099 rows, 3726657 columns, 11535759 nonzeros

Concurrent LP optimizer: primal simplex, dual simplex, and barrier
Showing barrier log only...
[2025-08-07 06:25:29] DEBUG    Ordering time: 2.50s
[2025-08-07 06:25:31] DEBUG    Barrier statistics:
[2025-08-07 06:25:31] DEBUG    Dense cols : 136
 AA' NZ     : 9.704e+06
 Factor NZ  : 3.931e+07 (roughly 3.0 GB of memory)
 Factor Ops : 2.215e+09 (less than 1 second per iteration)
 Threads    : 30
[2025-08-07 06:25:36] DEBUG    Objective                Residual
Iter       Primal          Dual         Primal    Dual     Compl     Time
[2025-08-07 06:25:37] DEBUG    0   6.06278516e+18 -4.19252373e+17  2.01e+08 1.43e-11  3.65e+12    76s
[2025-08-07 06:25:43] DEBUG    1   4.83258266e+18 -3.63899353e+17  1.61e+08 3.42e+04  2.31e+12    82s
[2025-08-07 06:25:51] DEBUG    2   4.10060790e+18 -3.33829842e+17  1.38e+08 1.46e+04  1.81e+12    90s
[2025-08-07 06:26:00] DEBUG    3   3.00754890e+18 -3.17675224e+17  1.03e+08 6.07e+03  1.30e+12   100s
[2025-08-07 06:26:08] DEBUG    4   2.35860023e+18 -2.99883740e+17  8.27e+07 2.62e+03  1.00e+12   107s
[2025-08-07 06:26:13] DEBUG    5   1.85398876e+18 -2.77863537e+17  6.49e+07 1.43e+03  7.76e+11   113s
[2025-08-07 06:26:19] DEBUG    6   1.45295780e+18 -2.53268701e+17  5.08e+07 8.21e+02  6.00e+11   118s
[2025-08-07 06:26:24] DEBUG    7   1.14159103e+18 -2.26417625e+17  3.99e+07 4.80e+02  4.65e+11   123s
[2025-08-07 06:26:31] DEBUG    8   3.92336592e+17 -1.94649420e+17  1.44e+07 2.69e+02  1.76e+11   130s
[2025-08-07 06:26:36] DEBUG    9   4.02660227e+16 -1.06226595e+17  1.45e+06 6.42e+01  2.71e+10   135s
[2025-08-07 06:26:45] DEBUG    10   2.14367854e+15 -1.87705681e+16  7.46e+04 2.75e+00  2.72e+09   144s
[2025-08-07 06:26:51] DEBUG    11   1.82458309e+14 -1.41134518e+15  6.28e+03 1.14e-01  1.92e+08   150s
[2025-08-07 06:26:58] DEBUG    12   3.81959268e+12 -1.26050280e+14  9.91e+01 8.67e-03  1.53e+07   158s
[2025-08-07 06:27:08] DEBUG    13   6.88192874e+11 -5.74395680e+13  5.67e-06 3.65e-03  6.88e+06   167s
[2025-08-07 06:27:15] DEBUG    14   6.09110090e+11 -2.42017713e+13  4.19e-06 1.11e-03  2.93e+06   175s
[2025-08-07 06:27:20] DEBUG    15   5.72634653e+11 -1.74116969e+13  2.89e-06 7.23e-04  2.13e+06   179s
[2025-08-07 06:27:26] DEBUG    16   5.37338108e+11 -1.07984318e+13  2.23e-06 5.26e-04  1.34e+06   185s
[2025-08-07 06:27:32] DEBUG    17   4.94435248e+11 -9.00507074e+12  2.09e-06 3.35e-04  1.12e+06   191s
[2025-08-07 06:27:38] DEBUG    18   4.71638597e+11 -7.02596151e+12  1.69e-06 2.55e-04  8.87e+05   197s
[2025-08-07 06:27:45] DEBUG    19   3.39324627e+11 -2.93575048e+12  1.11e-06 8.74e-05  3.88e+05   205s
[2025-08-07 06:27:55] DEBUG    20   2.56602941e+11 -2.54237132e+12  7.70e-07 7.15e-05  3.31e+05   214s
[2025-08-07 06:28:02] DEBUG    21   1.72242259e+11 -1.23680057e+12  4.24e-07 2.14e-05  1.66e+05   222s
[2025-08-07 06:28:08] DEBUG    22   1.33245421e+11 -8.49241767e+11  2.66e-07 7.81e-06  1.16e+05   227s
[2025-08-07 06:28:14] DEBUG    23   1.07689053e+11 -4.72767521e+11  3.71e-07 4.64e-10  6.84e+04   233s
[2025-08-07 06:28:21] DEBUG    24   7.32311853e+10 -3.08786019e+11  1.50e-07 2.92e-10  4.49e+04   240s
[2025-08-07 06:28:28] DEBUG    25   5.13577926e+10 -2.33302505e+11  7.17e-08 2.33e-10  3.34e+04   248s
[2025-08-07 06:28:35] DEBUG    26   4.47033310e+10 -1.51180944e+11  2.87e-06 2.33e-10  2.29e+04   254s
[2025-08-07 06:28:45] DEBUG    27   3.98962331e+10 -1.02139504e+11  6.60e-06 3.49e-10  1.66e+04   265s
[2025-08-07 06:28:53] DEBUG    28   3.60490385e+10 -7.80964488e+10  7.41e-05 2.33e-10  1.33e+04   272s
[2025-08-07 06:29:08] DEBUG    29   3.42327235e+10 -4.69803039e+10  6.64e-05 2.33e-10  9.49e+03   287s
[2025-08-07 06:29:23] DEBUG    30   2.78776130e+10 -1.44863216e+10  3.95e-05 2.33e-10  4.94e+03   302s
[2025-08-07 06:29:37] DEBUG    31   2.73841725e+10 -6.55440016e+09  3.78e-05 2.33e-10  3.96e+03   316s
[2025-08-07 06:29:50] DEBUG    32   2.33393440e+10  4.61744479e+09  3.36e-05 3.49e-10  2.18e+03   330s
[2025-08-07 06:30:04] DEBUG    33   2.19675802e+10  7.01174797e+09  2.68e-05 3.49e-10  1.74e+03   344s
[2025-08-07 06:30:18] DEBUG    34   2.12979915e+10  9.67690105e+09  2.46e-05 2.33e-10  1.35e+03   357s
[2025-08-07 06:30:34] DEBUG    35   2.00421562e+10  1.09365054e+10  2.06e-05 2.33e-10  1.06e+03   374s
[2025-08-07 06:30:52] DEBUG    36   1.95900467e+10  1.14852860e+10  1.92e-05 2.33e-10  9.44e+02   391s
[2025-08-07 06:31:10] DEBUG    37   1.92404101e+10  1.19699554e+10  1.81e-05 2.33e-10  8.47e+02   410s
[2025-08-07 06:31:24] DEBUG    38   1.88880277e+10  1.21877934e+10  1.70e-05 2.33e-10  7.81e+02   423s
[2025-08-07 06:31:40] DEBUG    39   1.75281378e+10  1.26950507e+10  1.28e-05 6.41e-10  5.63e+02   439s
[2025-08-07 06:32:00] DEBUG    40   1.73195900e+10  1.28432538e+10  1.22e-05 5.05e-09  5.21e+02   459s
[2025-08-07 06:32:18] DEBUG    41   1.65108195e+10  1.30918805e+10  9.60e-06 3.90e-08  3.98e+02   477s
[2025-08-07 06:32:36] DEBUG    42   1.63138846e+10  1.31673174e+10  8.96e-06 4.81e-08  3.67e+02   495s
[2025-08-07 06:32:49] DEBUG    43   1.62002445e+10  1.32291887e+10  8.60e-06 8.50e-08  3.46e+02   508s
[2025-08-07 06:33:08] DEBUG    44   1.55035538e+10  1.33057023e+10  6.54e-06 1.58e-07  2.56e+02   527s
[2025-08-07 06:33:24] DEBUG    45   1.53867394e+10  1.33598312e+10  6.15e-06 2.61e-07  2.36e+02   543s
[2025-08-07 06:33:37] DEBUG    46   1.48463196e+10  1.33914379e+10  4.35e-06 4.07e-07  1.69e+02   556s
[2025-08-07 06:34:04] DEBUG    47   1.47100447e+10  1.34099266e+10  3.98e-06 3.97e-07  1.51e+02   584s
[2025-08-07 06:34:41] DEBUG    48   1.46847577e+10  1.34189939e+10  3.91e-06 3.79e-07  1.47e+02   620s
[2025-08-07 06:35:01] DEBUG    49   1.45514034e+10  1.34340939e+10  3.47e-06 3.50e-07  1.30e+02   640s
[2025-08-07 06:35:26] DEBUG    50   1.44174721e+10  1.34517600e+10  3.08e-06 3.15e-07  1.12e+02   665s
[2025-08-07 06:35:51] DEBUG    51   1.43038463e+10  1.34556754e+10  2.70e-06 2.98e-07  9.88e+01   691s
[2025-08-07 06:36:19] DEBUG    52   1.42708731e+10  1.34564045e+10  2.59e-06 2.94e-07  9.49e+01   718s
[2025-08-07 06:36:49] DEBUG    53   1.42525983e+10  1.34631588e+10  2.53e-06 2.71e-07  9.19e+01   748s
[2025-08-07 06:37:19] DEBUG    54   1.41563023e+10  1.34670221e+10  2.21e-06 2.50e-07  8.03e+01   778s
[2025-08-07 06:37:48] DEBUG    55   1.40345360e+10  1.34777110e+10  1.85e-06 2.46e-07  6.49e+01   808s
[2025-08-07 06:38:14] DEBUG    56   1.39710250e+10  1.34807816e+10  1.66e-06 2.30e-07  5.71e+01   834s
[2025-08-07 06:38:38] DEBUG    57   1.39521186e+10  1.34829375e+10  1.59e-06 2.13e-07  5.46e+01   857s
[2025-08-07 06:39:01] DEBUG    58   1.39410796e+10  1.34830648e+10  1.55e-06 2.13e-07  5.33e+01   881s
[2025-08-07 06:39:32] DEBUG    59   1.38872103e+10  1.34885583e+10  1.38e-06 1.81e-07  4.64e+01   912s
[2025-08-07 06:40:01] DEBUG    60   1.38321626e+10  1.34914671e+10  1.21e-06 1.61e-07  3.97e+01   940s
[2025-08-07 06:40:25] DEBUG    61   1.37887426e+10  1.34950311e+10  1.06e-06 1.24e-07  3.42e+01   964s
[2025-08-07 06:40:52] DEBUG    62   1.37303718e+10  1.34969701e+10  8.50e-07 1.05e-07  2.72e+01   991s
[2025-08-07 06:41:23] DEBUG    63   1.37127235e+10  1.34994774e+10  7.94e-07 8.67e-08  2.48e+01  1022s
[2025-08-07 06:41:51] DEBUG    64   1.37012429e+10  1.34999978e+10  7.52e-07 8.29e-08  2.34e+01  1051s
[2025-08-07 06:42:20] DEBUG    65   1.36912552e+10  1.35008331e+10  7.16e-07 7.69e-08  2.22e+01  1080s
[2025-08-07 06:42:50] DEBUG    66   1.36804020e+10  1.35017624e+10  6.74e-07 7.06e-08  2.08e+01  1110s
[2025-08-07 06:43:20] DEBUG    67   1.36493664e+10  1.35030408e+10  5.59e-07 6.22e-08  1.70e+01  1140s
[2025-08-07 06:43:48] DEBUG    68   1.36374671e+10  1.35039369e+10  5.17e-07 5.63e-08  1.56e+01  1167s
[2025-08-07 06:44:13] DEBUG    69   1.36288530e+10  1.35049449e+10  4.83e-07 5.00e-08  1.44e+01  1192s
[2025-08-07 06:44:38] DEBUG    70   1.36211879e+10  1.35057680e+10  4.54e-07 4.67e-08  1.34e+01  1217s
[2025-08-07 06:44:59] DEBUG    71   1.36203839e+10  1.35059076e+10  4.50e-07 4.71e-08  1.33e+01  1238s
[2025-08-07 06:45:29] DEBUG    72   1.36085891e+10  1.35065377e+10  4.03e-07 4.87e-08  1.19e+01  1268s
[2025-08-07 06:45:58] DEBUG    73   1.35977343e+10  1.35068818e+10  3.62e-07 3.46e-09  1.06e+01  1297s
[2025-08-07 06:46:25] DEBUG    74   1.35909470e+10  1.35075883e+10  3.34e-07 9.42e-09  9.71e+00  1324s
[2025-08-07 06:46:50] DEBUG    75   1.35842244e+10  1.35079840e+10  3.05e-07 1.27e-08  8.88e+00  1349s
[2025-08-07 06:47:23] DEBUG    76   1.35800520e+10  1.35086693e+10  2.91e-07 1.79e-08  8.31e+00  1382s
[2025-08-07 06:47:53] DEBUG    77   1.35770877e+10  1.35103709e+10  2.79e-07 3.01e-08  7.77e+00  1412s
[2025-08-07 06:48:17] DEBUG    78   1.35622075e+10  1.35110508e+10  2.16e-07 3.17e-08  5.96e+00  1437s
[2025-08-07 06:48:39] DEBUG    79   1.35516284e+10  1.35115696e+10  1.69e-07 3.09e-08  4.67e+00  1459s
[2025-08-07 06:49:09] DEBUG    80   1.35502214e+10  1.35120667e+10  1.63e-07 3.00e-08  4.44e+00  1488s
[2025-08-07 06:49:33] DEBUG    81   1.35470850e+10  1.35122910e+10  1.50e-07 3.07e-08  4.05e+00  1513s
[2025-08-07 06:50:07] DEBUG    82   1.35439894e+10  1.35127816e+10  1.38e-07 3.24e-08  3.63e+00  1546s
[2025-08-07 06:50:36] DEBUG    83   1.35372810e+10  1.35129239e+10  1.06e-07 3.19e-08  2.84e+00  1575s
[2025-08-07 06:51:03] DEBUG    84   1.35324217e+10  1.35131173e+10  8.94e-08 3.07e-08  2.25e+00  1603s
[2025-08-07 06:51:33] DEBUG    85   1.35292449e+10  1.35133304e+10  7.36e-08 2.73e-08  1.85e+00  1633s
[2025-08-07 06:51:57] DEBUG    86   1.35283636e+10  1.35134068e+10  6.98e-08 2.57e-08  1.74e+00  1657s
[2025-08-07 06:52:27] DEBUG    87   1.35260658e+10  1.35134870e+10  5.96e-08 2.33e-08  1.46e+00  1687s
[2025-08-07 06:52:48] DEBUG    88   1.35253857e+10  1.35135225e+10  5.49e-08 2.15e-08  1.38e+00  1708s
[2025-08-07 06:53:13] DEBUG    89   1.35242544e+10  1.35135896e+10  5.12e-08 1.89e-08  1.24e+00  1732s
[2025-08-07 06:53:42] DEBUG    90   1.35237337e+10  1.35136294e+10  4.84e-08 1.75e-08  1.18e+00  1761s
[2025-08-07 06:54:07] DEBUG    91   1.35211334e+10  1.35136550e+10  3.45e-08 1.64e-08  8.71e-01  1786s
[2025-08-07 06:54:32] DEBUG    92   1.35204243e+10  1.35137272e+10  3.35e-08 1.39e-08  7.80e-01  1812s
[2025-08-07 06:54:58] DEBUG    93   1.35185349e+10  1.35137563e+10  3.35e-08 1.29e-08  5.57e-01  1837s
[2025-08-07 06:55:16] DEBUG    94   1.35183647e+10  1.35137601e+10  2.61e-08 1.27e-08  5.36e-01  1855s
[2025-08-07 06:55:39] DEBUG    95   1.35180651e+10  1.35137666e+10  3.73e-08 1.20e-08  5.01e-01  1878s
[2025-08-07 06:56:04] DEBUG    96   1.35167572e+10  1.35137772e+10  2.98e-08 1.13e-08  3.47e-01  1903s
[2025-08-07 06:56:28] DEBUG    97   1.35164866e+10  1.35138059e+10  3.35e-08 9.21e-09  3.12e-01  1927s
[2025-08-07 06:56:52] DEBUG    98   1.35163060e+10  1.35138386e+10  3.73e-08 7.23e-09  2.87e-01  1951s
[2025-08-07 06:57:17] DEBUG    99   1.35162194e+10  1.35138448e+10  3.35e-08 7.04e-09  2.77e-01  1976s
[2025-08-07 06:57:40] DEBUG    100   1.35158213e+10  1.35138594e+10  3.35e-08 8.48e-09  2.28e-01  2000s
[2025-08-07 06:58:08] DEBUG    101   1.35156274e+10  1.35138610e+10  2.98e-08 7.74e-09  2.06e-01  2027s
[2025-08-07 06:58:34] DEBUG    102   1.35148433e+10  1.35138725e+10  3.35e-08 5.29e-09  1.13e-01  2053s
[2025-08-07 06:58:56] DEBUG    103   1.35145771e+10  1.35138821e+10  4.10e-08 4.22e-09  8.09e-02  2075s
[2025-08-07 06:59:20] DEBUG    104   1.35143499e+10  1.35138893e+10  3.35e-08 2.99e-09  5.36e-02  2100s
[2025-08-07 06:59:40] DEBUG    105   1.35142694e+10  1.35138935e+10  3.73e-08 2.11e-09  4.38e-02  2120s
[2025-08-07 06:59:54] DEBUG    106   1.35142333e+10  1.35138941e+10  2.98e-08 2.00e-09  3.95e-02  2133s
[2025-08-07 07:00:07] DEBUG    107   1.35142060e+10  1.35138943e+10  3.35e-08 1.74e-09  3.63e-02  2147s
[2025-08-07 07:00:21] DEBUG    108   1.35142006e+10  1.35138958e+10  3.73e-08 1.41e-09  3.55e-02  2160s
[2025-08-07 07:00:35] DEBUG    109   1.35141104e+10  1.35138961e+10  2.79e-08 1.29e-09  2.50e-02  2174s
[2025-08-07 07:00:47] DEBUG    110   1.35140592e+10  1.35138969e+10  3.73e-08 1.03e-09  1.89e-02  2187s
[2025-08-07 07:00:59] DEBUG    111   1.35140464e+10  1.35138978e+10  3.35e-08 1.47e-09  1.73e-02  2199s
[2025-08-07 07:01:11] DEBUG    112   1.35140005e+10  1.35138983e+10  3.35e-08 2.14e-09  1.19e-02  2211s
[2025-08-07 07:01:20] DEBUG    113   1.35139444e+10  1.35138990e+10  3.35e-08 2.23e-09  5.29e-03  2220s
[2025-08-07 07:01:33] DEBUG    114   1.35139297e+10  1.35138994e+10  3.35e-08 1.73e-09  3.53e-03  2232s
[2025-08-07 07:01:45] DEBUG    115   1.35139244e+10  1.35138996e+10  3.73e-08 1.52e-09  2.89e-03  2245s
[2025-08-07 07:01:52] DEBUG    116   1.35139100e+10  1.35139001e+10  3.73e-08 1.11e-09  1.15e-03  2251s
[2025-08-07 07:02:00] DEBUG    117   1.35139023e+10  1.35139006e+10  4.10e-08 4.66e-10  1.91e-04  2259s
[2025-08-07 07:02:06] DEBUG    118   1.35139012e+10  1.35139008e+10  4.47e-08 3.49e-10  4.51e-05  2265s
[2025-08-07 07:02:12] DEBUG    119   1.35139010e+10  1.35139009e+10  3.73e-08 3.49e-10  9.62e-06  2271s
[2025-08-07 07:02:17] DEBUG    120   1.35139009e+10  1.35139009e+10  5.59e-08 3.49e-10  1.14e-06  2276s
[2025-08-07 07:02:22] DEBUG    121   1.35139009e+10  1.35139009e+10  4.10e-08 4.66e-10  1.14e-08  2281s
[2025-08-07 07:02:27] DEBUG    122   1.35139009e+10  1.35139009e+10  4.10e-08 2.33e-10  4.27e-11  2286s
[2025-08-07 07:02:27] DEBUG    Barrier solved model in 122 iterations and 2286.12 seconds (475.45 work units)
Optimal objective 1.35139009e+10
[2025-08-07 07:02:28] DEBUG    Solved with dual simplex
[2025-08-07 07:02:37] DEBUG    Iteration    Objective       Primal Inf.    Dual Inf.      Time
[2025-08-07 07:02:37] DEBUG    714456    1.3513901e+10   0.000000e+00   0.000000e+00   2296s

Solved in 714456 iterations and 2296.30 seconds (1338.38 work units)
[2025-08-07 07:02:37] DEBUG    Optimal objective  1.351390094e+10
✅ Scenario completato: new_trasmission_VRES_2030_nostorage

🚀 Lancio scenario: new_trasmission_CG+VRES_2030_BESS
[2025-08-07 07:16:43] INFO     Loading sets
[2025-08-07 07:16:43] INFO     Loading parameters
[2025-08-07 07:17:22] INFO     constraints are loaded in the following order: ['energy_balance', 'dispatch', 'costs', 'capacity', 'network', 'policy', 'conversion', 'group', 'conversion_plus', 'milp', 'export']
[2025-08-07 07:17:22] INFO     creating energy_balance constraints
[2025-08-07 07:20:45] INFO     creating dispatch constraints
[2025-08-07 07:23:04] INFO     creating costs constraints
[2025-08-07 07:38:40] INFO     creating capacity constraints
[2025-08-07 07:38:40] INFO     creating network constraints
[2025-08-07 07:38:40] INFO     creating policy constraints
[2025-08-07 07:38:40] INFO     creating conversion constraints
[2025-08-07 07:38:40] INFO     creating group constraints
[2025-08-07 07:38:40] INFO     creating conversion_plus constraints
[2025-08-07 07:38:40] INFO     creating milp constraints
[2025-08-07 07:38:40] INFO     creating export constraints
[2025-08-07 07:53:28] DEBUG    Set parameter WLSAccessID
Set parameter WLSSecret
Set parameter LicenseID to value 2680226
[2025-08-07 07:53:28] DEBUG    Academic license 2680226 - for non-commercial use only - registered to an___@mail.polimi.it
[2025-08-07 07:54:10] DEBUG    Read LP format model from file /tmp/tmpb3h111r1.pyomo.lp
[2025-08-07 07:54:10] DEBUG    Reading time = 41.66 seconds
x20685937: 27474969 rows, 20685937 columns, 67456148 nonzeros
[2025-08-07 07:54:10] DEBUG    Set parameter NumericFocus to value 1
[2025-08-07 07:54:10] DEBUG    Gurobi Optimizer version 12.0.2 build v12.0.2rc0 (linux64 - "Debian GNU/Linux 11 (bullseye)")

CPU model: Intel(R) Xeon(R) Silver 4314 CPU @ 2.40GHz, instruction set [SSE2|AVX|AVX2|AVX512]
Thread count: 32 physical cores, 64 logical processors, using up to 32 threads
[2025-08-07 07:54:10] DEBUG    Non-default parameters:
NumericFocus  1
[2025-08-07 07:54:10] DEBUG    Academic license 2680226 - for non-commercial use only - registered to an___@mail.polimi.it
[2025-08-07 07:54:10] DEBUG    Optimize a model with 27474969 rows, 20685937 columns and 67456148 nonzeros
[2025-08-07 07:54:11] DEBUG    Model fingerprint: 0xaca28dd1
[2025-08-07 07:54:11] DEBUG    Coefficient statistics:
  Matrix range     [1e-07, 3e+02]
[2025-08-07 07:54:11] DEBUG    Objective range  [1e+00, 1e+06]
  Bounds range     [0e+00, 0e+00]
  RHS range        [1e+00, 2e+08]
[2025-08-07 07:54:16] DEBUG    Presolve removed 19639928 rows and 11252655 columns (presolve time = 5s)...
[2025-08-07 07:54:21] DEBUG    Presolve removed 20070974 rows and 13512969 columns (presolve time = 10s)...
[2025-08-07 07:54:27] DEBUG    Presolve removed 22825220 rows and 16216386 columns (presolve time = 16s)...
[2025-08-07 07:54:32] DEBUG    Presolve removed 22825220 rows and 16216386 columns (presolve time = 21s)...
[2025-08-07 07:54:40] DEBUG    Presolve removed 22825278 rows and 16444146 columns (presolve time = 29s)...
[2025-08-07 07:54:41] DEBUG    Presolve removed 22825278 rows and 16444146 columns (presolve time = 30s)...
[2025-08-07 07:54:47] DEBUG    Presolve removed 22825796 rows and 16549266 columns (presolve time = 36s)...
[2025-08-07 07:54:48] DEBUG    Presolve removed 22974699 rows and 16549266 columns
[2025-08-07 07:55:26] DEBUG    Presolve time: 76.36s
[2025-08-07 07:55:26] DEBUG    Presolved: 4500270 rows, 4285574 columns, 16311537 nonzeros

Concurrent LP optimizer: primal simplex, dual simplex, and barrier
Showing barrier log only...
[2025-08-07 07:55:48] DEBUG    Elapsed ordering time = 20s
[2025-08-07 07:55:49] DEBUG    Elapsed ordering time = 20s
[2025-08-07 07:56:01] DEBUG    Ordering time: 32.08s
[2025-08-07 07:56:06] DEBUG    Barrier statistics:
 Dense cols : 194
 AA' NZ     : 1.717e+07
 Factor NZ  : 6.396e+07 (roughly 4.0 GB of memory)
 Factor Ops : 4.726e+09 (less than 1 second per iteration)
 Threads    : 30
[2025-08-07 07:56:14] DEBUG    Objective                Residual
Iter       Primal          Dual         Primal    Dual     Compl     Time
[2025-08-07 07:56:14] DEBUG    0   5.27250224e+17 -1.42065501e+17  1.74e+08 7.03e-12  9.62e+11   124s
[2025-08-07 07:56:21] DEBUG    1   4.16227644e+17 -1.22188597e+17  1.37e+08 1.33e+04  5.46e+11   131s
[2025-08-07 07:56:31] DEBUG    2   3.66854675e+17 -1.10090447e+17  1.21e+08 6.12e+03  4.08e+11   141s
[2025-08-07 07:56:43] DEBUG    3   2.57871272e+17 -1.02012560e+17  8.64e+07 2.72e+03  2.70e+11   153s
[2025-08-07 07:56:52] DEBUG    4   2.00774699e+17 -9.31116368e+16  6.77e+07 9.59e+02  1.92e+11   162s
[2025-08-07 07:57:00] DEBUG    5   1.47499970e+17 -8.27175226e+16  4.98e+07 4.73e+02  1.37e+11   170s
[2025-08-07 07:57:07] DEBUG    6   1.15645335e+17 -7.58999694e+16  3.91e+07 3.31e+02  1.06e+11   178s
[2025-08-07 07:57:16] DEBUG    7   9.81182790e+16 -6.98345995e+16  3.32e+07 2.39e+02  8.89e+10   186s
[2025-08-07 07:57:26] DEBUG    8   4.94689123e+16 -5.66061502e+16  1.72e+07 1.10e+02  4.44e+10   196s
[2025-08-07 07:57:38] DEBUG    9   4.08066496e+15 -3.65653348e+16  1.41e+06 1.88e+01  6.82e+09   208s
[2025-08-07 07:57:47] DEBUG    10   1.22225956e+13 -4.23839035e+15  2.21e+03 3.24e-01  4.23e+08   217s
[2025-08-07 07:57:54] DEBUG    11   2.06016132e+12 -4.82684161e+14  7.33e+01 3.52e-02  4.81e+07   224s
[2025-08-07 07:58:01] DEBUG    12   1.76263538e+12 -1.13899615e+14  1.66e+01 7.57e-03  1.15e+07   231s
[2025-08-07 07:58:07] DEBUG    13   1.23606767e+12 -3.80738142e+13  9.33e-01 2.14e-03  3.89e+06   238s
[2025-08-07 07:58:15] DEBUG    14   9.65667757e+11 -3.32583600e+13  6.65e-05 1.77e-03  3.40e+06   245s
[2025-08-07 07:58:23] DEBUG    15   8.49153865e+11 -2.09415545e+13  4.41e-05 9.21e-04  2.17e+06   253s
[2025-08-07 07:58:30] DEBUG    16   6.67287079e+11 -1.20674156e+13  2.14e-05 5.07e-04  1.27e+06   260s
[2025-08-07 07:58:39] DEBUG    17   5.40392668e+11 -9.04126137e+12  1.14e-05 3.66e-04  9.54e+05   269s
[2025-08-07 07:58:47] DEBUG    18   3.37733886e+11 -3.62165418e+12  6.06e-06 1.19e-04  3.93e+05   278s
[2025-08-07 07:58:56] DEBUG    19   2.77374600e+11 -2.65676640e+12  4.83e-06 8.00e-05  2.91e+05   286s
[2025-08-07 07:59:01] DEBUG    20   2.17673031e+11 -1.73990291e+12  2.92e-06 4.53e-05  1.93e+05   292s
[2025-08-07 07:59:08] DEBUG    21   1.47335756e+11 -1.05247531e+12  4.28e-06 1.99e-05  1.18e+05   298s
[2025-08-07 07:59:18] DEBUG    22   1.15822559e+11 -5.53094235e+11  1.82e-06 3.49e-10  6.56e+04   308s
[2025-08-07 07:59:29] DEBUG    23   7.99547418e+10 -2.71277107e+11  1.04e-06 2.33e-10  3.42e+04   319s
[2025-08-07 07:59:41] DEBUG    24   5.10603468e+10 -1.52067774e+11  4.19e-07 1.46e-06  1.97e+04   331s
[2025-08-07 07:59:56] DEBUG    25   3.89477574e+10 -8.62072047e+10  4.53e-07 2.16e-05  1.21e+04   346s
[2025-08-07 08:00:05] DEBUG    26   3.49545495e+10 -6.70466858e+10  1.08e-06 1.71e-05  9.87e+03   355s
[2025-08-07 08:00:12] DEBUG    27   3.36090385e+10 -6.12423855e+10  9.37e-07 1.50e-05  9.18e+03   362s
[2025-08-07 08:00:18] DEBUG    28   3.10247288e+10 -5.20379886e+10  3.27e-06 1.44e-05  8.03e+03   368s
[2025-08-07 08:00:28] DEBUG    29   2.93093610e+10 -3.68586662e+10  3.61e-06 1.03e-05  6.40e+03   378s
[2025-08-07 08:00:39] DEBUG    30   2.71705955e+10 -2.36140225e+10  1.97e-05 7.06e-06  4.91e+03   389s
[2025-08-07 08:00:54] DEBUG    31   2.57235263e+10 -1.62061156e+10  4.38e-05 5.41e-06  4.05e+03   404s
[2025-08-07 08:01:18] DEBUG    32   2.47028056e+10 -9.67953867e+09  4.03e-05 4.30e-06  3.32e+03   428s
[2025-08-07 08:01:35] DEBUG    33   2.35820745e+10 -1.08142917e+09  3.53e-05 2.80e-06  2.38e+03   445s
[2025-08-07 08:01:57] DEBUG    34   2.22467679e+10  3.18826282e+08  3.08e-05 2.52e-06  2.12e+03   468s
[2025-08-07 08:02:13] DEBUG    35   2.05631438e+10  6.46560741e+09  2.44e-05 1.37e-06  1.36e+03   484s
[2025-08-07 08:02:34] DEBUG    36   1.99499084e+10  7.92733657e+09  2.27e-05 1.05e-06  1.16e+03   505s
[2025-08-07 08:02:49] DEBUG    37   1.93484280e+10  8.07969260e+09  2.10e-05 1.02e-06  1.09e+03   519s
[2025-08-07 08:03:06] DEBUG    38   1.87531955e+10  8.75832378e+09  1.93e-05 8.83e-07  9.65e+02   536s
[2025-08-07 08:03:27] DEBUG    39   1.79290307e+10  9.31192641e+09  1.69e-05 7.57e-07  8.32e+02   558s
[2025-08-07 08:03:43] DEBUG    40   1.69463843e+10  1.03153035e+10  1.44e-05 1.14e-06  6.40e+02   574s
[2025-08-07 08:04:00] DEBUG    41   1.62935081e+10  1.07377461e+10  1.24e-05 9.21e-07  5.36e+02   590s
[2025-08-07 08:04:31] DEBUG    42   1.56527711e+10  1.15715877e+10  1.04e-05 4.39e-07  3.94e+02   621s
[2025-08-07 08:04:47] DEBUG    43   1.52794842e+10  1.17447890e+10  9.30e-06 3.50e-07  3.41e+02   637s
[2025-08-07 08:05:13] DEBUG    44   1.49004543e+10  1.18700306e+10  8.25e-06 2.83e-07  2.92e+02   663s
[2025-08-07 08:05:37] DEBUG    45   1.46591188e+10  1.19447759e+10  7.49e-06 2.39e-07  2.62e+02   688s
[2025-08-07 08:06:01] DEBUG    46   1.43168272e+10  1.20526697e+10  6.36e-06 1.77e-07  2.18e+02   711s
[2025-08-07 08:06:22] DEBUG    47   1.42247800e+10  1.21212149e+10  6.10e-06 1.41e-07  2.03e+02   732s
[2025-08-07 08:06:45] DEBUG    48   1.39560005e+10  1.21580842e+10  5.27e-06 1.24e-07  1.73e+02   756s
[2025-08-07 08:07:16] DEBUG    49   1.38329467e+10  1.22019030e+10  4.92e-06 9.99e-08  1.57e+02   786s
[2025-08-07 08:07:38] DEBUG    50   1.36056399e+10  1.22820380e+10  4.16e-06 6.95e-08  1.28e+02   808s
[2025-08-07 08:08:02] DEBUG    51   1.32350472e+10  1.23057752e+10  2.89e-06 1.19e-07  8.97e+01   832s
[2025-08-07 08:08:33] DEBUG    52   1.32016073e+10  1.23200355e+10  2.78e-06 1.51e-07  8.51e+01   863s
[2025-08-07 08:08:59] DEBUG    53   1.30434027e+10  1.23353010e+10  2.34e-06 1.99e-07  6.83e+01   889s
[2025-08-07 08:09:31] DEBUG    54   1.29017761e+10  1.23497571e+10  1.89e-06 2.35e-07  5.33e+01   921s
[2025-08-07 08:10:12] DEBUG    55   1.28359287e+10  1.23594772e+10  1.65e-06 2.63e-07  4.60e+01   962s
[2025-08-07 08:11:04] DEBUG    56   1.27969844e+10  1.23709591e+10  1.52e-06 2.52e-07  4.11e+01  1015s
[2025-08-07 08:11:47] DEBUG    57   1.27694011e+10  1.23749522e+10  1.42e-06 2.37e-07  3.81e+01  1058s
[2025-08-07 08:12:22] DEBUG    58   1.26559376e+10  1.23795296e+10  1.04e-06 2.20e-07  2.67e+01  1092s
[2025-08-07 08:12:59] DEBUG    59   1.26377295e+10  1.23835716e+10  9.72e-07 1.89e-07  2.45e+01  1129s
[2025-08-07 08:13:33] DEBUG    60   1.26078718e+10  1.23862039e+10  8.73e-07 1.68e-07  2.14e+01  1164s
[2025-08-07 08:14:07] DEBUG    61   1.25946900e+10  1.23873438e+10  8.17e-07 1.57e-07  2.00e+01  1197s
[2025-08-07 08:14:46] DEBUG    62   1.25896953e+10  1.23883615e+10  7.98e-07 1.48e-07  1.94e+01  1236s
[2025-08-07 08:15:22] DEBUG    63   1.25646056e+10  1.23909933e+10  7.03e-07 1.25e-07  1.68e+01  1272s
[2025-08-07 08:16:02] DEBUG    64   1.25556860e+10  1.23921101e+10  6.60e-07 1.15e-07  1.58e+01  1312s
[2025-08-07 08:16:40] DEBUG    65   1.25397966e+10  1.23931551e+10  5.95e-07 1.05e-07  1.41e+01  1350s
[2025-08-07 08:17:20] DEBUG    66   1.25238151e+10  1.23942503e+10  5.35e-07 9.26e-08  1.25e+01  1390s
[2025-08-07 08:18:06] DEBUG    67   1.25076311e+10  1.23956399e+10  4.75e-07 7.61e-08  1.08e+01  1436s
[2025-08-07 08:18:42] DEBUG    68   1.25021413e+10  1.23966760e+10  4.48e-07 5.98e-08  1.02e+01  1472s
[2025-08-07 08:19:17] DEBUG    69   1.24907587e+10  1.23973318e+10  4.01e-07 5.03e-08  9.01e+00  1508s
[2025-08-07 08:19:57] DEBUG    70   1.24853832e+10  1.23976675e+10  3.83e-07 4.61e-08  8.46e+00  1547s
[2025-08-07 08:20:28] DEBUG    71   1.24852428e+10  1.23979571e+10  3.78e-07 4.32e-08  8.42e+00  1578s
[2025-08-07 08:21:02] DEBUG    72   1.24626820e+10  1.23986420e+10  2.76e-07 3.54e-08  6.18e+00  1612s
[2025-08-07 08:21:35] DEBUG    73   1.24469701e+10  1.23992819e+10  2.09e-07 3.64e-09  4.60e+00  1646s
[2025-08-07 08:22:16] DEBUG    74   1.24415642e+10  1.23998521e+10  1.85e-07 6.15e-09  4.02e+00  1686s
[2025-08-07 08:23:04] DEBUG    75   1.24380308e+10  1.24003968e+10  1.73e-07 8.08e-09  3.63e+00  1734s
[2025-08-07 08:23:50] DEBUG    76   1.24300608e+10  1.24006438e+10  1.35e-07 9.14e-09  2.84e+00  1781s
[2025-08-07 08:24:38] DEBUG    77   1.24265860e+10  1.24009729e+10  1.18e-07 1.14e-08  2.47e+00  1828s
[2025-08-07 08:25:29] DEBUG    78   1.24242946e+10  1.24014223e+10  1.09e-07 3.58e-08  2.21e+00  1879s
[2025-08-07 08:26:12] DEBUG    79   1.24181995e+10  1.24017194e+10  7.91e-08 4.84e-08  1.59e+00  1922s
[2025-08-07 08:26:51] DEBUG    80   1.24167693e+10  1.24018907e+10  7.22e-08 5.23e-08  1.44e+00  1961s
[2025-08-07 08:27:33] DEBUG    81   1.24151428e+10  1.24020510e+10  6.54e-08 5.67e-08  1.26e+00  2003s
[2025-08-07 08:28:16] DEBUG    82   1.24131091e+10  1.24021186e+10  5.47e-08 4.93e-08  1.06e+00  2046s
[2025-08-07 08:28:46] DEBUG    83   1.24112727e+10  1.24021641e+10  4.60e-08 4.47e-08  8.79e-01  2076s
[2025-08-07 08:29:19] DEBUG    84   1.24096999e+10  1.24022129e+10  3.88e-08 4.07e-08  7.22e-01  2109s
[2025-08-07 08:29:54] DEBUG    85   1.24092460e+10  1.24023029e+10  4.84e-08 3.24e-08  6.70e-01  2144s
[2025-08-07 08:30:22] DEBUG    86   1.24080837e+10  1.24023428e+10  3.35e-08 2.91e-08  5.54e-01  2173s
[2025-08-07 08:30:52] DEBUG    87   1.24067920e+10  1.24023775e+10  3.35e-08 2.71e-08  4.26e-01  2203s
[2025-08-07 08:31:22] DEBUG    88   1.24061578e+10  1.24024702e+10  2.98e-08 2.22e-08  3.56e-01  2232s
[2025-08-07 08:31:53] DEBUG    89   1.24055783e+10  1.24024990e+10  2.98e-08 1.97e-08  2.97e-01  2263s
[2025-08-07 08:32:25] DEBUG    90   1.24051780e+10  1.24025248e+10  2.98e-08 1.73e-08  2.56e-01  2295s
[2025-08-07 08:32:59] DEBUG    91   1.24048299e+10  1.24025504e+10  2.61e-08 1.56e-08  2.20e-01  2329s
[2025-08-07 08:33:32] DEBUG    92   1.24046776e+10  1.24025549e+10  4.47e-08 1.59e-08  2.05e-01  2362s
[2025-08-07 08:34:07] DEBUG    93   1.24042758e+10  1.24025757e+10  4.10e-08 1.54e-08  1.64e-01  2397s
[2025-08-07 08:34:35] DEBUG    94   1.24038857e+10  1.24025817e+10  2.98e-08 1.32e-08  1.26e-01  2426s
[2025-08-07 08:35:08] DEBUG    95   1.24036540e+10  1.24025967e+10  4.47e-08 1.05e-08  1.02e-01  2459s
[2025-08-07 08:35:41] DEBUG    96   1.24035514e+10  1.24026007e+10  3.73e-08 9.25e-09  9.17e-02  2491s
[2025-08-07 08:36:09] DEBUG    97   1.24033502e+10  1.24026022e+10  3.35e-08 8.62e-09  7.22e-02  2519s
[2025-08-07 08:36:36] DEBUG    98   1.24031397e+10  1.24026056e+10  3.73e-08 1.04e-08  5.15e-02  2546s
[2025-08-07 08:37:00] DEBUG    99   1.24031295e+10  1.24026064e+10  3.35e-08 1.03e-08  5.05e-02  2571s
[2025-08-07 08:37:32] DEBUG    100   1.24028983e+10  1.24026076e+10  4.10e-08 1.02e-08  2.81e-02  2602s
[2025-08-07 08:38:01] DEBUG    101   1.24028458e+10  1.24026128e+10  2.98e-08 7.19e-09  2.25e-02  2631s
[2025-08-07 08:38:34] DEBUG    102   1.24027617e+10  1.24026145e+10  4.10e-08 5.80e-09  1.42e-02  2664s
[2025-08-07 08:39:02] DEBUG    103   1.24027417e+10  1.24026151e+10  3.35e-08 5.14e-09  1.22e-02  2692s
[2025-08-07 08:39:26] DEBUG    104   1.24027115e+10  1.24026151e+10  3.35e-08 4.91e-09  9.30e-03  2716s
[2025-08-07 08:39:46] DEBUG    105   1.24026559e+10  1.24026154e+10  4.47e-08 3.74e-09  3.90e-03  2736s
[2025-08-07 08:40:02] DEBUG    106   1.24026507e+10  1.24026159e+10  3.73e-08 2.35e-09  3.36e-03  2752s
[2025-08-07 08:40:14] DEBUG    107   1.24026269e+10  1.24026164e+10  5.22e-08 1.18e-09  1.02e-03  2764s
[2025-08-07 08:40:23] DEBUG    108   1.24026190e+10  1.24026166e+10  3.73e-08 3.49e-10  2.22e-04  2773s
[2025-08-07 08:40:30] DEBUG    109   1.24026170e+10  1.24026169e+10  4.84e-08 5.89e-10  2.57e-05  2780s
[2025-08-07 08:40:36] DEBUG    110   1.24026168e+10  1.24026168e+10  4.84e-08 4.67e-08  1.82e-06  2787s
[2025-08-07 08:40:43] DEBUG    111   1.24026168e+10  1.24026168e+10  4.47e-08 4.39e-09  9.38e-08  2793s
[2025-08-07 08:40:49] DEBUG    112   1.24026168e+10  1.24026168e+10  3.17e-08 2.33e-10  4.23e-12  2799s
[2025-08-07 08:40:49] DEBUG    Barrier solved model in 112 iterations and 2799.15 seconds (623.46 work units)
Optimal objective 1.24026168e+10
[2025-08-07 08:40:50] DEBUG    Crossover log...
[2025-08-07 08:40:51] DEBUG    554927 DPushes remaining with DInf 0.0000000e+00              2801s
[2025-08-07 08:40:55] DEBUG    17327 DPushes remaining with DInf 0.0000000e+00              2805s
[2025-08-07 08:40:58] DEBUG    0 DPushes remaining with DInf 0.0000000e+00              2808s
[2025-08-07 08:40:58] DEBUG    209800 PPushes remaining with PInf 9.6663155e-03              2808s
[2025-08-07 08:41:00] DEBUG    2151 PPushes remaining with PInf 0.0000000e+00              2810s
[2025-08-07 08:41:00] DEBUG    0 PPushes remaining with PInf 0.0000000e+00              2811s
[2025-08-07 08:41:01] DEBUG    Push phase complete: Pinf 0.0000000e+00, Dinf 1.2394037e-13   2811s
[2025-08-07 08:41:02] DEBUG    Solved with barrier
[2025-08-07 08:41:19] DEBUG    Iteration    Objective       Primal Inf.    Dual Inf.      Time
[2025-08-07 08:41:19] DEBUG    553073    1.2402617e+10   0.000000e+00   0.000000e+00   2829s

Solved in 553073 iterations and 2828.82 seconds (647.70 work units)
[2025-08-07 08:41:19] DEBUG    Optimal objective  1.240261675e+10
✅ Scenario completato: new_trasmission_CG+VRES_2030_BESS

🚀 Lancio scenario: new_trasmission_CG+VRES_2030_nostorage
[2025-08-07 08:53:44] INFO     Loading sets
[2025-08-07 08:53:44] INFO     Loading parameters
[2025-08-07 08:54:21] INFO     constraints are loaded in the following order: ['energy_balance', 'dispatch', 'costs', 'capacity', 'network', 'policy', 'conversion', 'group', 'conversion_plus', 'milp', 'export']
[2025-08-07 08:54:21] INFO     creating energy_balance constraints
[2025-08-07 08:57:32] INFO     creating dispatch constraints
[2025-08-07 08:59:40] INFO     creating costs constraints
[2025-08-07 09:16:32] INFO     creating capacity constraints
[2025-08-07 09:16:32] INFO     creating network constraints
[2025-08-07 09:16:32] INFO     creating policy constraints
[2025-08-07 09:16:32] INFO     creating conversion constraints
[2025-08-07 09:16:32] INFO     creating group constraints
[2025-08-07 09:16:32] INFO     creating conversion_plus constraints
[2025-08-07 09:16:32] INFO     creating milp constraints
[2025-08-07 09:16:32] INFO     creating export constraints
[2025-08-07 09:30:25] DEBUG    Set parameter WLSAccessID
Set parameter WLSSecret
Set parameter LicenseID to value 2680226
[2025-08-07 09:30:25] DEBUG    Academic license 2680226 - for non-commercial use only - registered to an___@mail.polimi.it
[2025-08-07 09:31:04] DEBUG    Read LP format model from file /tmp/tmpygl9qsf5.pyomo.lp
[2025-08-07 09:31:04] DEBUG    Reading time = 39.12 seconds
x19415563: 25696515 rows, 19415563 columns, 62883109 nonzeros
[2025-08-07 09:31:04] DEBUG    Set parameter NumericFocus to value 1
[2025-08-07 09:31:04] DEBUG    Gurobi Optimizer version 12.0.2 build v12.0.2rc0 (linux64 - "Debian GNU/Linux 11 (bullseye)")

CPU model: Intel(R) Xeon(R) Silver 4314 CPU @ 2.40GHz, instruction set [SSE2|AVX|AVX2|AVX512]
Thread count: 32 physical cores, 64 logical processors, using up to 32 threads
[2025-08-07 09:31:04] DEBUG    Non-default parameters:
NumericFocus  1
[2025-08-07 09:31:04] DEBUG    Academic license 2680226 - for non-commercial use only - registered to an___@mail.polimi.it
[2025-08-07 09:31:04] DEBUG    Optimize a model with 25696515 rows, 19415563 columns and 62883109 nonzeros
[2025-08-07 09:31:05] DEBUG    Model fingerprint: 0xe0730906
[2025-08-07 09:31:05] DEBUG    Coefficient statistics:
  Matrix range     [1e-07, 3e+02]
  Objective range  [1e+00, 1e+06]
[2025-08-07 09:31:05] DEBUG    Bounds range     [0e+00, 0e+00]
  RHS range        [1e+00, 2e+08]
[2025-08-07 09:31:12] DEBUG    Presolve removed 19562778 rows and 11214022 columns (presolve time = 7s)...
[2025-08-07 09:31:16] DEBUG    Presolve removed 19562828 rows and 13004773 columns (presolve time = 11s)...
[2025-08-07 09:31:20] DEBUG    Presolve removed 22062955 rows and 15504900 columns (presolve time = 15s)...
[2025-08-07 09:31:31] DEBUG    Presolve removed 22062955 rows and 15732660 columns (presolve time = 26s)...
[2025-08-07 09:31:36] DEBUG    Presolve removed 22063473 rows and 15837780 columns (presolve time = 31s)...
[2025-08-07 09:31:36] DEBUG    Presolve removed 22212376 rows and 15837780 columns
[2025-08-07 09:32:10] DEBUG    Presolve time: 66.60s
[2025-08-07 09:32:10] DEBUG    Presolved: 3484139 rows, 3726686 columns, 12043839 nonzeros

Concurrent LP optimizer: primal simplex, dual simplex, and barrier
Showing barrier log only...
[2025-08-07 09:32:15] DEBUG    Ordering time: 2.17s
[2025-08-07 09:32:17] DEBUG    Barrier statistics:
 Dense cols : 165
 AA' NZ     : 1.021e+07
[2025-08-07 09:32:17] DEBUG    Factor NZ  : 4.137e+07 (roughly 3.0 GB of memory)
 Factor Ops : 1.996e+09 (less than 1 second per iteration)
 Threads    : 30
[2025-08-07 09:32:23] DEBUG    Objective                Residual
Iter       Primal          Dual         Primal    Dual     Compl     Time
[2025-08-07 09:32:23] DEBUG    0   6.15917674e+17 -1.51677127e+17  1.92e+08 7.03e-12  1.15e+12    79s
[2025-08-07 09:32:29] DEBUG    1   4.91893498e+17 -1.30800074e+17  1.52e+08 1.18e+04  6.70e+11    85s
[2025-08-07 09:32:38] DEBUG    2   4.04193439e+17 -1.20718732e+17  1.26e+08 6.60e+03  5.18e+11    94s
[2025-08-07 09:32:49] DEBUG    3   2.78822074e+17 -1.15799635e+17  8.80e+07 2.86e+03  3.44e+11   105s
[2025-08-07 09:32:58] DEBUG    4   2.05799316e+17 -1.04739917e+17  6.55e+07 7.83e+02  2.37e+11   114s
[2025-08-07 09:33:04] DEBUG    5   1.51211346e+17 -8.78998509e+16  4.81e+07 2.26e+02  1.67e+11   120s
[2025-08-07 09:33:10] DEBUG    6   1.00381739e+17 -7.10739181e+16  3.20e+07 1.02e+02  1.07e+11   127s
[2025-08-07 09:33:17] DEBUG    7   8.14852298e+16 -5.88570553e+16  2.59e+07 4.17e+01  8.32e+10   133s
[2025-08-07 09:33:26] DEBUG    8   2.38624416e+16 -3.81597642e+16  7.82e+06 4.83e+00  2.36e+10   142s
[2025-08-07 09:33:33] DEBUG    9   1.11916374e+15 -1.79048225e+16  3.87e+05 6.42e-01  2.82e+09   149s
[2025-08-07 09:33:41] DEBUG    10   1.13129466e+14 -2.52658516e+15  3.87e+04 3.88e-02  3.24e+08   157s
[2025-08-07 09:33:47] DEBUG    11   1.24479834e+13 -9.22443466e+14  3.64e+03 1.56e-02  1.08e+08   163s
[2025-08-07 09:33:57] DEBUG    12   2.42450376e+12 -1.03968268e+14  1.50e+02 1.23e-03  1.22e+07   173s
[2025-08-07 09:34:07] DEBUG    13   8.57136675e+11 -3.85360262e+13  7.18e-07 3.38e-04  4.51e+06   183s
[2025-08-07 09:34:15] DEBUG    14   6.14959683e+11 -2.50222302e+13  2.03e-06 1.91e-04  2.93e+06   192s
[2025-08-07 09:34:22] DEBUG    15   7.40543973e+11 -1.66633573e+13  3.97e-07 1.07e-04  2.01e+06   198s
[2025-08-07 09:34:32] DEBUG    16   5.97137554e+11 -7.88698097e+12  6.35e-07 3.70e-05  9.79e+05   209s
[2025-08-07 09:34:51] DEBUG    17   4.37163036e+11 -4.76573618e+12  2.70e-07 1.04e-05  6.00e+05   228s
[2025-08-07 09:35:10] DEBUG    18   3.47923095e+11 -4.05372669e+12  1.29e-07 5.74e-06  5.06e+05   246s
[2025-08-07 09:35:35] DEBUG    19   2.39794350e+11 -1.95569182e+12  4.54e-08 5.57e-09  2.51e+05   271s
[2025-08-07 09:36:01] DEBUG    20   1.64493157e+11 -8.26522052e+11  4.47e-08 2.35e-09  1.12e+05   297s
[2025-08-07 09:36:25] DEBUG    21   1.09447382e+11 -3.74705687e+11  6.89e-08 9.99e-10  5.36e+04   321s
[2025-08-07 09:36:39] DEBUG    22   8.27603172e+10 -1.41417717e+11  3.92e-07 4.20e-10  2.41e+04   335s
[2025-08-07 09:36:58] DEBUG    23   6.64412398e+10 -9.09497381e+10  2.78e-07 2.78e-10  1.68e+04   354s
[2025-08-07 09:37:20] DEBUG    24   4.95668197e+10 -5.89503875e+10  1.96e-06 2.33e-10  1.17e+04   376s
[2025-08-07 09:37:45] DEBUG    25   4.75498391e+10 -4.83138852e+10  3.14e-06 3.49e-10  1.03e+04   401s
[2025-08-07 09:38:08] DEBUG    26   3.93630534e+10 -3.16928410e+10  6.12e-06 2.33e-10  7.74e+03   424s
[2025-08-07 09:38:37] DEBUG    27   3.71791207e+10 -1.60493478e+10  2.32e-05 2.33e-10  5.83e+03   453s
[2025-08-07 09:39:03] DEBUG    28   3.05688188e+10 -3.89324156e+09  4.40e-05 6.61e-07  3.82e+03   480s
[2025-08-07 09:39:21] DEBUG    29   2.42348541e+10  3.04506672e+09  2.61e-05 4.30e-07  2.37e+03   497s
[2025-08-07 09:39:35] DEBUG    30   2.34969252e+10  3.68903028e+09  2.81e-05 4.10e-07  2.22e+03   511s
[2025-08-07 09:39:50] DEBUG    31   2.20879267e+10  4.45740362e+09  3.36e-05 4.34e-07  1.98e+03   527s
[2025-08-07 09:40:05] DEBUG    32   2.12966273e+10  6.01458645e+09  3.72e-05 7.51e-07  1.71e+03   541s
[2025-08-07 09:40:20] DEBUG    33   2.02824791e+10  8.07392471e+09  3.88e-05 7.71e-07  1.37e+03   556s
[2025-08-07 09:40:35] DEBUG    34   2.00377427e+10  8.49975005e+09  3.76e-05 7.00e-07  1.30e+03   571s
[2025-08-07 09:40:48] DEBUG    35   1.88297174e+10  9.88462231e+09  3.23e-05 6.22e-07  1.01e+03   584s
[2025-08-07 09:40:59] DEBUG    36   1.80490228e+10  1.02951291e+10  3.04e-05 5.19e-07  8.74e+02   595s
[2025-08-07 09:41:15] DEBUG    37   1.72852860e+10  1.05105204e+10  2.57e-05 5.30e-07  7.64e+02   611s
[2025-08-07 09:41:31] DEBUG    38   1.68648606e+10  1.06780264e+10  2.40e-05 7.08e-07  6.98e+02   627s
[2025-08-07 09:41:48] DEBUG    39   1.67827344e+10  1.08265728e+10  2.36e-05 6.49e-07  6.72e+02   644s
[2025-08-07 09:42:04] DEBUG    40   1.64668847e+10  1.10303000e+10  2.21e-05 4.97e-07  6.13e+02   660s
[2025-08-07 09:42:20] DEBUG    41   1.55711279e+10  1.14249732e+10  1.80e-05 4.57e-07  4.68e+02   676s
[2025-08-07 09:42:35] DEBUG    42   1.49843425e+10  1.18460733e+10  1.38e-05 2.70e-06  3.55e+02   691s
[2025-08-07 09:42:56] DEBUG    43   1.45467408e+10  1.19785374e+10  1.06e-05 1.97e-06  2.90e+02   712s
[2025-08-07 09:43:22] DEBUG    44   1.42191423e+10  1.19971442e+10  9.16e-06 1.86e-06  2.51e+02   738s
[2025-08-07 09:43:43] DEBUG    45   1.41529849e+10  1.20291144e+10  8.89e-06 1.68e-06  2.40e+02   759s
[2025-08-07 09:44:03] DEBUG    46   1.38927847e+10  1.21066334e+10  7.94e-06 1.28e-06  2.02e+02   779s
[2025-08-07 09:44:22] DEBUG    47   1.38030105e+10  1.21722619e+10  7.52e-06 9.36e-07  1.84e+02   798s
[2025-08-07 09:44:39] DEBUG    48   1.37420901e+10  1.21973942e+10  7.22e-06 8.12e-07  1.75e+02   815s
[2025-08-07 09:44:58] DEBUG    49   1.33823707e+10  1.22221515e+10  5.26e-06 6.92e-07  1.31e+02   834s
[2025-08-07 09:45:23] DEBUG    50   1.33696395e+10  1.22444696e+10  5.20e-06 6.23e-07  1.27e+02   859s
[2025-08-07 09:45:46] DEBUG    51   1.32888988e+10  1.22754466e+10  4.79e-06 4.86e-07  1.15e+02   882s
[2025-08-07 09:46:10] DEBUG    52   1.32287608e+10  1.22938979e+10  4.43e-06 4.07e-07  1.06e+02   906s
[2025-08-07 09:46:29] DEBUG    53   1.30327238e+10  1.23142398e+10  3.42e-06 4.14e-07  8.12e+01   926s
[2025-08-07 09:46:43] DEBUG    54   1.29564796e+10  1.23261136e+10  2.99e-06 4.48e-07  7.13e+01   939s
[2025-08-07 09:47:00] DEBUG    55   1.28413238e+10  1.23418196e+10  2.36e-06 4.93e-07  5.65e+01   956s
[2025-08-07 09:47:23] DEBUG    56   1.27814133e+10  1.23524409e+10  2.11e-06 5.28e-07  4.85e+01   979s
[2025-08-07 09:47:44] DEBUG    57   1.27251462e+10  1.23602731e+10  1.84e-06 5.50e-07  4.13e+01  1000s
[2025-08-07 09:48:09] DEBUG    58   1.26893285e+10  1.23649955e+10  1.65e-06 5.59e-07  3.67e+01  1025s
[2025-08-07 09:48:32] DEBUG    59   1.26635828e+10  1.23723572e+10  1.51e-06 5.65e-07  3.29e+01  1048s
[2025-08-07 09:49:06] DEBUG    60   1.26405182e+10  1.23745977e+10  1.40e-06 5.49e-07  3.01e+01  1082s
[2025-08-07 09:49:38] DEBUG    61   1.26069623e+10  1.23759457e+10  1.21e-06 5.37e-07  2.61e+01  1114s
[2025-08-07 09:50:18] DEBUG    62   1.25998906e+10  1.23789628e+10  1.17e-06 4.76e-07  2.50e+01  1154s
[2025-08-07 09:51:01] DEBUG    63   1.25816073e+10  1.23795318e+10  1.07e-06 4.70e-07  2.29e+01  1197s
[2025-08-07 09:51:35] DEBUG    64   1.25619107e+10  1.23828082e+10  9.60e-07 4.01e-07  2.03e+01  1231s
[2025-08-07 09:52:08] DEBUG    65   1.25542631e+10  1.23837049e+10  9.21e-07 3.83e-07  1.93e+01  1264s
[2025-08-07 09:52:35] DEBUG    66   1.25516852e+10  1.23843582e+10  9.05e-07 3.69e-07  1.89e+01  1291s
[2025-08-07 09:53:11] DEBUG    67   1.25327463e+10  1.23886212e+10  8.10e-07 2.91e-07  1.63e+01  1327s
[2025-08-07 09:53:42] DEBUG    68   1.25259773e+10  1.23900276e+10  7.73e-07 2.62e-07  1.54e+01  1358s
[2025-08-07 09:54:06] DEBUG    69   1.25158808e+10  1.23906184e+10  7.17e-07 2.50e-07  1.42e+01  1383s
[2025-08-07 09:54:35] DEBUG    70   1.24994605e+10  1.23935236e+10  6.27e-07 1.88e-07  1.20e+01  1411s
[2025-08-07 09:55:08] DEBUG    71   1.24923849e+10  1.23937743e+10  5.84e-07 1.82e-07  1.12e+01  1444s
[2025-08-07 09:55:43] DEBUG    72   1.24826890e+10  1.23944814e+10  5.24e-07 1.65e-07  9.98e+00  1479s
[2025-08-07 09:56:14] DEBUG    73   1.24744573e+10  1.23967226e+10  4.68e-07 1.11e-07  8.79e+00  1510s
[2025-08-07 09:56:48] DEBUG    74   1.24687432e+10  1.23973175e+10  4.34e-07 9.47e-08  8.08e+00  1544s
[2025-08-07 09:57:18] DEBUG    75   1.24625519e+10  1.23983906e+10  3.94e-07 7.35e-08  7.26e+00  1574s
[2025-08-07 09:57:54] DEBUG    76   1.24623794e+10  1.23989046e+10  3.91e-07 6.40e-08  7.18e+00  1610s
[2025-08-07 09:58:23] DEBUG    77   1.24509366e+10  1.23996105e+10  3.15e-07 5.02e-08  5.81e+00  1639s
[2025-08-07 09:58:56] DEBUG    78   1.24453798e+10  1.24003116e+10  2.83e-07 3.65e-08  5.10e+00  1672s
[2025-08-07 09:59:23] DEBUG    79   1.24439953e+10  1.24004272e+10  2.76e-07 3.39e-08  4.93e+00  1699s
[2025-08-07 09:59:57] DEBUG    80   1.24417536e+10  1.24004616e+10  2.63e-07 3.32e-08  4.67e+00  1733s
[2025-08-07 10:00:27] DEBUG    81   1.24398216e+10  1.24007820e+10  2.58e-07 2.63e-08  4.42e+00  1763s
[2025-08-07 10:00:27] DEBUG    Barrier performed 81 iterations in 1763.18 seconds (361.92 work units)
Barrier solve interrupted - model solved by another algorithm
[2025-08-07 10:00:27] DEBUG    Solved with dual simplex
[2025-08-07 10:00:37] DEBUG    Iteration    Objective       Primal Inf.    Dual Inf.      Time
[2025-08-07 10:00:37] DEBUG    693128    1.2402617e+10   0.000000e+00   0.000000e+00   1773s

Solved in 693128 iterations and 1773.16 seconds (855.30 work units)
[2025-08-07 10:00:37] DEBUG    Optimal objective  1.240261675e+10
✅ Scenario completato: new_trasmission_CG+VRES_2030_nostorage

🚀 Lancio scenario: new_trasmission_GT+VRES_2030_PHES
[2025-08-07 10:14:13] INFO     Loading sets
[2025-08-07 10:14:13] INFO     Loading parameters
[2025-08-07 10:14:52] INFO     constraints are loaded in the following order: ['energy_balance', 'dispatch', 'costs', 'capacity', 'network', 'policy', 'conversion', 'group', 'conversion_plus', 'milp', 'export']
[2025-08-07 10:14:52] INFO     creating energy_balance constraints
[2025-08-07 10:18:15] INFO     creating dispatch constraints
[2025-08-07 10:20:33] INFO     creating costs constraints
[2025-08-07 10:31:00] INFO     creating capacity constraints
[2025-08-07 10:31:00] INFO     creating network constraints
[2025-08-07 10:31:00] INFO     creating policy constraints
[2025-08-07 10:31:00] INFO     creating conversion constraints
[2025-08-07 10:31:00] INFO     creating group constraints
[2025-08-07 10:31:00] INFO     creating conversion_plus constraints
[2025-08-07 10:31:00] INFO     creating milp constraints
[2025-08-07 10:31:00] INFO     creating export constraints
[2025-08-07 10:46:00] DEBUG    Set parameter WLSAccessID
Set parameter WLSSecret
Set parameter LicenseID to value 2680226
[2025-08-07 10:46:01] DEBUG    Academic license 2680226 - for non-commercial use only - registered to an___@mail.polimi.it
[2025-08-07 10:46:44] DEBUG    Read LP format model from file /tmp/tmp14lcn1yj.pyomo.lp
Reading time = 43.33 seconds
x20685937: 27475027 rows, 20685937 columns, 67710246 nonzeros
[2025-08-07 10:46:44] DEBUG    Set parameter NumericFocus to value 1
Gurobi Optimizer version 12.0.2 build v12.0.2rc0 (linux64 - "Debian GNU/Linux 11 (bullseye)")

CPU model: Intel(R) Xeon(R) Silver 4314 CPU @ 2.40GHz, instruction set [SSE2|AVX|AVX2|AVX512]
Thread count: 32 physical cores, 64 logical processors, using up to 32 threads

Non-default parameters:
NumericFocus  1
[2025-08-07 10:46:44] DEBUG    Academic license 2680226 - for non-commercial use only - registered to an___@mail.polimi.it
Optimize a model with 27475027 rows, 20685937 columns and 67710246 nonzeros
[2025-08-07 10:46:45] DEBUG    Model fingerprint: 0x0614e4f2
[2025-08-07 10:46:45] DEBUG    Coefficient statistics:
  Matrix range     [1e-07, 3e+02]
  Objective range  [1e+00, 1e+06]
  Bounds range     [0e+00, 0e+00]
  RHS range        [1e+00, 6e+09]
[2025-08-07 10:46:45] DEBUG    Warning: Model contains large rhs
[2025-08-07 10:46:51] DEBUG    Presolve removed 11906122 rows and 9621784 columns (presolve time = 6s)...
[2025-08-07 10:46:56] DEBUG    Presolve removed 20202438 rows and 11801064 columns (presolve time = 11s)...
[2025-08-07 10:47:01] DEBUG    Presolve removed 20202514 rows and 13591815 columns (presolve time = 16s)...
[2025-08-07 10:47:05] DEBUG    Presolve removed 22710699 rows and 16100000 columns (presolve time = 20s)...
[2025-08-07 10:47:11] DEBUG    Presolve removed 22930479 rows and 16274202 columns (presolve time = 26s)...
[2025-08-07 10:47:16] DEBUG    Presolve removed 22930479 rows and 16274202 columns (presolve time = 31s)...
[2025-08-07 10:47:27] DEBUG    Presolve removed 22930531 rows and 16501962 columns (presolve time = 42s)...
[2025-08-07 10:47:32] DEBUG    Presolve removed 22931049 rows and 16607082 columns (presolve time = 47s)...
[2025-08-07 10:47:36] DEBUG    Presolve removed 22931049 rows and 16607082 columns (presolve time = 51s)...
[2025-08-07 10:47:37] DEBUG    Presolve removed 23079952 rows and 16607082 columns
[2025-08-07 10:48:37] DEBUG    Presolve time: 112.91s
[2025-08-07 10:48:37] DEBUG    Presolved: 4395075 rows, 4227758 columns, 15869687 nonzeros

Concurrent LP optimizer: primal simplex, dual simplex, and barrier
Showing barrier log only...
[2025-08-07 10:48:46] DEBUG    Elapsed ordering time = 6s
[2025-08-07 10:49:05] DEBUG    Elapsed ordering time = 24s
[2025-08-07 10:49:05] DEBUG    Elapsed ordering time = 25s
[2025-08-07 10:49:11] DEBUG    Ordering time: 30.56s
[2025-08-07 10:49:14] DEBUG    Barrier statistics:
 Dense cols : 191
 AA' NZ     : 1.645e+07
 Factor NZ  : 6.246e+07 (roughly 4.0 GB of memory)
 Factor Ops : 4.598e+09 (less than 1 second per iteration)
 Threads    : 30
[2025-08-07 10:49:21] DEBUG    Objective                Residual
Iter       Primal          Dual         Primal    Dual     Compl     Time
[2025-08-07 10:49:21] DEBUG    0   4.66542910e+17 -1.35567808e+17  1.40e+08 7.03e-12  8.07e+11   157s
[2025-08-07 10:49:29] DEBUG    1   3.71585471e+17 -1.15618812e+17  1.11e+08 1.49e+04  4.71e+11   165s
[2025-08-07 10:49:39] DEBUG    2   3.26575463e+17 -1.01200720e+17  9.75e+07 6.83e+03  3.52e+11   175s
[2025-08-07 10:49:52] DEBUG    3   2.41742950e+17 -9.29716863e+16  7.31e+07 3.65e+03  2.50e+11   188s
[2025-08-07 10:49:59] DEBUG    4   1.89026657e+17 -8.48853627e+16  5.75e+07 1.44e+03  1.77e+11   196s
[2025-08-07 10:50:06] DEBUG    5   1.47377925e+17 -7.50759196e+16  4.49e+07 6.54e+02  1.31e+11   202s
[2025-08-07 10:50:13] DEBUG    6   1.09142150e+17 -6.85404700e+16  3.33e+07 4.42e+02  9.63e+10   209s
[2025-08-07 10:50:20] DEBUG    7   9.22063885e+16 -6.34786382e+16  2.82e+07 3.27e+02  8.06e+10   216s
[2025-08-07 10:50:28] DEBUG    8   5.32013559e+16 -5.09064318e+16  1.65e+07 1.44e+02  4.56e+10   224s
[2025-08-07 10:50:39] DEBUG    9   1.33815373e+16 -3.10557900e+16  4.38e+06 2.02e+01  1.21e+10   235s
[2025-08-07 10:50:49] DEBUG    10   7.48681303e+15 -1.21386461e+16  2.46e+06 1.71e+00  4.88e+09   245s
[2025-08-07 10:50:55] DEBUG    11   3.98644809e+13 -4.92941675e+15  1.26e+04 1.90e-01  5.02e+08   251s
[2025-08-07 10:51:00] DEBUG    12   1.90623654e+12 -3.16083528e+14  1.81e+02 1.02e-02  3.14e+07   256s
[2025-08-07 10:51:07] DEBUG    13   1.38193637e+12 -9.06850938e+13  1.25e+01 2.61e-03  9.12e+06   263s
[2025-08-07 10:51:15] DEBUG    14   1.26392112e+12 -4.52064909e+13  1.05e-01 1.65e-03  4.63e+06   271s
[2025-08-07 10:51:23] DEBUG    15   8.26336559e+11 -2.65967930e+13  2.52e-02 7.06e-04  2.73e+06   279s
[2025-08-07 10:51:29] DEBUG    16   7.35755395e+11 -1.67312346e+13  9.28e-03 3.78e-04  1.74e+06   285s
[2025-08-07 10:51:37] DEBUG    17   5.19923166e+11 -1.01796883e+13  1.37e-03 2.17e-04  1.07e+06   293s
[2025-08-07 10:51:49] DEBUG    18   3.37091393e+11 -5.37255525e+12  2.80e-04 9.54e-05  5.69e+05   306s
[2025-08-07 10:51:59] DEBUG    19   2.38949411e+11 -3.10793459e+12  7.58e-05 4.66e-05  3.33e+05   315s
[2025-08-07 10:52:07] DEBUG    20   2.02072347e+11 -2.17402217e+12  4.23e-05 2.94e-05  2.36e+05   323s
[2025-08-07 10:52:16] DEBUG    21   1.46719079e+11 -1.24175268e+12  1.82e-05 1.15e-05  1.38e+05   332s
[2025-08-07 10:52:29] DEBUG    22   9.98325456e+10 -5.41044432e+11  6.92e-06 8.70e-10  6.33e+04   346s
[2025-08-07 10:52:45] DEBUG    23   7.11377431e+10 -3.02916208e+11  3.61e-06 4.91e-10  3.68e+04   361s
[2025-08-07 10:53:09] DEBUG    24   5.17190515e+10 -1.42679284e+11  2.01e-06 2.33e-10  1.91e+04   386s
[2025-08-07 10:53:28] DEBUG    25   3.90270828e+10 -8.20416403e+10  1.19e-06 3.49e-10  1.19e+04   404s
[2025-08-07 10:53:50] DEBUG    26   3.71917101e+10 -7.00075745e+10  1.09e-06 2.33e-10  1.05e+04   426s
[2025-08-07 10:54:13] DEBUG    27   3.46247789e+10 -5.23065200e+10  9.48e-07 2.33e-10  8.53e+03   449s
[2025-08-07 10:54:36] DEBUG    28   3.43521075e+10 -5.16150411e+10  9.35e-07 2.33e-10  8.44e+03   472s
[2025-08-07 10:54:56] DEBUG    29   3.23238015e+10 -3.90579666e+10  2.54e-06 2.33e-10  7.00e+03   492s
[2025-08-07 10:55:18] DEBUG    30   3.00040274e+10 -2.99432203e+10  2.62e-06 2.33e-10  5.88e+03   514s
[2025-08-07 10:55:47] DEBUG    31   2.76974712e+10 -1.60293399e+10  2.25e-06 2.33e-10  4.29e+03   543s
[2025-08-07 10:56:10] DEBUG    32   2.59911203e+10 -9.72050316e+09  1.94e-06 2.33e-10  3.50e+03   566s
[2025-08-07 10:56:35] DEBUG    33   2.34610764e+10  2.31167926e+09  2.01e-05 2.33e-10  2.07e+03   591s
[2025-08-07 10:57:03] DEBUG    34   2.25137228e+10  5.74089314e+09  1.83e-05 2.33e-10  1.64e+03   619s
[2025-08-07 10:57:33] DEBUG    35   2.14787900e+10  8.20114477e+09  1.65e-05 2.33e-10  1.30e+03   649s
[2025-08-07 10:57:58] DEBUG    36   2.12081992e+10  8.45209617e+09  1.60e-05 2.33e-10  1.25e+03   674s
[2025-08-07 10:58:26] DEBUG    37   2.02313769e+10  9.42749649e+09  1.44e-05 2.33e-10  1.06e+03   702s
[2025-08-07 10:58:48] DEBUG    38   1.93208143e+10  1.02976181e+10  1.29e-05 2.33e-10  8.84e+02   724s
[2025-08-07 10:59:12] DEBUG    39   1.78309636e+10  1.06227994e+10  1.03e-05 2.33e-10  7.06e+02   749s
[2025-08-07 10:59:34] DEBUG    40   1.71416716e+10  1.08682861e+10  9.03e-06 2.33e-10  6.15e+02   770s
[2025-08-07 10:59:57] DEBUG    41   1.65946293e+10  1.12153410e+10  7.92e-06 1.50e-07  5.27e+02   794s
[2025-08-07 11:00:24] DEBUG    42   1.62809165e+10  1.13442360e+10  7.30e-06 1.63e-07  4.84e+02   821s
[2025-08-07 11:00:50] DEBUG    43   1.57432269e+10  1.14550584e+10  6.37e-06 2.52e-07  4.20e+02   846s
[2025-08-07 11:01:12] DEBUG    44   1.51928822e+10  1.16775210e+10  5.40e-06 1.98e-07  3.44e+02   868s
[2025-08-07 11:01:39] DEBUG    45   1.49069361e+10  1.18434440e+10  4.87e-06 1.47e-07  3.00e+02   895s
[2025-08-07 11:02:06] DEBUG    46   1.46214226e+10  1.19236594e+10  4.38e-06 1.23e-07  2.64e+02   922s
[2025-08-07 11:02:29] DEBUG    47   1.43481373e+10  1.19541625e+10  3.88e-06 1.14e-07  2.35e+02   945s
[2025-08-07 11:02:53] DEBUG    48   1.42119156e+10  1.21067077e+10  3.62e-06 7.23e-08  2.06e+02   969s
[2025-08-07 11:03:22] DEBUG    49   1.41624456e+10  1.21150637e+10  3.55e-06 7.01e-08  2.01e+02   999s
[2025-08-07 11:03:47] DEBUG    50   1.36887811e+10  1.21439550e+10  2.64e-06 6.24e-08  1.51e+02  1023s
[2025-08-07 11:04:14] DEBUG    51   1.36811000e+10  1.21653000e+10  2.62e-06 5.83e-08  1.49e+02  1050s
[2025-08-07 11:04:29] DEBUG    52   1.36245044e+10  1.22070770e+10  2.51e-06 7.28e-08  1.39e+02  1065s
[2025-08-07 11:04:53] DEBUG    53   1.33350781e+10  1.22591772e+10  1.95e-06 1.07e-07  1.05e+02  1089s
[2025-08-07 11:05:19] DEBUG    54   1.32193699e+10  1.22816587e+10  1.71e-06 1.35e-07  9.19e+01  1115s
[2025-08-07 11:05:46] DEBUG    55   1.30912233e+10  1.23081799e+10  1.49e-06 1.54e-07  7.67e+01  1143s
[2025-08-07 11:06:14] DEBUG    56   1.29656474e+10  1.23255331e+10  1.23e-06 1.91e-07  6.27e+01  1170s
[2025-08-07 11:06:42] DEBUG    57   1.28385676e+10  1.23373674e+10  9.97e-07 2.06e-07  4.91e+01  1198s
[2025-08-07 11:07:13] DEBUG    58   1.28010026e+10  1.23399841e+10  9.22e-07 2.07e-07  4.52e+01  1229s
[2025-08-07 11:07:39] DEBUG    59   1.27941288e+10  1.23429503e+10  9.01e-07 2.10e-07  4.42e+01  1255s
[2025-08-07 11:08:12] DEBUG    60   1.27471933e+10  1.23542605e+10  8.04e-07 2.28e-07  3.85e+01  1288s
[2025-08-07 11:08:48] DEBUG    61   1.27358829e+10  1.23599085e+10  7.81e-07 2.38e-07  3.68e+01  1324s
[2025-08-07 11:09:16] DEBUG    62   1.26752607e+10  1.23665285e+10  6.54e-07 2.29e-07  3.02e+01  1352s
[2025-08-07 11:09:40] DEBUG    63   1.26445382e+10  1.23710718e+10  5.87e-07 2.34e-07  2.68e+01  1376s
[2025-08-07 11:10:08] DEBUG    64   1.26214514e+10  1.23740849e+10  5.29e-07 2.21e-07  2.42e+01  1405s
[2025-08-07 11:10:43] DEBUG    65   1.26143645e+10  1.23750886e+10  5.17e-07 2.16e-07  2.34e+01  1439s
[2025-08-07 11:11:13] DEBUG    66   1.26088243e+10  1.23768463e+10  4.99e-07 2.03e-07  2.27e+01  1470s
[2025-08-07 11:11:43] DEBUG    67   1.25938127e+10  1.23771260e+10  4.65e-07 2.01e-07  2.12e+01  1499s
[2025-08-07 11:12:11] DEBUG    68   1.25776435e+10  1.23792709e+10  4.30e-07 1.86e-07  1.94e+01  1527s
[2025-08-07 11:12:44] DEBUG    69   1.25613979e+10  1.23812281e+10  3.89e-07 1.71e-07  1.77e+01  1560s
[2025-08-07 11:13:22] DEBUG    70   1.25263300e+10  1.23826708e+10  3.09e-07 1.59e-07  1.41e+01  1598s
[2025-08-07 11:14:02] DEBUG    71   1.25189188e+10  1.23873196e+10  2.89e-07 1.21e-07  1.29e+01  1638s
[2025-08-07 11:14:39] DEBUG    72   1.25098563e+10  1.23886468e+10  2.66e-07 1.10e-07  1.19e+01  1675s
[2025-08-07 11:15:17] DEBUG    73   1.24913943e+10  1.23896560e+10  2.33e-07 1.01e-07  9.97e+00  1713s
[2025-08-07 11:15:47] DEBUG    74   1.24824904e+10  1.23919018e+10  2.14e-07 8.00e-08  8.88e+00  1743s
[2025-08-07 11:16:33] DEBUG    75   1.24774276e+10  1.23946512e+10  1.99e-07 5.61e-08  8.11e+00  1790s
[2025-08-07 11:17:05] DEBUG    76   1.24667220e+10  1.23950703e+10  1.74e-07 5.29e-08  7.02e+00  1821s
[2025-08-07 11:17:35] DEBUG    77   1.24610500e+10  1.23961006e+10  1.57e-07 4.49e-08  6.36e+00  1851s
[2025-08-07 11:18:15] DEBUG    78   1.24576317e+10  1.23970400e+10  1.52e-07 3.78e-08  5.94e+00  1891s
[2025-08-07 11:18:50] DEBUG    79   1.24484231e+10  1.23983552e+10  1.27e-07 2.81e-08  4.91e+00  1926s
[2025-08-07 11:19:35] DEBUG    80   1.24447154e+10  1.23990191e+10  1.11e-07 2.34e-08  4.48e+00  1971s
[2025-08-07 11:20:08] DEBUG    81   1.24307409e+10  1.23998858e+10  6.80e-08 1.69e-08  3.02e+00  2004s
[2025-08-07 11:20:52] DEBUG    82   1.24235885e+10  1.24002529e+10  5.52e-08 1.48e-08  2.29e+00  2048s
[2025-08-07 11:21:32] DEBUG    83   1.24209344e+10  1.24007194e+10  4.61e-08 1.63e-08  1.98e+00  2088s
[2025-08-07 11:22:24] DEBUG    84   1.24172053e+10  1.24009125e+10  3.79e-08 1.62e-08  1.60e+00  2140s
[2025-08-07 11:23:03] DEBUG    85   1.24158042e+10  1.24011058e+10  3.86e-08 1.60e-08  1.44e+00  2179s
[2025-08-07 11:23:51] DEBUG    86   1.24134995e+10  1.24014625e+10  3.73e-08 1.54e-08  1.18e+00  2227s
[2025-08-07 11:24:24] DEBUG    87   1.24119758e+10  1.24016920e+10  3.35e-08 1.46e-08  1.01e+00  2260s
[2025-08-07 11:25:04] DEBUG    88   1.24112188e+10  1.24019013e+10  2.61e-08 1.89e-08  9.13e-01  2300s
[2025-08-07 11:25:41] DEBUG    89   1.24101685e+10  1.24020089e+10  3.35e-08 2.74e-08  7.99e-01  2337s
[2025-08-07 11:26:14] DEBUG    90   1.24092242e+10  1.24020482e+10  3.73e-08 3.33e-08  7.03e-01  2370s
[2025-08-07 11:26:54] DEBUG    91   1.24084597e+10  1.24021933e+10  4.84e-08 4.36e-08  6.14e-01  2410s
[2025-08-07 11:27:36] DEBUG    92   1.24076149e+10  1.24022645e+10  3.35e-08 4.89e-08  5.24e-01  2453s
[2025-08-07 11:28:17] DEBUG    93   1.24070164e+10  1.24023318e+10  3.35e-08 4.73e-08  4.59e-01  2493s
[2025-08-07 11:28:50] DEBUG    94   1.24062709e+10  1.24023688e+10  2.61e-08 4.37e-08  3.82e-01  2526s
[2025-08-07 11:29:25] DEBUG    95   1.24059907e+10  1.24023952e+10  3.73e-08 3.92e-08  3.52e-01  2561s
[2025-08-07 11:29:54] DEBUG    96   1.24056352e+10  1.24024129e+10  3.73e-08 3.66e-08  3.16e-01  2591s
[2025-08-07 11:30:32] DEBUG    97   1.24050915e+10  1.24024554e+10  2.61e-08 3.49e-08  2.58e-01  2628s
[2025-08-07 11:31:15] DEBUG    98   1.24048278e+10  1.24025022e+10  2.98e-08 3.17e-08  2.28e-01  2671s
[2025-08-07 11:31:58] DEBUG    99   1.24043289e+10  1.24025349e+10  3.73e-08 2.72e-08  1.76e-01  2714s
[2025-08-07 11:32:33] DEBUG    100   1.24040239e+10  1.24025731e+10  3.35e-08 2.54e-08  1.42e-01  2749s
[2025-08-07 11:33:09] DEBUG    101   1.24038226e+10  1.24025810e+10  4.84e-08 2.46e-08  1.22e-01  2785s
[2025-08-07 11:33:38] DEBUG    102   1.24036214e+10  1.24025826e+10  3.73e-08 2.42e-08  1.02e-01  2814s
[2025-08-07 11:34:19] DEBUG    103   1.24035536e+10  1.24025867e+10  2.98e-08 2.31e-08  9.48e-02  2855s
[2025-08-07 11:34:56] DEBUG    104   1.24034873e+10  1.24025899e+10  2.61e-08 2.24e-08  8.80e-02  2892s
[2025-08-07 11:35:28] DEBUG    105   1.24033547e+10  1.24026018e+10  3.73e-08 1.93e-08  7.38e-02  2924s
[2025-08-07 11:36:01] DEBUG    106   1.24031405e+10  1.24026066e+10  3.73e-08 1.54e-08  5.23e-02  2957s
[2025-08-07 11:36:34] DEBUG    107   1.24029661e+10  1.24026074e+10  4.84e-08 1.40e-08  3.52e-02  2990s
[2025-08-07 11:37:11] DEBUG    108   1.24029027e+10  1.24026123e+10  3.73e-08 1.69e-08  2.85e-02  3027s
[2025-08-07 11:37:11] DEBUG    Barrier performed 108 iterations in 3026.87 seconds (639.03 work units)
[2025-08-07 11:37:11] DEBUG    Barrier solve interrupted - model solved by another algorithm
[2025-08-07 11:37:11] DEBUG    Solved with dual simplex
[2025-08-07 11:37:24] DEBUG    Iteration    Objective       Primal Inf.    Dual Inf.      Time
[2025-08-07 11:37:24] DEBUG    1097090    1.2402617e+10   0.000000e+00   0.000000e+00   3040s

Solved in 1097090 iterations and 3040.09 seconds (1270.30 work units)
[2025-08-07 11:37:24] DEBUG    Optimal objective  1.240261675e+10
✅ Scenario completato: new_trasmission_GT+VRES_2030_PHES
🏁 Tutti gli scenari sono stati processati.
