
🚀 Lancio scenario: existing_VRES_2030_BESS
[2025-09-20 16:17:02] INFO     Loading sets
[2025-09-20 16:17:02] INFO     Loading parameters
[2025-09-20 16:17:49] INFO     constraints are loaded in the following order: ['energy_balance', 'dispatch', 'costs', 'capacity', 'network', 'policy', 'conversion', 'group', 'conversion_plus', 'milp', 'export']
[2025-09-20 16:17:49] INFO     creating energy_balance constraints
[2025-09-20 16:21:49] INFO     creating dispatch constraints
[2025-09-20 16:24:41] INFO     creating costs constraints
[2025-09-20 16:34:53] INFO     creating capacity constraints
[2025-09-20 16:34:53] INFO     creating network constraints
[2025-09-20 16:34:53] INFO     creating policy constraints
[2025-09-20 16:34:53] INFO     creating conversion constraints
[2025-09-20 16:34:53] INFO     creating group constraints
[2025-09-20 16:34:53] INFO     creating conversion_plus constraints
[2025-09-20 16:34:53] INFO     creating milp constraints
[2025-09-20 16:34:53] INFO     creating export constraints
[2025-09-20 16:47:32] DEBUG    Set parameter WLSAccessID
Set parameter WLSSecret
Set parameter LicenseID to value 2680226
[2025-09-20 16:47:32] DEBUG    Academic license 2680226 - for non-commercial use only - registered to an___@mail.polimi.it
[2025-09-20 16:48:08] DEBUG    Read LP format model from file /tmp/tmpw1i0c5j1.pyomo.lp
[2025-09-20 16:48:08] DEBUG    Reading time = 35.87 seconds
x17505524: 23839073 rows, 17505524 columns, 57417137 nonzeros
Set parameter NumericFocus to value 1
Gurobi Optimizer version 12.0.2 build v12.0.2rc0 (linux64 - "Debian GNU/Linux 11 (bullseye)")

CPU model: Intel(R) Xeon(R) Silver 4314 CPU @ 2.40GHz, instruction set [SSE2|AVX|AVX2|AVX512]
Thread count: 32 physical cores, 64 logical processors, using up to 32 threads

Non-default parameters:
NumericFocus  1
[2025-09-20 16:48:08] DEBUG    Academic license 2680226 - for non-commercial use only - registered to an___@mail.polimi.it
Optimize a model with 23839073 rows, 17505524 columns and 57417137 nonzeros
[2025-09-20 16:48:09] DEBUG    Model fingerprint: 0xefacfb31
[2025-09-20 16:48:09] DEBUG    Coefficient statistics:
  Matrix range     [1e-07, 3e+02]
  Objective range  [1e+00, 1e+06]
  Bounds range     [0e+00, 0e+00]
  RHS range        [1e+00, 2e+08]
[2025-09-20 16:48:15] DEBUG    Presolve removed 19220535 rows and 9996207 columns (presolve time = 6s)...
[2025-09-20 16:48:20] DEBUG    Presolve removed 19220591 rows and 11690000 columns (presolve time = 10s)...
[2025-09-20 16:48:24] DEBUG    Presolve removed 21689292 rows and 14107922 columns (presolve time = 15s)...
[2025-09-20 16:48:29] DEBUG    Presolve removed 22201014 rows and 14213042 columns (presolve time = 20s)...
[2025-09-20 16:48:31] DEBUG    Presolve removed 22341158 rows and 14213042 columns
[2025-09-20 16:48:31] DEBUG    Presolve time: 22.89s
Presolved: 1497915 rows, 3432626 columns, 9282335 nonzeros

Concurrent LP optimizer: primal simplex, dual simplex, and barrier
Showing barrier log only...
[2025-09-20 16:48:50] DEBUG    Elapsed ordering time = 18s
[2025-09-20 16:48:52] DEBUG    Ordering time: 19.65s
[2025-09-20 16:48:54] DEBUG    Barrier statistics:
 Dense cols : 112
[2025-09-20 16:48:54] DEBUG    AA' NZ     : 8.531e+06
 Factor NZ  : 4.635e+07 (roughly 2.4 GB of memory)
 Factor Ops : 5.521e+09 (less than 1 second per iteration)
 Threads    : 30
[2025-09-20 16:48:57] DEBUG    Objective                Residual
[2025-09-20 16:48:57] DEBUG    Iter       Primal          Dual         Primal    Dual     Compl     Time
[2025-09-20 16:48:58] DEBUG    0   3.59076552e+21 -1.14728926e+19  8.47e+10 1.24e-01  4.89e+15    49s
[2025-09-20 16:49:02] DEBUG    1   1.29407858e+21 -1.14580103e+19  2.73e+10 2.65e+05  1.85e+15    54s
[2025-09-20 16:49:08] DEBUG    2   6.66170792e+20 -9.20291213e+18  1.31e+10 4.69e+04  7.25e+14    59s
[2025-09-20 16:49:14] DEBUG    3   3.80292235e+20 -8.41859379e+18  7.37e+09 1.12e+04  3.79e+14    66s
[2025-09-20 16:49:20] DEBUG    4   2.74257552e+20 -7.96713024e+18  5.33e+09 5.01e+03  2.66e+14    72s
[2025-09-20 16:49:24] DEBUG    5   2.10502303e+20 -7.65013279e+18  4.05e+09 1.91e+03  2.02e+14    76s
[2025-09-20 16:49:28] DEBUG    6   1.47967489e+20 -7.38267403e+18  2.81e+09 7.79e+02  1.41e+14    80s
[2025-09-20 16:49:32] DEBUG    7   1.20329748e+20 -7.04138722e+18  2.28e+09 3.81e+02  1.14e+14    84s
[2025-09-20 16:49:36] DEBUG    8   1.08795100e+20 -6.73479735e+18  2.06e+09 2.17e+02  1.02e+14    88s
[2025-09-20 16:49:42] DEBUG    9   5.10395793e+19 -6.19758899e+18  9.93e+08 6.00e+01  4.93e+13    94s
[2025-09-20 16:49:45] DEBUG    10   2.12821120e+19 -5.61647299e+18  4.14e+08 3.16e+01  2.09e+13    97s
[2025-09-20 16:49:50] DEBUG    11   8.99836393e+18 -4.53390951e+18  1.73e+08 1.17e+01  8.89e+12   102s
[2025-09-20 16:49:54] DEBUG    12   7.34499344e+18 -3.67500691e+18  1.41e+08 6.08e+00  7.05e+12   106s
[2025-09-20 16:50:00] DEBUG    13   2.39750663e+18 -2.86261140e+18  4.45e+07 2.73e+00  2.43e+12   111s
[2025-09-20 16:50:05] DEBUG    14   1.59836997e+18 -1.33284023e+18  3.17e+07 5.78e-01  1.33e+12   117s
[2025-09-20 16:50:11] DEBUG    15   4.01781265e+17 -8.92618417e+17  7.80e+06 5.16e-01  3.95e+11   122s
[2025-09-20 16:50:15] DEBUG    16   3.64275328e+17 -7.81600911e+17  7.08e+06 5.12e-01  3.46e+11   126s
[2025-09-20 16:50:18] DEBUG    17   1.49751114e+17 -5.48306265e+17  2.86e+06 5.95e-01  1.68e+11   130s
[2025-09-20 16:50:22] DEBUG    18   3.92693245e+16 -2.82523456e+17  7.30e+05 3.44e-01  6.09e+10   134s
[2025-09-20 16:50:26] DEBUG    19   2.55772032e+15 -5.60602374e+16  3.44e+04 1.04e-01  9.14e+09   138s
[2025-09-20 16:50:30] DEBUG    20   1.93651345e+14 -1.24303617e+15  9.40e+01 1.39e-02  1.93e+08   142s
[2025-09-20 16:50:34] DEBUG    21   1.71369087e+14 -3.68824498e+14  4.26e+00 1.49e-02  5.72e+07   145s
[2025-09-20 16:50:39] DEBUG    22   1.64091303e+14 -7.61808602e+13  1.40e-03 2.55e-02  1.21e+07   151s
[2025-09-20 16:50:51] DEBUG    23   1.58880609e+14 -7.41549699e+13  6.71e-04 2.49e-02  1.17e+07   162s
[2025-09-20 16:50:58] DEBUG    24   1.58134796e+14 -6.84418087e+13  6.10e-04 2.30e-02  1.08e+07   170s
[2025-09-20 16:51:10] DEBUG    25   1.55300201e+14 -3.97737252e+13  4.58e-04 1.53e-02  6.27e+06   182s
[2025-09-20 16:51:19] DEBUG    26   1.54380920e+14 -3.11388287e+13  4.27e-04 1.54e-02  4.92e+06   190s
[2025-09-20 16:51:29] DEBUG    27   1.50119307e+14 -2.42267079e+13  2.75e-04 1.54e-02  3.79e+06   201s
[2025-09-20 16:51:45] DEBUG    28   1.49820586e+14 -1.96003778e+13  2.75e-04 1.54e-02  3.07e+06   217s
[2025-09-20 16:52:02] DEBUG    29   1.43669796e+14 -1.67134491e+13  2.44e-04 1.55e-02  2.54e+06   234s
[2025-09-20 16:52:13] DEBUG    30   1.41485971e+14 -1.09812097e+13  3.05e-04 1.55e-02  1.62e+06   245s
[2025-09-20 16:52:28] DEBUG    31   1.38362980e+14 -9.27607468e+12  3.20e-04 1.56e-02  1.32e+06   260s
[2025-09-20 16:52:40] DEBUG    32   1.35972566e+14 -6.60816199e+12  2.44e-04 1.59e-02  8.69e+05   272s
[2025-09-20 16:52:57] DEBUG    33   1.34484009e+14 -5.00164154e+12  2.14e-04 1.63e-02  6.03e+05   289s
[2025-09-20 16:53:07] DEBUG    34   1.33388986e+14 -3.58545160e+12  1.83e-04 1.68e-02  3.84e+05   299s
[2025-09-20 16:53:14] DEBUG    35   1.33072372e+14 -2.90503846e+12  1.98e-04 1.71e-02  2.86e+05   305s
[2025-09-20 16:53:24] DEBUG    36   1.30433675e+14 -2.76527405e+12  1.98e-04 1.71e-02  2.40e+05   315s
[2025-09-20 16:53:33] DEBUG    37   1.29296767e+14 -2.03687374e+12  2.90e-04 1.77e-02  1.43e+05   325s
[2025-09-20 16:53:43] DEBUG    38   1.28915238e+14 -1.97974837e+12  2.90e-04 1.77e-02  1.34e+05   335s
[2025-09-20 16:53:57] DEBUG    39   1.27917635e+14 -1.71934425e+12  4.12e-04 1.78e-02  9.87e+04   349s
[2025-09-20 16:54:09] DEBUG    40   1.26878437e+14 -1.59632123e+12  4.27e-04 1.78e-02  7.78e+04   361s
[2025-09-20 16:54:21] DEBUG    41   1.26051593e+14 -1.52248093e+12  4.12e-04 1.78e-02  6.61e+04   373s
[2025-09-20 16:54:32] DEBUG    42   1.25317199e+14 -1.41662113e+12  3.66e-04 1.78e-02  4.90e+04   384s
[2025-09-20 16:54:40] DEBUG    43   1.24746673e+14 -1.30324375e+12  3.66e-04 1.79e-02  3.60e+04   392s
[2025-09-20 16:54:49] DEBUG    44   1.24460434e+14 -1.22040354e+12  3.20e-04 1.79e-02  2.74e+04   401s
[2025-09-20 16:54:58] DEBUG    45   1.24075015e+14 -1.19334668e+12  2.59e-04 1.79e-02  2.32e+04   410s
[2025-09-20 16:55:07] DEBUG    46   1.23830409e+14 -1.17997380e+12  2.29e-04 1.79e-02  2.11e+04   419s
[2025-09-20 16:55:17] DEBUG    47   1.23536696e+14 -1.16046758e+12  2.14e-04 1.79e-02  1.78e+04   429s
[2025-09-20 16:55:26] DEBUG    48   1.23460154e+14 -1.15865106e+12  1.98e-04 1.79e-02  1.73e+04   438s
[2025-09-20 16:55:35] DEBUG    49   1.23228905e+14 -1.14808718e+12  1.98e-04 1.79e-02  1.50e+04   447s
[2025-09-20 16:55:44] DEBUG    50   1.23006515e+14 -1.13899991e+12  1.83e-04 1.78e-02  1.24e+04   456s
[2025-09-20 16:55:54] DEBUG    51   1.22737154e+14 -1.13482196e+12  1.83e-04 1.78e-02  1.08e+04   466s
[2025-09-20 16:56:03] DEBUG    52   1.22626371e+14 -1.13347647e+12  1.68e-04 1.78e-02  1.03e+04   475s
[2025-09-20 16:56:13] DEBUG    53   1.22427348e+14 -1.13385470e+12  1.83e-04 1.78e-02  8.97e+03   484s
[2025-09-20 16:56:20] DEBUG    54   1.22262757e+14 -1.13408777e+12  1.83e-04 1.77e-02  8.21e+03   492s
[2025-09-20 16:56:30] DEBUG    55   1.22208099e+14 -1.13487799e+12  2.44e-04 1.77e-02  7.90e+03   502s
[2025-09-20 16:56:39] DEBUG    56   1.22142436e+14 -1.13578963e+12  2.44e-04 1.77e-02  7.44e+03   511s
[2025-09-20 16:56:50] DEBUG    57   1.21937397e+14 -1.13584471e+12  2.44e-04 1.77e-02  6.61e+03   522s
[2025-09-20 16:56:59] DEBUG    58   1.21838017e+14 -1.13684707e+12  2.44e-04 1.77e-02  6.37e+03   531s
[2025-09-20 16:57:07] DEBUG    59   1.21668963e+14 -1.13935441e+12  2.44e-04 1.76e-02  5.75e+03   539s
[2025-09-20 16:57:16] DEBUG    60   1.21551958e+14 -1.14200591e+12  2.44e-04 1.76e-02  5.31e+03   547s
[2025-09-20 16:57:23] DEBUG    61   1.21426155e+14 -1.14437989e+12  2.44e-04 1.76e-02  4.94e+03   555s
[2025-09-20 16:57:32] DEBUG    62   1.21280216e+14 -1.14708549e+12  2.44e-04 1.75e-02  4.54e+03   564s
[2025-09-20 16:57:42] DEBUG    63   1.21149835e+14 -1.14915956e+12  2.44e-04 1.75e-02  4.24e+03   574s
[2025-09-20 16:57:52] DEBUG    64   1.21010684e+14 -1.15164461e+12  2.44e-04 1.74e-02  3.95e+03   584s
[2025-09-20 16:58:03] DEBUG    65   1.20904383e+14 -1.15439243e+12  2.44e-04 1.74e-02  3.70e+03   594s
[2025-09-20 16:58:12] DEBUG    66   1.20796758e+14 -1.15660848e+12  1.83e-04 1.73e-02  3.48e+03   604s
[2025-09-20 16:58:21] DEBUG    67   1.20691832e+14 -1.15912797e+12  1.83e-04 1.72e-02  3.29e+03   613s
[2025-09-20 16:58:30] DEBUG    68   1.20580076e+14 -1.16168639e+12  2.44e-04 1.72e-02  3.08e+03   622s
[2025-09-20 16:58:40] DEBUG    69   1.20491490e+14 -1.16440723e+12  1.83e-04 1.72e-02  2.91e+03   632s
[2025-09-20 16:58:48] DEBUG    70   1.20400056e+14 -1.16652575e+12  1.83e-04 1.71e-02  2.77e+03   640s
[2025-09-20 16:58:59] DEBUG    71   1.20306799e+14 -1.16818921e+12  2.44e-04 1.71e-02  2.64e+03   651s
[2025-09-20 16:59:08] DEBUG    72   1.20225524e+14 -1.16987995e+12  2.44e-04 1.71e-02  2.52e+03   659s
[2025-09-20 16:59:17] DEBUG    73   1.20164138e+14 -1.17152571e+12  2.44e-04 1.71e-02  2.42e+03   669s
[2025-09-20 16:59:25] DEBUG    74   1.20072109e+14 -1.17349936e+12  3.05e-04 1.71e-02  2.30e+03   676s
[2025-09-20 16:59:34] DEBUG    75   1.20005473e+14 -1.17505287e+12  2.44e-04 1.71e-02  2.21e+03   686s
[2025-09-20 16:59:44] DEBUG    76   1.19975105e+14 -1.17597822e+12  3.05e-04 1.71e-02  2.17e+03   695s
[2025-09-20 16:59:54] DEBUG    77   1.19893183e+14 -1.17716420e+12  3.05e-04 1.71e-02  2.08e+03   706s
[2025-09-20 17:00:04] DEBUG    78   1.19828880e+14 -1.17838379e+12  3.05e-04 1.71e-02  2.00e+03   716s
[2025-09-20 17:00:17] DEBUG    79   1.19753617e+14 -1.17955473e+12  3.05e-04 1.70e-02  1.93e+03   729s
[2025-09-20 17:00:29] DEBUG    80   1.19683146e+14 -1.18050940e+12  3.05e-04 1.70e-02  1.85e+03   740s
[2025-09-20 17:00:37] DEBUG    81   1.19636711e+14 -1.18163168e+12  3.05e-04 1.70e-02  1.80e+03   749s
[2025-09-20 17:00:46] DEBUG    82   1.19577586e+14 -1.18221096e+12  3.05e-04 1.70e-02  1.74e+03   758s
[2025-09-20 17:00:56] DEBUG    83   1.19502354e+14 -1.18284074e+12  3.05e-04 1.70e-02  1.68e+03   768s
[2025-09-20 17:01:04] DEBUG    84   1.19454617e+14 -1.18356441e+12  3.05e-04 1.70e-02  1.62e+03   776s
[2025-09-20 17:01:14] DEBUG    85   1.19394766e+14 -1.18452818e+12  3.05e-04 1.69e-02  1.57e+03   785s
[2025-09-20 17:01:21] DEBUG    86   1.19366017e+14 -1.18508405e+12  3.05e-04 1.69e-02  1.54e+03   793s
[2025-09-20 17:01:28] DEBUG    87   1.19329508e+14 -1.18555996e+12  3.05e-04 1.69e-02  1.50e+03   800s
[2025-09-20 17:01:37] DEBUG    88   1.19253342e+14 -1.18604214e+12  3.05e-04 1.69e-02  1.45e+03   809s
[2025-09-20 17:01:44] DEBUG    89   1.19207583e+14 -1.18640580e+12  3.05e-04 1.69e-02  1.41e+03   815s
[2025-09-20 17:01:53] DEBUG    90   1.19168272e+14 -1.18682873e+12  3.05e-04 1.69e-02  1.38e+03   824s
[2025-09-20 17:02:03] DEBUG    91   1.19133936e+14 -1.18707874e+12  3.05e-04 1.69e-02  1.36e+03   835s
[2025-09-20 17:02:14] DEBUG    92   1.19068729e+14 -1.18729967e+12  3.05e-04 1.69e-02  1.31e+03   846s
[2025-09-20 17:02:22] DEBUG    93   1.19053396e+14 -1.18755445e+12  3.66e-04 1.68e-02  1.30e+03   854s
[2025-09-20 17:02:32] DEBUG    94   1.19020775e+14 -1.18791949e+12  3.66e-04 1.68e-02  1.27e+03   864s
[2025-09-20 17:02:40] DEBUG    95   1.18985358e+14 -1.18822712e+12  3.66e-04 1.68e-02  1.24e+03   872s
[2025-09-20 17:02:51] DEBUG    96   1.18928245e+14 -1.18858560e+12  3.66e-04 1.68e-02  1.20e+03   882s
[2025-09-20 17:03:02] DEBUG    97   1.18902210e+14 -1.18873461e+12  3.66e-04 1.68e-02  1.18e+03   893s
[2025-09-20 17:03:11] DEBUG    98   1.18881207e+14 -1.18885858e+12  4.27e-04 1.68e-02  1.17e+03   903s
[2025-09-20 17:03:20] DEBUG    99   1.18853019e+14 -1.18898629e+12  4.27e-04 1.68e-02  1.15e+03   912s
[2025-09-20 17:03:31] DEBUG    100   1.18799998e+14 -1.18928086e+12  4.27e-04 1.68e-02  1.12e+03   922s
[2025-09-20 17:03:42] DEBUG    101   1.18768552e+14 -1.18956051e+12  3.66e-04 1.67e-02  1.09e+03   933s
[2025-09-20 17:03:51] DEBUG    102   1.18723194e+14 -1.18991874e+12  3.66e-04 1.67e-02  1.06e+03   943s
[2025-09-20 17:04:01] DEBUG    103   1.18674462e+14 -1.19007145e+12  3.66e-04 1.67e-02  1.04e+03   952s
[2025-09-20 17:04:09] DEBUG    104   1.18652023e+14 -1.19014477e+12  3.66e-04 1.67e-02  1.02e+03   961s
[2025-09-20 17:04:17] DEBUG    105   1.18632281e+14 -1.19024212e+12  4.27e-04 1.67e-02  1.01e+03   969s
[2025-09-20 17:04:25] DEBUG    106   1.18608090e+14 -1.19031249e+12  4.27e-04 1.67e-02  9.97e+02   976s
[2025-09-20 17:04:31] DEBUG    107   1.18585475e+14 -1.19042119e+12  4.27e-04 1.67e-02  9.82e+02   983s
[2025-09-20 17:04:40] DEBUG    108   1.18548623e+14 -1.19059212e+12  4.27e-04 1.67e-02  9.65e+02   992s
[2025-09-20 17:04:50] DEBUG    109   1.18519214e+14 -1.19088078e+12  4.27e-04 1.66e-02  9.46e+02  1002s
[2025-09-20 17:05:00] DEBUG    110   1.18487823e+14 -1.19116580e+12  4.27e-04 1.66e-02  9.29e+02  1012s
[2025-09-20 17:05:08] DEBUG    111   1.18455851e+14 -1.19134777e+12  4.27e-04 1.66e-02  9.13e+02  1020s
[2025-09-20 17:05:14] DEBUG    112   1.18428902e+14 -1.19152150e+12  4.27e-04 1.66e-02  9.00e+02  1026s
[2025-09-20 17:05:23] DEBUG    113   1.18392873e+14 -1.19161667e+12  4.88e-04 1.66e-02  8.84e+02  1035s
[2025-09-20 17:05:34] DEBUG    114   1.18365616e+14 -1.19168962e+12  4.88e-04 1.66e-02  8.71e+02  1046s
[2025-09-20 17:05:42] DEBUG    115   1.18351055e+14 -1.19171165e+12  4.88e-04 1.66e-02  8.61e+02  1054s
[2025-09-20 17:05:52] DEBUG    116   1.18314154e+14 -1.19182849e+12  4.88e-04 1.66e-02  8.42e+02  1063s
[2025-09-20 17:05:58] DEBUG    117   1.18289920e+14 -1.19190590e+12  4.27e-04 1.65e-02  8.32e+02  1070s
[2025-09-20 17:06:08] DEBUG    118   1.18257767e+14 -1.19215159e+12  4.27e-04 1.65e-02  8.15e+02  1080s
[2025-09-20 17:06:17] DEBUG    119   1.18238041e+14 -1.19227090e+12  4.27e-04 1.65e-02  8.07e+02  1089s
[2025-09-20 17:06:26] DEBUG    120   1.18220543e+14 -1.19238828e+12  4.88e-04 1.65e-02  7.98e+02  1098s
[2025-09-20 17:06:36] DEBUG    121   1.18201837e+14 -1.19253887e+12  4.27e-04 1.65e-02  8.69e+02  1108s
[2025-09-20 17:06:36] DEBUG    Barrier performed 121 iterations in 1107.83 seconds (276.52 work units)
[2025-09-20 17:06:36] DEBUG    Numerical trouble encountered

Model may be infeasible or unbounded.  Consider using the
homogeneous algorithm (through parameter 'BarHomogeneous')
[2025-09-20 17:07:41] DEBUG    Waiting for other threads to finish...        1173s
[2025-09-20 17:08:45] DEBUG    Waiting for other threads to finish...        1237s
[2025-09-20 17:09:50] DEBUG    Waiting for other threads to finish...        1301s
[2025-09-20 17:10:54] DEBUG    Waiting for other threads to finish...        1366s
[2025-09-20 17:11:58] DEBUG    Waiting for other threads to finish...        1430s
[2025-09-20 17:13:03] DEBUG    Waiting for other threads to finish...        1495s
[2025-09-20 17:14:08] DEBUG    Waiting for other threads to finish...        1559s
[2025-09-20 17:15:12] DEBUG    Waiting for other threads to finish...        1624s
[2025-09-20 17:16:17] DEBUG    Waiting for other threads to finish...        1689s
[2025-09-20 17:17:21] DEBUG    Waiting for other threads to finish...        1753s
[2025-09-20 17:18:26] DEBUG    Waiting for other threads to finish...        1817s
[2025-09-20 17:19:30] DEBUG    Waiting for other threads to finish...        1882s
[2025-09-20 17:20:35] DEBUG    Waiting for other threads to finish...        1946s
[2025-09-20 17:21:39] DEBUG    Waiting for other threads to finish...        2011s
[2025-09-20 17:22:44] DEBUG    Waiting for other threads to finish...        2075s
[2025-09-20 17:23:48] DEBUG    Waiting for other threads to finish...        2140s
[2025-09-20 17:24:53] DEBUG    Waiting for other threads to finish...        2205s
[2025-09-20 17:25:58] DEBUG    Waiting for other threads to finish...        2269s
[2025-09-20 17:27:02] DEBUG    Waiting for other threads to finish...        2334s
[2025-09-20 17:28:07] DEBUG    Waiting for other threads to finish...        2398s
[2025-09-20 17:29:11] DEBUG    Waiting for other threads to finish...        2463s
[2025-09-20 17:30:16] DEBUG    Waiting for other threads to finish...        2528s
[2025-09-20 17:31:21] DEBUG    Waiting for other threads to finish...        2592s
[2025-09-20 17:32:25] DEBUG    Waiting for other threads to finish...        2657s
[2025-09-20 17:33:30] DEBUG    Waiting for other threads to finish...        2722s
[2025-09-20 17:34:35] DEBUG    Waiting for other threads to finish...        2786s
[2025-09-20 17:35:39] DEBUG    Waiting for other threads to finish...        2851s
[2025-09-20 17:36:43] DEBUG    Waiting for other threads to finish...        2915s
[2025-09-20 17:37:47] DEBUG    Waiting for other threads to finish...        2979s
[2025-09-20 17:38:52] DEBUG    Waiting for other threads to finish...        3044s
[2025-09-20 17:39:57] DEBUG    Waiting for other threads to finish...        3108s
[2025-09-20 17:41:01] DEBUG    Waiting for other threads to finish...        3173s
[2025-09-20 17:42:06] DEBUG    Waiting for other threads to finish...        3237s
[2025-09-20 17:43:10] DEBUG    Waiting for other threads to finish...        3302s
[2025-09-20 17:44:15] DEBUG    Waiting for other threads to finish...        3366s
[2025-09-20 17:45:19] DEBUG    Waiting for other threads to finish...        3431s
[2025-09-20 17:46:24] DEBUG    Waiting for other threads to finish...        3495s
[2025-09-20 17:47:28] DEBUG    Waiting for other threads to finish...        3560s
[2025-09-20 17:48:33] DEBUG    Waiting for other threads to finish...        3625s
[2025-09-20 17:49:37] DEBUG    Waiting for other threads to finish...        3689s
[2025-09-20 17:49:51] DEBUG    Solved with dual simplex
[2025-09-20 17:50:01] DEBUG    Iteration    Objective       Primal Inf.    Dual Inf.      Time
[2025-09-20 17:50:01] DEBUG    2723595    2.9809996e+10   0.000000e+00   0.000000e+00   3713s
[2025-09-20 17:50:01] DEBUG    Solved in 2723595 iterations and 3712.85 seconds (2294.39 work units)
[2025-09-20 17:50:01] DEBUG    Optimal objective  2.980999616e+10
✅ Scenario completato: existing_VRES_2030_BESS

🚀 Lancio scenario: existing_VRES_2030_PHES
[2025-09-20 17:57:31] INFO     Loading sets
[2025-09-20 17:57:31] INFO     Loading parameters
[2025-09-20 17:58:05] INFO     constraints are loaded in the following order: ['energy_balance', 'dispatch', 'costs', 'capacity', 'network', 'policy', 'conversion', 'group', 'conversion_plus', 'milp', 'export']
[2025-09-20 17:58:05] INFO     creating energy_balance constraints
[2025-09-20 18:02:52] INFO     creating dispatch constraints
[2025-09-20 18:06:41] INFO     creating costs constraints
[2025-09-20 18:17:17] INFO     creating capacity constraints
[2025-09-20 18:17:17] INFO     creating network constraints
[2025-09-20 18:17:17] INFO     creating policy constraints
[2025-09-20 18:17:17] INFO     creating conversion constraints
[2025-09-20 18:17:17] INFO     creating group constraints
[2025-09-20 18:17:17] INFO     creating conversion_plus constraints
[2025-09-20 18:17:17] INFO     creating milp constraints
[2025-09-20 18:17:17] INFO     creating export constraints
[2025-09-20 18:29:48] DEBUG    Set parameter WLSAccessID
Set parameter WLSSecret
Set parameter LicenseID to value 2680226
[2025-09-20 18:29:48] DEBUG    Academic license 2680226 - for non-commercial use only - registered to an___@mail.polimi.it
[2025-09-20 18:30:24] DEBUG    Read LP format model from file /tmp/tmpkovivox1.pyomo.lp
[2025-09-20 18:30:24] DEBUG    Reading time = 35.73 seconds
x17523050: 23874172 rows, 17523050 columns, 57767582 nonzeros
[2025-09-20 18:30:24] DEBUG    Set parameter NumericFocus to value 1
[2025-09-20 18:30:24] DEBUG    Gurobi Optimizer version 12.0.2 build v12.0.2rc0 (linux64 - "Debian GNU/Linux 11 (bullseye)")

CPU model: Intel(R) Xeon(R) Silver 4314 CPU @ 2.40GHz, instruction set [SSE2|AVX|AVX2|AVX512]
Thread count: 32 physical cores, 64 logical processors, using up to 32 threads
[2025-09-20 18:30:24] DEBUG    Non-default parameters:
NumericFocus  1
[2025-09-20 18:30:24] DEBUG    Academic license 2680226 - for non-commercial use only - registered to an___@mail.polimi.it
[2025-09-20 18:30:24] DEBUG    Optimize a model with 23874172 rows, 17523050 columns and 57767582 nonzeros
[2025-09-20 18:30:24] DEBUG    Model fingerprint: 0x6ee3219f
[2025-09-20 18:30:25] DEBUG    Coefficient statistics:
  Matrix range     [1e-07, 3e+02]
  Objective range  [1e+00, 1e+06]
[2025-09-20 18:30:25] DEBUG    Bounds range     [0e+00, 0e+00]
  RHS range        [1e+00, 6e+09]
Warning: Model contains large rhs
[2025-09-20 18:30:31] DEBUG    Presolve removed 19404560 rows and 10145137 columns (presolve time = 6s)...
[2025-09-20 18:30:35] DEBUG    Presolve removed 19405712 rows and 11840000 columns (presolve time = 10s)...
[2025-09-20 18:30:40] DEBUG    Presolve removed 21847112 rows and 14235822 columns (presolve time = 15s)...
[2025-09-20 18:30:45] DEBUG    Presolve removed 22358828 rows and 14340942 columns (presolve time = 20s)...
[2025-09-20 18:30:46] DEBUG    Presolve removed 22498972 rows and 14340942 columns
[2025-09-20 18:30:46] DEBUG    Presolve time: 22.19s
Presolved: 1375200 rows, 3322252 columns, 8735369 nonzeros
[2025-09-20 18:30:46] DEBUG    Concurrent LP optimizer: primal simplex, dual simplex, and barrier
Showing barrier log only...
[2025-09-20 18:31:13] DEBUG    Elapsed ordering time = 26s
[2025-09-20 18:31:17] DEBUG    Elapsed ordering time = 30s
[2025-09-20 18:31:26] DEBUG    Ordering time: 38.24s
[2025-09-20 18:31:27] DEBUG    Barrier statistics:
 Dense cols : 109
 AA' NZ     : 7.776e+06
[2025-09-20 18:31:27] DEBUG    Factor NZ  : 4.314e+07 (roughly 2.2 GB of memory)
 Factor Ops : 5.233e+09 (less than 1 second per iteration)
 Threads    : 30
[2025-09-20 18:31:31] DEBUG    Objective                Residual
[2025-09-20 18:31:31] DEBUG    Iter       Primal          Dual         Primal    Dual     Compl     Time
[2025-09-20 18:31:31] DEBUG    0   3.91722434e+21 -1.17034378e+19  8.47e+10 1.55e-01  5.24e+15    68s
[2025-09-20 18:31:35] DEBUG    1   3.54750578e+21 -1.40094029e+19  7.61e+10 2.43e+05  4.43e+15    72s
[2025-09-20 18:31:41] DEBUG    2   3.41532622e+21 -5.14917379e+19  7.33e+10 1.75e+05  4.35e+15    77s
[2025-09-20 18:31:48] DEBUG    3   2.89350360e+21 -1.84154246e+20  6.16e+10 3.98e+04  3.79e+15    84s
[2025-09-20 18:31:52] DEBUG    4   4.53281882e+20 -2.06426174e+20  8.80e+09 1.60e+04  5.81e+14    88s
[2025-09-20 18:31:59] DEBUG    5   1.63165721e+20 -1.02634369e+20  3.07e+09 1.75e+03  2.03e+14    96s
[2025-09-20 18:32:04] DEBUG    6   9.24826385e+19 -5.19593621e+19  1.71e+09 4.11e+02  1.12e+14   101s
[2025-09-20 18:32:09] DEBUG    7   3.50272106e+19 -2.63528140e+19  6.17e+08 7.08e+01  4.11e+13   105s
[2025-09-20 18:32:13] DEBUG    8   2.39278708e+19 -1.67257568e+19  4.16e+08 1.50e+00  2.76e+13   109s
[2025-09-20 18:32:17] DEBUG    9   1.48868594e+19 -1.07242761e+19  2.55e+08 1.04e+01  1.67e+13   113s
[2025-09-20 18:32:21] DEBUG    10   1.07507849e+19 -7.98928185e+18  1.82e+08 5.47e+00  1.19e+13   117s
[2025-09-20 18:32:25] DEBUG    11   1.00014447e+19 -4.86560358e+18  1.69e+08 7.77e-01  1.04e+13   121s
[2025-09-20 18:32:29] DEBUG    12   5.05929040e+18 -4.37795887e+18  8.29e+07 8.01e-01  5.37e+12   126s
[2025-09-20 18:32:33] DEBUG    13   3.47761309e+18 -3.42371662e+18  5.56e+07 1.33e-02  3.61e+12   129s
[2025-09-20 18:32:36] DEBUG    14   2.50276888e+18 -2.08602914e+18  3.95e+07 3.48e-05  2.41e+12   132s
[2025-09-20 18:32:41] DEBUG    15   6.61840633e+17 -1.17426577e+18  9.93e+06 3.14e-04  6.79e+11   138s
[2025-09-20 18:32:45] DEBUG    16   3.58582717e+17 -8.24467314e+17  5.32e+06 1.81e-04  3.75e+11   142s
[2025-09-20 18:32:50] DEBUG    17   1.53499114e+17 -3.83671208e+17  2.23e+06 5.11e-04  1.48e+11   147s
[2025-09-20 18:32:53] DEBUG    18   8.50596383e+16 -2.93052336e+17  1.23e+06 6.26e-04  8.99e+10   150s
[2025-09-20 18:32:59] DEBUG    19   4.28730157e+16 -1.44365786e+17  6.03e+05 2.98e-04  4.06e+10   155s
[2025-09-20 18:33:06] DEBUG    20   2.45040647e+16 -5.04162289e+16  3.50e+05 1.36e-04  1.61e+10   162s
[2025-09-20 18:33:10] DEBUG    21   6.39623005e+15 -1.82367997e+16  8.70e+04 1.36e-04  4.52e+09   167s
[2025-09-20 18:33:14] DEBUG    22   3.32999657e+15 -9.38839664e+15  4.46e+04 2.07e-04  2.20e+09   170s
[2025-09-20 18:33:18] DEBUG    23   2.23275231e+15 -6.52939952e+15  2.93e+04 1.49e-04  1.48e+09   174s
[2025-09-20 18:33:22] DEBUG    24   1.93887171e+15 -4.41256515e+15  2.53e+04 1.04e-04  1.06e+09   178s
[2025-09-20 18:33:25] DEBUG    25   1.24147265e+15 -3.10529607e+15  1.59e+04 3.32e-04  7.12e+08   182s
[2025-09-20 18:33:31] DEBUG    26   9.78158979e+14 -2.27291252e+15  1.25e+04 6.10e-04  5.28e+08   187s
[2025-09-20 18:33:37] DEBUG    27   8.13173627e+14 -1.57433970e+15  1.05e+04 1.01e-03  3.85e+08   193s
[2025-09-20 18:33:45] DEBUG    28   7.52141302e+14 -1.07502996e+15  9.85e+03 1.67e-03  2.93e+08   202s
[2025-09-20 18:33:54] DEBUG    29   4.67951527e+14 -6.88400138e+14  5.85e+03 2.64e-03  1.83e+08   211s
[2025-09-20 18:34:02] DEBUG    30   2.56513894e+14 -3.84983173e+14  2.89e+03 3.72e-03  1.00e+08   219s
[2025-09-20 18:34:10] DEBUG    31   2.25749495e+14 -3.00940223e+14  2.47e+03 4.08e-03  8.23e+07   227s
[2025-09-20 18:34:17] DEBUG    32   2.09035839e+14 -2.44759508e+14  2.23e+03 4.32e-03  7.07e+07   233s
[2025-09-20 18:34:22] DEBUG    33   1.77028399e+14 -2.00719114e+14  1.78e+03 4.51e-03  5.87e+07   238s
[2025-09-20 18:34:28] DEBUG    34   1.32710123e+14 -6.11322413e+13  1.10e+03 5.30e-03  2.99e+07   244s
[2025-09-20 18:34:36] DEBUG    35   9.23921045e+13  1.64302617e+12  4.88e+02 1.24e-02  1.38e+07   252s
[2025-09-20 18:34:44] DEBUG    36   7.92479625e+13  1.05374466e+13  3.06e+02 1.12e-02  1.04e+07   261s
[2025-09-20 18:34:51] DEBUG    37   7.83408587e+13  2.35578781e+13  2.92e+02 9.17e-03  8.21e+06   267s
[2025-09-20 18:34:56] DEBUG    38   7.24113193e+13  2.68065874e+13  1.82e+02 8.71e-03  6.80e+06   273s
[2025-09-20 18:35:00] DEBUG    39   7.22071472e+13  3.24078656e+13  1.78e+02 7.89e-03  5.90e+06   276s
[2025-09-20 18:35:04] DEBUG    40   7.10547616e+13  3.62824837e+13  1.58e+02 7.88e-03  5.13e+06   280s
[2025-09-20 18:35:08] DEBUG    41   7.04784059e+13  4.28678963e+13  1.47e+02 7.38e-03  4.02e+06   284s
[2025-09-20 18:35:12] DEBUG    42   6.96766073e+13  4.55384514e+13  1.33e+02 1.44e-02  3.48e+06   288s
[2025-09-20 18:35:16] DEBUG    43   6.88723935e+13  4.73700757e+13  1.20e+02 1.81e-02  3.07e+06   292s
[2025-09-20 18:35:19] DEBUG    44   6.83712194e+13  4.82954246e+13  1.11e+02 1.98e-02  2.86e+06   296s
[2025-09-20 18:35:23] DEBUG    45   6.79057329e+13  5.17924255e+13  1.04e+02 3.29e-02  2.24e+06   300s
[2025-09-20 18:35:30] DEBUG    46   6.52455463e+13  5.48948671e+13  6.59e+01 3.89e-02  1.36e+06   306s
[2025-09-20 18:35:38] DEBUG    47   6.40006047e+13  5.62589988e+13  4.58e+01 4.23e-02  9.70e+05   314s
[2025-09-20 18:35:46] DEBUG    48   6.36640806e+13  5.70380765e+13  4.06e+01 4.36e-02  8.01e+05   323s
[2025-09-20 18:35:55] DEBUG    49   6.32346207e+13  5.73531827e+13  3.45e+01 4.37e-02  6.91e+05   331s
[2025-09-20 18:36:03] DEBUG    50   6.28135785e+13  5.77282097e+13  2.73e+01 4.34e-02  5.75e+05   340s
[2025-09-20 18:36:13] DEBUG    51   6.23633728e+13  5.87607082e+13  1.93e+01 3.70e-02  3.53e+05   349s
[2025-09-20 18:36:21] DEBUG    52   6.20471367e+13  5.92348749e+13  1.42e+01 3.17e-02  2.39e+05   357s
[2025-09-20 18:36:30] DEBUG    53   6.18487675e+13  5.94349579e+13  1.12e+01 2.79e-02  1.84e+05   367s
[2025-09-20 18:36:39] DEBUG    54   6.17067392e+13  5.97117622e+13  8.97e+00 2.22e-02  1.26e+05   376s
[2025-09-20 18:36:47] DEBUG    55   6.15516988e+13  5.99032719e+13  6.91e+00 2.06e-02  7.99e+04   383s
[2025-09-20 18:36:54] DEBUG    56   6.14460603e+13  5.99789959e+13  5.50e+00 2.12e-02  5.92e+04   390s
[2025-09-20 18:37:01] DEBUG    57   6.13535355e+13  6.00133852e+13  4.45e+00 2.15e-02  4.65e+04   397s
[2025-09-20 18:37:10] DEBUG    58   6.13376122e+13  6.00352546e+13  4.28e+00 2.15e-02  4.19e+04   406s
[2025-09-20 18:37:18] DEBUG    59   6.12989688e+13  6.00466118e+13  3.87e+00 2.15e-02  3.76e+04   415s
[2025-09-20 18:37:28] DEBUG    60   6.12384784e+13  6.00641532e+13  3.27e+00 2.14e-02  3.10e+04   424s
[2025-09-20 18:37:35] DEBUG    61   6.12255799e+13  6.00668299e+13  3.15e+00 2.13e-02  2.99e+04   431s
[2025-09-20 18:37:41] DEBUG    62   6.12169772e+13  6.00694639e+13  3.07e+00 2.13e-02  2.91e+04   437s
[2025-09-20 18:37:48] DEBUG    63   6.12045474e+13  6.00744473e+13  2.96e+00 2.11e-02  2.76e+04   444s
[2025-09-20 18:37:54] DEBUG    64   6.11897313e+13  6.00798567e+13  2.83e+00 2.10e-02  2.60e+04   450s
[2025-09-20 18:38:02] DEBUG    65   6.11707885e+13  6.00841466e+13  2.67e+00 2.08e-02  2.44e+04   458s
[2025-09-20 18:38:08] DEBUG    66   6.11577115e+13  6.00875568e+13  2.56e+00 2.06e-02  2.33e+04   464s
[2025-09-20 18:38:17] DEBUG    67   6.11486784e+13  6.00897625e+13  2.48e+00 2.05e-02  2.25e+04   473s
[2025-09-20 18:38:26] DEBUG    68   6.11062573e+13  6.00980510e+13  2.16e+00 1.99e-02  1.91e+04   482s
[2025-09-20 18:38:35] DEBUG    69   6.10958424e+13  6.01000489e+13  2.08e+00 1.97e-02  1.83e+04   491s
[2025-09-20 18:38:41] DEBUG    70   6.10912763e+13  6.01017045e+13  2.05e+00 1.95e-02  1.79e+04   497s
[2025-09-20 18:38:46] DEBUG    71   6.10834127e+13  6.01028932e+13  1.99e+00 1.94e-02  1.74e+04   503s
[2025-09-20 18:38:52] DEBUG    72   6.10452968e+13  6.01065162e+13  1.73e+00 1.88e-02  1.52e+04   509s
[2025-09-20 18:38:58] DEBUG    73   6.10414834e+13  6.01074841e+13  1.71e+00 1.86e-02  1.49e+04   514s
[2025-09-20 18:39:04] DEBUG    74   6.10379555e+13  6.01083452e+13  1.69e+00 1.84e-02  1.46e+04   521s
[2025-09-20 18:39:09] DEBUG    75   6.10291260e+13  6.01092047e+13  1.63e+00 1.82e-02  1.42e+04   526s
[2025-09-20 18:39:17] DEBUG    76   6.10076054e+13  6.01110490e+13  1.50e+00 1.78e-02  1.31e+04   534s
[2025-09-20 18:39:27] DEBUG    77   6.10024423e+13  6.01124755e+13  1.47e+00 1.74e-02  1.27e+04   543s
[2025-09-20 18:39:32] DEBUG    78   6.10016575e+13  6.01130424e+13  1.47e+00 1.73e-02  1.26e+04   549s
[2025-09-20 18:39:42] DEBUG    79   6.09896504e+13  6.01143768e+13  1.40e+00 1.69e-02  1.20e+04   558s
[2025-09-20 18:39:47] DEBUG    80   6.09866159e+13  6.01150005e+13  1.38e+00 1.67e-02  1.20e+04   564s
[2025-09-20 18:39:55] DEBUG    81   6.09812713e+13  6.01154894e+13  1.35e+00 1.66e-02  1.17e+04   571s
[2025-09-20 18:40:03] DEBUG    82   6.09760131e+13  6.01167395e+13  1.32e+00 1.62e-02  1.14e+04   580s
[2025-09-20 18:40:12] DEBUG    83   6.09689943e+13  6.01177945e+13  1.28e+00 1.59e-02  1.10e+04   589s
[2025-09-20 18:40:23] DEBUG    84   6.09628467e+13  6.01189677e+13  1.25e+00 1.54e-02  1.06e+04   599s
[2025-09-20 18:40:32] DEBUG    85   6.09566818e+13  6.01201904e+13  1.21e+00 1.53e-02  1.02e+04   608s
[2025-09-20 18:40:40] DEBUG    86   6.09532120e+13  6.01211155e+13  1.20e+00 1.53e-02  9.93e+03   617s
[2025-09-20 18:40:48] DEBUG    87   6.09489352e+13  6.01215869e+13  1.17e+00 1.53e-02  9.73e+03   624s
[2025-09-20 18:40:55] DEBUG    88   6.09464491e+13  6.01227996e+13  1.16e+00 1.54e-02  9.46e+03   631s
[2025-09-20 18:41:02] DEBUG    89   6.09423598e+13  6.01233465e+13  1.14e+00 1.54e-02  9.25e+03   638s
[2025-09-20 18:41:10] DEBUG    90   6.09260244e+13  6.01243466e+13  1.05e+00 1.55e-02  8.60e+03   646s
[2025-09-20 18:41:18] DEBUG    91   6.09225287e+13  6.01248967e+13  1.04e+00 1.55e-02  8.41e+03   654s
[2025-09-20 18:41:24] DEBUG    92   6.09206096e+13  6.01250119e+13  1.03e+00 1.55e-02  8.34e+03   660s
[2025-09-20 18:41:28] DEBUG    93   6.09191874e+13  6.01253411e+13  1.02e+00 1.55e-02  8.25e+03   665s
[2025-09-20 18:41:34] DEBUG    94   6.09164754e+13  6.01256297e+13  1.01e+00 1.55e-02  8.15e+03   670s
[2025-09-20 18:41:39] DEBUG    95   6.09119601e+13  6.01262644e+13  9.86e-01 1.55e-02  7.93e+03   676s
[2025-09-20 18:41:46] DEBUG    96   6.08964905e+13  6.01268520e+13  9.13e-01 1.55e-02  7.40e+03   683s
[2025-09-20 18:41:53] DEBUG    97   6.08846265e+13  6.01274785e+13  8.60e-01 1.55e-02  6.98e+03   690s
[2025-09-20 18:41:59] DEBUG    98   6.08821332e+13  6.01276155e+13  8.49e-01 1.55e-02  6.89e+03   695s
[2025-09-20 18:42:08] DEBUG    99   6.08745061e+13  6.01281886e+13  8.16e-01 1.55e-02  6.61e+03   704s
[2025-09-20 18:42:15] DEBUG    100   6.08714893e+13  6.01285460e+13  8.03e-01 1.55e-02  6.48e+03   711s
[2025-09-20 18:42:24] DEBUG    101   6.08629453e+13  6.01290619e+13  7.68e-01 1.55e-02  6.19e+03   720s
[2025-09-20 18:42:32] DEBUG    102   6.08597223e+13  6.01295465e+13  7.55e-01 1.55e-02  6.04e+03   728s
[2025-09-20 18:42:38] DEBUG    103   6.08563117e+13  6.01299969e+13  7.42e-01 1.55e-02  5.89e+03   735s
[2025-09-20 18:42:45] DEBUG    104   6.08524853e+13  6.01302085e+13  7.27e-01 1.55e-02  5.77e+03   742s
[2025-09-20 18:42:53] DEBUG    105   6.08440256e+13  6.01305335e+13  6.94e-01 1.55e-02  5.53e+03   750s
[2025-09-20 18:42:59] DEBUG    106   6.08415572e+13  6.01308209e+13  6.85e-01 1.55e-02  5.43e+03   755s
[2025-09-20 18:43:08] DEBUG    107   6.08248018e+13  6.01312073e+13  6.24e-01 1.55e-02  4.99e+03   764s
[2025-09-20 18:43:17] DEBUG    108   6.08184147e+13  6.01316732e+13  6.02e-01 1.55e-02  4.79e+03   773s
[2025-09-20 18:43:21] DEBUG    109   6.08150185e+13  6.01319303e+13  5.90e-01 1.55e-02  4.68e+03   778s
[2025-09-20 18:43:28] DEBUG    110   6.08120852e+13  6.01322719e+13  5.81e-01 1.55e-02  4.57e+03   785s
[2025-09-20 18:43:38] DEBUG    111   6.08066409e+13  6.01325329e+13  5.63e-01 1.54e-02  4.43e+03   795s
[2025-09-20 18:43:46] DEBUG    112   6.08032189e+13  6.01327762e+13  5.53e-01 1.54e-02  4.32e+03   802s
[2025-09-20 18:43:54] DEBUG    113   6.08000655e+13  6.01329415e+13  5.43e-01 1.54e-02  4.24e+03   811s
[2025-09-20 18:44:00] DEBUG    114   6.07962270e+13  6.01330064e+13  5.31e-01 1.54e-02  4.16e+03   816s
[2025-09-20 18:44:09] DEBUG    115   6.07927894e+13  6.01331835e+13  5.21e-01 1.54e-02  4.07e+03   825s
[2025-09-20 18:44:16] DEBUG    116   6.07879601e+13  6.01332978e+13  5.06e-01 1.54e-02  3.97e+03   832s
[2025-09-20 18:44:25] DEBUG    117   6.07817450e+13  6.01334998e+13  4.88e-01 1.54e-02  3.83e+03   842s
[2025-09-20 18:44:33] DEBUG    118   6.07774761e+13  6.01337800e+13  4.76e-01 1.53e-02  3.71e+03   850s
[2025-09-20 18:44:40] DEBUG    119   6.07739310e+13  6.01339022e+13  4.66e-01 1.53e-02  3.64e+03   857s
[2025-09-20 18:44:46] DEBUG    120   6.07700142e+13  6.01340168e+13  4.56e-01 1.53e-02  3.56e+03   862s
[2025-09-20 18:44:53] DEBUG    121   6.07631001e+13  6.01342242e+13  4.37e-01 1.53e-02  3.41e+03   870s
[2025-09-20 18:45:02] DEBUG    122   6.07575123e+13  6.01344698e+13  4.22e-01 1.52e-02  3.29e+03   878s
[2025-09-20 18:45:12] DEBUG    123   6.07536922e+13  6.01346303e+13  4.13e-01 1.52e-02  3.21e+03   888s
[2025-09-20 18:45:17] DEBUG    124   6.07499828e+13  6.01347123e+13  4.03e-01 1.52e-02  3.14e+03   893s
[2025-09-20 18:45:24] DEBUG    125   6.07450937e+13  6.01348866e+13  3.91e-01 1.52e-02  3.04e+03   900s
[2025-09-20 18:45:31] DEBUG    126   6.07412209e+13  6.01350080e+13  3.82e-01 1.51e-02  2.97e+03   907s
[2025-09-20 18:45:36] DEBUG    127   6.07401207e+13  6.01350679e+13  3.79e-01 1.51e-02  2.94e+03   913s
[2025-09-20 18:45:45] DEBUG    128   6.07330062e+13  6.01353193e+13  3.63e-01 1.51e-02  2.81e+03   922s
[2025-09-20 18:45:51] DEBUG    129   6.07293950e+13  6.01354244e+13  3.54e-01 1.50e-02  2.76e+03   927s
[2025-09-20 18:45:57] DEBUG    130   6.07255888e+13  6.01354977e+13  3.46e-01 1.50e-02  2.69e+03   934s
[2025-09-20 18:46:06] DEBUG    131   6.07231980e+13  6.01356270e+13  3.41e-01 1.50e-02  2.64e+03   942s
[2025-09-20 18:46:13] DEBUG    132   6.07177587e+13  6.01357633e+13  3.29e-01 1.49e-02  2.55e+03   949s
[2025-09-20 18:46:22] DEBUG    133   6.07141327e+13  6.01358280e+13  3.21e-01 1.49e-02  2.50e+03   958s
[2025-09-20 18:46:29] DEBUG    134   6.07109078e+13  6.01359604e+13  3.15e-01 1.49e-02  2.44e+03   965s
[2025-09-20 18:46:35] DEBUG    135   6.07083082e+13  6.01360380e+13  3.10e-01 1.49e-02  2.40e+03   971s
[2025-09-20 18:46:42] DEBUG    136   6.07065003e+13  6.01361246e+13  3.06e-01 1.48e-02  2.36e+03   978s
[2025-09-20 18:46:48] DEBUG    137   6.07050437e+13  6.01362290e+13  3.03e-01 1.48e-02  2.33e+03   985s
[2025-09-20 18:46:52] DEBUG    138   6.07011379e+13  6.01363532e+13  2.95e-01 1.48e-02  2.26e+03   989s
[2025-09-20 18:46:58] DEBUG    139   6.07003245e+13  6.01364017e+13  2.94e-01 1.48e-02  2.25e+03   994s
[2025-09-20 18:47:06] DEBUG    140   6.06984356e+13  6.01364882e+13  2.90e-01 1.47e-02  2.21e+03  1002s
[2025-09-20 18:47:11] DEBUG    141   6.06968816e+13  6.01365335e+13  2.87e-01 1.47e-02  2.19e+03  1008s
[2025-09-20 18:47:19] DEBUG    142   6.06931895e+13  6.01366572e+13  2.80e-01 1.47e-02  2.13e+03  1016s
[2025-09-20 18:47:26] DEBUG    143   6.06907877e+13  6.01367390e+13  2.76e-01 1.46e-02  2.09e+03  1023s
[2025-09-20 18:47:34] DEBUG    144   6.06887570e+13  6.01368057e+13  2.72e-01 1.46e-02  2.06e+03  1030s
[2025-09-20 18:47:41] DEBUG    145   6.06878594e+13  6.01368601e+13  2.71e-01 1.46e-02  2.04e+03  1037s
[2025-09-20 18:47:50] DEBUG    146   6.06864713e+13  6.01369124e+13  2.68e-01 1.46e-02  2.02e+03  1047s
[2025-09-20 18:47:58] DEBUG    147   6.06827332e+13  6.01369991e+13  2.62e-01 1.45e-02  1.97e+03  1055s
[2025-09-20 18:48:06] DEBUG    148   6.06806515e+13  6.01370506e+13  2.58e-01 1.45e-02  1.94e+03  1062s
[2025-09-20 18:48:13] DEBUG    149   6.06795736e+13  6.01370824e+13  2.56e-01 1.45e-02  1.92e+03  1070s
[2025-09-20 18:48:22] DEBUG    150   6.06753395e+13  6.01371424e+13  2.49e-01 1.47e-02  1.87e+03  1078s
[2025-09-20 18:48:29] DEBUG    151   6.06722428e+13  6.01372413e+13  2.44e-01 1.52e-02  1.82e+03  1086s
[2025-09-20 18:48:37] DEBUG    152   6.06700820e+13  6.01373127e+13  2.40e-01 1.55e-02  1.79e+03  1094s
[2025-09-20 18:48:45] DEBUG    153   6.06675306e+13  6.01373854e+13  2.36e-01 1.59e-02  1.75e+03  1102s
[2025-09-20 18:48:53] DEBUG    154   6.06652671e+13  6.01374431e+13  2.33e-01 1.62e-02  1.72e+03  1109s
[2025-09-20 18:48:59] DEBUG    155   6.06631484e+13  6.01375070e+13  2.29e-01 1.65e-02  1.69e+03  1115s
[2025-09-20 18:49:06] DEBUG    156   6.06620809e+13  6.01375497e+13  2.28e-01 1.68e-02  1.67e+03  1122s
[2025-09-20 18:49:13] DEBUG    157   6.06586170e+13  6.01376137e+13  2.22e-01 1.71e-02  1.63e+03  1130s
[2025-09-20 18:49:20] DEBUG    158   6.06571444e+13  6.01376462e+13  2.20e-01 1.73e-02  1.61e+03  1136s
[2025-09-20 18:49:27] DEBUG    159   6.06563635e+13  6.01376627e+13  2.19e-01 1.73e-02  1.60e+03  1144s
[2025-09-20 18:49:32] DEBUG    160   6.06533038e+13  6.01376847e+13  2.15e-01 1.75e-02  1.57e+03  1149s
[2025-09-20 18:49:41] DEBUG    161   6.06507748e+13  6.01377369e+13  2.11e-01 1.77e-02  1.54e+03  1158s
[2025-09-20 18:49:48] DEBUG    162   6.06489931e+13  6.01377924e+13  2.08e-01 1.80e-02  1.52e+03  1164s
[2025-09-20 18:49:55] DEBUG    163   6.06470776e+13  6.01378453e+13  2.06e-01 1.83e-02  1.49e+03  1172s
[2025-09-20 18:50:03] DEBUG    164   6.06450715e+13  6.01378781e+13  2.03e-01 1.85e-02  1.47e+03  1179s
[2025-09-20 18:50:11] DEBUG    165   6.06430136e+13  6.01379137e+13  2.00e-01 1.87e-02  1.45e+03  1187s
[2025-09-20 18:50:20] DEBUG    166   6.06411505e+13  6.01379502e+13  1.97e-01 1.89e-02  1.43e+03  1196s
[2025-09-20 18:50:26] DEBUG    167   6.06394289e+13  6.01379933e+13  1.95e-01 1.91e-02  1.41e+03  1202s
[2025-09-20 18:50:35] DEBUG    168   6.06368297e+13  6.01380316e+13  1.91e-01 1.93e-02  1.38e+03  1211s
[2025-09-20 18:50:41] DEBUG    169   6.06352027e+13  6.01380627e+13  1.89e-01 1.95e-02  1.36e+03  1217s
[2025-09-20 18:50:47] DEBUG    170   6.06339168e+13  6.01380801e+13  1.88e-01 1.95e-02  1.35e+03  1224s
[2025-09-20 18:50:55] DEBUG    171   6.06322332e+13  6.01380990e+13  1.85e-01 1.96e-02  1.33e+03  1232s
[2025-09-20 18:51:02] DEBUG    172   6.06315100e+13  6.01381162e+13  1.84e-01 1.97e-02  1.33e+03  1238s
[2025-09-20 18:51:09] DEBUG    173   6.06303162e+13  6.01381447e+13  1.83e-01 1.99e-02  1.31e+03  1246s
[2025-09-20 18:51:16] DEBUG    174   6.06287684e+13  6.01381725e+13  1.81e-01 2.00e-02  1.30e+03  1253s
[2025-09-20 18:51:23] DEBUG    175   6.06278670e+13  6.01381925e+13  1.80e-01 2.01e-02  1.29e+03  1260s
[2025-09-20 18:51:31] DEBUG    176   6.06253571e+13  6.01382266e+13  1.77e-01 2.03e-02  1.26e+03  1268s
[2025-09-20 18:51:39] DEBUG    177   6.06234686e+13  6.01382598e+13  1.74e-01 2.05e-02  1.24e+03  1275s
[2025-09-20 18:51:48] DEBUG    178   6.06200956e+13  6.01382845e+13  1.70e-01 2.06e-02  1.21e+03  1285s
[2025-09-20 18:51:55] DEBUG    179   6.06171602e+13  6.01383270e+13  1.67e-01 2.08e-02  1.18e+03  1292s
[2025-09-20 18:52:03] DEBUG    180   6.06159814e+13  6.01383442e+13  1.65e-01 2.09e-02  1.17e+03  1299s
[2025-09-20 18:52:10] DEBUG    181   6.06146049e+13  6.01383619e+13  1.64e-01 2.10e-02  1.16e+03  1306s
[2025-09-20 18:52:16] DEBUG    182   6.06142998e+13  6.01383752e+13  1.63e-01 2.11e-02  1.16e+03  1312s
[2025-09-20 18:52:23] DEBUG    183   6.06134220e+13  6.01383913e+13  1.62e-01 2.12e-02  1.15e+03  1319s
[2025-09-20 18:52:28] DEBUG    184   6.06133020e+13  6.01384018e+13  1.62e-01 2.12e-02  1.15e+03  1325s
[2025-09-20 18:52:35] DEBUG    185   6.06129009e+13  6.01384086e+13  1.62e-01 2.13e-02  1.14e+03  1332s
[2025-09-20 18:52:43] DEBUG    186   6.06127840e+13  6.01384115e+13  1.61e-01 2.13e-02  1.14e+03  1340s
[2025-09-20 18:52:53] DEBUG    187   6.06103475e+13  6.01384221e+13  1.59e-01 2.13e-02  1.12e+03  1349s
[2025-09-20 18:52:53] DEBUG    Barrier performed 187 iterations in 1349.37 seconds (318.03 work units)
[2025-09-20 18:52:53] DEBUG    Sub-optimal termination - objective 6.06234686e+13
[2025-09-20 18:52:53] DEBUG    Crossover log...
[2025-09-20 18:52:54] DEBUG    829590 DPushes remaining with DInf 0.0000000e+00              1350s
[2025-09-20 18:52:59] DEBUG    458472 DPushes remaining with DInf 0.0000000e+00              1355s
[2025-09-20 18:53:04] DEBUG    435929 DPushes remaining with DInf 0.0000000e+00              1360s
[2025-09-20 18:53:09] DEBUG    399259 DPushes remaining with DInf 0.0000000e+00              1365s
[2025-09-20 18:53:14] DEBUG    371067 DPushes remaining with DInf 0.0000000e+00              1370s
[2025-09-20 18:53:19] DEBUG    347003 DPushes remaining with DInf 0.0000000e+00              1375s
[2025-09-20 18:53:24] DEBUG    323860 DPushes remaining with DInf 0.0000000e+00              1380s
[2025-09-20 18:53:29] DEBUG    301531 DPushes remaining with DInf 0.0000000e+00              1385s
[2025-09-20 18:53:34] DEBUG    282773 DPushes remaining with DInf 0.0000000e+00              1390s
[2025-09-20 18:53:39] DEBUG    267360 DPushes remaining with DInf 0.0000000e+00              1395s
[2025-09-20 18:53:44] DEBUG    249383 DPushes remaining with DInf 0.0000000e+00              1400s
[2025-09-20 18:53:49] DEBUG    232781 DPushes remaining with DInf 0.0000000e+00              1405s
[2025-09-20 18:53:54] DEBUG    215181 DPushes remaining with DInf 0.0000000e+00              1410s
[2025-09-20 18:53:59] DEBUG    202476 DPushes remaining with DInf 0.0000000e+00              1415s
[2025-09-20 18:54:04] DEBUG    191978 DPushes remaining with DInf 0.0000000e+00              1420s
[2025-09-20 18:54:09] DEBUG    179654 DPushes remaining with DInf 0.0000000e+00              1425s
[2025-09-20 18:54:14] DEBUG    168152 DPushes remaining with DInf 0.0000000e+00              1430s
[2025-09-20 18:54:19] DEBUG    158117 DPushes remaining with DInf 0.0000000e+00              1435s
[2025-09-20 18:54:24] DEBUG    148533 DPushes remaining with DInf 0.0000000e+00              1441s
[2025-09-20 18:54:29] DEBUG    140283 DPushes remaining with DInf 0.0000000e+00              1446s
[2025-09-20 18:54:34] DEBUG    133497 DPushes remaining with DInf 0.0000000e+00              1450s
[2025-09-20 18:54:39] DEBUG    125398 DPushes remaining with DInf 0.0000000e+00              1455s
[2025-09-20 18:54:44] DEBUG    116607 DPushes remaining with DInf 0.0000000e+00              1460s
[2025-09-20 18:54:49] DEBUG    107022 DPushes remaining with DInf 0.0000000e+00              1466s
[2025-09-20 18:54:54] DEBUG    98548 DPushes remaining with DInf 0.0000000e+00              1470s
[2025-09-20 18:54:59] DEBUG    87976 DPushes remaining with DInf 0.0000000e+00              1475s
[2025-09-20 18:55:04] DEBUG    76769 DPushes remaining with DInf 0.0000000e+00              1481s
[2025-09-20 18:55:09] DEBUG    67360 DPushes remaining with DInf 0.0000000e+00              1485s
[2025-09-20 18:55:14] DEBUG    56353 DPushes remaining with DInf 0.0000000e+00              1490s
[2025-09-20 18:55:19] DEBUG    45441 DPushes remaining with DInf 0.0000000e+00              1495s
[2025-09-20 18:55:24] DEBUG    35972 DPushes remaining with DInf 0.0000000e+00              1500s
[2025-09-20 18:55:29] DEBUG    28699 DPushes remaining with DInf 0.0000000e+00              1505s
[2025-09-20 18:55:34] DEBUG    22958 DPushes remaining with DInf 0.0000000e+00              1510s
[2025-09-20 18:55:39] DEBUG    15689 DPushes remaining with DInf 0.0000000e+00              1515s
[2025-09-20 18:55:44] DEBUG    7288 DPushes remaining with DInf 0.0000000e+00              1520s
[2025-09-20 18:55:47] DEBUG    0 DPushes remaining with DInf 0.0000000e+00              1523s
[2025-09-20 18:55:47] DEBUG    2811550 PPushes remaining with PInf 9.0174704e+02              1524s
[2025-09-20 18:55:57] DEBUG    1980990 PPushes remaining with PInf 1.3205303e+00              1533s
[2025-09-20 18:55:59] DEBUG    1628101 PPushes remaining with PInf 2.1684478e-02              1535s
[2025-09-20 18:56:04] DEBUG    1296660 PPushes remaining with PInf 3.6190033e-06              1540s
[2025-09-20 18:56:09] DEBUG    1155620 PPushes remaining with PInf 4.6651214e-06              1545s
[2025-09-20 18:56:14] DEBUG    1040024 PPushes remaining with PInf 1.3571262e-06              1550s
[2025-09-20 18:56:19] DEBUG    963506 PPushes remaining with PInf 0.0000000e+00              1555s
[2025-09-20 18:56:24] DEBUG    915894 PPushes remaining with PInf 4.6651214e-06              1560s
[2025-09-20 18:56:29] DEBUG    867171 PPushes remaining with PInf 1.6928736e-06              1565s
[2025-09-20 18:56:34] DEBUG    816843 PPushes remaining with PInf 0.0000000e+00              1570s
[2025-09-20 18:56:39] DEBUG    769692 PPushes remaining with PInf 0.0000000e+00              1575s
[2025-09-20 18:56:44] DEBUG    742935 PPushes remaining with PInf 5.0673261e-06              1580s
[2025-09-20 18:56:49] DEBUG    717630 PPushes remaining with PInf 3.8146973e-06              1585s
[2025-09-20 18:56:54] DEBUG    693616 PPushes remaining with PInf 1.7823535e-05              1590s
[2025-09-20 18:56:59] DEBUG    669219 PPushes remaining with PInf 0.0000000e+00              1595s
[2025-09-20 18:57:04] DEBUG    642026 PPushes remaining with PInf 1.8290710e-05              1600s
[2025-09-20 18:57:09] DEBUG    618012 PPushes remaining with PInf 0.0000000e+00              1605s
[2025-09-20 18:57:14] DEBUG    594116 PPushes remaining with PInf 1.0857010e-05              1610s
[2025-09-20 18:57:19] DEBUG    572143 PPushes remaining with PInf 8.9556195e-06              1615s
[2025-09-20 18:57:24] DEBUG    551602 PPushes remaining with PInf 1.0021031e-06              1620s
[2025-09-20 18:57:29] DEBUG    536278 PPushes remaining with PInf 2.7849361e-06              1625s
[2025-09-20 18:57:34] DEBUG    510957 PPushes remaining with PInf 2.7921051e-06              1630s
[2025-09-20 18:57:39] DEBUG    476681 PPushes remaining with PInf 3.5341829e-06              1635s
[2025-09-20 18:57:44] DEBUG    452663 PPushes remaining with PInf 5.1731168e-06              1640s
[2025-09-20 18:57:49] DEBUG    428724 PPushes remaining with PInf 3.6190033e-06              1645s
[2025-09-20 18:57:54] DEBUG    407418 PPushes remaining with PInf 0.0000000e+00              1650s
[2025-09-20 18:57:59] DEBUG    388318 PPushes remaining with PInf 7.6399765e-06              1655s
[2025-09-20 18:58:04] DEBUG    373475 PPushes remaining with PInf 3.6190033e-06              1660s
[2025-09-20 18:58:09] DEBUG    353967 PPushes remaining with PInf 0.0000000e+00              1665s
[2025-09-20 18:58:14] DEBUG    332705 PPushes remaining with PInf 3.6190033e-06              1670s
[2025-09-20 18:58:19] DEBUG    317280 PPushes remaining with PInf 0.0000000e+00              1675s
[2025-09-20 18:58:24] DEBUG    302865 PPushes remaining with PInf 4.0209732e-06              1680s
[2025-09-20 18:58:29] DEBUG    289545 PPushes remaining with PInf 8.5131542e-06              1685s
[2025-09-20 18:58:34] DEBUG    276249 PPushes remaining with PInf 1.4877983e-05              1690s
[2025-09-20 18:58:39] DEBUG    260353 PPushes remaining with PInf 1.4172073e-06              1695s
[2025-09-20 18:58:44] DEBUG    245253 PPushes remaining with PInf 9.2356728e-06              1700s
[2025-09-20 18:58:49] DEBUG    227402 PPushes remaining with PInf 0.0000000e+00              1705s
[2025-09-20 18:58:54] DEBUG    212266 PPushes remaining with PInf 0.0000000e+00              1710s
[2025-09-20 18:58:59] DEBUG    195599 PPushes remaining with PInf 4.7291398e-06              1715s
[2025-09-20 18:59:04] DEBUG    178915 PPushes remaining with PInf 7.6399765e-06              1720s
[2025-09-20 18:59:09] DEBUG    163436 PPushes remaining with PInf 0.0000000e+00              1725s
[2025-09-20 18:59:14] DEBUG    148714 PPushes remaining with PInf 3.6190033e-06              1730s
[2025-09-20 18:59:19] DEBUG    138309 PPushes remaining with PInf 1.1660950e-05              1735s
[2025-09-20 18:59:24] DEBUG    128314 PPushes remaining with PInf 1.0072421e-06              1740s
[2025-09-20 18:59:29] DEBUG    117051 PPushes remaining with PInf 0.0000000e+00              1745s
[2025-09-20 18:59:34] DEBUG    104476 PPushes remaining with PInf 7.7727343e-05              1750s
[2025-09-20 18:59:39] DEBUG    92569 PPushes remaining with PInf 0.0000000e+00              1755s
[2025-09-20 18:59:44] DEBUG    79476 PPushes remaining with PInf 1.4877983e-05              1760s
[2025-09-20 18:59:49] DEBUG    65296 PPushes remaining with PInf 1.9702896e-05              1765s
[2025-09-20 18:59:54] DEBUG    52317 PPushes remaining with PInf 4.0209732e-06              1770s
[2025-09-20 18:59:59] DEBUG    39513 PPushes remaining with PInf 5.0892234e-06              1775s
[2025-09-20 19:00:04] DEBUG    25971 PPushes remaining with PInf 1.2408893e-05              1780s
[2025-09-20 19:00:09] DEBUG    13218 PPushes remaining with PInf 0.0000000e+00              1785s
[2025-09-20 19:00:14] DEBUG    2613 PPushes remaining with PInf 6.0314598e-06              1790s
[2025-09-20 19:00:17] DEBUG    0 PPushes remaining with PInf 2.5758784e-05              1793s
[2025-09-20 19:00:17] DEBUG    Restart crossover...
[2025-09-20 19:00:18] DEBUG    3101118 PPushes remaining with PInf 8.4076683e+03              1794s
[2025-09-20 19:00:19] DEBUG    2063911 PPushes remaining with PInf 2.8628673e+02              1795s
[2025-09-20 19:00:24] DEBUG    708332 PPushes remaining with PInf 6.6205374e-02              1800s
[2025-09-20 19:00:29] DEBUG    558069 PPushes remaining with PInf 4.1137827e-02              1805s
[2025-09-20 19:00:34] DEBUG    494564 PPushes remaining with PInf 2.5702950e-02              1810s
[2025-09-20 19:00:39] DEBUG    449450 PPushes remaining with PInf 2.5564779e-02              1815s
[2025-09-20 19:00:44] DEBUG    417218 PPushes remaining with PInf 1.5198018e-02              1820s
[2025-09-20 19:00:49] DEBUG    393408 PPushes remaining with PInf 1.5198018e-02              1825s
[2025-09-20 19:00:54] DEBUG    369620 PPushes remaining with PInf 1.5197114e-02              1830s
[2025-09-20 19:00:59] DEBUG    345632 PPushes remaining with PInf 1.5198018e-02              1835s
[2025-09-20 19:01:04] DEBUG    320751 PPushes remaining with PInf 1.5198018e-02              1840s
[2025-09-20 19:01:09] DEBUG    293678 PPushes remaining with PInf 1.5198018e-02              1845s
[2025-09-20 19:01:14] DEBUG    266553 PPushes remaining with PInf 1.5198018e-02              1850s
[2025-09-20 19:01:19] DEBUG    245282 PPushes remaining with PInf 1.5198018e-02              1855s
[2025-09-20 19:01:24] DEBUG    229503 PPushes remaining with PInf 1.0321028e-02              1860s
[2025-09-20 19:01:29] DEBUG    213807 PPushes remaining with PInf 3.0559906e-05              1865s
[2025-09-20 19:01:34] DEBUG    195952 PPushes remaining with PInf 3.0559906e-05              1870s
[2025-09-20 19:01:39] DEBUG    180295 PPushes remaining with PInf 3.0559906e-05              1875s
[2025-09-20 19:01:44] DEBUG    163296 PPushes remaining with PInf 3.0559906e-05              1880s
[2025-09-20 19:01:49] DEBUG    147943 PPushes remaining with PInf 3.0559906e-05              1885s
[2025-09-20 19:01:54] DEBUG    133026 PPushes remaining with PInf 3.0559906e-05              1890s
[2025-09-20 19:01:59] DEBUG    117403 PPushes remaining with PInf 4.2434761e-05              1895s
[2025-09-20 19:02:04] DEBUG    102311 PPushes remaining with PInf 4.4244262e-05              1900s
[2025-09-20 19:02:09] DEBUG    87216 PPushes remaining with PInf 3.5988411e-05              1905s
[2025-09-20 19:02:14] DEBUG    72720 PPushes remaining with PInf 4.4244262e-05              1910s
[2025-09-20 19:02:19] DEBUG    57815 PPushes remaining with PInf 3.5988411e-05              1915s
[2025-09-20 19:02:24] DEBUG    44125 PPushes remaining with PInf 3.9807663e-05              1920s
[2025-09-20 19:02:29] DEBUG    28882 PPushes remaining with PInf 3.2689667e-05              1925s
[2025-09-20 19:02:34] DEBUG    12041 PPushes remaining with PInf 3.0559906e-05              1930s
[2025-09-20 19:02:40] DEBUG    0 PPushes remaining with PInf 3.9762693e-05              1937s
[2025-09-20 19:02:41] DEBUG    538544 DPushes remaining with DInf 1.9207185e+03              1937s
[2025-09-20 19:03:26] DEBUG    518466 DPushes remaining with DInf 5.2201917e+03              1982s
[2025-09-20 19:03:38] DEBUG    514145 DPushes remaining with DInf 5.2244668e+03              1994s
[2025-09-20 19:03:41] DEBUG    512875 DPushes remaining with DInf 5.2256143e+03              1997s
[2025-09-20 19:03:52] DEBUG    512396 DPushes remaining with DInf 5.2256143e+03              2008s
[2025-09-20 19:03:59] DEBUG    511660 DPushes remaining with DInf 5.2256143e+03              2016s
[2025-09-20 19:04:04] DEBUG    510938 DPushes remaining with DInf 5.2256143e+03              2020s
[2025-09-20 19:04:14] DEBUG    509419 DPushes remaining with DInf 5.2256143e+03              2030s
[2025-09-20 19:04:19] DEBUG    507511 DPushes remaining with DInf 5.2256143e+03              2036s
[2025-09-20 19:04:26] DEBUG    505753 DPushes remaining with DInf 5.2256143e+03              2043s
[2025-09-20 19:04:29] DEBUG    504050 DPushes remaining with DInf 5.2256143e+03              2045s
[2025-09-20 19:04:35] DEBUG    502140 DPushes remaining with DInf 5.2256143e+03              2052s
[2025-09-20 19:04:41] DEBUG    500528 DPushes remaining with DInf 5.2256143e+03              2057s
[2025-09-20 19:04:46] DEBUG    498873 DPushes remaining with DInf 5.2256143e+03              2062s
[2025-09-20 19:04:50] DEBUG    497121 DPushes remaining with DInf 5.2256143e+03              2067s
[2025-09-20 19:04:54] DEBUG    496255 DPushes remaining with DInf 5.2256143e+03              2071s
[2025-09-20 19:04:59] DEBUG    495329 DPushes remaining with DInf 5.2256143e+03              2076s
[2025-09-20 19:05:06] DEBUG    493677 DPushes remaining with DInf 5.2256143e+03              2082s
[2025-09-20 19:05:12] DEBUG    491841 DPushes remaining with DInf 5.2256143e+03              2088s
[2025-09-20 19:05:14] DEBUG    490799 DPushes remaining with DInf 5.2256143e+03              2091s
[2025-09-20 19:05:20] DEBUG    488866 DPushes remaining with DInf 5.2256143e+03              2096s
[2025-09-20 19:05:24] DEBUG    486356 DPushes remaining with DInf 5.2256143e+03              2101s
[2025-09-20 19:05:30] DEBUG    484110 DPushes remaining with DInf 5.2256143e+03              2107s
[2025-09-20 19:05:35] DEBUG    482394 DPushes remaining with DInf 5.2256143e+03              2111s
[2025-09-20 19:05:39] DEBUG    480694 DPushes remaining with DInf 5.2256143e+03              2116s
[2025-09-20 19:05:42] DEBUG    Solved with dual simplex
[2025-09-20 19:05:51] DEBUG    Iteration    Objective       Primal Inf.    Dual Inf.      Time
[2025-09-20 19:05:51] DEBUG    1979042    6.0141667e+13   0.000000e+00   0.000000e+00   2128s

Solved in 1979042 iterations and 2127.88 seconds (1091.02 work units)
[2025-09-20 19:05:51] DEBUG    Optimal objective  6.014166678e+13
✅ Scenario completato: existing_VRES_2030_PHES

🚀 Lancio scenario: existing_VRES_2030_nostorage
[2025-09-20 19:16:14] INFO     Loading sets
[2025-09-20 19:16:14] INFO     Loading parameters
[2025-09-20 19:16:48] INFO     constraints are loaded in the following order: ['energy_balance', 'dispatch', 'costs', 'capacity', 'network', 'policy', 'conversion', 'group', 'conversion_plus', 'milp', 'export']
[2025-09-20 19:16:48] INFO     creating energy_balance constraints
[2025-09-20 19:19:45] INFO     creating dispatch constraints
[2025-09-20 19:24:52] INFO     creating costs constraints
[2025-09-20 19:33:01] INFO     creating capacity constraints
[2025-09-20 19:33:01] INFO     creating network constraints
[2025-09-20 19:33:01] INFO     creating policy constraints
[2025-09-20 19:33:01] INFO     creating conversion constraints
[2025-09-20 19:33:01] INFO     creating group constraints
[2025-09-20 19:33:01] INFO     creating conversion_plus constraints
[2025-09-20 19:33:01] INFO     creating milp constraints
[2025-09-20 19:33:01] INFO     creating export constraints
[2025-09-20 19:44:34] DEBUG    Set parameter WLSAccessID
Set parameter WLSSecret
Set parameter LicenseID to value 2680226
[2025-09-20 19:44:34] DEBUG    Academic license 2680226 - for non-commercial use only - registered to an___@mail.polimi.it
[2025-09-20 19:45:06] DEBUG    Read LP format model from file /tmp/tmpe_rnyz0c.pyomo.lp
[2025-09-20 19:45:06] DEBUG    Reading time = 31.97 seconds
x16007366: 21762739 rows, 16007366 columns, 51938520 nonzeros
Set parameter NumericFocus to value 1
Gurobi Optimizer version 12.0.2 build v12.0.2rc0 (linux64 - "Debian GNU/Linux 11 (bullseye)")

CPU model: Intel(R) Xeon(R) Silver 4314 CPU @ 2.40GHz, instruction set [SSE2|AVX|AVX2|AVX512]
Thread count: 32 physical cores, 64 logical processors, using up to 32 threads
[2025-09-20 19:45:06] DEBUG    Non-default parameters:
NumericFocus  1
[2025-09-20 19:45:06] DEBUG    Academic license 2680226 - for non-commercial use only - registered to an___@mail.polimi.it
Optimize a model with 21762739 rows, 16007366 columns and 51938520 nonzeros
[2025-09-20 19:45:07] DEBUG    Model fingerprint: 0x3171b332
[2025-09-20 19:45:07] DEBUG    Coefficient statistics:
  Matrix range     [1e-07, 3e+02]
  Objective range  [1e+00, 1e+06]
  Bounds range     [0e+00, 0e+00]
  RHS range        [1e+00, 2e+08]
[2025-09-20 19:45:12] DEBUG    Presolve removed 18554665 rows and 9558237 columns (presolve time = 5s)...
[2025-09-20 19:45:17] DEBUG    Presolve removed 19602769 rows and 12300000 columns (presolve time = 10s)...
[2025-09-20 19:45:22] DEBUG    Presolve removed 20735194 rows and 13432425 columns (presolve time = 16s)...
[2025-09-20 19:45:27] DEBUG    Presolve removed 21229340 rows and 13542164 columns (presolve time = 20s)...
[2025-09-20 19:45:27] DEBUG    Presolve removed 21369484 rows and 13542164 columns
[2025-09-20 19:45:27] DEBUG    Presolve time: 21.65s
Presolved: 393255 rows, 2605346 columns, 4461590 nonzeros

Concurrent LP optimizer: primal simplex, dual simplex, and barrier
Showing barrier log only...
[2025-09-20 19:45:36] DEBUG    Elapsed ordering time = 8s
[2025-09-20 19:45:37] DEBUG    Ordering time: 8.33s
[2025-09-20 19:45:37] DEBUG    Barrier statistics:
 Dense cols : 81
 AA' NZ     : 1.376e+06
[2025-09-20 19:45:37] DEBUG    Factor NZ  : 1.392e+07 (roughly 1.3 GB of memory)
 Factor Ops : 1.136e+09 (less than 1 second per iteration)
 Threads    : 30
[2025-09-20 19:45:39] DEBUG    Objective                Residual
[2025-09-20 19:45:39] DEBUG    Iter       Primal          Dual         Primal    Dual     Compl     Time
[2025-09-20 19:45:40] DEBUG    0   3.89721202e+21 -1.17653058e+20  6.34e+10 9.87e+02  5.15e+16    34s
[2025-09-20 19:45:42] DEBUG    1   2.83652399e+21 -1.25974183e+20  2.40e+10 1.30e+06  1.94e+16    37s
[2025-09-20 19:45:46] DEBUG    2   1.30088150e+21 -9.11887158e+19  4.74e+09 7.47e+04  3.88e+15    40s
[2025-09-20 19:45:50] DEBUG    3   4.43787161e+19 -6.64956995e+19  6.96e+07 9.61e+02  7.53e+13    44s
[2025-09-20 19:45:53] DEBUG    4   1.22814244e+19 -3.03481002e+19  1.80e+07 5.40e+00  2.10e+13    47s
[2025-09-20 19:45:56] DEBUG    5   4.25629381e+18 -1.06273860e+19  5.62e+06 6.77e-06  6.19e+12    50s
[2025-09-20 19:45:58] DEBUG    6   1.36386104e+18 -4.53519824e+18  1.57e+06 3.23e-06  1.95e+12    52s
[2025-09-20 19:46:00] DEBUG    7   8.71168733e+17 -2.79055654e+18  9.84e+05 3.22e-06  1.15e+12    54s
[2025-09-20 19:46:02] DEBUG    8   5.63306415e+17 -1.49541825e+18  6.17e+05 5.96e-06  6.19e+11    56s
[2025-09-20 19:46:05] DEBUG    9   3.33646971e+17 -8.14933179e+17  3.58e+05 5.12e-06  3.26e+11    59s
[2025-09-20 19:46:08] DEBUG    10   1.53916138e+17 -3.14513451e+17  1.56e+05 7.68e-06  1.24e+11    62s
[2025-09-20 19:46:10] DEBUG    11   7.92015580e+16 -1.58668230e+17  7.95e+04 7.09e-06  5.92e+10    64s
[2025-09-20 19:46:13] DEBUG    12   3.04174475e+16 -7.26874388e+16  2.78e+04 1.08e-06  2.39e+10    67s
[2025-09-20 19:46:15] DEBUG    13   1.80154113e+16 -4.43267209e+16  1.56e+04 8.72e-07  1.41e+10    70s
[2025-09-20 19:46:18] DEBUG    14   1.23308887e+16 -1.83307909e+16  9.93e+03 1.31e-07  6.84e+09    72s
[2025-09-20 19:46:20] DEBUG    15   8.86674131e+15 -1.17603163e+16  6.46e+03 1.42e-07  4.54e+09    75s
[2025-09-20 19:46:24] DEBUG    16   5.90540388e+15 -6.56839213e+15  3.44e+03 5.29e-08  2.71e+09    78s
[2025-09-20 19:46:27] DEBUG    17   4.91445312e+15 -3.91589404e+15  2.47e+03 5.01e-08  1.91e+09    81s
[2025-09-20 19:46:30] DEBUG    18   3.82787921e+15 -1.66125892e+15  1.44e+03 4.61e-08  1.18e+09    84s
[2025-09-20 19:46:32] DEBUG    19   3.29610812e+15 -8.17034039e+14  9.13e+02 4.49e-08  8.82e+08    86s
[2025-09-20 19:46:35] DEBUG    20   2.97174586e+15  1.33420235e+14  6.01e+02 4.03e-08  6.07e+08    90s
[2025-09-20 19:46:38] DEBUG    21   2.78459636e+15  4.91878723e+14  4.15e+02 4.77e-08  4.90e+08    92s
[2025-09-20 19:46:41] DEBUG    22   2.68533979e+15  9.79588008e+14  3.17e+02 1.43e-08  3.64e+08    95s
[2025-09-20 19:46:45] DEBUG    23   2.46127456e+15  1.64873322e+15  1.01e+02 2.87e-08  1.73e+08   100s
[2025-09-20 19:46:48] DEBUG    24   2.40750174e+15  1.88148198e+15  4.88e+01 1.33e-07  1.12e+08   103s
[2025-09-20 19:46:51] DEBUG    25   2.39716983e+15  1.98165592e+15  3.91e+01 1.15e-07  8.84e+07   105s
[2025-09-20 19:46:53] DEBUG    26   2.37812578e+15  2.10134555e+15  2.12e+01 2.71e-07  5.89e+07   107s
[2025-09-20 19:46:55] DEBUG    27   2.37493385e+15  2.13036906e+15  1.83e+01 3.57e-07  5.20e+07   109s
[2025-09-20 19:46:57] DEBUG    28   2.37009159e+15  2.17384493e+15  1.41e+01 5.76e-07  4.17e+07   111s
[2025-09-20 19:47:00] DEBUG    29   2.36638105e+15  2.21640283e+15  1.07e+01 7.74e-07  3.19e+07   114s
[2025-09-20 19:47:04] DEBUG    30   2.35913317e+15  2.27536607e+15  4.32e+00 2.87e-06  1.78e+07   119s
[2025-09-20 19:47:09] DEBUG    31   2.35713248e+15  2.31615996e+15  2.65e+00 5.30e-06  8.71e+06   123s
[2025-09-20 19:47:13] DEBUG    32   2.35543345e+15  2.33334550e+15  1.26e+00 9.01e-06  4.70e+06   128s
[2025-09-20 19:47:16] DEBUG    33   2.35441160e+15  2.34709410e+15  4.24e-01 9.73e-06  1.56e+06   130s
[2025-09-20 19:47:18] DEBUG    34   2.35384128e+15  2.35265510e+15  4.89e-02 1.33e-04  2.52e+05   133s
[2025-09-20 19:47:21] DEBUG    35   2.35378559e+15  2.35343657e+15  1.57e-02 2.76e-04  7.42e+04   135s
[2025-09-20 19:47:23] DEBUG    36   2.35377624e+15  2.35360784e+15  1.07e-02 3.23e-04  3.58e+04   137s
[2025-09-20 19:47:25] DEBUG    37   2.35377401e+15  2.35367533e+15  9.66e-03 3.31e-04  2.10e+04   139s
[2025-09-20 19:47:27] DEBUG    38   2.35376782e+15  2.35369744e+15  6.86e-03 3.46e-04  1.50e+04   141s
[2025-09-20 19:47:29] DEBUG    39   2.35376629e+15  2.35370463e+15  6.22e-03 2.74e-04  1.31e+04   144s
[2025-09-20 19:47:31] DEBUG    40   2.35376310e+15  2.35372272e+15  4.95e-03 2.69e-04  8.59e+03   146s
[2025-09-20 19:47:34] DEBUG    41   2.35376217e+15  2.35372416e+15  4.60e-03 2.69e-04  8.09e+03   148s
[2025-09-20 19:47:38] DEBUG    42   2.35375628e+15  2.35373304e+15  2.43e-03 2.75e-04  4.95e+03   152s
[2025-09-20 19:47:43] DEBUG    43   2.35375337e+15  2.35374003e+15  1.46e-03 2.74e-04  2.84e+03   157s
[2025-09-20 19:47:47] DEBUG    44   2.35375199e+15  2.35374375e+15  1.06e-03 2.71e-04  1.76e+03   161s
[2025-09-20 19:47:49] DEBUG    45   2.35375142e+15  2.35374534e+15  9.16e-04 2.65e-04  1.30e+03   164s
[2025-09-20 19:47:52] DEBUG    46   2.35375101e+15  2.35374605e+15  8.10e-04 2.61e-04  1.06e+03   166s
[2025-09-20 19:47:54] DEBUG    47   2.35375076e+15  2.35374624e+15  7.46e-04 2.60e-04  9.67e+02   168s
[2025-09-20 19:47:56] DEBUG    48   2.35374985e+15  2.35374684e+15  5.18e-04 2.56e-04  6.46e+02   171s
[2025-09-20 19:48:00] DEBUG    49   2.35374925e+15  2.35374701e+15  3.75e-04 2.55e-04  4.83e+02   174s
[2025-09-20 19:48:04] DEBUG    50   2.35374851e+15  2.35374732e+15  1.96e-04 2.58e-04  2.59e+02   178s
[2025-09-20 19:48:09] DEBUG    51   2.35374829e+15  2.35374751e+15  1.49e-04 2.49e-04  1.71e+02   183s
[2025-09-20 19:48:13] DEBUG    52   2.35374807e+15  2.35374757e+15  9.68e-05 2.48e-04  1.11e+02   187s
[2025-09-20 19:48:16] DEBUG    53   2.35374796e+15  2.35374758e+15  7.09e-05 2.44e-04  8.41e+01   190s
[2025-09-20 19:48:18] DEBUG    54   2.35374793e+15  2.35374760e+15  6.35e-05 2.02e-04  7.41e+01   192s
[2025-09-20 19:48:20] DEBUG    55   2.35374787e+15  2.35374762e+15  4.99e-05 1.55e-04  5.81e+01   194s
[2025-09-20 19:48:25] DEBUG    56   2.35374783e+15  2.35374763e+15  4.19e-05 1.02e-04  4.58e+01   199s
[2025-09-20 19:48:30] DEBUG    57   2.35374780e+15  2.35374764e+15  3.57e-05 7.79e-05  3.73e+01   204s
[2025-09-20 19:48:36] DEBUG    58   2.35374776e+15  2.35374765e+15  2.80e-05 6.37e-05  2.75e+01   211s
[2025-09-20 19:48:43] DEBUG    59   2.35374773e+15  2.35374765e+15  2.08e-05 4.31e-05  2.01e+01   217s
[2025-09-20 19:48:50] DEBUG    60   2.35374771e+15  2.35374765e+15  1.61e-05 3.70e-05  1.48e+01   224s
[2025-09-20 19:48:57] DEBUG    61   2.35374769e+15  2.35374765e+15  1.18e-05 3.43e-05  1.05e+01   231s
[2025-09-20 19:49:05] DEBUG    62   2.35374768e+15  2.35374765e+15  9.12e-06 3.25e-05  7.93e+00   239s
[2025-09-20 19:49:11] DEBUG    63   2.35374768e+15  2.35374765e+15  7.25e-06 3.17e-05  6.07e+00   246s
[2025-09-20 19:49:19] DEBUG    64   2.35374767e+15  2.35374765e+15  6.80e-06 3.11e-05  5.64e+00   253s
[2025-09-20 19:49:24] DEBUG    65   2.35374767e+15  2.35374765e+15  5.94e-06 2.96e-05  4.91e+00   258s
[2025-09-20 19:49:31] DEBUG    66   2.35374767e+15  2.35374765e+15  4.75e-06 2.96e-05  3.85e+00   265s
[2025-09-20 19:49:39] DEBUG    67   2.35374766e+15  2.35374765e+15  3.98e-06 2.94e-05  3.08e+00   273s
[2025-09-20 19:49:47] DEBUG    68   2.35374766e+15  2.35374765e+15  3.36e-06 2.91e-05  2.50e+00   281s
[2025-09-20 19:49:47] DEBUG    Barrier solved model in 68 iterations and 281.24 seconds (73.52 work units)
[2025-09-20 19:49:47] DEBUG    Optimal objective 2.35374766e+15
[2025-09-20 19:49:48] DEBUG    Crossover log...
[2025-09-20 19:49:48] DEBUG    31188 DPushes remaining with DInf 0.0000000e+00               282s
[2025-09-20 19:49:51] DEBUG    1752 DPushes remaining with DInf 0.0000000e+00               285s
[2025-09-20 19:49:52] DEBUG    0 DPushes remaining with DInf 0.0000000e+00               286s
[2025-09-20 19:49:52] DEBUG    2210905 PPushes remaining with PInf 0.0000000e+00               286s
[2025-09-20 19:49:55] DEBUG    0 PPushes remaining with PInf 0.0000000e+00               289s
[2025-09-20 19:49:55] DEBUG    Push phase complete: Pinf 0.0000000e+00, Dinf 2.5238881e+05    289s
[2025-09-20 19:49:55] DEBUG    Iteration    Objective       Primal Inf.    Dual Inf.      Time
[2025-09-20 19:49:55] DEBUG    2242096    2.3537476e+15   0.000000e+00   2.523888e+05    290s
[2025-09-20 19:49:56] DEBUG    2244398    2.3537476e+15   0.000000e+00   1.682575e+02    290s
[2025-09-20 19:50:02] DEBUG    2245547    2.3537476e+15   0.000000e+00   0.000000e+00    296s
[2025-09-20 19:50:02] DEBUG    Solved with barrier
[2025-09-20 19:50:14] DEBUG    2245547    2.3537476e+15   0.000000e+00   8.065664e-03    308s
[2025-09-20 19:50:20] DEBUG    Extra simplex iterations after uncrush: 145
[2025-09-20 19:50:20] DEBUG    2245692    2.3537476e+15   0.000000e+00   0.000000e+00    314s

Solved in 2245692 iterations and 314.19 seconds (103.53 work units)
[2025-09-20 19:50:20] DEBUG    Optimal objective  2.353747648e+15
✅ Scenario completato: existing_VRES_2030_nostorage

🚀 Lancio scenario: existing_CG+VRES_2030_BESS
[2025-09-20 20:03:20] INFO     Loading sets
[2025-09-20 20:03:20] INFO     Loading parameters
[2025-09-20 20:03:55] INFO     constraints are loaded in the following order: ['energy_balance', 'dispatch', 'costs', 'capacity', 'network', 'policy', 'conversion', 'group', 'conversion_plus', 'milp', 'export']
[2025-09-20 20:03:55] INFO     creating energy_balance constraints
[2025-09-20 20:06:58] INFO     creating dispatch constraints
[2025-09-20 20:08:58] INFO     creating costs constraints
[2025-09-20 20:23:02] INFO     creating capacity constraints
[2025-09-20 20:23:02] INFO     creating network constraints
[2025-09-20 20:23:02] INFO     creating policy constraints
[2025-09-20 20:23:02] INFO     creating conversion constraints
[2025-09-20 20:23:02] INFO     creating group constraints
[2025-09-20 20:23:02] INFO     creating conversion_plus constraints
[2025-09-20 20:23:02] INFO     creating milp constraints
[2025-09-20 20:23:02] INFO     creating export constraints
[2025-09-20 20:36:39] DEBUG    Set parameter WLSAccessID
Set parameter WLSSecret
Set parameter LicenseID to value 2680226
[2025-09-20 20:36:39] DEBUG    Academic license 2680226 - for non-commercial use only - registered to an___@mail.polimi.it
[2025-09-20 20:37:15] DEBUG    Read LP format model from file /tmp/tmpmqq7nxy9.pyomo.lp
[2025-09-20 20:37:15] DEBUG    Reading time = 36.59 seconds
x17961158: 24014354 rows, 17961158 columns, 58484778 nonzeros
Set parameter NumericFocus to value 1
Gurobi Optimizer version 12.0.2 build v12.0.2rc0 (linux64 - "Debian GNU/Linux 11 (bullseye)")

CPU model: Intel(R) Xeon(R) Silver 4314 CPU @ 2.40GHz, instruction set [SSE2|AVX|AVX2|AVX512]
Thread count: 32 physical cores, 64 logical processors, using up to 32 threads

Non-default parameters:
NumericFocus  1
[2025-09-20 20:37:15] DEBUG    Academic license 2680226 - for non-commercial use only - registered to an___@mail.polimi.it
Optimize a model with 24014354 rows, 17961158 columns and 58484778 nonzeros
[2025-09-20 20:37:16] DEBUG    Model fingerprint: 0xa12b7057
[2025-09-20 20:37:16] DEBUG    Coefficient statistics:
  Matrix range     [1e-07, 3e+02]
  Objective range  [1e+00, 1e+06]
  Bounds range     [0e+00, 0e+00]
  RHS range        [1e+00, 2e+08]
[2025-09-20 20:37:23] DEBUG    Presolve removed 19150857 rows and 10548373 columns (presolve time = 7s)...
[2025-09-20 20:37:27] DEBUG    Presolve removed 19154947 rows and 12290000 columns (presolve time = 11s)...
[2025-09-20 20:37:32] DEBUG    Presolve removed 21671960 rows and 14756234 columns (presolve time = 16s)...
[2025-09-20 20:37:37] DEBUG    Presolve removed 22209855 rows and 14861354 columns (presolve time = 21s)...
[2025-09-20 20:37:39] DEBUG    Presolve removed 22349999 rows and 14861354 columns
[2025-09-20 20:37:39] DEBUG    Presolve time: 23.36s
Presolved: 1664355 rows, 3239948 columns, 9361088 nonzeros

Concurrent LP optimizer: primal simplex, dual simplex, and barrier
Showing barrier log only...
[2025-09-20 20:37:52] DEBUG    Elapsed ordering time = 11s
[2025-09-20 20:37:58] DEBUG    Ordering time: 17.19s
[2025-09-20 20:37:59] DEBUG    Barrier statistics:
[2025-09-20 20:37:59] DEBUG    Dense cols : 144
 AA' NZ     : 8.891e+06
 Factor NZ  : 4.661e+07 (roughly 2.4 GB of memory)
 Factor Ops : 5.193e+09 (less than 1 second per iteration)
 Threads    : 30
[2025-09-20 20:38:03] DEBUG    Objective                Residual
Iter       Primal          Dual         Primal    Dual     Compl     Time
[2025-09-20 20:38:03] DEBUG    0   2.12647672e+21 -8.17288918e+18  6.97e+10 2.89e-11  3.84e+15    48s
[2025-09-20 20:38:07] DEBUG    1   1.71807190e+21 -8.17509511e+18  5.57e+10 2.29e+05  2.91e+15    52s
[2025-09-20 20:38:13] DEBUG    2   1.43002136e+21 -7.54703701e+18  4.57e+10 9.44e+04  2.16e+15    57s
[2025-09-20 20:38:20] DEBUG    3   1.06260864e+21 -6.75170295e+18  3.40e+10 2.85e+04  1.49e+15    65s
[2025-09-20 20:38:25] DEBUG    4   7.81303177e+20 -6.40827819e+18  2.53e+10 1.23e+04  1.09e+15    70s
[2025-09-20 20:38:28] DEBUG    5   6.08107672e+20 -6.19887356e+18  1.95e+10 5.64e+03  8.43e+14    73s
[2025-09-20 20:38:32] DEBUG    6   3.16523203e+20 -6.01503970e+18  1.01e+10 3.77e+03  4.44e+14    77s
[2025-09-20 20:38:36] DEBUG    7   1.02027042e+20 -5.56582074e+18  3.32e+09 1.79e+03  1.49e+14    81s
[2025-09-20 20:38:40] DEBUG    8   2.45422242e+19 -4.88227913e+18  8.63e+08 7.98e+02  4.08e+13    84s
[2025-09-20 20:38:46] DEBUG    9   1.38227186e+19 -3.62152659e+18  4.84e+08 8.52e+01  2.12e+13    90s
[2025-09-20 20:38:50] DEBUG    10   8.54432841e+18 -3.08229799e+18  3.00e+08 3.10e+01  1.30e+13    94s
[2025-09-20 20:38:55] DEBUG    11   4.76299972e+18 -2.52840247e+18  1.72e+08 8.59e+00  7.40e+12    99s
[2025-09-20 20:39:00] DEBUG    12   2.07064358e+18 -1.86143634e+18  7.36e+07 6.88e-01  3.16e+12   105s
[2025-09-20 20:39:04] DEBUG    13   2.46446934e+17 -1.10848119e+18  8.67e+06 2.01e-01  4.78e+11   109s
[2025-09-20 20:39:08] DEBUG    14   2.21315034e+16 -3.81148570e+17  7.63e+05 6.46e-02  7.88e+10   113s
[2025-09-20 20:39:12] DEBUG    15   4.59701397e+14 -5.06527057e+16  5.20e+03 1.08e-02  7.80e+09   117s
[2025-09-20 20:39:16] DEBUG    16   2.77721451e+14 -9.71298074e+15  1.99e+02 1.05e-02  1.49e+09   121s
[2025-09-20 20:39:20] DEBUG    17   2.55303754e+14 -3.33918247e+15  3.30e+01 1.35e-02  5.16e+08   125s
[2025-09-20 20:39:26] DEBUG    18   2.47846318e+14 -9.51681302e+14  1.61e+01 1.34e-02  1.52e+08   130s
[2025-09-20 20:39:30] DEBUG    19   2.40688735e+14 -6.34614844e+14  8.81e+00 1.61e-02  1.02e+08   135s
[2025-09-20 20:39:35] DEBUG    20   2.38299573e+14 -3.46797535e+14  7.20e+00 1.38e-02  5.70e+07   139s
[2025-09-20 20:39:39] DEBUG    21   2.33846128e+14 -2.41777146e+14  4.79e+00 1.40e-02  4.01e+07   143s
[2025-09-20 20:39:43] DEBUG    22   2.33367661e+14 -1.93777676e+14  4.62e+00 1.42e-02  3.23e+07   148s
[2025-09-20 20:39:47] DEBUG    23   2.29376124e+14 -3.42103012e+13  3.26e+00 1.47e-02  6.45e+06   151s
[2025-09-20 20:39:52] DEBUG    24   2.20758757e+14 -1.08214310e+13  1.10e+00 2.04e-02  2.10e+06   156s
[2025-09-20 20:39:59] DEBUG    25   2.18689362e+14 -2.33061592e+12  9.16e-01 1.54e-02  5.14e+05   164s
[2025-09-20 20:40:05] DEBUG    26   2.14575368e+14 -7.32120198e+11  6.09e-01 1.49e-02  1.87e+05   170s
[2025-09-20 20:40:09] DEBUG    27   2.12764071e+14 -5.96115770e+11  5.14e-01 1.48e-02  1.54e+05   174s
[2025-09-20 20:40:13] DEBUG    28   2.11810685e+14 -4.56215172e+11  4.72e-01 1.48e-02  1.26e+05   178s
[2025-09-20 20:40:16] DEBUG    29   2.10375764e+14 -3.72000691e+11  4.13e-01 1.48e-02  1.06e+05   181s
[2025-09-20 20:40:22] DEBUG    30   2.09822153e+14 -3.15532759e+11  3.93e-01 1.48e-02  9.42e+04   186s
[2025-09-20 20:40:27] DEBUG    31   2.07656029e+14 -2.17419782e+11  3.19e-01 1.47e-02  6.86e+04   192s
[2025-09-20 20:40:36] DEBUG    32   2.05589904e+14 -1.51847035e+11  2.61e-01 1.46e-02  4.88e+04   201s
[2025-09-20 20:40:45] DEBUG    33   2.04871611e+14 -1.43791797e+11  2.45e-01 1.46e-02  4.54e+04   210s
[2025-09-20 20:40:50] DEBUG    34   2.04515474e+14 -1.39706610e+11  2.37e-01 1.46e-02  4.37e+04   215s
[2025-09-20 20:40:57] DEBUG    35   2.03718570e+14 -1.33948495e+11  2.20e-01 1.46e-02  4.07e+04   222s
[2025-09-20 20:41:06] DEBUG    36   2.03135528e+14 -1.27104479e+11  2.09e-01 1.46e-02  3.81e+04   231s
[2025-09-20 20:41:16] DEBUG    37   2.02790092e+14 -1.21638171e+11  2.02e-01 1.46e-02  3.63e+04   240s
[2025-09-20 20:41:24] DEBUG    38   2.02387177e+14 -1.18104763e+11  1.95e-01 1.46e-02  3.47e+04   248s
[2025-09-20 20:41:34] DEBUG    39   2.01843303e+14 -1.12755271e+11  1.85e-01 1.49e-02  3.26e+04   258s
[2025-09-20 20:41:41] DEBUG    40   2.01550204e+14 -1.09590495e+11  1.80e-01 1.58e-02  3.14e+04   266s
[2025-09-20 20:41:47] DEBUG    41   2.01322794e+14 -1.08440683e+11  1.77e-01 1.62e-02  3.07e+04   272s
[2025-09-20 20:41:53] DEBUG    42   2.01169648e+14 -1.06759933e+11  1.74e-01 1.66e-02  3.01e+04   278s
[2025-09-20 20:42:00] DEBUG    43   2.00980505e+14 -1.04616406e+11  1.71e-01 1.72e-02  2.93e+04   284s
[2025-09-20 20:42:09] DEBUG    44   2.00789873e+14 -1.01209277e+11  1.68e-01 1.82e-02  2.83e+04   294s
[2025-09-20 20:42:14] DEBUG    45   2.00337971e+14 -1.00195380e+11  1.61e-01 1.84e-02  2.73e+04   299s
[2025-09-20 20:42:22] DEBUG    46   2.00063354e+14 -9.85668686e+10  1.57e-01 1.88e-02  2.65e+04   307s
[2025-09-20 20:42:28] DEBUG    47   1.99884320e+14 -9.74921471e+10  1.54e-01 1.90e-02  2.60e+04   312s
[2025-09-20 20:42:35] DEBUG    48   1.99823679e+14 -9.65902905e+10  1.53e-01 1.94e-02  2.57e+04   320s
[2025-09-20 20:42:43] DEBUG    49   1.99725097e+14 -9.56806441e+10  1.51e-01 1.99e-02  2.53e+04   327s
[2025-09-20 20:42:51] DEBUG    50   1.99625226e+14 -9.46418292e+10  1.50e-01 2.05e-02  2.50e+04   336s
[2025-09-20 20:42:59] DEBUG    51   1.99503016e+14 -9.42557232e+10  1.48e-01 2.07e-02  2.47e+04   343s
[2025-09-20 20:43:07] DEBUG    52   1.99319915e+14 -9.31710564e+10  1.46e-01 2.13e-02  2.42e+04   351s
[2025-09-20 20:43:15] DEBUG    53   1.99089783e+14 -9.16090946e+10  1.42e-01 2.20e-02  2.35e+04   359s
[2025-09-20 20:43:22] DEBUG    54   1.98744827e+14 -9.02703651e+10  1.37e-01 2.26e-02  2.26e+04   366s
[2025-09-20 20:43:29] DEBUG    55   1.98457742e+14 -8.87984823e+10  1.33e-01 2.33e-02  2.19e+04   374s
[2025-09-20 20:43:35] DEBUG    56   1.98305139e+14 -8.79229823e+10  1.31e-01 2.36e-02  2.15e+04   380s
[2025-09-20 20:43:41] DEBUG    57   1.98022684e+14 -8.63477989e+10  1.28e-01 2.42e-02  2.07e+04   385s
[2025-09-20 20:43:50] DEBUG    58   1.97842835e+14 -8.50802785e+10  1.25e-01 2.52e-02  2.02e+04   394s
[2025-09-20 20:43:57] DEBUG    59   1.97701477e+14 -8.42711417e+10  1.24e-01 2.59e-02  1.98e+04   402s
[2025-09-20 20:44:04] DEBUG    60   1.97647631e+14 -8.35891935e+10  1.23e-01 2.64e-02  1.96e+04   408s
[2025-09-20 20:44:10] DEBUG    61   1.97464880e+14 -8.32253261e+10  1.21e-01 2.67e-02  1.93e+04   415s
[2025-09-20 20:44:18] DEBUG    62   1.97155923e+14 -8.27975219e+10  1.17e-01 2.69e-02  1.87e+04   423s
[2025-09-20 20:44:27] DEBUG    63   1.96994516e+14 -8.18770213e+10  1.15e-01 2.74e-02  1.83e+04   431s
[2025-09-20 20:44:36] DEBUG    64   1.96642826e+14 -8.06028330e+10  1.11e-01 2.82e-02  1.76e+04   441s
[2025-09-20 20:44:44] DEBUG    65   1.96412195e+14 -7.95808541e+10  1.08e-01 2.88e-02  1.70e+04   448s
[2025-09-20 20:44:51] DEBUG    66   1.96255670e+14 -7.91136344e+10  1.06e-01 2.90e-02  1.67e+04   456s
[2025-09-20 20:44:56] DEBUG    67   1.96114921e+14 -7.85887015e+10  1.05e-01 2.93e-02  1.64e+04   461s
[2025-09-20 20:45:03] DEBUG    68   1.95940935e+14 -7.81425178e+10  1.03e-01 2.94e-02  1.61e+04   468s
[2025-09-20 20:45:10] DEBUG    69   1.95851411e+14 -7.76920654e+10  1.02e-01 2.96e-02  1.59e+04   474s
[2025-09-20 20:45:17] DEBUG    70   1.95768915e+14 -7.76293762e+10  1.01e-01 2.96e-02  1.58e+04   482s
[2025-09-20 20:45:24] DEBUG    71   1.95536234e+14 -7.91546481e+10  9.84e-02 2.99e-02  1.53e+04   488s
[2025-09-20 20:45:31] DEBUG    72   1.95491377e+14 -7.94891472e+10  9.79e-02 3.00e-02  1.81e+04   495s
[2025-09-20 20:45:38] DEBUG    73   1.95444902e+14 -7.96999664e+10  9.74e-02 3.02e-02  1.78e+04   503s
[2025-09-20 20:45:46] DEBUG    74   1.95286400e+14 -7.99863329e+10  9.58e-02 3.03e-02  1.84e+04   511s
[2025-09-20 20:45:53] DEBUG    75   1.94944682e+14 -8.02622375e+10  9.23e-02 3.03e-02  1.77e+04   517s
[2025-09-20 20:46:00] DEBUG    76   1.94579627e+14 -8.04895396e+10  8.87e-02 3.04e-02  1.75e+04   524s
[2025-09-20 20:46:05] DEBUG    77   1.94272426e+14 -8.06498322e+10  8.58e-02 3.04e-02  1.69e+04   530s
[2025-09-20 20:46:12] DEBUG    78   1.94138258e+14 -8.08356790e+10  8.45e-02 3.03e-02  1.66e+04   537s
[2025-09-20 20:46:17] DEBUG    79   1.93991638e+14 -8.10184665e+10  8.32e-02 3.02e-02  1.63e+04   542s
[2025-09-20 20:46:24] DEBUG    80   1.93830805e+14 -8.12314324e+10  8.18e-02 3.01e-02  1.60e+04   549s
[2025-09-20 20:46:31] DEBUG    81   1.93550655e+14 -8.14429105e+10  7.93e-02 3.00e-02  1.55e+04   555s
[2025-09-20 20:46:31] DEBUG    Barrier performed 81 iterations in 555.35 seconds (148.33 work units)
Numerical trouble encountered

Model may be infeasible or unbounded.  Consider using the
homogeneous algorithm (through parameter 'BarHomogeneous')
[2025-09-20 20:47:35] DEBUG    Waiting for other threads to finish...         620s
[2025-09-20 20:48:40] DEBUG    Waiting for other threads to finish...         684s
[2025-09-20 20:49:44] DEBUG    Waiting for other threads to finish...         749s
[2025-09-20 20:50:49] DEBUG    Waiting for other threads to finish...         814s
[2025-09-20 20:51:54] DEBUG    Waiting for other threads to finish...         878s
[2025-09-20 20:52:58] DEBUG    Waiting for other threads to finish...         943s
[2025-09-20 20:54:03] DEBUG    Waiting for other threads to finish...        1007s
[2025-09-20 20:55:07] DEBUG    Waiting for other threads to finish...        1072s
[2025-09-20 20:56:12] DEBUG    Waiting for other threads to finish...        1137s
[2025-09-20 20:57:16] DEBUG    Waiting for other threads to finish...        1201s
[2025-09-20 20:58:21] DEBUG    Waiting for other threads to finish...        1265s
[2025-09-20 20:59:25] DEBUG    Waiting for other threads to finish...        1330s
[2025-09-20 21:00:30] DEBUG    Waiting for other threads to finish...        1394s
[2025-09-20 21:01:34] DEBUG    Waiting for other threads to finish...        1459s
[2025-09-20 21:02:39] DEBUG    Waiting for other threads to finish...        1523s
[2025-09-20 21:03:43] DEBUG    Waiting for other threads to finish...        1588s
[2025-09-20 21:04:48] DEBUG    Waiting for other threads to finish...        1653s
[2025-09-20 21:05:53] DEBUG    Waiting for other threads to finish...        1717s
[2025-09-20 21:06:57] DEBUG    Waiting for other threads to finish...        1782s
[2025-09-20 21:08:02] DEBUG    Waiting for other threads to finish...        1847s
[2025-09-20 21:09:07] DEBUG    Waiting for other threads to finish...        1911s
[2025-09-20 21:09:45] DEBUG    Solved with dual simplex
[2025-09-20 21:09:56] DEBUG    Iteration    Objective       Primal Inf.    Dual Inf.      Time
[2025-09-20 21:09:56] DEBUG    1647388    1.9003420e+10   0.000000e+00   0.000000e+00   1960s

Solved in 1647388 iterations and 1960.33 seconds (1331.12 work units)
[2025-09-20 21:09:56] DEBUG    Optimal objective  1.900341958e+10
✅ Scenario completato: existing_CG+VRES_2030_BESS

🚀 Lancio scenario: existing_CG+VRES_2030_nostorage
[2025-09-20 21:22:39] INFO     Loading sets
[2025-09-20 21:22:39] INFO     Loading parameters
[2025-09-20 21:23:13] INFO     constraints are loaded in the following order: ['energy_balance', 'dispatch', 'costs', 'capacity', 'network', 'policy', 'conversion', 'group', 'conversion_plus', 'milp', 'export']
[2025-09-20 21:23:13] INFO     creating energy_balance constraints
[2025-09-20 21:26:05] INFO     creating dispatch constraints
[2025-09-20 21:27:57] INFO     creating costs constraints
[2025-09-20 21:43:22] INFO     creating capacity constraints
[2025-09-20 21:43:22] INFO     creating network constraints
[2025-09-20 21:43:22] INFO     creating policy constraints
[2025-09-20 21:43:22] INFO     creating conversion constraints
[2025-09-20 21:43:22] INFO     creating group constraints
[2025-09-20 21:43:22] INFO     creating conversion_plus constraints
[2025-09-20 21:43:22] INFO     creating milp constraints
[2025-09-20 21:43:22] INFO     creating export constraints
[2025-09-20 21:55:28] DEBUG    Set parameter WLSAccessID
Set parameter WLSSecret
Set parameter LicenseID to value 2680226
[2025-09-20 21:55:28] DEBUG    Academic license 2680226 - for non-commercial use only - registered to an___@mail.polimi.it
[2025-09-20 21:56:02] DEBUG    Read LP format model from file /tmp/tmpgurgc9ae.pyomo.lp
[2025-09-20 21:56:02] DEBUG    Reading time = 33.57 seconds
x16690784: 22235900 rows, 16690784 columns, 53911739 nonzeros
Set parameter NumericFocus to value 1
Gurobi Optimizer version 12.0.2 build v12.0.2rc0 (linux64 - "Debian GNU/Linux 11 (bullseye)")

CPU model: Intel(R) Xeon(R) Silver 4314 CPU @ 2.40GHz, instruction set [SSE2|AVX|AVX2|AVX512]
Thread count: 32 physical cores, 64 logical processors, using up to 32 threads

Non-default parameters:
NumericFocus  1
[2025-09-20 21:56:02] DEBUG    Academic license 2680226 - for non-commercial use only - registered to an___@mail.polimi.it
Optimize a model with 22235900 rows, 16690784 columns and 53911739 nonzeros
[2025-09-20 21:56:03] DEBUG    Model fingerprint: 0x57434a17
[2025-09-20 21:56:03] DEBUG    Coefficient statistics:
  Matrix range     [1e-07, 3e+02]
  Objective range  [1e+00, 1e+06]
  Bounds range     [0e+00, 0e+00]
  RHS range        [1e+00, 2e+08]
[2025-09-20 21:56:09] DEBUG    Presolve removed 18642661 rows and 10040177 columns (presolve time = 6s)...
[2025-09-20 21:56:13] DEBUG    Presolve removed 19724947 rows and 12860000 columns (presolve time = 10s)...
[2025-09-20 21:56:18] DEBUG    Presolve removed 21447616 rows and 14044916 columns (presolve time = 16s)...
[2025-09-20 21:56:21] DEBUG    Presolve removed 21587760 rows and 14150120 columns
[2025-09-20 21:56:21] DEBUG    Presolve time: 19.25s
Presolved: 648140 rows, 2680808 columns, 5093054 nonzeros
[2025-09-20 21:56:21] DEBUG    Concurrent LP optimizer: primal simplex, dual simplex, and barrier
Showing barrier log only...
[2025-09-20 21:56:22] DEBUG    Ordering time: 0.32s
[2025-09-20 21:56:23] DEBUG    Barrier statistics:
 Dense cols : 115
 AA' NZ     : 1.931e+06
[2025-09-20 21:56:23] DEBUG    Factor NZ  : 1.953e+07 (roughly 1.5 GB of memory)
 Factor Ops : 1.973e+09 (less than 1 second per iteration)
 Threads    : 30
[2025-09-20 21:56:25] DEBUG    Objective                Residual
[2025-09-20 21:56:25] DEBUG    Iter       Primal          Dual         Primal    Dual     Compl     Time
[2025-09-20 21:56:26] DEBUG    0   2.19009457e+21 -9.48589323e+18  6.97e+10 3.27e-03  4.46e+15    24s
[2025-09-20 21:56:29] DEBUG    1   1.76348392e+21 -9.58446907e+18  5.54e+10 3.67e+05  3.58e+15    27s
[2025-09-20 21:56:32] DEBUG    2   1.43692071e+21 -9.16857985e+18  4.52e+10 2.72e+05  2.92e+15    31s
[2025-09-20 21:56:37] DEBUG    3   1.24467677e+21 -8.36853714e+18  3.91e+10 1.52e+05  2.47e+15    35s
[2025-09-20 21:56:41] DEBUG    4   8.89127341e+20 -7.94275053e+18  2.70e+10 8.57e+04  1.71e+15    39s
[2025-09-20 21:56:45] DEBUG    5   6.49518940e+20 -7.36392810e+18  1.95e+10 2.12e+04  1.22e+15    43s
[2025-09-20 21:56:50] DEBUG    6   2.38804442e+20 -6.87431171e+18  6.50e+09 4.11e+03  4.17e+14    48s
[2025-09-20 21:56:53] DEBUG    7   4.85259053e+19 -5.99594339e+18  1.24e+09 3.52e+02  8.11e+13    51s
[2025-09-20 21:56:55] DEBUG    8   4.51310092e+18 -4.42498001e+18  1.14e+08 4.45e+01  8.09e+12    53s
[2025-09-20 21:56:58] DEBUG    9   8.87306913e+17 -2.52720075e+18  2.07e+07 9.85e+00  1.75e+12    56s
[2025-09-20 21:57:00] DEBUG    10   2.96725656e+17 -9.31580415e+17  7.17e+06 1.65e+00  5.42e+11    59s
[2025-09-20 21:57:03] DEBUG    11   7.73421606e+16 -3.53686071e+17  1.90e+06 1.05e+00  1.47e+11    61s
[2025-09-20 21:57:06] DEBUG    12   1.74818782e+16 -1.01277999e+17  4.40e+05 5.14e-01  3.29e+10    64s
[2025-09-20 21:57:08] DEBUG    13   4.13122540e+15 -1.85850242e+16  1.04e+05 1.61e-01  5.54e+09    66s
[2025-09-20 21:57:11] DEBUG    14   8.28462582e+14 -2.51453200e+15  1.97e+04 5.85e-03  7.34e+08    69s
[2025-09-20 21:57:13] DEBUG    15   7.65759611e+13 -6.92558668e+14  6.27e+02 1.75e-03  1.43e+08    71s
[2025-09-20 21:57:16] DEBUG    16   4.31780520e+13 -2.84328095e+13  1.52e+00 2.97e-03  5.70e+06    74s
[2025-09-20 21:57:19] DEBUG    17   3.50737529e+13 -3.96520857e+12  1.35e-02 3.18e-03  8.04e+05    77s
[2025-09-20 21:57:22] DEBUG    18   3.02479527e+13 -1.15743683e+12  5.28e-03 4.80e-03  2.42e+05    80s
[2025-09-20 21:57:25] DEBUG    19   2.82782191e+13 -1.05424295e+12  3.29e-03 4.86e-03  2.36e+05    83s
[2025-09-20 21:57:34] DEBUG    20   2.43500247e+13 -3.85025186e+11  2.89e-03 5.15e-03  1.81e+05    93s
[2025-09-20 21:57:44] DEBUG    21   1.92326564e+13 -1.42086224e+11  2.10e-03 5.26e-03  4.51e+05   102s
[2025-09-20 21:57:54] DEBUG    22   1.83598899e+13 -1.47781817e+11  1.73e-03 2.05e-02  1.36e+06   112s
[2025-09-20 21:58:03] DEBUG    23   1.18658140e+13 -7.97003820e+10  1.10e-03 5.11e-03  7.12e+05   121s
[2025-09-20 21:58:11] DEBUG    24   9.18409269e+12 -9.18758345e+10  6.74e-04 5.08e-03  8.56e+05   129s
[2025-09-20 21:58:23] DEBUG    25   5.93496669e+12 -7.87492146e+10  6.11e-04 5.06e-03  6.76e+05   141s
[2025-09-20 21:58:33] DEBUG    26   3.63577283e+12 -1.88595998e+11  8.54e-04 5.03e-03  6.09e+05   151s
[2025-09-20 21:58:39] DEBUG    27   2.58859018e+12 -8.47197945e+10  4.30e-04 5.03e-03  3.69e+05   157s
[2025-09-20 21:58:45] DEBUG    28   1.33189519e+12 -1.46056995e+10  3.65e-04 5.03e-03  1.64e+05   163s
[2025-09-20 21:58:50] DEBUG    29   7.03031050e+11 -1.00055170e+10  7.86e-04 5.02e-03  7.19e+04   168s
[2025-09-20 21:58:55] DEBUG    30   4.83022973e+11  7.30082175e+09  1.10e-03 5.02e-03  3.56e+04   173s
[2025-09-20 21:59:00] DEBUG    31   3.11067794e+11  1.28148091e+10  8.54e-04 5.03e-03  1.01e+04   178s
[2025-09-20 21:59:03] DEBUG    32   2.91753906e+11  1.49715889e+10  1.23e-04 5.06e-03  7.46e+03   181s
[2025-09-20 21:59:06] DEBUG    33   2.73514017e+11  1.57340861e+10  8.54e-04 5.06e-03  5.44e+03   185s
[2025-09-20 21:59:10] DEBUG    34   2.53638372e+11  1.59983277e+10  1.91e-04 5.06e-03  3.67e+03   188s
[2025-09-20 21:59:12] DEBUG    35   2.41347246e+11  1.66159821e+10  3.65e-04 5.06e-03  2.72e+03   190s
[2025-09-20 21:59:17] DEBUG    36   2.37217852e+11  1.68655867e+10  4.30e-04 5.05e-03  2.44e+03   195s
[2025-09-20 21:59:22] DEBUG    37   2.36324546e+11  1.69982121e+10  3.65e-04 5.05e-03  2.37e+03   200s
[2025-09-20 21:59:29] DEBUG    38   2.35338342e+11  1.72380042e+10  8.54e-04 5.05e-03  2.27e+03   207s
[2025-09-20 21:59:34] DEBUG    39   2.29842422e+11  1.73994083e+10  3.46e-04 5.05e-03  1.99e+03   213s
[2025-09-20 21:59:41] DEBUG    40   2.24448952e+11  1.75700549e+10  8.54e-04 5.05e-03  1.73e+03   219s
[2025-09-20 21:59:50] DEBUG    41   2.21785771e+11  1.76968194e+10  5.20e-04 5.05e-03  1.60e+03   228s
[2025-09-20 21:59:56] DEBUG    42   2.19912106e+11  1.78178660e+10  4.93e-04 5.05e-03  1.51e+03   234s
[2025-09-20 22:00:02] DEBUG    43   2.08005356e+11  1.80419926e+10  8.54e-04 5.04e-03  1.07e+03   240s
[2025-09-20 22:00:09] DEBUG    44   1.98950808e+11  1.83153103e+10  6.11e-04 5.04e-03  7.90e+02   247s
[2025-09-20 22:00:15] DEBUG    45   1.93722446e+11  1.84986530e+10  7.58e-04 5.03e-03  6.59e+02   253s
[2025-09-20 22:00:21] DEBUG    46   1.85767461e+11  1.85986662e+10  1.13e-03 5.03e-03  5.09e+02   259s
[2025-09-20 22:00:32] DEBUG    47   1.93018478e+11  1.86156859e+10  1.11e-03 5.03e-03  6.39e+02   271s
[2025-09-20 22:00:44] DEBUG    48   2.01596805e+11  1.87049973e+10  9.75e-04 5.02e-03  1.24e+03   282s
[2025-09-20 22:00:58] DEBUG    49   1.95711109e+11  1.87091480e+10  8.59e-04 5.02e-03  1.02e+03   296s
[2025-09-20 22:01:07] DEBUG    50   1.94418875e+11  1.87588724e+10  7.94e-04 5.02e-03  1.13e+03   306s
[2025-09-20 22:01:16] DEBUG    51   1.94052827e+11  1.87891812e+10  7.67e-04 5.02e-03  1.22e+03   314s
[2025-09-20 22:01:24] DEBUG    52   1.91955789e+11  1.88060606e+10  1.34e-03 5.02e-03  1.11e+03   322s
[2025-09-20 22:01:31] DEBUG    53   1.90014657e+11  1.88174741e+10  5.90e-04 5.02e-03  9.35e+02   330s
[2025-09-20 22:01:39] DEBUG    54   1.89081768e+11  1.88271923e+10  8.54e-04 5.02e-03  8.44e+02   337s
[2025-09-20 22:01:46] DEBUG    55   1.88519798e+11  1.88400384e+10  8.54e-04 5.02e-03  7.97e+02   344s
[2025-09-20 22:01:53] DEBUG    56   1.88156460e+11  1.88488910e+10  1.34e-03 5.02e-03  7.65e+02   351s
[2025-09-20 22:02:01] DEBUG    57   1.87745995e+11  1.88570626e+10  8.54e-04 5.02e-03  7.23e+02   359s
[2025-09-20 22:02:07] DEBUG    58   1.87546440e+11  1.88647197e+10  4.49e-04 5.02e-03  7.08e+02   365s
[2025-09-20 22:02:14] DEBUG    59   1.87163836e+11  1.88679129e+10  8.54e-04 5.02e-03  6.61e+02   372s
[2025-09-20 22:02:20] DEBUG    60   1.86871944e+11  1.88777453e+10  2.32e-03 5.02e-03  6.32e+02   378s
[2025-09-20 22:02:26] DEBUG    61   1.86650739e+11  1.88812904e+10  4.35e-04 5.02e-03  6.07e+02   385s
[2025-09-20 22:02:32] DEBUG    62   1.86315736e+11  1.88848746e+10  1.34e-03 5.02e-03  5.60e+02   390s
[2025-09-20 22:02:38] DEBUG    63   1.86072771e+11  1.88968717e+10  9.18e-04 5.02e-03  5.33e+02   396s
[2025-09-20 22:02:43] DEBUG    64   1.85870190e+11  1.89020475e+10  3.65e-04 5.02e-03  5.06e+02   401s
[2025-09-20 22:02:48] DEBUG    65   1.85757779e+11  1.89046625e+10  1.34e-03 5.02e-03  4.91e+02   406s
[2025-09-20 22:02:54] DEBUG    66   1.85626297e+11  1.89084053e+10  4.30e-04 5.02e-03  4.73e+02   413s
[2025-09-20 22:03:01] DEBUG    67   1.85482586e+11  1.89106038e+10  8.54e-04 5.02e-03  4.52e+02   419s
[2025-09-20 22:03:07] DEBUG    68   1.85380055e+11  1.89147968e+10  8.54e-04 5.02e-03  4.38e+02   425s
[2025-09-20 22:03:12] DEBUG    69   1.85364776e+11  1.89179894e+10  5.46e-04 5.02e-03  4.38e+02   431s
[2025-09-20 22:03:19] DEBUG    70   1.85196333e+11  1.89213451e+10  2.98e-04 5.02e-03  4.13e+02   437s
[2025-09-20 22:03:25] DEBUG    71   1.85153213e+11  1.89225593e+10  3.65e-04 5.02e-03  4.07e+02   443s
[2025-09-20 22:03:32] DEBUG    72   1.84981033e+11  1.89258489e+10  6.11e-04 5.02e-03  3.82e+02   450s
[2025-09-20 22:03:39] DEBUG    73   1.84870384e+11  1.89285295e+10  1.34e-03 5.02e-03  3.66e+02   457s
[2025-09-20 22:03:47] DEBUG    74   1.84756177e+11  1.89311537e+10  5.42e-04 5.02e-03  3.48e+02   465s
[2025-09-20 22:03:54] DEBUG    75   1.84655585e+11  1.89331025e+10  3.65e-04 5.02e-03  3.34e+02   472s
[2025-09-20 22:04:02] DEBUG    76   1.84567389e+11  1.89350884e+10  1.34e-03 5.02e-03  3.21e+02   480s
[2025-09-20 22:04:09] DEBUG    77   1.84529839e+11  1.89370156e+10  8.54e-04 5.01e-03  3.16e+02   488s
[2025-09-20 22:04:17] DEBUG    78   1.84431121e+11  1.89385007e+10  6.11e-04 5.01e-03  3.00e+02   495s
[2025-09-20 22:04:24] DEBUG    79   1.84332590e+11  1.89404939e+10  4.30e-04 5.01e-03  2.85e+02   502s
[2025-09-20 22:04:32] DEBUG    80   1.84266371e+11  1.89415032e+10  7.86e-04 5.01e-03  2.75e+02   510s
[2025-09-20 22:04:39] DEBUG    81   1.84210268e+11  1.89434543e+10  8.54e-04 5.01e-03  2.67e+02   517s
[2025-09-20 22:04:46] DEBUG    82   1.84135694e+11  1.89447213e+10  6.74e-04 5.01e-03  2.56e+02   524s
[2025-09-20 22:04:53] DEBUG    83   1.84061801e+11  1.89459077e+10  5.42e-04 5.01e-03  2.45e+02   531s
[2025-09-20 22:05:00] DEBUG    84   1.83995489e+11  1.89474540e+10  6.74e-04 5.01e-03  2.34e+02   538s
[2025-09-20 22:05:07] DEBUG    85   1.83928649e+11  1.89484345e+10  8.54e-04 5.01e-03  2.25e+02   545s
[2025-09-20 22:05:13] DEBUG    86   1.83868634e+11  1.89494139e+10  3.65e-04 5.01e-03  2.16e+02   551s
[2025-09-20 22:05:21] DEBUG    87   1.83831571e+11  1.89505090e+10  1.10e-03 5.01e-03  2.11e+02   559s
[2025-09-20 22:05:31] DEBUG    88   1.83735371e+11  1.89520195e+10  6.11e-04 5.01e-03  1.95e+02   569s
[2025-09-20 22:05:38] DEBUG    89   1.83690093e+11  1.89535516e+10  4.35e-04 5.01e-03  1.88e+02   576s
[2025-09-20 22:05:44] DEBUG    90   1.83637213e+11  1.89555859e+10  6.11e-04 5.01e-03  1.79e+02   582s
[2025-09-20 22:05:49] DEBUG    91   1.83556557e+11  1.89571897e+10  1.91e-04 5.01e-03  1.66e+02   587s
[2025-09-20 22:05:54] DEBUG    92   1.83533817e+11  1.89580425e+10  1.91e-04 5.01e-03  1.62e+02   593s
[2025-09-20 22:06:01] DEBUG    93   1.83481117e+11  1.89607654e+10  1.23e-04 5.01e-03  1.54e+02   600s
[2025-09-20 22:06:09] DEBUG    94   1.83420956e+11  1.89613085e+10  8.54e-04 5.01e-03  1.44e+02   607s
[2025-09-20 22:06:17] DEBUG    95   1.83389225e+11  1.89622557e+10  4.30e-04 5.01e-03  1.40e+02   615s
[2025-09-20 22:06:22] DEBUG    96   1.83366607e+11  1.89629379e+10  4.35e-04 5.01e-03  1.37e+02   621s
[2025-09-20 22:06:28] DEBUG    97   1.83326221e+11  1.89636504e+10  1.91e-04 5.01e-03  1.31e+02   627s
[2025-09-20 22:06:37] DEBUG    98   1.83290638e+11  1.89646830e+10  8.54e-04 5.01e-03  1.25e+02   635s
[2025-09-20 22:06:44] DEBUG    99   1.83230267e+11  1.89656701e+10  1.34e-03 5.01e-03  1.15e+02   643s
[2025-09-20 22:06:52] DEBUG    100   1.83188052e+11  1.89662968e+10  3.65e-04 5.01e-03  1.09e+02   650s
[2025-09-20 22:06:58] DEBUG    101   1.83150078e+11  1.89671434e+10  1.03e-03 5.01e-03  1.04e+02   656s
[2025-09-20 22:07:05] DEBUG    102   1.83107657e+11  1.89676109e+10  7.86e-04 5.01e-03  9.85e+01   663s
[2025-09-20 22:07:11] DEBUG    103   1.83080116e+11  1.89681201e+10  7.86e-04 5.01e-03  9.51e+01   669s
[2025-09-20 22:07:18] DEBUG    104   1.83047475e+11  1.89685219e+10  8.54e-04 5.01e-03  9.10e+01   676s
[2025-09-20 22:07:25] DEBUG    105   1.83013230e+11  1.89687221e+10  7.86e-04 5.01e-03  8.69e+01   684s
[2025-09-20 22:07:32] DEBUG    106   1.82976622e+11  1.89691037e+10  6.11e-04 5.01e-03  8.24e+01   690s
[2025-09-20 22:07:39] DEBUG    107   1.82950163e+11  1.89695341e+10  6.11e-04 5.01e-03  7.93e+01   697s
[2025-09-20 22:07:46] DEBUG    108   1.82922904e+11  1.89697734e+10  7.86e-04 5.01e-03  7.61e+01   704s
[2025-09-20 22:07:53] DEBUG    109   1.82902025e+11  1.89700746e+10  6.11e-04 5.01e-03  7.37e+01   711s
[2025-09-20 22:07:58] DEBUG    110   1.82883224e+11  1.89701876e+10  8.54e-04 5.01e-03  7.16e+01   716s
[2025-09-20 22:08:04] DEBUG    111   1.82831435e+11  1.89706539e+10  3.65e-04 5.01e-03  6.58e+01   722s
[2025-09-20 22:08:08] DEBUG    112   1.82802707e+11  1.89708111e+10  3.65e-04 5.01e-03  6.18e+01   726s
[2025-09-20 22:08:15] DEBUG    113   1.82777072e+11  1.89710787e+10  2.98e-04 5.01e-03  5.83e+01   733s
[2025-09-20 22:08:21] DEBUG    114   1.82751533e+11  1.89715134e+10  3.65e-04 5.01e-03  5.49e+01   739s
[2025-09-20 22:08:28] DEBUG    115   1.82725462e+11  1.89717898e+10  5.42e-04 5.01e-03  5.14e+01   746s
[2025-09-20 22:08:36] DEBUG    116   1.82706780e+11  1.89719872e+10  4.02e-04 5.01e-03  4.90e+01   755s
[2025-09-20 22:08:43] DEBUG    117   1.82693912e+11  1.89721170e+10  6.11e-04 5.01e-03  4.73e+01   761s
[2025-09-20 22:08:50] DEBUG    118   1.82675472e+11  1.89723267e+10  7.86e-04 5.01e-03  4.50e+01   768s
[2025-09-20 22:08:56] DEBUG    119   1.82663772e+11  1.89724468e+10  1.03e-03 5.01e-03  4.35e+01   774s
[2025-09-20 22:09:02] DEBUG    120   1.82634796e+11  1.89725876e+10  7.86e-04 5.01e-03  4.00e+01   781s
[2025-09-20 22:09:07] DEBUG    121   1.82624330e+11  1.89726684e+10  2.98e-04 5.01e-03  3.88e+01   785s
[2025-09-20 22:09:12] DEBUG    122   1.82615797e+11  1.89727308e+10  5.46e-04 5.01e-03  3.78e+01   790s
[2025-09-20 22:09:17] DEBUG    123   1.82604146e+11  1.89728394e+10  7.86e-04 5.01e-03  3.64e+01   796s
[2025-09-20 22:09:29] DEBUG    124   1.82591128e+11  1.89728524e+10  7.86e-04 5.01e-03  3.50e+01   807s
[2025-09-20 22:09:36] DEBUG    125   1.82579135e+11  1.89730029e+10  5.42e-04 5.01e-03  3.36e+01   814s
[2025-09-20 22:09:41] DEBUG    126   1.82559483e+11  1.89730805e+10  6.11e-04 5.01e-03  3.14e+01   820s
[2025-09-20 22:09:49] DEBUG    127   1.82545356e+11  1.89731480e+10  5.42e-04 5.01e-03  2.99e+01   827s
[2025-09-20 22:09:55] DEBUG    128   1.82534394e+11  1.89732098e+10  2.98e-04 5.01e-03  2.88e+01   834s
[2025-09-20 22:10:03] DEBUG    129   1.82522264e+11  1.89732895e+10  6.11e-04 5.01e-03  2.75e+01   842s
[2025-09-20 22:10:11] DEBUG    130   1.82507893e+11  1.89733751e+10  8.54e-04 5.01e-03  2.61e+01   849s
[2025-09-20 22:10:16] DEBUG    131   1.82497653e+11  1.89734306e+10  7.86e-04 5.01e-03  2.51e+01   854s
[2025-09-20 22:10:22] DEBUG    132   1.82490729e+11  1.89734697e+10  7.86e-04 5.01e-03  2.44e+01   860s
[2025-09-20 22:10:29] DEBUG    133   1.82485660e+11  1.89735159e+10  7.86e-04 5.01e-03  2.39e+01   867s
[2025-09-20 22:10:35] DEBUG    134   1.82473829e+11  1.89735960e+10  1.34e-03 5.01e-03  2.28e+01   874s
[2025-09-20 22:10:42] DEBUG    135   1.82470240e+11  1.89736724e+10  1.34e-03 5.01e-03  2.25e+01   881s
[2025-09-20 22:10:48] DEBUG    136   1.82468126e+11  1.89737019e+10  1.34e-03 5.01e-03  2.23e+01   886s
[2025-09-20 22:10:52] DEBUG    137   1.82454901e+11  1.89738193e+10  8.54e-04 5.01e-03  2.11e+01   891s
[2025-09-20 22:10:58] DEBUG    138   1.82448040e+11  1.89737191e+10  1.34e-03 5.01e-03  2.06e+01   896s
[2025-09-20 22:11:04] DEBUG    139   1.82443760e+11  1.89738084e+10  8.54e-04 5.01e-03  2.02e+01   902s
[2025-09-20 22:11:10] DEBUG    140   1.82440253e+11  1.89738768e+10  8.54e-04 5.01e-03  1.99e+01   908s
[2025-09-20 22:11:18] DEBUG    141   1.82436645e+11  1.89739059e+10  7.86e-04 5.01e-03  1.96e+01   916s
[2025-09-20 22:11:23] DEBUG    142   1.82433968e+11  1.89739875e+10  7.86e-04 5.01e-03  1.93e+01   921s
[2025-09-20 22:11:32] DEBUG    143   1.82425879e+11  1.89740574e+10  5.46e-04 5.01e-03  1.87e+01   930s
[2025-09-20 22:11:39] DEBUG    144   1.82418326e+11  1.89741874e+10  8.54e-04 5.01e-03  1.80e+01   937s
[2025-09-20 22:11:44] DEBUG    145   1.82413398e+11  1.89743054e+10  8.54e-04 5.01e-03  1.76e+01   942s
[2025-09-20 22:11:51] DEBUG    146   1.82407749e+11  1.89743675e+10  1.34e-03 5.01e-03  1.72e+01   949s
[2025-09-20 22:11:56] DEBUG    147   1.82404614e+11  1.89744996e+10  8.54e-04 5.01e-03  1.69e+01   954s
[2025-09-20 22:12:03] DEBUG    148   1.82397226e+11  1.89745860e+10  1.34e-03 5.01e-03  1.64e+01   961s
[2025-09-20 22:12:10] DEBUG    149   1.82395820e+11  1.89746722e+10  8.54e-04 5.01e-03  1.62e+01   968s
[2025-09-20 22:12:16] DEBUG    150   1.82393801e+11  1.89747585e+10  8.54e-04 5.01e-03  1.61e+01   974s
[2025-09-20 22:12:23] DEBUG    151   1.82388104e+11  1.89748176e+10  5.42e-04 5.01e-03  1.57e+01   981s
[2025-09-20 22:12:29] DEBUG    152   1.82384292e+11  1.89748870e+10  1.03e-03 5.01e-03  1.54e+01   988s
[2025-09-20 22:12:37] DEBUG    153   1.82378153e+11  1.89749552e+10  3.65e-04 5.01e-03  1.49e+01   995s
[2025-09-20 22:12:44] DEBUG    154   1.82373189e+11  1.89751315e+10  3.65e-04 5.01e-03  1.46e+01  1002s
[2025-09-20 22:12:51] DEBUG    155   1.82368534e+11  1.89751569e+10  8.54e-04 5.01e-03  1.43e+01  1009s
[2025-09-20 22:12:58] DEBUG    156   1.82365385e+11  1.89752931e+10  8.54e-04 5.01e-03  1.40e+01  1016s
[2025-09-20 22:13:06] DEBUG    157   1.82359717e+11  1.89753110e+10  5.42e-04 5.01e-03  1.37e+01  1024s
[2025-09-20 22:13:14] DEBUG    158   1.82356295e+11  1.89754767e+10  8.54e-04 5.01e-03  1.34e+01  1032s
[2025-09-20 22:13:21] DEBUG    159   1.82353467e+11  1.89755861e+10  8.54e-04 5.01e-03  1.32e+01  1040s
[2025-09-20 22:13:27] DEBUG    160   1.82350289e+11  1.89756623e+10  1.34e-03 5.01e-03  1.30e+01  1045s
[2025-09-20 22:13:33] DEBUG    161   1.82345296e+11  1.89757162e+10  5.42e-04 5.01e-03  1.27e+01  1051s
[2025-09-20 22:13:40] DEBUG    162   1.82343316e+11  1.89758220e+10  6.74e-04 5.01e-03  1.25e+01  1058s
[2025-09-20 22:13:48] DEBUG    163   1.82340088e+11  1.89758754e+10  5.42e-04 5.01e-03  1.23e+01  1066s
[2025-09-20 22:13:55] DEBUG    164   1.82336237e+11  1.89759446e+10  7.86e-04 5.01e-03  1.21e+01  1073s
[2025-09-20 22:14:02] DEBUG    165   1.82330729e+11  1.89760119e+10  7.86e-04 5.01e-03  1.19e+01  1080s
[2025-09-20 22:14:11] DEBUG    166   1.82327546e+11  1.89760549e+10  7.86e-04 5.01e-03  1.18e+01  1089s
[2025-09-20 22:14:19] DEBUG    167   1.82319614e+11  1.89761426e+10  5.42e-04 5.01e-03  1.15e+01  1097s
[2025-09-20 22:14:25] DEBUG    168   1.82314115e+11  1.89762132e+10  1.10e-03 5.01e-03  1.13e+01  1104s
[2025-09-20 22:14:32] DEBUG    169   1.82309105e+11  1.89762961e+10  1.59e-03 5.01e-03  1.11e+01  1111s
[2025-09-20 22:14:42] DEBUG    170   1.82303982e+11  1.89763268e+10  1.27e-03 5.01e-03  1.10e+01  1120s
[2025-09-20 22:14:49] DEBUG    171   1.82301232e+11  1.89763923e+10  1.03e-03 5.01e-03  1.09e+01  1127s
[2025-09-20 22:14:53] DEBUG    172   1.82298733e+11  1.89764374e+10  1.59e-03 5.01e-03  1.08e+01  1131s
[2025-09-20 22:15:01] DEBUG    173   1.82291085e+11  1.89764529e+10  6.11e-04 5.01e-03  1.05e+01  1139s
[2025-09-20 22:15:08] DEBUG    174   1.82286591e+11  1.89764933e+10  8.54e-04 5.01e-03  1.04e+01  1147s
[2025-09-20 22:15:18] DEBUG    175   1.82282122e+11  1.89764995e+10  1.03e-03 5.01e-03  1.03e+01  1156s
[2025-09-20 22:15:27] DEBUG    176   1.82274871e+11  1.89765820e+10  1.03e-03 5.01e-03  1.00e+01  1165s
[2025-09-20 22:15:37] DEBUG    177   1.82271966e+11  1.89765715e+10  1.10e-03 5.01e-03  9.94e+00  1175s
[2025-09-20 22:15:43] DEBUG    178   1.82269615e+11  1.89765852e+10  1.10e-03 5.01e-03  9.87e+00  1181s
[2025-09-20 22:15:51] DEBUG    179   1.82266540e+11  1.89766318e+10  1.03e-03 5.01e-03  9.77e+00  1189s
[2025-09-20 22:15:56] DEBUG    180   1.82265410e+11  1.89766526e+10  1.10e-03 5.01e-03  9.73e+00  1194s
[2025-09-20 22:16:03] DEBUG    181   1.82261438e+11  1.89766763e+10  1.27e-03 5.01e-03  9.61e+00  1202s
[2025-09-20 22:16:10] DEBUG    182   1.82256947e+11  1.89767072e+10  1.27e-03 5.01e-03  9.48e+00  1208s
[2025-09-20 22:16:17] DEBUG    183   1.82249839e+11  1.89767566e+10  1.03e-03 5.01e-03  9.28e+00  1215s
[2025-09-20 22:16:23] DEBUG    184   1.82244286e+11  1.89767904e+10  1.59e-03 5.01e-03  9.13e+00  1221s
[2025-09-20 22:16:30] DEBUG    185   1.82241071e+11  1.89768514e+10  1.27e-03 5.01e-03  9.02e+00  1228s
[2025-09-20 22:16:36] DEBUG    186   1.82233176e+11  1.89769122e+10  1.27e-03 5.01e-03  8.80e+00  1235s
[2025-09-20 22:16:42] DEBUG    187   1.82228102e+11  1.89769278e+10  1.27e-03 5.01e-03  8.67e+00  1241s
[2025-09-20 22:16:50] DEBUG    188   1.82223093e+11  1.89769735e+10  1.59e-03 5.01e-03  8.53e+00  1248s
[2025-09-20 22:16:56] DEBUG    189   1.82221919e+11  1.89770064e+10  1.59e-03 5.01e-03  8.47e+00  1254s
[2025-09-20 22:17:00] DEBUG    190   1.82220160e+11  1.89770131e+10  1.59e-03 5.01e-03  8.42e+00  1259s
[2025-09-20 22:17:08] DEBUG    191   1.82217733e+11  1.89770246e+10  1.27e-03 5.01e-03  8.36e+00  1266s
[2025-09-20 22:17:15] DEBUG    192   1.82214974e+11  1.89770413e+10  1.59e-03 5.01e-03  8.29e+00  1273s
[2025-09-20 22:17:24] DEBUG    193   1.82212799e+11  1.89770848e+10  1.59e-03 5.01e-03  8.18e+00  1282s
[2025-09-20 22:17:30] DEBUG    194   1.82210565e+11  1.89771406e+10  2.08e-03 5.01e-03  8.08e+00  1289s
[2025-09-20 22:17:38] DEBUG    195   1.82208785e+11  1.89771464e+10  1.59e-03 5.01e-03  8.00e+00  1296s
[2025-09-20 22:17:44] DEBUG    196   1.82207243e+11  1.89771799e+10  1.59e-03 5.01e-03  7.95e+00  1302s
[2025-09-20 22:17:44] DEBUG    Barrier performed 196 iterations in 1302.31 seconds (282.82 work units)
[2025-09-20 22:17:44] DEBUG    Numerical trouble encountered

Model may be infeasible or unbounded.  Consider using the
homogeneous algorithm (through parameter 'BarHomogeneous')
[2025-09-20 22:18:49] DEBUG    Waiting for other threads to finish...        1367s
[2025-09-20 22:19:25] DEBUG    Solved with dual simplex
[2025-09-20 22:19:34] DEBUG    Iteration    Objective       Primal Inf.    Dual Inf.      Time
[2025-09-20 22:19:34] DEBUG    517205    1.9003420e+10   0.000000e+00   0.000000e+00   1412s

Solved in 517205 iterations and 1412.29 seconds (430.82 work units)
Optimal objective  1.900341958e+10
✅ Scenario completato: existing_CG+VRES_2030_nostorage

🚀 Lancio scenario: existing_GT+VRES_2030_PHES
[2025-09-20 22:32:26] INFO     Loading sets
[2025-09-20 22:32:26] INFO     Loading parameters
[2025-09-20 22:33:02] INFO     constraints are loaded in the following order: ['energy_balance', 'dispatch', 'costs', 'capacity', 'network', 'policy', 'conversion', 'group', 'conversion_plus', 'milp', 'export']
[2025-09-20 22:33:02] INFO     creating energy_balance constraints
[2025-09-20 22:36:06] INFO     creating dispatch constraints
[2025-09-20 22:38:08] INFO     creating costs constraints
[2025-09-20 22:47:23] INFO     creating capacity constraints
[2025-09-20 22:47:23] INFO     creating network constraints
[2025-09-20 22:47:23] INFO     creating policy constraints
[2025-09-20 22:47:23] INFO     creating conversion constraints
[2025-09-20 22:47:23] INFO     creating group constraints
[2025-09-20 22:47:23] INFO     creating conversion_plus constraints
[2025-09-20 22:47:23] INFO     creating milp constraints
[2025-09-20 22:47:23] INFO     creating export constraints
[2025-09-20 23:00:24] DEBUG    Set parameter WLSAccessID
Set parameter WLSSecret
Set parameter LicenseID to value 2680226
[2025-09-20 23:00:25] DEBUG    Academic license 2680226 - for non-commercial use only - registered to an___@mail.polimi.it
[2025-09-20 23:01:01] DEBUG    Read LP format model from file /tmp/tmpskcn0ezc.pyomo.lp
Reading time = 36.55 seconds
x17961158: 24014412 rows, 17961158 columns, 58738876 nonzeros
[2025-09-20 23:01:01] DEBUG    Set parameter NumericFocus to value 1
Gurobi Optimizer version 12.0.2 build v12.0.2rc0 (linux64 - "Debian GNU/Linux 11 (bullseye)")

CPU model: Intel(R) Xeon(R) Silver 4314 CPU @ 2.40GHz, instruction set [SSE2|AVX|AVX2|AVX512]
Thread count: 32 physical cores, 64 logical processors, using up to 32 threads

Non-default parameters:
NumericFocus  1
[2025-09-20 23:01:01] DEBUG    Academic license 2680226 - for non-commercial use only - registered to an___@mail.polimi.it
Optimize a model with 24014412 rows, 17961158 columns and 58738876 nonzeros
[2025-09-20 23:01:02] DEBUG    Model fingerprint: 0x01367c51
[2025-09-20 23:01:02] DEBUG    Coefficient statistics:
  Matrix range     [1e-07, 3e+02]
  Objective range  [1e+00, 1e+06]
  Bounds range     [0e+00, 0e+00]
  RHS range        [1e+00, 6e+09]
Warning: Model contains large rhs
[2025-09-20 23:01:09] DEBUG    Presolve removed 19282321 rows and 10627219 columns (presolve time = 7s)...
[2025-09-20 23:01:13] DEBUG    Presolve removed 19287591 rows and 12370000 columns (presolve time = 11s)...
[2025-09-20 23:01:18] DEBUG    Presolve removed 21777219 rows and 14814050 columns (presolve time = 15s)...
[2025-09-20 23:01:22] DEBUG    Presolve removed 22315108 rows and 14919170 columns (presolve time = 20s)...
[2025-09-20 23:01:24] DEBUG    Presolve removed 22455252 rows and 14919170 columns
[2025-09-20 23:01:24] DEBUG    Presolve time: 23.15s
Presolved: 1559160 rows, 3182132 columns, 8919238 nonzeros

Concurrent LP optimizer: primal simplex, dual simplex, and barrier
Showing barrier log only...
[2025-09-20 23:01:56] DEBUG    Elapsed ordering time = 30s
[2025-09-20 23:01:56] DEBUG    Elapsed ordering time = 30s
[2025-09-20 23:02:01] DEBUG    Elapsed ordering time = 35s
[2025-09-20 23:02:06] DEBUG    Ordering time: 40.06s
[2025-09-20 23:02:08] DEBUG    Barrier statistics:
 Dense cols : 141
 AA' NZ     : 8.170e+06
 Factor NZ  : 4.460e+07 (roughly 2.3 GB of memory)
 Factor Ops : 5.111e+09 (less than 1 second per iteration)
 Threads    : 30
[2025-09-20 23:02:12] DEBUG    Objective                Residual
Iter       Primal          Dual         Primal    Dual     Compl     Time
[2025-09-20 23:02:12] DEBUG    0   2.27017630e+21 -8.29903687e+18  6.97e+10 2.89e-11  4.03e+15    71s
[2025-09-20 23:02:16] DEBUG    1   2.06846851e+21 -9.62348554e+18  6.32e+10 2.38e+05  3.44e+15    75s
[2025-09-20 23:02:21] DEBUG    2   1.97073102e+21 -3.77457431e+19  6.03e+10 1.66e+05  3.28e+15    80s
[2025-09-20 23:02:29] DEBUG    3   1.67295323e+21 -1.34608664e+20  5.06e+10 6.14e+04  2.77e+15    88s
[2025-09-20 23:02:34] DEBUG    4   1.16534893e+21 -1.53131305e+20  3.44e+10 2.06e+04  1.91e+15    93s
[2025-09-20 23:02:41] DEBUG    5   7.67401490e+20 -1.32567148e+20  2.28e+10 4.53e+03  1.28e+15    99s
[2025-09-20 23:02:47] DEBUG    6   2.38622185e+20 -1.12904115e+20  6.46e+09 1.49e+03  3.84e+14   106s
[2025-09-20 23:02:51] DEBUG    7   4.90129750e+19 -6.14370384e+19  1.32e+09 2.92e+02  8.20e+13   110s
[2025-09-20 23:02:54] DEBUG    8   1.38210022e+19 -3.08583571e+19  3.54e+08 8.61e+01  2.36e+13   113s
[2025-09-20 23:02:58] DEBUG    9   5.84526511e+18 -1.19713268e+19  1.53e+08 2.31e+01  9.46e+12   117s
[2025-09-20 23:03:02] DEBUG    10   2.56250415e+18 -5.92177535e+18  6.76e+07 8.08e+00  4.12e+12   121s
[2025-09-20 23:03:06] DEBUG    11   1.22270866e+18 -2.70321130e+18  3.25e+07 2.26e+00  1.86e+12   125s
[2025-09-20 23:03:09] DEBUG    12   3.20979096e+17 -1.33867208e+18  8.28e+06 6.11e-01  5.45e+11   128s
[2025-09-20 23:03:12] DEBUG    13   4.49985336e+16 -3.30803973e+17  1.09e+06 1.32e-01  8.63e+10   131s
[2025-09-20 23:03:16] DEBUG    14   5.71097109e+14 -4.82930066e+16  8.03e+03 3.64e-03  7.66e+09   135s
[2025-09-20 23:03:21] DEBUG    15   1.27413021e+14 -1.28420465e+15  2.88e-03 6.75e-04  2.00e+08   140s
[2025-09-20 23:03:27] DEBUG    16   1.19421636e+14 -2.35822454e+14  2.85e-04 3.90e-03  3.72e+07   146s
[2025-09-20 23:03:35] DEBUG    17   1.11682967e+14 -9.73094369e+13  1.35e-04 4.64e-03  1.56e+07   154s
[2025-09-20 23:03:43] DEBUG    18   1.08565965e+14 -4.62003612e+13  7.56e-05 1.59e-02  7.54e+06   162s
[2025-09-20 23:03:48] DEBUG    19   1.05728283e+14 -2.15387314e+13  5.60e-05 1.63e-02  3.64e+06   167s
[2025-09-20 23:03:53] DEBUG    20   1.03842489e+14 -1.33922350e+13  4.64e-05 1.56e-02  2.33e+06   172s
[2025-09-20 23:03:57] DEBUG    21   1.02172126e+14 -1.22016044e+13  3.87e-05 1.54e-02  2.11e+06   176s
[2025-09-20 23:04:04] DEBUG    22   1.01918822e+14 -9.80034381e+12  3.79e-05 1.48e-02  1.73e+06   183s
[2025-09-20 23:04:09] DEBUG    23   1.00676696e+14 -5.22654902e+12  4.01e-05 3.17e-02  9.88e+05   188s
[2025-09-20 23:04:16] DEBUG    24   9.76472166e+13 -2.28576829e+12  3.47e-05 5.35e-02  4.74e+05   195s
[2025-09-20 23:04:24] DEBUG    25   9.48921256e+13 -1.37792201e+12  2.39e-05 4.92e-02  3.02e+05   203s
[2025-09-20 23:04:33] DEBUG    26   9.31332356e+13 -9.77942101e+11  4.26e-05 4.59e-02  2.24e+05   212s
[2025-09-20 23:04:39] DEBUG    27   9.11257725e+13 -7.77128071e+11  4.93e-05 4.21e-02  1.79e+05   218s
[2025-09-20 23:04:45] DEBUG    28   9.04806161e+13 -6.77055030e+11  1.96e-05 3.95e-02  1.59e+05   224s
[2025-09-20 23:04:50] DEBUG    29   8.83065304e+13 -3.99894532e+11  2.90e-05 3.20e-02  1.04e+05   229s
[2025-09-20 23:04:58] DEBUG    30   8.75098582e+13 -2.78546125e+11  2.29e-05 3.11e-02  8.14e+04   237s
[2025-09-20 23:05:08] DEBUG    31   8.40011797e+13 -8.14728219e+10  2.29e-05 2.71e-02  3.70e+04   247s
[2025-09-20 23:05:18] DEBUG    32   8.21388630e+13 -3.49645510e+10  4.57e-05 2.32e-02  2.46e+04   257s
[2025-09-20 23:05:26] DEBUG    33   8.17585925e+13 -2.84934616e+10  5.31e-05 2.19e-02  2.29e+04   265s
[2025-09-20 23:05:32] DEBUG    34   8.08535576e+13 -2.59581962e+10  5.78e-05 2.13e-02  2.07e+04   271s
[2025-09-20 23:05:37] DEBUG    35   8.07988430e+13 -2.42182170e+10  5.63e-05 2.08e-02  2.03e+04   276s
[2025-09-20 23:05:43] DEBUG    36   8.03683269e+13 -2.23436862e+10  5.06e-05 2.04e-02  1.94e+04   282s
[2025-09-20 23:05:50] DEBUG    37   8.01967341e+13 -2.02325680e+10  4.23e-05 2.02e-02  1.88e+04   289s
[2025-09-20 23:05:58] DEBUG    38   8.01356375e+13 -1.82632064e+10  9.15e-05 2.39e-02  1.84e+04   297s
[2025-09-20 23:06:04] DEBUG    39   7.96741689e+13 -1.13007306e+10  2.75e-05 3.83e-02  1.67e+04   303s
[2025-09-20 23:06:10] DEBUG    40   7.93911143e+13 -9.32879561e+09  2.89e-05 4.24e-02  1.60e+04   309s
[2025-09-20 23:06:19] DEBUG    41   7.70764016e+13 -4.20992385e+09  2.60e-05 5.36e-02  1.20e+04   318s
[2025-09-20 23:06:29] DEBUG    42   7.56369096e+13  3.80852864e+07  2.12e-05 6.17e-02  9.65e+03   328s
[2025-09-20 23:06:39] DEBUG    43   7.43465828e+13  3.63358404e+09  3.71e-05 6.90e-02  7.91e+03   337s
[2025-09-20 23:06:50] DEBUG    44   7.37711190e+13  4.50445572e+09  2.26e-05 7.07e-02  7.38e+03   349s
[2025-09-20 23:06:59] DEBUG    45   7.30197716e+13  5.82089306e+09  5.79e-05 7.30e-02  6.63e+03   357s
[2025-09-20 23:07:08] DEBUG    46   7.23826458e+13  6.73720082e+09  2.66e-05 7.44e-02  6.06e+03   367s
[2025-09-20 23:07:15] DEBUG    47   7.23053812e+13  7.28091284e+09  2.57e-05 7.53e-02  5.95e+03   374s
[2025-09-20 23:07:22] DEBUG    48   7.20296429e+13  7.73296128e+09  2.92e-05 7.58e-02  5.74e+03   381s
[2025-09-20 23:07:31] DEBUG    49   7.11689714e+13  8.71983640e+09  4.13e-05 7.62e-02  5.13e+03   390s
[2025-09-20 23:07:38] DEBUG    50   7.09677457e+13  8.84522326e+09  3.95e-05 7.62e-02  5.02e+03   397s
[2025-09-20 23:07:46] DEBUG    51   7.07308170e+13  9.08573056e+09  2.82e-05 7.64e-02  4.88e+03   405s
[2025-09-20 23:07:57] DEBUG    52   7.04720005e+13  9.33115599e+09  3.32e-05 7.65e-02  4.72e+03   416s
[2025-09-20 23:08:05] DEBUG    53   7.03228556e+13  9.56603713e+09  3.15e-05 7.65e-02  4.63e+03   424s
[2025-09-20 23:08:11] DEBUG    54   7.01531846e+13  9.67515908e+09  2.98e-05 7.65e-02  4.55e+03   430s
[2025-09-20 23:08:16] DEBUG    55   6.99714949e+13  9.82432351e+09  3.44e-05 7.64e-02  4.45e+03   435s
[2025-09-20 23:08:24] DEBUG    56   6.98606002e+13  1.00495031e+10  4.23e-05 7.63e-02  4.38e+03   443s
[2025-09-20 23:08:30] DEBUG    57   6.96055745e+13  1.01485094e+10  4.41e-05 7.63e-02  4.26e+03   449s
[2025-09-20 23:08:40] DEBUG    58   6.92907393e+13  1.03879884e+10  3.91e-05 7.62e-02  4.10e+03   459s
[2025-09-20 23:08:49] DEBUG    59   6.91172742e+13  1.06046681e+10  3.61e-05 7.61e-02  4.01e+03   468s
[2025-09-20 23:08:59] DEBUG    60   6.88073401e+13  1.08992097e+10  3.97e-05 7.59e-02  3.85e+03   478s
[2025-09-20 23:09:09] DEBUG    61   6.84415786e+13  1.10580120e+10  4.12e-05 7.58e-02  3.69e+03   488s
[2025-09-20 23:09:18] DEBUG    62   6.82847846e+13  1.11806792e+10  5.94e-05 7.57e-02  3.63e+03   497s
[2025-09-20 23:09:25] DEBUG    63   6.81089247e+13  1.12826978e+10  4.58e-05 7.56e-02  3.55e+03   504s
[2025-09-20 23:09:33] DEBUG    64   6.79000752e+13  1.14169381e+10  7.59e-05 7.55e-02  3.47e+03   512s
[2025-09-20 23:09:39] DEBUG    65   6.77234588e+13  1.15344705e+10  5.20e-05 7.54e-02  3.40e+03   518s
[2025-09-20 23:09:51] DEBUG    66   6.75958427e+13  1.16613270e+10  7.33e-05 7.52e-02  3.34e+03   530s
[2025-09-20 23:09:57] DEBUG    67   6.74978652e+13  1.17702839e+10  5.55e-05 7.51e-02  3.29e+03   536s
[2025-09-20 23:10:04] DEBUG    68   6.73796721e+13  1.18845786e+10  8.28e-05 7.50e-02  3.24e+03   543s
[2025-09-20 23:10:11] DEBUG    69   6.72567496e+13  1.20129046e+10  7.88e-05 7.48e-02  3.19e+03   550s
[2025-09-20 23:10:21] DEBUG    70   6.72512574e+13  1.20485377e+10  5.03e-05 7.48e-02  3.18e+03   560s
[2025-09-20 23:10:29] DEBUG    71   6.71303558e+13  1.20759004e+10  5.22e-05 7.47e-02  3.15e+03   568s
[2025-09-20 23:10:39] DEBUG    72   6.69101860e+13  1.22528516e+10  7.61e-05 7.44e-02  3.21e+03   578s
[2025-09-20 23:10:46] DEBUG    73   6.68118553e+13  1.23808036e+10  1.07e-04 7.43e-02  3.16e+03   585s
[2025-09-20 23:10:52] DEBUG    74   6.65368426e+13  1.24466280e+10  9.13e-05 7.42e-02  3.09e+03   591s
[2025-09-20 23:11:01] DEBUG    75   6.58940195e+13  1.26828722e+10  1.08e-04 7.38e-02  2.85e+03   600s
[2025-09-20 23:11:10] DEBUG    76   6.55130787e+13  1.29651169e+10  9.95e-05 7.33e-02  2.70e+03   609s
[2025-09-20 23:11:21] DEBUG    77   6.53280783e+13  1.30703540e+10  8.05e-05 7.31e-02  2.63e+03   620s
[2025-09-20 23:11:26] DEBUG    78   6.51793043e+13  1.31226310e+10  6.54e-05 7.29e-02  2.59e+03   625s
[2025-09-20 23:11:36] DEBUG    79   6.48312845e+13  1.32533082e+10  5.44e-05 7.25e-02  2.48e+03   635s
[2025-09-20 23:11:43] DEBUG    80   6.46242198e+13  1.32968513e+10  5.75e-05 7.23e-02  2.42e+03   642s
[2025-09-20 23:11:54] DEBUG    81   6.42435527e+13  1.33860539e+10  4.68e-05 7.19e-02  2.32e+03   652s
[2025-09-20 23:12:04] DEBUG    82   6.40218991e+13  1.35209120e+10  5.02e-05 7.12e-02  2.24e+03   662s
[2025-09-20 23:12:12] DEBUG    83   6.38920115e+13  1.36023861e+10  5.04e-05 7.08e-02  2.20e+03   671s
[2025-09-20 23:12:21] DEBUG    84   6.36541906e+13  1.36707518e+10  4.99e-05 7.04e-02  2.14e+03   680s
[2025-09-20 23:12:29] DEBUG    85   6.35909177e+13  1.37117104e+10  5.03e-05 7.01e-02  2.12e+03   688s
[2025-09-20 23:12:36] DEBUG    86   6.35512391e+13  1.37542819e+10  5.69e-05 6.99e-02  2.11e+03   695s
[2025-09-20 23:12:40] DEBUG    87   6.32891573e+13  1.37824813e+10  6.17e-05 6.97e-02  2.06e+03   699s
[2025-09-20 23:12:50] DEBUG    88   6.29235635e+13  1.38673964e+10  9.43e-05 6.91e-02  1.97e+03   709s
[2025-09-20 23:13:00] DEBUG    89   6.26979774e+13  1.39559165e+10  9.55e-05 6.85e-02  1.92e+03   719s
[2025-09-20 23:13:10] DEBUG    90   6.24394830e+13  1.40212866e+10  9.46e-05 6.80e-02  1.85e+03   729s
[2025-09-20 23:13:18] DEBUG    91   6.22085858e+13  1.41036806e+10  8.28e-05 6.74e-02  1.80e+03   737s
[2025-09-20 23:13:27] DEBUG    92   6.20355648e+13  1.41887050e+10  7.47e-05 6.67e-02  1.76e+03   746s
[2025-09-20 23:13:35] DEBUG    93   6.18477216e+13  1.42509114e+10  4.74e-05 6.62e-02  1.71e+03   754s
[2025-09-20 23:13:43] DEBUG    94   6.16633237e+13  1.43257573e+10  5.36e-05 6.56e-02  1.67e+03   761s
[2025-09-20 23:13:52] DEBUG    95   6.14647511e+13  1.44021396e+10  5.16e-05 6.50e-02  1.63e+03   771s
[2025-09-20 23:14:01] DEBUG    96   6.12713444e+13  1.44800265e+10  6.07e-05 6.44e-02  1.59e+03   780s
[2025-09-20 23:14:08] DEBUG    97   6.11066286e+13  1.45388145e+10  5.08e-05 6.39e-02  1.55e+03   787s
[2025-09-20 23:14:14] DEBUG    98   6.09259437e+13  1.45927965e+10  6.09e-05 6.35e-02  1.52e+03   793s
[2025-09-20 23:14:22] DEBUG    99   6.08361206e+13  1.46199712e+10  5.40e-05 6.33e-02  1.50e+03   801s
[2025-09-20 23:14:30] DEBUG    100   6.06302658e+13  1.46804692e+10  5.35e-05 6.28e-02  1.46e+03   809s
[2025-09-20 23:14:38] DEBUG    101   6.04280591e+13  1.47253268e+10  5.30e-05 6.24e-02  1.42e+03   817s
[2025-09-20 23:14:46] DEBUG    102   6.00817754e+13  1.47968319e+10  5.07e-05 6.18e-02  1.36e+03   825s
[2025-09-20 23:14:53] DEBUG    103   6.00339061e+13  1.48205437e+10  5.21e-05 6.16e-02  1.35e+03   832s
[2025-09-20 23:15:02] DEBUG    104   5.96985070e+13  1.48775166e+10  4.36e-05 6.11e-02  1.29e+03   841s
[2025-09-20 23:15:11] DEBUG    105   5.94269453e+13  1.49004548e+10  4.41e-05 6.09e-02  1.27e+03   850s
[2025-09-20 23:15:18] DEBUG    106   5.92556551e+13  1.49401630e+10  4.45e-05 6.05e-02  1.24e+03   857s
[2025-09-20 23:15:26] DEBUG    107   5.91226363e+13  1.49863549e+10  4.15e-05 6.01e-02  1.22e+03   865s
[2025-09-20 23:15:35] DEBUG    108   5.89028850e+13  1.50409904e+10  4.51e-05 5.96e-02  1.19e+03   874s
[2025-09-20 23:15:45] DEBUG    109   5.86865676e+13  1.50679114e+10  4.23e-05 5.94e-02  1.16e+03   884s
[2025-09-20 23:15:54] DEBUG    110   5.85263281e+13  1.50912957e+10  4.77e-05 5.91e-02  1.14e+03   893s
[2025-09-20 23:16:05] DEBUG    111   5.84801542e+13  1.51109358e+10  4.77e-05 5.89e-02  1.15e+03   904s
[2025-09-20 23:16:21] DEBUG    112   5.83974045e+13  1.51176505e+10  5.01e-05 5.89e-02  1.17e+03   920s
[2025-09-20 23:16:35] DEBUG    113   5.80657902e+13  1.51344310e+10  5.01e-05 5.86e-02  1.24e+03   934s
[2025-09-20 23:16:35] DEBUG    Barrier performed 113 iterations in 934.26 seconds (226.48 work units)
[2025-09-20 23:16:35] DEBUG    Numerical trouble encountered
[2025-09-20 23:16:35] DEBUG    Model may be infeasible or unbounded.  Consider using the
[2025-09-20 23:16:35] DEBUG    homogeneous algorithm (through parameter 'BarHomogeneous')
[2025-09-20 23:17:40] DEBUG    Waiting for other threads to finish...         998s
[2025-09-20 23:18:44] DEBUG    Waiting for other threads to finish...        1063s
[2025-09-20 23:19:48] DEBUG    Waiting for other threads to finish...        1127s
[2025-09-20 23:20:52] DEBUG    Waiting for other threads to finish...        1191s
[2025-09-20 23:21:57] DEBUG    Waiting for other threads to finish...        1256s
[2025-09-20 23:23:01] DEBUG    Waiting for other threads to finish...        1320s
[2025-09-20 23:24:06] DEBUG    Waiting for other threads to finish...        1384s
[2025-09-20 23:25:10] DEBUG    Waiting for other threads to finish...        1449s
[2025-09-20 23:26:14] DEBUG    Waiting for other threads to finish...        1513s
[2025-09-20 23:27:19] DEBUG    Waiting for other threads to finish...        1578s
[2025-09-20 23:28:23] DEBUG    Waiting for other threads to finish...        1642s
[2025-09-20 23:29:27] DEBUG    Waiting for other threads to finish...        1706s
[2025-09-20 23:30:32] DEBUG    Waiting for other threads to finish...        1771s
[2025-09-20 23:31:36] DEBUG    Waiting for other threads to finish...        1835s
[2025-09-20 23:32:41] DEBUG    Waiting for other threads to finish...        1900s
[2025-09-20 23:33:45] DEBUG    Waiting for other threads to finish...        1964s
[2025-09-20 23:34:50] DEBUG    Waiting for other threads to finish...        2028s
[2025-09-20 23:35:54] DEBUG    Waiting for other threads to finish...        2093s
[2025-09-20 23:36:58] DEBUG    Waiting for other threads to finish...        2157s
[2025-09-20 23:38:03] DEBUG    Waiting for other threads to finish...        2222s
[2025-09-20 23:38:23] DEBUG    Solved with dual simplex
[2025-09-20 23:38:34] DEBUG    Iteration    Objective       Primal Inf.    Dual Inf.      Time
[2025-09-20 23:38:34] DEBUG    1633533    1.9003420e+10   0.000000e+00   0.000000e+00   2253s

Solved in 1633533 iterations and 2253.25 seconds (1375.25 work units)
[2025-09-20 23:38:34] DEBUG    Optimal objective  1.900341958e+10
✅ Scenario completato: existing_GT+VRES_2030_PHES
🏁 Tutti gli scenari sono stati processati.
