
🚀 Lancio scenario: new_trasmission_VRES_2030_BESS
[2025-08-20 16:06:02] INFO     Loading sets
[2025-08-20 16:06:02] INFO     Loading parameters
[2025-08-20 16:06:53] INFO     constraints are loaded in the following order: ['energy_balance', 'dispatch', 'costs', 'capacity', 'network', 'policy', 'conversion', 'group', 'conversion_plus', 'milp', 'export']
[2025-08-20 16:06:53] INFO     creating energy_balance constraints
[2025-08-20 16:11:14] INFO     creating dispatch constraints
[2025-08-20 16:14:58] INFO     creating costs constraints
[2025-08-20 16:27:06] INFO     creating capacity constraints
[2025-08-20 16:27:06] INFO     creating network constraints
[2025-08-20 16:27:06] INFO     creating policy constraints
[2025-08-20 16:27:06] INFO     creating conversion constraints
[2025-08-20 16:27:06] INFO     creating group constraints
[2025-08-20 16:27:06] INFO     creating conversion_plus constraints
[2025-08-20 16:27:06] INFO     creating milp constraints
[2025-08-20 16:27:06] INFO     creating export constraints
[2025-08-20 16:41:41] DEBUG    Set parameter WLSAccessID
Set parameter WLSSecret
Set parameter LicenseID to value 2680226
[2025-08-20 16:41:41] DEBUG    Academic license 2680226 - for non-commercial use only - registered to an___@mail.polimi.it
[2025-08-20 16:42:24] DEBUG    Read LP format model from file /tmp/tmp111h1sjq.pyomo.lp
Reading time = 42.89 seconds
x20974998: 28026871 rows, 20974998 columns, 68586207 nonzeros
[2025-08-20 16:42:24] DEBUG    Set parameter NumericFocus to value 1
Gurobi Optimizer version 12.0.2 build v12.0.2rc0 (linux64 - "Debian GNU/Linux 11 (bullseye)")

CPU model: Intel(R) Xeon(R) Silver 4314 CPU @ 2.40GHz, instruction set [SSE2|AVX|AVX2|AVX512]
Thread count: 32 physical cores, 64 logical processors, using up to 32 threads

Non-default parameters:
NumericFocus  1
[2025-08-20 16:42:24] DEBUG    Academic license 2680226 - for non-commercial use only - registered to an___@mail.polimi.it
Optimize a model with 28026871 rows, 20974998 columns and 68586207 nonzeros
[2025-08-20 16:42:25] DEBUG    Model fingerprint: 0x6fd7ae73
[2025-08-20 16:42:25] DEBUG    Coefficient statistics:
  Matrix range     [1e-07, 3e+02]
  Objective range  [1e+00, 1e+06]
  Bounds range     [0e+00, 0e+00]
  RHS range        [1e+00, 2e+08]
[2025-08-20 16:42:30] DEBUG    Presolve removed 19867692 rows and 11270167 columns (presolve time = 5s)...
[2025-08-20 16:42:35] DEBUG    Presolve removed 20298738 rows and 13276441 columns (presolve time = 10s)...
[2025-08-20 16:42:40] DEBUG    Presolve removed 22952356 rows and 15930000 columns (presolve time = 15s)...
[2025-08-20 16:42:46] DEBUG    Presolve removed 23853639 rows and 16780504 columns (presolve time = 21s)...
[2025-08-20 16:42:56] DEBUG    Presolve removed 24391534 rows and 17034544 columns (presolve time = 31s)...
[2025-08-20 16:43:00] DEBUG    Presolve removed 24391534 rows and 17157184 columns (presolve time = 35s)...
[2025-08-20 16:43:02] DEBUG    Presolve removed 24540437 rows and 17157184 columns
[2025-08-20 16:43:41] DEBUG    Presolve time: 77.46s
Presolved: 3486434 rows, 3966717 columns, 14748145 nonzeros
[2025-08-20 16:43:41] DEBUG    Concurrent LP optimizer: primal simplex, dual simplex, and barrier
Showing barrier log only...
[2025-08-20 16:44:17] DEBUG    Elapsed ordering time = 34s
[2025-08-20 16:44:19] DEBUG    Elapsed ordering time = 35s
[2025-08-20 16:44:24] DEBUG    Elapsed ordering time = 40s
[2025-08-20 16:44:37] DEBUG    Ordering time: 52.85s
[2025-08-20 16:44:39] DEBUG    Barrier statistics:
 Dense cols : 174
 AA' NZ     : 1.570e+07
[2025-08-20 16:44:39] DEBUG    Factor NZ  : 6.619e+07 (roughly 3.6 GB of memory)
 Factor Ops : 7.397e+09 (less than 1 second per iteration)
 Threads    : 30
[2025-08-20 16:44:46] DEBUG    Objective                Residual
[2025-08-20 16:44:46] DEBUG    Iter       Primal          Dual         Primal    Dual     Compl     Time
[2025-08-20 16:44:46] DEBUG    0   2.36276151e+21 -6.70547576e+18  6.13e+10 2.90e-11  3.45e+15   142s
[2025-08-20 16:44:52] DEBUG    1   1.75782860e+21 -6.48479111e+18  4.51e+10 1.89e+05  2.34e+15   148s
[2025-08-20 16:45:00] DEBUG    2   1.38349596e+21 -6.00563726e+18  3.52e+10 9.68e+04  1.64e+15   156s
[2025-08-20 16:45:10] DEBUG    3   1.06414286e+21 -5.63224203e+18  2.73e+10 4.52e+04  1.11e+15   166s
[2025-08-20 16:45:18] DEBUG    4   8.81331358e+20 -5.63828032e+18  2.25e+10 3.63e+04  9.15e+14   174s
[2025-08-20 16:45:24] DEBUG    5   7.26757703e+20 -5.61055988e+18  1.83e+10 2.44e+04  7.23e+14   180s
[2025-08-20 16:45:31] DEBUG    6   6.34903701e+20 -5.80252692e+18  1.58e+10 1.60e+04  5.93e+14   187s
[2025-08-20 16:45:41] DEBUG    7   2.54170712e+20 -5.99577496e+18  5.66e+09 4.52e+03  2.11e+14   197s
[2025-08-20 16:45:54] DEBUG    8   9.81864998e+19 -6.12513783e+18  1.93e+09 1.41e+03  7.34e+13   210s
[2025-08-20 16:46:04] DEBUG    9   2.50499195e+19 -5.76781070e+18  4.24e+08 3.91e+02  1.75e+13   220s
[2025-08-20 16:46:13] DEBUG    10   4.06835079e+18 -4.48020371e+18  7.16e+07 1.04e+02  3.45e+12   229s
[2025-08-20 16:46:19] DEBUG    11   6.36152241e+17 -2.60931890e+18  1.45e+07 3.13e+01  8.84e+11   235s
[2025-08-20 16:46:25] DEBUG    12   3.69430058e+17 -6.26617390e+17  8.98e+06 2.35e+00  3.01e+11   241s
[2025-08-20 16:46:31] DEBUG    13   2.64197115e+17 -2.66036895e+17  6.39e+06 2.30e-01  1.69e+11   247s
[2025-08-20 16:46:36] DEBUG    14   1.06711264e+16 -1.47449342e+17  2.21e+05 4.42e-02  2.10e+10   253s
[2025-08-20 16:46:42] DEBUG    15   1.92957031e+14 -1.05932129e+16  2.13e+03 2.99e-02  1.20e+09   258s
[2025-08-20 16:46:49] DEBUG    16   8.55311780e+13 -2.24377921e+15  4.93e+01 2.06e-02  2.55e+08   265s
[2025-08-20 16:46:55] DEBUG    17   7.65760486e+13 -2.10037936e+14  5.09e+00 1.84e-02  2.77e+07   271s
[2025-08-20 16:47:02] DEBUG    18   7.43865820e+13 -1.20959109e+14  3.22e+00 2.66e-02  1.61e+07   278s
[2025-08-20 16:47:08] DEBUG    19   7.27170080e+13 -6.40112520e+13  2.24e+00 3.62e-02  8.67e+06   284s
[2025-08-20 16:47:15] DEBUG    20   7.06560470e+13 -3.15857061e+13  1.36e+00 3.99e-02  4.40e+06   291s
[2025-08-20 16:47:21] DEBUG    21   6.96160573e+13 -2.47037690e+13  1.08e+00 4.08e-02  3.49e+06   297s
[2025-08-20 16:47:28] DEBUG    22   6.80840578e+13 -1.42541896e+13  7.43e-01 4.21e-02  2.09e+06   304s
[2025-08-20 16:47:33] DEBUG    23   6.78347360e+13 -1.39779749e+13  7.05e-01 4.21e-02  2.05e+06   309s
[2025-08-20 16:47:39] DEBUG    24   6.75680385e+13 -1.36819667e+13  6.66e-01 4.21e-02  2.01e+06   315s
[2025-08-20 16:47:46] DEBUG    25   6.63552919e+13 -1.19430445e+13  4.99e-01 4.23e-02  1.76e+06   323s
[2025-08-20 16:47:55] DEBUG    26   6.58993877e+13 -8.94853616e+12  4.57e-01 4.24e-02  1.35e+06   331s
[2025-08-20 16:48:07] DEBUG    27   6.55921547e+13 -7.37747338e+12  4.28e-01 4.25e-02  1.13e+06   343s
[2025-08-20 16:48:20] DEBUG    28   6.52716273e+13 -6.05864715e+12  4.03e-01 4.25e-02  9.44e+05   356s
[2025-08-20 16:48:33] DEBUG    29   6.49257907e+13 -4.96933399e+12  3.77e-01 4.26e-02  7.86e+05   370s
[2025-08-20 16:48:46] DEBUG    30   6.48417835e+13 -3.88831686e+12  3.71e-01 4.26e-02  6.35e+05   382s
[2025-08-20 16:48:59] DEBUG    31   6.44784836e+13 -3.23727521e+12  3.44e-01 4.26e-02  5.39e+05   395s
[2025-08-20 16:49:09] DEBUG    32   6.44318763e+13 -3.13392203e+12  3.41e-01 4.26e-02  5.24e+05   405s
[2025-08-20 16:49:21] DEBUG    33   6.43727024e+13 -2.66357001e+12  3.37e-01 4.26e-02  4.57e+05   417s
[2025-08-20 16:49:33] DEBUG    34   6.42650580e+13 -2.43813477e+12  3.29e-01 4.26e-02  4.27e+05   429s
[2025-08-20 16:49:46] DEBUG    35   6.41835120e+13 -2.19346688e+12  3.23e-01 4.26e-02  3.93e+05   442s
[2025-08-20 16:49:59] DEBUG    36   6.40040310e+13 -2.09857163e+12  3.11e-01 4.26e-02  3.78e+05   455s
[2025-08-20 16:50:09] DEBUG    37   6.36736690e+13 -1.68784638e+12  2.89e-01 4.26e-02  3.18e+05   465s
[2025-08-20 16:50:18] DEBUG    38   6.34909019e+13 -1.46099839e+12  2.77e-01 4.25e-02  2.84e+05   475s
[2025-08-20 16:50:29] DEBUG    39   6.33766238e+13 -1.40308084e+12  2.71e-01 4.25e-02  2.75e+05   485s
[2025-08-20 16:50:42] DEBUG    40   6.31128401e+13 -1.32980192e+12  2.56e-01 4.25e-02  2.61e+05   498s
[2025-08-20 16:50:52] DEBUG    41   6.30582909e+13 -1.31498144e+12  2.53e-01 4.25e-02  2.58e+05   509s
[2025-08-20 16:51:03] DEBUG    42   6.29473299e+13 -1.24741267e+12  2.46e-01 4.25e-02  2.48e+05   519s
[2025-08-20 16:51:15] DEBUG    43   6.27510032e+13 -1.17279350e+12  2.36e-01 4.25e-02  2.35e+05   532s
[2025-08-20 16:51:27] DEBUG    44   6.24672873e+13 -1.10111598e+12  2.22e-01 4.25e-02  2.21e+05   543s
[2025-08-20 16:51:39] DEBUG    45   6.21106802e+13 -1.04435827e+12  2.05e-01 4.25e-02  2.08e+05   556s
[2025-08-20 16:51:51] DEBUG    46   6.18889965e+13 -1.00740828e+12  1.95e-01 4.25e-02  2.00e+05   568s
[2025-08-20 16:52:00] DEBUG    47   6.17865496e+13 -9.87123340e+11  1.91e-01 4.24e-02  1.96e+05   576s
[2025-08-20 16:52:12] DEBUG    48   6.16798734e+13 -9.36812326e+11  1.86e-01 4.24e-02  1.87e+05   589s
[2025-08-20 16:52:22] DEBUG    49   6.11770770e+13 -7.53547411e+11  1.66e-01 4.23e-02  1.56e+05   599s
[2025-08-20 16:52:30] DEBUG    50   6.09903394e+13 -6.22387342e+11  1.59e-01 4.22e-02  1.35e+05   607s
[2025-08-20 16:52:43] DEBUG    51   6.05899611e+13 -5.90504298e+11  1.45e-01 4.21e-02  1.26e+05   619s
[2025-08-20 16:52:54] DEBUG    52   6.02460795e+13 -4.47956336e+11  1.34e-01 4.19e-02  1.03e+05   630s
[2025-08-20 16:53:01] DEBUG    53   6.01474250e+13 -4.28987022e+11  1.31e-01 4.19e-02  9.93e+04   637s
[2025-08-20 16:53:13] DEBUG    54   5.98376948e+13 -3.60538587e+11  1.21e-01 4.17e-02  8.72e+04   650s
[2025-08-20 16:53:21] DEBUG    55   5.95794751e+13 -3.19057708e+11  1.14e-01 4.16e-02  7.93e+04   657s
[2025-08-20 16:53:39] DEBUG    56   5.95252423e+13 -3.06410426e+11  1.13e-01 4.15e-02  7.75e+04   675s
[2025-08-20 16:53:52] DEBUG    57   5.93033482e+13 -2.94925893e+11  1.07e-01 4.14e-02  7.40e+04   688s
[2025-08-20 16:54:04] DEBUG    58   5.87900330e+13 -2.70486420e+11  9.40e-02 4.11e-02  6.64e+04   700s
[2025-08-20 16:54:25] DEBUG    59   5.87595819e+13 -2.65036080e+11  9.33e-02 4.10e-02  6.53e+04   721s
[2025-08-20 16:54:38] DEBUG    60   5.78135649e+13 -2.05245762e+11  7.22e-02 3.99e-02  4.99e+04   734s
[2025-08-20 16:54:49] DEBUG    61   5.74292574e+13 -1.82254083e+11  6.54e-02 3.96e-02  4.44e+04   746s
[2025-08-20 16:55:02] DEBUG    62   5.70945536e+13 -1.39204403e+11  6.00e-02 3.88e-02  3.63e+04   758s
[2025-08-20 16:55:11] DEBUG    63   5.68527212e+13 -1.24819521e+11  5.64e-02 3.84e-02  3.33e+04   767s
[2025-08-20 16:55:21] DEBUG    64   5.66631078e+13 -1.17016242e+11  5.37e-02 3.82e-02  3.14e+04   777s
[2025-08-20 16:55:34] DEBUG    65   5.62763889e+13 -1.01271595e+11  4.84e-02 3.77e-02  2.74e+04   790s
[2025-08-20 16:55:45] DEBUG    66   5.60399294e+13 -9.17428512e+10  4.55e-02 3.75e-02  2.52e+04   801s
[2025-08-20 16:55:57] DEBUG    67   5.55313725e+13 -8.61158730e+10  3.95e-02 3.72e-02  2.25e+04   813s
[2025-08-20 16:56:10] DEBUG    68   5.53969655e+13 -8.57417774e+10  3.82e-02 3.72e-02  2.20e+04   826s
[2025-08-20 16:56:23] DEBUG    69   5.50881484e+13 -8.37604708e+10  3.51e-02 3.71e-02  2.07e+04   839s
[2025-08-20 16:56:36] DEBUG    70   5.49111554e+13 -7.49060453e+10  3.34e-02 3.68e-02  1.90e+04   853s
[2025-08-20 16:56:47] DEBUG    71   5.46637111e+13 -6.64093667e+10  3.13e-02 3.65e-02  1.70e+04   863s
[2025-08-20 16:57:01] DEBUG    72   5.43997826e+13 -5.97894511e+10  2.91e-02 3.62e-02  1.54e+04   877s
[2025-08-20 16:57:14] DEBUG    73   5.41262250e+13 -5.49806276e+10  2.69e-02 3.60e-02  1.40e+04   890s
[2025-08-20 16:57:28] DEBUG    74   5.38928878e+13 -5.05929558e+10  2.53e-02 3.58e-02  1.28e+04   904s
[2025-08-20 16:57:37] DEBUG    75   5.37960982e+13 -4.86160964e+10  2.46e-02 3.57e-02  1.24e+04   913s
[2025-08-20 16:57:51] DEBUG    76   5.35354175e+13 -4.58074420e+10  2.29e-02 3.55e-02  1.15e+04   927s
[2025-08-20 16:58:05] DEBUG    77   5.31750489e+13 -4.28903677e+10  2.06e-02 3.52e-02  1.04e+04   941s
[2025-08-20 16:58:15] DEBUG    78   5.30713438e+13 -4.14699089e+10  2.00e-02 3.51e-02  1.00e+04   951s
[2025-08-20 16:58:28] DEBUG    79   5.27542978e+13 -3.90243524e+10  1.83e-02 3.49e-02  9.18e+03   964s
[2025-08-20 16:58:41] DEBUG    80   5.25250361e+13 -3.73544414e+10  1.71e-02 3.48e-02  8.61e+03   977s
[2025-08-20 16:58:53] DEBUG    81   5.23607215e+13 -3.45832872e+10  1.63e-02 3.45e-02  7.99e+03   989s
[2025-08-20 16:59:05] DEBUG    82   5.21215851e+13 -3.30002201e+10  1.53e-02 3.47e-02  7.49e+03  1001s
[2025-08-20 16:59:19] DEBUG    83   5.18149871e+13 -3.18044746e+10  1.40e-02 3.49e-02  6.96e+03  1015s
[2025-08-20 16:59:34] DEBUG    84   5.16125964e+13 -2.97845357e+10  1.32e-02 3.53e-02  6.45e+03  1030s
[2025-08-20 16:59:45] DEBUG    85   5.14475174e+13 -2.82765056e+10  1.26e-02 3.57e-02  6.07e+03  1041s
[2025-08-20 17:00:00] DEBUG    86   5.13285904e+13 -2.66000872e+10  1.21e-02 3.60e-02  5.71e+03  1056s
[2025-08-20 17:00:14] DEBUG    87   5.12104030e+13 -2.57694254e+10  1.17e-02 3.62e-02  5.48e+03  1070s
[2025-08-20 17:00:27] DEBUG    88   5.11676332e+13 -2.51109042e+10  1.16e-02 3.63e-02  5.36e+03  1084s
[2025-08-20 17:00:39] DEBUG    89   5.11140311e+13 -2.46683753e+10  1.14e-02 3.64e-02  5.25e+03  1095s
[2025-08-20 17:00:50] DEBUG    90   5.10645114e+13 -2.42682509e+10  1.13e-02 3.65e-02  5.15e+03  1106s
[2025-08-20 17:01:03] DEBUG    91   5.10113917e+13 -2.36985267e+10  1.11e-02 3.66e-02  5.03e+03  1119s
[2025-08-20 17:01:16] DEBUG    92   5.08845912e+13 -2.29877290e+10  1.07e-02 3.68e-02  4.82e+03  1132s
[2025-08-20 17:01:25] DEBUG    93   5.08270115e+13 -2.24529203e+10  1.05e-02 3.69e-02  4.70e+03  1141s
[2025-08-20 17:01:34] DEBUG    94   5.07141155e+13 -2.21733785e+10  1.02e-02 3.69e-02  4.58e+03  1150s
[2025-08-20 17:01:47] DEBUG    95   5.06271443e+13 -2.15007724e+10  9.93e-03 3.70e-02  4.42e+03  1163s
[2025-08-20 17:01:57] DEBUG    96   5.05428822e+13 -2.11853110e+10  9.69e-03 3.71e-02  4.31e+03  1174s
[2025-08-20 17:02:09] DEBUG    97   5.04223873e+13 -2.09996910e+10  9.36e-03 3.71e-02  4.20e+03  1185s
[2025-08-20 17:02:21] DEBUG    98   5.03243947e+13 -2.04835214e+10  9.10e-03 3.72e-02  4.06e+03  1197s
[2025-08-20 17:02:36] DEBUG    99   5.01931582e+13 -1.98766144e+10  8.75e-03 3.73e-02  3.88e+03  1212s
[2025-08-20 17:02:49] DEBUG    100   5.00546755e+13 -1.92604692e+10  8.41e-03 3.74e-02  3.70e+03  1225s
[2025-08-20 17:03:06] DEBUG    101   4.99335094e+13 -1.88056304e+10  8.11e-03 3.75e-02  3.55e+03  1242s
[2025-08-20 17:03:20] DEBUG    102   4.98548045e+13 -1.84074043e+10  7.93e-03 3.75e-02  3.45e+03  1256s
[2025-08-20 17:03:33] DEBUG    103   4.97896718e+13 -1.79960554e+10  7.78e-03 3.76e-02  3.36e+03  1269s
[2025-08-20 17:03:43] DEBUG    104   4.96682889e+13 -1.78045766e+10  7.50e-03 3.76e-02  3.26e+03  1279s
[2025-08-20 17:03:57] DEBUG    105   4.96226837e+13 -1.74677635e+10  7.41e-03 3.77e-02  3.19e+03  1293s
[2025-08-20 17:04:08] DEBUG    106   4.95121990e+13 -1.71186087e+10  7.17e-03 3.77e-02  3.07e+03  1305s
[2025-08-20 17:04:18] DEBUG    107   4.94737780e+13 -1.69841896e+10  7.09e-03 3.77e-02  3.04e+03  1315s
[2025-08-20 17:04:32] DEBUG    108   4.93249033e+13 -1.66149618e+10  6.78e-03 3.78e-02  2.90e+03  1328s
[2025-08-20 17:04:48] DEBUG    109   4.92261193e+13 -1.62829780e+10  6.59e-03 3.78e-02  2.80e+03  1344s
[2025-08-20 17:05:05] DEBUG    110   4.91026943e+13 -1.58573141e+10  6.35e-03 3.79e-02  2.67e+03  1361s
[2025-08-20 17:05:20] DEBUG    111   4.89903508e+13 -1.55433596e+10  6.14e-03 3.79e-02  2.57e+03  1376s
[2025-08-20 17:05:35] DEBUG    112   4.89348693e+13 -1.53272642e+10  6.04e-03 3.79e-02  2.52e+03  1391s
[2025-08-20 17:05:49] DEBUG    113   4.88640838e+13 -1.51118725e+10  5.92e-03 3.80e-02  2.46e+03  1405s
[2025-08-20 17:06:03] DEBUG    114   4.87618106e+13 -1.48778867e+10  5.74e-03 3.80e-02  2.38e+03  1420s
[2025-08-20 17:06:16] DEBUG    115   4.86979619e+13 -1.46929525e+10  5.63e-03 3.80e-02  2.32e+03  1432s
[2025-08-20 17:06:30] DEBUG    116   4.86148464e+13 -1.44085532e+10  5.49e-03 3.80e-02  2.25e+03  1446s
[2025-08-20 17:06:44] DEBUG    117   4.85090027e+13 -1.42829698e+10  5.32e-03 3.80e-02  2.19e+03  1460s
[2025-08-20 17:06:57] DEBUG    118   4.84506886e+13 -1.41505459e+10  5.23e-03 3.80e-02  2.15e+03  1473s
[2025-08-20 17:07:11] DEBUG    119   4.84399040e+13 -1.40576218e+10  5.22e-03 3.80e-02  2.13e+03  1487s
[2025-08-20 17:07:23] DEBUG    120   4.83907320e+13 -1.39576675e+10  5.14e-03 3.80e-02  2.10e+03  1500s
[2025-08-20 17:07:46] DEBUG    121   4.83669948e+13 -1.38391353e+10  5.10e-03 3.80e-02  2.55e+03  1522s
[2025-08-20 17:07:46] DEBUG    Barrier performed 121 iterations in 1521.83 seconds (418.16 work units)
[2025-08-20 17:07:46] DEBUG    Numerical trouble encountered
[2025-08-20 17:07:46] DEBUG    Model may be infeasible or unbounded.  Consider using the
[2025-08-20 17:07:46] DEBUG    homogeneous algorithm (through parameter 'BarHomogeneous')
[2025-08-20 17:08:50] DEBUG    Waiting for other threads to finish...        1587s
[2025-08-20 17:09:55] DEBUG    Waiting for other threads to finish...        1651s
[2025-08-20 17:10:59] DEBUG    Waiting for other threads to finish...        1715s
[2025-08-20 17:12:04] DEBUG    Waiting for other threads to finish...        1780s
[2025-08-20 17:13:08] DEBUG    Waiting for other threads to finish...        1844s
[2025-08-20 17:14:13] DEBUG    Waiting for other threads to finish...        1909s
[2025-08-20 17:15:17] DEBUG    Waiting for other threads to finish...        1973s
[2025-08-20 17:16:21] DEBUG    Solved with dual simplex
[2025-08-20 17:16:34] DEBUG    Iteration    Objective       Primal Inf.    Dual Inf.      Time
[2025-08-20 17:16:34] DEBUG    973138    1.0930222e+10   0.000000e+00   0.000000e+00   2050s

Solved in 973138 iterations and 2049.99 seconds (1315.89 work units)
[2025-08-20 17:16:34] DEBUG    Optimal objective  1.093022201e+10
✅ Scenario completato: new_trasmission_VRES_2030_BESS

🚀 Lancio scenario: new_trasmission_VRES_2030_PHES
[2025-08-20 17:25:09] INFO     Loading sets
[2025-08-20 17:25:09] INFO     Loading parameters
[2025-08-20 17:25:48] INFO     constraints are loaded in the following order: ['energy_balance', 'dispatch', 'costs', 'capacity', 'network', 'policy', 'conversion', 'group', 'conversion_plus', 'milp', 'export']
[2025-08-20 17:25:48] INFO     creating energy_balance constraints
[2025-08-20 17:31:06] INFO     creating dispatch constraints
[2025-08-20 17:35:30] INFO     creating costs constraints
[2025-08-20 17:47:54] INFO     creating capacity constraints
[2025-08-20 17:47:54] INFO     creating network constraints
[2025-08-20 17:47:54] INFO     creating policy constraints
[2025-08-20 17:47:54] INFO     creating conversion constraints
[2025-08-20 17:47:54] INFO     creating group constraints
[2025-08-20 17:47:54] INFO     creating conversion_plus constraints
[2025-08-20 17:47:54] INFO     creating milp constraints
[2025-08-20 17:47:54] INFO     creating export constraints
[2025-08-20 18:02:26] DEBUG    Set parameter WLSAccessID
Set parameter WLSSecret
Set parameter LicenseID to value 2680226
[2025-08-20 18:02:27] DEBUG    Academic license 2680226 - for non-commercial use only - registered to an___@mail.polimi.it
[2025-08-20 18:03:09] DEBUG    Read LP format model from file /tmp/tmpnnhnwxum.pyomo.lp
Reading time = 42.33 seconds
[2025-08-20 18:03:09] DEBUG    x20974998: 28026929 rows, 20974998 columns, 68840305 nonzeros
Set parameter NumericFocus to value 1
Gurobi Optimizer version 12.0.2 build v12.0.2rc0 (linux64 - "Debian GNU/Linux 11 (bullseye)")

CPU model: Intel(R) Xeon(R) Silver 4314 CPU @ 2.40GHz, instruction set [SSE2|AVX|AVX2|AVX512]
Thread count: 32 physical cores, 64 logical processors, using up to 32 threads

Non-default parameters:
NumericFocus  1
[2025-08-20 18:03:09] DEBUG    Academic license 2680226 - for non-commercial use only - registered to an___@mail.polimi.it
Optimize a model with 28026929 rows, 20974998 columns and 68840305 nonzeros
[2025-08-20 18:03:10] DEBUG    Model fingerprint: 0xb9f7d9aa
[2025-08-20 18:03:10] DEBUG    Coefficient statistics:
  Matrix range     [1e-07, 3e+02]
  Objective range  [1e+00, 1e+06]
  Bounds range     [0e+00, 0e+00]
  RHS range        [1e+00, 6e+09]
Warning: Model contains large rhs
[2025-08-20 18:03:15] DEBUG    Presolve removed 19867750 rows and 11270170 columns (presolve time = 5s)...
[2025-08-20 18:03:20] DEBUG    Presolve removed 20430202 rows and 13355287 columns (presolve time = 10s)...
[2025-08-20 18:03:25] DEBUG    Presolve removed 23305000 rows and 16230000 columns (presolve time = 15s)...
[2025-08-20 18:03:30] DEBUG    Presolve removed 23958898 rows and 16838320 columns (presolve time = 20s)...
[2025-08-20 18:03:41] DEBUG    Presolve removed 24496787 rows and 17092360 columns (presolve time = 31s)...
[2025-08-20 18:03:45] DEBUG    Presolve removed 24496787 rows and 17215000 columns (presolve time = 35s)...
[2025-08-20 18:03:47] DEBUG    Presolve removed 24645690 rows and 17215000 columns
[2025-08-20 18:04:26] DEBUG    Presolve time: 76.72s
Presolved: 3381239 rows, 3908901 columns, 14306295 nonzeros

Concurrent LP optimizer: primal simplex, dual simplex, and barrier
Showing barrier log only...
[2025-08-20 18:04:57] DEBUG    Elapsed ordering time = 30s
[2025-08-20 18:04:58] DEBUG    Elapsed ordering time = 30s
[2025-08-20 18:05:03] DEBUG    Elapsed ordering time = 35s
[2025-08-20 18:05:08] DEBUG    Ordering time: 40.20s
[2025-08-20 18:05:11] DEBUG    Barrier statistics:
[2025-08-20 18:05:11] DEBUG    Dense cols : 171
 AA' NZ     : 1.498e+07
 Factor NZ  : 6.292e+07 (roughly 3.5 GB of memory)
 Factor Ops : 6.783e+09 (less than 1 second per iteration)
 Threads    : 30
[2025-08-20 18:05:16] DEBUG    Objective                Residual
[2025-08-20 18:05:16] DEBUG    Iter       Primal          Dual         Primal    Dual     Compl     Time
[2025-08-20 18:05:16] DEBUG    0   2.48984872e+21 -6.79556870e+18  6.13e+10 2.90e-11  3.58e+15   127s
[2025-08-20 18:05:23] DEBUG    1   2.28324764e+21 -7.00310489e+18  5.60e+10 1.79e+05  2.82e+15   134s
[2025-08-20 18:05:31] DEBUG    2   2.11667386e+21 -2.45442891e+19  5.23e+10 1.46e+05  2.57e+15   142s
[2025-08-20 18:05:42] DEBUG    3   1.79446344e+21 -6.77318301e+19  4.49e+10 5.91e+04  1.99e+15   153s
[2025-08-20 18:05:50] DEBUG    4   1.42721540e+21 -8.07323522e+19  3.59e+10 3.19e+04  1.52e+15   161s
[2025-08-20 18:05:59] DEBUG    5   1.23604712e+21 -8.38924345e+19  3.14e+10 1.59e+04  1.26e+15   170s
[2025-08-20 18:06:09] DEBUG    6   1.03018419e+21 -8.35912088e+19  2.63e+10 1.05e+04  1.05e+15   180s
[2025-08-20 18:06:19] DEBUG    7   7.25307273e+20 -8.11151296e+19  1.85e+10 4.57e+03  7.37e+14   191s
[2025-08-20 18:06:29] DEBUG    8   2.44292801e+20 -7.15946017e+19  5.82e+09 2.05e+03  2.42e+14   200s
[2025-08-20 18:06:38] DEBUG    9   9.86610866e+19 -5.40070851e+19  2.22e+09 7.89e+02  9.51e+13   210s
[2025-08-20 18:06:46] DEBUG    10   4.06337449e+19 -4.01304994e+19  8.80e+08 4.10e+02  4.00e+13   217s
[2025-08-20 18:06:52] DEBUG    11   2.52723324e+19 -2.76999539e+19  5.38e+08 2.16e+02  2.45e+13   223s
[2025-08-20 18:06:57] DEBUG    12   1.23162303e+19 -1.76266505e+19  2.52e+08 1.13e+02  1.19e+13   229s
[2025-08-20 18:07:04] DEBUG    13   4.11733174e+18 -9.93418604e+18  8.35e+07 4.26e+01  4.40e+12   235s
[2025-08-20 18:07:10] DEBUG    14   6.94931934e+17 -4.97624231e+18  1.63e+07 1.57e+01  1.21e+12   241s
[2025-08-20 18:07:16] DEBUG    15   1.46328152e+17 -1.49999618e+18  3.35e+06 2.96e+00  2.87e+11   248s
[2025-08-20 18:07:22] DEBUG    16   2.34643169e+16 -1.65725840e+17  5.24e+05 8.35e-02  2.97e+10   254s
[2025-08-20 18:07:29] DEBUG    17   3.39366950e+13 -1.50213461e+16  3.26e+02 2.28e-03  1.69e+09   260s
[2025-08-20 18:07:36] DEBUG    18   1.48011724e+13 -5.91805779e+15  5.58e+01 1.69e-03  6.69e+08   267s
[2025-08-20 18:07:40] DEBUG    19   1.16825704e+13 -4.37660618e+15  2.50e+01 1.44e-03  4.95e+08   271s
[2025-08-20 18:07:46] DEBUG    20   9.36339582e+12 -2.36784750e+15  6.73e+00 3.03e-03  2.69e+08   277s
[2025-08-20 18:07:52] DEBUG    21   7.31833279e+12 -7.81548804e+14  3.59e-02 5.43e-03  8.98e+07   283s
[2025-08-20 18:07:58] DEBUG    22   7.21172884e+12 -1.41717227e+14  6.08e-04 1.67e-02  1.82e+07   289s
[2025-08-20 18:08:13] DEBUG    23   6.09813864e+12 -7.10097067e+13  3.21e-04 8.70e-03  9.39e+06   304s
[2025-08-20 18:08:34] DEBUG    24   5.94207495e+12 -5.11764791e+13  2.96e-04 8.41e-03  6.89e+06   325s
[2025-08-20 18:09:07] DEBUG    25   4.81009172e+12 -2.75208490e+13  1.34e-04 9.91e-03  3.85e+06   358s
[2025-08-20 18:09:22] DEBUG    26   4.13841769e+12 -1.90947655e+13  5.70e-05 6.77e-03  2.73e+06   373s
[2025-08-20 18:09:49] DEBUG    27   4.02810575e+12 -1.90428680e+13  5.19e-05 6.70e-03  2.70e+06   400s
[2025-08-20 18:10:09] DEBUG    28   4.00800296e+12 -1.68536702e+13  4.91e-05 6.01e-03  2.42e+06   420s
[2025-08-20 18:10:31] DEBUG    29   3.71861143e+12 -1.34708791e+13  3.17e-05 4.50e-03  1.97e+06   442s
[2025-08-20 18:11:07] DEBUG    30   3.65133409e+12 -1.01472547e+13  3.02e-05 3.45e-03  1.54e+06   478s
[2025-08-20 18:11:45] DEBUG    31   3.53949064e+12 -6.81769397e+12  2.66e-05 2.28e-03  1.09e+06   516s
[2025-08-20 18:12:36] DEBUG    32   3.38266278e+12 -5.92865967e+12  3.44e-05 1.99e-03  9.58e+05   567s
[2025-08-20 18:13:24] DEBUG    33   3.31859646e+12 -4.76522452e+12  2.46e-05 1.61e-03  8.02e+05   615s
[2025-08-20 18:14:12] DEBUG    34   3.22625075e+12 -3.03125862e+12  2.13e-05 1.52e-03  5.64e+05   663s
[2025-08-20 18:14:39] DEBUG    35   3.20907656e+12 -3.01533564e+12  3.19e-05 1.52e-03  5.60e+05   690s
[2025-08-20 18:15:18] DEBUG    36   3.17821610e+12 -2.89499915e+12  2.76e-05 1.62e-03  5.41e+05   729s
[2025-08-20 18:15:57] DEBUG    37   3.13924859e+12 -2.35980973e+12  2.57e-05 1.51e-03  5.01e+05   768s
[2025-08-20 18:16:39] DEBUG    38   3.00154272e+12 -1.74099527e+12  2.13e-05 1.56e-03  3.95e+05   810s
[2025-08-20 18:17:22] DEBUG    39   2.92382216e+12 -1.24598117e+12  2.18e-05 1.51e-03  3.13e+05   853s
[2025-08-20 18:18:08] DEBUG    40   2.79392196e+12 -1.15449403e+12  3.12e-05 1.46e-03  2.85e+05   899s
[2025-08-20 18:18:52] DEBUG    41   2.73205411e+12 -1.02275042e+12  1.87e-05 1.43e-03  2.59e+05   943s
[2025-08-20 18:19:40] DEBUG    42   2.64127689e+12 -8.19385603e+11  2.28e-05 1.34e-03  2.18e+05   992s
[2025-08-20 18:20:22] DEBUG    43   2.60954548e+12 -6.51054620e+11  1.75e-05 1.32e-03  1.90e+05  1033s
[2025-08-20 18:20:58] DEBUG    44   2.56745837e+12 -5.73227051e+11  2.04e-05 1.40e-03  1.74e+05  1069s
[2025-08-20 18:21:24] DEBUG    45   2.48378222e+12 -4.52549239e+11  2.56e-05 1.54e-03  1.47e+05  1095s
[2025-08-20 18:21:51] DEBUG    46   2.42911052e+12 -4.10082923e+11  2.60e-05 1.57e-03  1.34e+05  1122s
[2025-08-20 18:22:28] DEBUG    47   2.37964238e+12 -3.49299068e+11  2.26e-05 1.63e-03  1.20e+05  1159s
[2025-08-20 18:23:03] DEBUG    48   2.32553263e+12 -3.24542081e+11  2.07e-05 1.64e-03  1.10e+05  1194s
[2025-08-20 18:23:48] DEBUG    49   2.30786558e+12 -2.82662184e+11  2.35e-05 1.66e-03  1.02e+05  1239s
[2025-08-20 18:24:27] DEBUG    50   2.26151898e+12 -2.82283737e+11  2.25e-05 1.66e-03  9.72e+04  1279s
[2025-08-20 18:24:52] DEBUG    51   2.17418950e+12 -2.41868997e+11  2.03e-05 1.63e-03  8.19e+04  1303s
[2025-08-20 18:25:22] DEBUG    52   2.14154526e+12 -2.03420250e+11  2.51e-05 1.55e-03  7.26e+04  1333s
[2025-08-20 18:25:46] DEBUG    53   2.10032358e+12 -1.73743626e+11  1.78e-05 1.48e-03  6.38e+04  1357s
[2025-08-20 18:26:11] DEBUG    54   2.09621607e+12 -1.60787138e+11  2.10e-05 1.43e-03  6.14e+04  1382s
[2025-08-20 18:26:46] DEBUG    55   2.07266386e+12 -1.48304987e+11  1.81e-05 1.39e-03  5.70e+04  1418s
[2025-08-20 18:27:16] DEBUG    56   2.04059210e+12 -1.22631982e+11  2.23e-05 1.44e-03  4.98e+04  1448s
[2025-08-20 18:28:00] DEBUG    57   2.02326157e+12 -1.09757370e+11  2.67e-05 1.51e-03  4.61e+04  1492s
[2025-08-20 18:28:34] DEBUG    58   1.98032954e+12 -9.60128621e+10  2.40e-05 1.52e-03  3.97e+04  1525s
[2025-08-20 18:29:10] DEBUG    59   1.94816685e+12 -8.54706982e+10  2.19e-05 1.58e-03  3.49e+04  1561s
[2025-08-20 18:29:50] DEBUG    60   1.92801890e+12 -7.43904807e+10  1.80e-05 1.65e-03  3.12e+04  1601s
[2025-08-20 18:30:23] DEBUG    61   1.91184635e+12 -6.79544308e+10  1.91e-05 1.71e-03  2.86e+04  1634s
[2025-08-20 18:30:54] DEBUG    62   1.90236485e+12 -6.10051733e+10  1.88e-05 1.71e-03  2.66e+04  1665s
[2025-08-20 18:31:21] DEBUG    63   1.87520215e+12 -4.99941950e+10  2.55e-05 1.66e-03  2.23e+04  1693s
[2025-08-20 18:31:52] DEBUG    64   1.86998581e+12 -4.76987519e+10  2.40e-05 1.63e-03  2.15e+04  1723s
[2025-08-20 18:32:26] DEBUG    65   1.85457872e+12 -4.00563597e+10  3.56e-05 1.57e-03  1.89e+04  1757s
[2025-08-20 18:33:05] DEBUG    66   1.83431551e+12 -3.16331348e+10  2.35e-05 1.55e-03  1.56e+04  1797s
[2025-08-20 18:33:32] DEBUG    67   1.81925857e+12 -2.28369084e+10  2.87e-05 1.57e-03  1.29e+04  1824s
[2025-08-20 18:34:16] DEBUG    68   1.80973564e+12 -1.94962593e+10  2.62e-05 1.51e-03  1.15e+04  1867s
[2025-08-20 18:34:43] DEBUG    69   1.80527117e+12 -1.68571650e+10  2.25e-05 1.41e-03  1.07e+04  1895s
[2025-08-20 18:35:06] DEBUG    70   1.80138425e+12 -1.57254605e+10  2.05e-05 1.38e-03  1.02e+04  1917s
[2025-08-20 18:35:35] DEBUG    71   1.79162966e+12 -1.31393523e+10  2.28e-05 1.32e-03  8.90e+03  1946s
[2025-08-20 18:36:06] DEBUG    72   1.78682790e+12 -1.18074061e+10  2.07e-05 1.31e-03  8.27e+03  1977s
[2025-08-20 18:36:32] DEBUG    73   1.78167669e+12 -9.13008245e+09  1.93e-05 1.42e-03  7.42e+03  2003s
[2025-08-20 18:36:55] DEBUG    74   1.77865882e+12 -7.75377259e+09  2.10e-05 1.46e-03  6.96e+03  2027s
[2025-08-20 18:37:18] DEBUG    75   1.77520683e+12 -6.12682630e+09  2.52e-05 1.52e-03  6.42e+03  2049s
[2025-08-20 18:37:48] DEBUG    76   1.77322088e+12 -4.21776311e+09  1.87e-05 1.56e-03  6.00e+03  2079s
[2025-08-20 18:38:15] DEBUG    77   1.76391004e+12 -2.70039357e+09  2.88e-05 1.57e-03  5.00e+03  2106s
[2025-08-20 18:38:57] DEBUG    78   1.76133049e+12 -1.40667717e+09  2.29e-05 1.53e-03  4.63e+03  2148s
[2025-08-20 18:39:23] DEBUG    79   1.75458069e+12  1.52349220e+08  2.19e-05 1.49e-03  3.87e+03  2174s
[2025-08-20 18:39:41] DEBUG    80   1.75246413e+12  1.68258417e+09  2.38e-05 1.46e-03  3.48e+03  2192s
[2025-08-20 18:40:03] DEBUG    81   1.75107247e+12  2.67028572e+09  2.04e-05 1.38e-03  3.25e+03  2214s
[2025-08-20 18:40:25] DEBUG    82   1.74465965e+12  3.45175744e+09  2.17e-05 1.29e-03  2.64e+03  2236s
[2025-08-20 18:40:48] DEBUG    83   1.74284592e+12  4.35362058e+09  2.35e-05 1.22e-03  2.38e+03  2259s
[2025-08-20 18:41:13] DEBUG    84   1.73979546e+12  4.90911999e+09  1.91e-05 1.27e-03  2.08e+03  2285s
[2025-08-20 18:41:32] DEBUG    85   1.73908150e+12  5.18417662e+09  2.09e-05 1.29e-03  1.99e+03  2303s
[2025-08-20 18:41:58] DEBUG    86   1.73657462e+12  5.46893192e+09  2.15e-05 1.32e-03  1.78e+03  2329s
[2025-08-20 18:42:27] DEBUG    87   1.73578271e+12  5.84014280e+09  3.03e-05 1.35e-03  1.67e+03  2358s
[2025-08-20 18:42:47] DEBUG    88   1.73295405e+12  6.27209154e+09  2.46e-05 1.39e-03  1.42e+03  2378s
[2025-08-20 18:43:07] DEBUG    89   1.73134665e+12  6.55213937e+09  1.75e-05 1.42e-03  1.27e+03  2398s
[2025-08-20 18:43:23] DEBUG    90   1.73011234e+12  6.81347757e+09  1.75e-05 1.44e-03  1.15e+03  2414s
[2025-08-20 18:43:41] DEBUG    91   1.72810519e+12  6.92373694e+09  1.88e-05 1.45e-03  1.01e+03  2432s
[2025-08-20 18:44:09] DEBUG    92   1.72707429e+12  7.08818713e+09  2.01e-05 1.45e-03  9.20e+02  2460s
[2025-08-20 18:44:41] DEBUG    93   1.72586453e+12  7.26615321e+09  1.57e-05 1.43e-03  8.22e+02  2492s
[2025-08-20 18:45:06] DEBUG    94   1.72432206e+12  7.37218676e+09  2.04e-05 1.42e-03  7.28e+02  2517s
[2025-08-20 18:45:24] DEBUG    95   1.72394761e+12  7.53041733e+09  2.68e-05 1.41e-03  6.80e+02  2535s
[2025-08-20 18:45:43] DEBUG    96   1.72312245e+12  7.64227632e+09  1.84e-05 1.41e-03  6.16e+02  2554s
[2025-08-20 18:46:03] DEBUG    97   1.72250674e+12  7.78436321e+09  2.09e-05 1.39e-03  5.56e+02  2574s
[2025-08-20 18:46:20] DEBUG    98   1.72146341e+12  7.88716566e+09  2.95e-05 1.37e-03  4.86e+02  2591s
[2025-08-20 18:46:34] DEBUG    99   1.72106573e+12  7.94610346e+09  1.78e-05 1.37e-03  4.58e+02  2605s
[2025-08-20 18:46:49] DEBUG    100   1.72090721e+12  7.97364375e+09  1.76e-05 1.37e-03  4.47e+02  2620s
[2025-08-20 18:47:05] DEBUG    101   1.71987760e+12  8.07745252e+09  2.15e-05 1.35e-03  3.83e+02  2636s
[2025-08-20 18:47:19] DEBUG    102   1.71956804e+12  8.14109694e+09  2.34e-05 1.35e-03  3.51e+02  2651s
[2025-08-20 18:47:28] DEBUG    103   1.71926792e+12  8.18877537e+09  1.88e-05 1.34e-03  3.27e+02  2659s
[2025-08-20 18:47:43] DEBUG    104   1.71897128e+12  8.20808626e+09  2.13e-05 1.34e-03  3.09e+02  2674s
[2025-08-20 18:47:57] DEBUG    105   1.71799571e+12  8.24713854e+09  2.47e-05 1.33e-03  2.55e+02  2689s
[2025-08-20 18:48:14] DEBUG    106   1.71757791e+12  8.30713243e+09  2.80e-05 1.32e-03  2.27e+02  2705s
[2025-08-20 18:48:29] DEBUG    107   1.71731811e+12  8.34604613e+09  1.91e-05 1.32e-03  2.11e+02  2720s
[2025-08-20 18:48:41] DEBUG    108   1.71635209e+12  8.41145807e+09  2.34e-05 1.31e-03  1.67e+02  2733s
[2025-08-20 18:48:56] DEBUG    109   1.71602831e+12  8.44688367e+09  2.09e-05 1.31e-03  1.52e+02  2747s
[2025-08-20 18:49:09] DEBUG    110   1.71574789e+12  8.46191765e+09  2.61e-05 1.31e-03  1.42e+02  2760s
[2025-08-20 18:49:25] DEBUG    111   1.71538934e+12  8.49519633e+09  2.52e-05 1.31e-03  1.28e+02  2776s
[2025-08-20 18:49:38] DEBUG    112   1.71523966e+12  8.49175054e+09  1.80e-05 1.31e-03  1.20e+02  2789s
[2025-08-20 18:49:47] DEBUG    113   1.71493547e+12  8.50824285e+09  2.41e-05 1.30e-03  1.03e+02  2799s
[2025-08-20 18:50:00] DEBUG    114   1.71464528e+12  8.51806266e+09  3.27e-05 1.30e-03  9.11e+01  2811s
[2025-08-20 18:50:16] DEBUG    115   1.71432199e+12  8.53230364e+09  4.04e-05 1.30e-03  7.72e+01  2827s
[2025-08-20 18:50:32] DEBUG    116   1.71416772e+12  8.53594597e+09  4.89e-05 1.30e-03  7.24e+01  2843s
[2025-08-20 18:50:44] DEBUG    117   1.71391943e+12  8.56474621e+09  5.75e-05 1.30e-03  6.19e+01  2855s
[2025-08-20 18:50:53] DEBUG    118   1.71386440e+12  8.57499521e+09  5.86e-05 1.30e-03  5.99e+01  2864s
[2025-08-20 18:51:02] DEBUG    119   1.71372031e+12  8.58847512e+09  5.20e-05 1.30e-03  5.57e+01  2874s
[2025-08-20 18:51:16] DEBUG    120   1.71357671e+12  8.61928972e+09  4.83e-05 1.30e-03  5.03e+01  2888s
[2025-08-20 18:51:32] DEBUG    121   1.71340152e+12  8.64219150e+09  7.88e-05 1.30e-03  4.47e+01  2903s
[2025-08-20 18:51:44] DEBUG    122   1.71314854e+12  8.65787991e+09  5.76e-05 1.30e-03  3.88e+01  2916s
[2025-08-20 18:51:56] DEBUG    123   1.71297261e+12  8.67498405e+09  5.93e-05 1.30e-03  3.51e+01  2927s
[2025-08-20 18:52:10] DEBUG    124   1.71280408e+12  8.69437289e+09  5.29e-05 1.30e-03  3.17e+01  2941s
[2025-08-20 18:52:30] DEBUG    125   1.71269532e+12  8.70321324e+09  5.07e-05 1.30e-03  2.98e+01  2961s
[2025-08-20 18:52:43] DEBUG    126   1.71263570e+12  8.71474426e+09  4.91e-05 1.30e-03  2.86e+01  2974s
[2025-08-20 18:52:56] DEBUG    127   1.71261054e+12  8.72827575e+09  4.83e-05 1.30e-03  2.79e+01  2987s
[2025-08-20 18:53:10] DEBUG    128   1.71247430e+12  8.73290866e+09  4.40e-05 1.30e-03  2.60e+01  3001s
[2025-08-20 18:53:24] DEBUG    129   1.71244663e+12  8.73928693e+09  4.30e-05 1.30e-03  2.55e+01  3015s
[2025-08-20 18:53:36] DEBUG    130   1.71230115e+12  8.75695596e+09  4.01e-05 1.30e-03  2.32e+01  3027s
[2025-08-20 18:53:53] DEBUG    131   1.71220067e+12  8.76992043e+09  3.98e-05 1.30e-03  2.16e+01  3044s
[2025-08-20 18:54:09] DEBUG    132   1.71208893e+12  8.78289969e+09  4.02e-05 1.30e-03  2.02e+01  3060s
[2025-08-20 18:54:23] DEBUG    133   1.71204084e+12  8.79567652e+09  3.92e-05 1.30e-03  1.94e+01  3074s
[2025-08-20 18:54:39] DEBUG    134   1.71192212e+12  8.80522002e+09  3.64e-05 1.30e-03  1.80e+01  3090s
[2025-08-20 18:54:54] DEBUG    135   1.71178605e+12  8.81982061e+09  3.49e-05 1.30e-03  1.64e+01  3105s
[2025-08-20 18:55:12] DEBUG    136   1.71168393e+12  8.83288820e+09  3.17e-05 1.30e-03  1.53e+01  3123s
[2025-08-20 18:55:28] DEBUG    137   1.71158002e+12  8.84434547e+09  3.20e-05 1.30e-03  1.43e+01  3139s
[2025-08-20 18:55:43] DEBUG    138   1.71149621e+12  8.85475076e+09  2.89e-05 1.30e-03  1.34e+01  3154s
[2025-08-20 18:55:57] DEBUG    139   1.71143913e+12  8.87125440e+09  2.98e-05 1.30e-03  1.26e+01  3168s
[2025-08-20 18:56:10] DEBUG    140   1.71127943e+12  8.87747473e+09  2.40e-05 1.30e-03  1.14e+01  3181s
[2025-08-20 18:56:22] DEBUG    141   1.71125013e+12  8.88083413e+09  2.53e-05 1.30e-03  1.12e+01  3193s
[2025-08-20 18:56:31] DEBUG    142   1.71121303e+12  8.88421799e+09  2.00e-05 1.30e-03  1.10e+01  3202s
[2025-08-20 18:56:44] DEBUG    143   1.71112516e+12  8.89617297e+09  1.80e-05 1.30e-03  1.02e+01  3215s
[2025-08-20 18:56:56] DEBUG    144   1.71104878e+12  8.90479393e+09  1.93e-05 1.30e-03  9.66e+00  3227s
[2025-08-20 18:57:13] DEBUG    145   1.71099317e+12  8.91344287e+09  1.72e-05 1.30e-03  9.27e+00  3244s
[2025-08-20 18:57:26] DEBUG    146   1.71093987e+12  8.92297480e+09  3.12e-05 1.30e-03  8.92e+00  3257s
[2025-08-20 18:57:41] DEBUG    147   1.71084520e+12  8.93079121e+09  2.09e-05 1.30e-03  8.36e+00  3272s
[2025-08-20 18:57:58] DEBUG    148   1.71075169e+12  8.93626712e+09  2.42e-05 1.30e-03  7.90e+00  3289s
[2025-08-20 18:58:13] DEBUG    149   1.71069019e+12  8.94172002e+09  2.83e-05 1.30e-03  7.60e+00  3304s
[2025-08-20 18:58:29] DEBUG    150   1.71061309e+12  8.94882176e+09  2.12e-05 1.30e-03  7.22e+00  3320s
[2025-08-20 18:58:44] DEBUG    151   1.71054298e+12  8.95736270e+09  1.97e-05 1.30e-03  6.87e+00  3336s
[2025-08-20 18:59:01] DEBUG    152   1.71048730e+12  8.96616694e+09  3.00e-05 1.30e-03  6.59e+00  3352s
[2025-08-20 18:59:19] DEBUG    153   1.71040330e+12  8.96935247e+09  2.55e-05 1.30e-03  6.23e+00  3370s
[2025-08-20 18:59:36] DEBUG    154   1.71031467e+12  8.97565831e+09  2.53e-05 1.30e-03  5.88e+00  3388s
[2025-08-20 18:59:50] DEBUG    155   1.71027144e+12  8.97940667e+09  1.88e-05 1.30e-03  5.72e+00  3401s
[2025-08-20 19:00:06] DEBUG    156   1.71021659e+12  8.98694759e+09  2.09e-05 1.30e-03  5.49e+00  3417s
[2025-08-20 19:00:22] DEBUG    157   1.71015922e+12  8.99373412e+09  3.24e-05 1.30e-03  5.27e+00  3433s
[2025-08-20 19:00:37] DEBUG    158   1.71008120e+12  9.00038009e+09  2.37e-05 1.30e-03  5.00e+00  3448s
[2025-08-20 19:00:54] DEBUG    159   1.71003409e+12  9.00758939e+09  2.16e-05 1.30e-03  4.83e+00  3465s
[2025-08-20 19:01:10] DEBUG    160   1.70995408e+12  9.01407956e+09  2.40e-05 1.30e-03  4.58e+00  3481s
[2025-08-20 19:01:25] DEBUG    161   1.70989721e+12  9.01960116e+09  2.23e-05 1.30e-03  4.41e+00  3496s
[2025-08-20 19:01:42] DEBUG    162   1.70985644e+12  9.02140891e+09  2.62e-05 1.30e-03  4.31e+00  3513s
[2025-08-20 19:02:01] DEBUG    163   1.70980633e+12  9.02338551e+09  2.11e-05 1.30e-03  4.18e+00  3532s
[2025-08-20 19:02:18] DEBUG    164   1.70976195e+12  9.03007240e+09  2.34e-05 1.30e-03  4.05e+00  3550s
[2025-08-20 19:02:36] DEBUG    165   1.70970813e+12  9.03725750e+09  2.24e-05 1.30e-03  3.88e+00  3567s
[2025-08-20 19:02:56] DEBUG    166   1.70966454e+12  9.04174655e+09  2.35e-05 1.30e-03  3.76e+00  3587s
[2025-08-20 19:03:11] DEBUG    167   1.70963214e+12  9.04582698e+09  2.09e-05 1.30e-03  3.67e+00  3602s
[2025-08-20 19:03:30] DEBUG    168   1.70956409e+12  9.05034621e+09  2.66e-05 1.30e-03  3.51e+00  3621s
[2025-08-20 19:03:47] DEBUG    169   1.70951805e+12  9.05620078e+09  2.53e-05 1.30e-03  3.40e+00  3638s
[2025-08-20 19:03:58] DEBUG    170   1.70947135e+12  9.06052224e+09  2.33e-05 1.31e-03  3.29e+00  3649s
[2025-08-20 19:04:14] DEBUG    171   1.70942326e+12  9.06591721e+09  2.36e-05 1.31e-03  3.16e+00  3665s
[2025-08-20 19:04:33] DEBUG    172   1.70937479e+12  9.06916258e+09  2.13e-05 1.31e-03  3.06e+00  3684s
[2025-08-20 19:04:45] DEBUG    173   1.70933324e+12  9.07167274e+09  3.18e-05 1.31e-03  2.98e+00  3696s
[2025-08-20 19:04:45] DEBUG    Barrier performed 173 iterations in 3696.34 seconds (825.28 work units)
Barrier solve interrupted - model solved by another algorithm
[2025-08-20 19:04:45] DEBUG    Solved with dual simplex
[2025-08-20 19:04:57] DEBUG    Iteration    Objective       Primal Inf.    Dual Inf.      Time
[2025-08-20 19:04:57] DEBUG    873435    1.0930222e+10   0.000000e+00   0.000000e+00   3708s

Solved in 873435 iterations and 3707.93 seconds (1401.86 work units)
[2025-08-20 19:04:57] DEBUG    Optimal objective  1.093022201e+10
✅ Scenario completato: new_trasmission_VRES_2030_PHES

🚀 Lancio scenario: new_trasmission_VRES_2030_nostorage
[2025-08-20 19:16:47] INFO     Loading sets
[2025-08-20 19:16:47] INFO     Loading parameters
[2025-08-20 19:17:24] INFO     constraints are loaded in the following order: ['energy_balance', 'dispatch', 'costs', 'capacity', 'network', 'policy', 'conversion', 'group', 'conversion_plus', 'milp', 'export']
[2025-08-20 19:17:24] INFO     creating energy_balance constraints
[2025-08-20 19:20:41] INFO     creating dispatch constraints
[2025-08-20 19:26:33] INFO     creating costs constraints
[2025-08-20 19:36:15] INFO     creating capacity constraints
[2025-08-20 19:36:15] INFO     creating network constraints
[2025-08-20 19:36:15] INFO     creating policy constraints
[2025-08-20 19:36:15] INFO     creating conversion constraints
[2025-08-20 19:36:15] INFO     creating group constraints
[2025-08-20 19:36:15] INFO     creating conversion_plus constraints
[2025-08-20 19:36:15] INFO     creating milp constraints
[2025-08-20 19:36:15] INFO     creating export constraints
[2025-08-20 19:49:56] DEBUG    Set parameter WLSAccessID
Set parameter WLSSecret
Set parameter LicenseID to value 2680226
[2025-08-20 19:49:56] DEBUG    Academic license 2680226 - for non-commercial use only - registered to an___@mail.polimi.it
[2025-08-20 19:50:36] DEBUG    Read LP format model from file /tmp/tmpx3x6y45w.pyomo.lp
Reading time = 39.87 seconds
x19704624: 26248417 rows, 19704624 columns, 64013168 nonzeros
[2025-08-20 19:50:36] DEBUG    Set parameter NumericFocus to value 1
Gurobi Optimizer version 12.0.2 build v12.0.2rc0 (linux64 - "Debian GNU/Linux 11 (bullseye)")

CPU model: Intel(R) Xeon(R) Silver 4314 CPU @ 2.40GHz, instruction set [SSE2|AVX|AVX2|AVX512]
Thread count: 32 physical cores, 64 logical processors, using up to 32 threads

Non-default parameters:
NumericFocus  1
[2025-08-20 19:50:36] DEBUG    Academic license 2680226 - for non-commercial use only - registered to an___@mail.polimi.it
Optimize a model with 26248417 rows, 19704624 columns and 64013168 nonzeros
[2025-08-20 19:50:37] DEBUG    Model fingerprint: 0x7134b375
[2025-08-20 19:50:37] DEBUG    Coefficient statistics:
  Matrix range     [1e-07, 3e+02]
  Objective range  [1e+00, 1e+06]
  Bounds range     [0e+00, 0e+00]
  RHS range        [1e+00, 2e+08]
[2025-08-20 19:50:42] DEBUG    Presolve removed 19790542 rows and 10761971 columns (presolve time = 5s)...
[2025-08-20 19:50:48] DEBUG    Presolve removed 19790601 rows and 12768245 columns (presolve time = 11s)...
[2025-08-20 19:50:53] DEBUG    Presolve removed 23091374 rows and 16069018 columns (presolve time = 16s)...
[2025-08-20 19:50:57] DEBUG    Presolve removed 23091374 rows and 16069018 columns (presolve time = 20s)...
[2025-08-20 19:51:04] DEBUG    Presolve removed 23629211 rows and 16323058 columns (presolve time = 27s)...
[2025-08-20 19:51:07] DEBUG    Presolve removed 23629211 rows and 16445698 columns (presolve time = 30s)...
[2025-08-20 19:51:09] DEBUG    Presolve removed 23778114 rows and 16445698 columns
[2025-08-20 19:51:42] DEBUG    Presolve time: 65.66s
Presolved: 2470303 rows, 3407829 columns, 10480447 nonzeros

Concurrent LP optimizer: primal simplex, dual simplex, and barrier
Showing barrier log only...
[2025-08-20 19:51:45] DEBUG    Ordering time: 1.74s
[2025-08-20 19:51:47] DEBUG    Barrier statistics:
 Dense cols : 145
 AA' NZ     : 8.737e+06
 Factor NZ  : 3.948e+07 (roughly 2.7 GB of memory)
 Factor Ops : 3.421e+09 (less than 1 second per iteration)
 Threads    : 30
[2025-08-20 19:51:52] DEBUG    Objective                Residual
Iter       Primal          Dual         Primal    Dual     Compl     Time
[2025-08-20 19:51:52] DEBUG    0   2.43082775e+21 -7.43493312e+18  6.13e+10 2.90e-11  3.84e+15    76s
[2025-08-20 19:51:57] DEBUG    1   1.84606970e+21 -7.13115716e+18  4.60e+10 1.76e+05  2.63e+15    81s
[2025-08-20 19:52:04] DEBUG    2   1.39626311e+21 -6.52160784e+18  3.48e+10 8.01e+04  1.81e+15    88s
[2025-08-20 19:52:12] DEBUG    3   1.09266384e+21 -6.23947404e+18  2.74e+10 4.57e+04  1.35e+15    96s
[2025-08-20 19:52:18] DEBUG    4   9.05926519e+20 -6.13442551e+18  2.29e+10 2.62e+04  1.07e+15   102s
[2025-08-20 19:52:23] DEBUG    5   7.70811266e+20 -6.10009141e+18  1.93e+10 1.84e+04  8.88e+14   107s
[2025-08-20 19:52:30] DEBUG    6   6.67559000e+20 -6.08749885e+18  1.68e+10 1.56e+04  7.67e+14   114s
[2025-08-20 19:52:40] DEBUG    7   6.07382919e+20 -6.12892704e+18  1.54e+10 1.35e+04  7.02e+14   124s
[2025-08-20 19:52:50] DEBUG    8   1.82389365e+20 -6.40113276e+18  4.40e+09 8.01e+03  2.27e+14   133s
[2025-08-20 19:52:59] DEBUG    9   6.99315108e+19 -6.71944441e+18  1.32e+09 1.80e+03  6.91e+13   143s
[2025-08-20 19:53:07] DEBUG    10   1.66726331e+19 -6.10973440e+18  2.72e+08 4.73e+02  1.56e+13   151s
[2025-08-20 19:53:14] DEBUG    11   2.82147150e+18 -4.74076980e+18  4.73e+07 1.56e+02  3.55e+12   158s
[2025-08-20 19:53:20] DEBUG    12   4.08035930e+17 -2.19658636e+18  8.92e+06 4.17e+01  8.54e+11   164s
[2025-08-20 19:53:25] DEBUG    13   9.03252881e+16 -3.78401743e+17  1.91e+06 1.67e+00  1.17e+11   169s
[2025-08-20 19:53:30] DEBUG    14   4.59127589e+14 -6.21270341e+16  8.41e+03 2.26e-02  8.49e+09   174s
[2025-08-20 19:53:34] DEBUG    15   2.67657880e+12 -3.05950860e+14  1.11e-01 8.39e-05  4.11e+07   178s
[2025-08-20 19:53:41] DEBUG    16   2.59263685e+12 -3.02633537e+14  8.53e-02 1.42e-03  4.06e+07   185s
[2025-08-20 19:53:45] DEBUG    17   2.63255271e+12 -2.39272164e+14  6.79e-02 1.45e-02  3.24e+07   189s
[2025-08-20 19:53:51] DEBUG    18   2.47994701e+12 -1.22850659e+14  4.04e-02 6.83e-03  1.69e+07   195s
[2025-08-20 19:53:56] DEBUG    19   2.40703686e+12 -9.26657131e+13  3.50e-02 4.77e-03  1.28e+07   199s
[2025-08-20 19:54:03] DEBUG    20   2.35779568e+12 -5.02307004e+13  3.20e-02 7.55e-03  7.07e+06   207s
[2025-08-20 19:54:08] DEBUG    21   2.34265655e+12 -4.46276533e+13  3.14e-02 7.61e-03  6.30e+06   212s
[2025-08-20 19:54:12] DEBUG    22   2.31553678e+12 -4.27209893e+13  3.04e-02 7.44e-03  6.03e+06   216s
[2025-08-20 19:54:19] DEBUG    23   2.24844856e+12 -3.35711021e+13  2.77e-02 6.96e-03  4.78e+06   223s
[2025-08-20 19:54:26] DEBUG    24   2.18987494e+12 -2.81782537e+13  2.57e-02 7.32e-03  4.03e+06   230s
[2025-08-20 19:54:37] DEBUG    25   2.12301886e+12 -2.21051394e+13  2.35e-02 7.78e-03  3.20e+06   241s
[2025-08-20 19:54:53] DEBUG    26   2.01466525e+12 -1.92566022e+13  2.08e-02 7.68e-03  2.79e+06   257s
[2025-08-20 19:55:01] DEBUG    27   1.97327458e+12 -1.55200067e+13  1.96e-02 7.96e-03  2.27e+06   265s
[2025-08-20 19:55:23] DEBUG    28   1.94992350e+12 -1.34758040e+13  1.90e-02 8.18e-03  1.99e+06   287s
[2025-08-20 19:55:41] DEBUG    29   1.90492042e+12 -1.30951524e+13  1.78e-02 8.13e-03  1.93e+06   305s
[2025-08-20 19:55:56] DEBUG    30   1.86452743e+12 -1.15272540e+13  1.66e-02 8.47e-03  1.71e+06   319s
[2025-08-20 19:56:08] DEBUG    31   1.78882090e+12 -8.98027214e+12  1.47e-02 1.44e-02  1.34e+06   332s
[2025-08-20 19:56:27] DEBUG    32   1.72776490e+12 -6.72013367e+12  1.32e-02 1.40e-02  1.02e+06   351s
[2025-08-20 19:56:37] DEBUG    33   1.68527796e+12 -5.69206106e+12  1.21e-02 1.44e-02  8.72e+05   361s
[2025-08-20 19:56:48] DEBUG    34   1.66508150e+12 -4.65630155e+12  1.17e-02 1.60e-02  7.25e+05   372s
[2025-08-20 19:56:58] DEBUG    35   1.56758982e+12 -3.39928865e+12  9.61e-03 1.65e-02  5.37e+05   382s
[2025-08-20 19:57:10] DEBUG    36   1.51176221e+12 -2.03015062e+12  8.47e-03 1.86e-02  3.37e+05   393s
[2025-08-20 19:57:20] DEBUG    37   1.47977452e+12 -1.72680015e+12  7.79e-03 2.00e-02  2.90e+05   404s
[2025-08-20 19:57:29] DEBUG    38   1.42814107e+12 -1.51871958e+12  6.71e-03 1.94e-02  2.55e+05   413s
[2025-08-20 19:57:42] DEBUG    39   1.40722087e+12 -1.40236661e+12  6.28e-03 1.89e-02  2.36e+05   426s
[2025-08-20 19:57:52] DEBUG    40   1.37684937e+12 -7.43118030e+11  5.67e-03 1.55e-02  1.39e+05   436s
[2025-08-20 19:58:03] DEBUG    41   1.34751445e+12 -6.13310405e+11  5.06e-03 1.61e-02  1.17e+05   447s
[2025-08-20 19:58:14] DEBUG    42   1.31041173e+12 -5.11974078e+11  4.44e-03 1.60e-02  9.84e+04   457s
[2025-08-20 19:58:26] DEBUG    43   1.28253076e+12 -3.76560249e+11  4.02e-03 1.47e-02  7.69e+04   470s
[2025-08-20 19:58:40] DEBUG    44   1.23216915e+12 -3.35330650e+11  3.35e-03 1.42e-02  6.68e+04   484s
[2025-08-20 19:58:55] DEBUG    45   1.22016528e+12 -2.99689124e+11  3.20e-03 1.36e-02  6.09e+04   499s
[2025-08-20 19:59:10] DEBUG    46   1.20009555e+12 -2.71496089e+11  2.95e-03 1.31e-02  5.54e+04   514s
[2025-08-20 19:59:28] DEBUG    47   1.17393857e+12 -2.41713972e+11  2.63e-03 1.23e-02  4.94e+04   532s
[2025-08-20 19:59:46] DEBUG    48   1.14931513e+12 -2.17134480e+11  2.33e-03 1.14e-02  4.41e+04   550s
[2025-08-20 20:00:03] DEBUG    49   1.14592315e+12 -2.02627185e+11  2.29e-03 1.09e-02  4.19e+04   567s
[2025-08-20 20:00:21] DEBUG    50   1.12668379e+12 -1.72220060e+11  2.05e-03 9.59e-03  3.61e+04   585s
[2025-08-20 20:00:32] DEBUG    51   1.11502730e+12 -1.40123908e+11  1.88e-03 8.40e-03  3.07e+04   596s
[2025-08-20 20:00:48] DEBUG    52   1.10863753e+12 -1.20173769e+11  1.79e-03 7.58e-03  2.73e+04   612s
[2025-08-20 20:01:06] DEBUG    53   1.09738950e+12 -1.03933202e+11  1.64e-03 6.87e-03  2.40e+04   630s
[2025-08-20 20:01:24] DEBUG    54   1.08637857e+12 -9.28988840e+10  1.49e-03 6.15e-03  2.15e+04   648s
[2025-08-20 20:01:43] DEBUG    55   1.07917448e+12 -8.62366892e+10  1.39e-03 5.70e-03  1.99e+04   667s
[2025-08-20 20:01:55] DEBUG    56   1.07409269e+12 -7.02709380e+10  1.31e-03 4.68e-03  1.72e+04   679s
[2025-08-20 20:02:10] DEBUG    57   1.07285186e+12 -6.86186808e+10  1.29e-03 4.56e-03  1.69e+04   694s
[2025-08-20 20:02:26] DEBUG    58   1.06809359e+12 -6.15632311e+10  1.22e-03 3.94e-03  1.55e+04   710s
[2025-08-20 20:02:27] DEBUG    Barrier performed 58 iterations in 710.22 seconds (195.26 work units)
[2025-08-20 20:02:27] DEBUG    Barrier solve interrupted - model solved by another algorithm
[2025-08-20 20:02:28] DEBUG    Solved with dual simplex
[2025-08-20 20:02:38] DEBUG    Iteration    Objective       Primal Inf.    Dual Inf.      Time
[2025-08-20 20:02:38] DEBUG    412321    1.0930222e+10   0.000000e+00   0.000000e+00    722s

Solved in 412321 iterations and 721.75 seconds (380.00 work units)
[2025-08-20 20:02:38] DEBUG    Optimal objective  1.093022201e+10
✅ Scenario completato: new_trasmission_VRES_2030_nostorage

🚀 Lancio scenario: new_trasmission_CG+VRES_2030_BESS
[2025-08-20 20:17:30] INFO     Loading sets
[2025-08-20 20:17:30] INFO     Loading parameters
[2025-08-20 20:18:10] INFO     constraints are loaded in the following order: ['energy_balance', 'dispatch', 'costs', 'capacity', 'network', 'policy', 'conversion', 'group', 'conversion_plus', 'milp', 'export']
[2025-08-20 20:18:10] INFO     creating energy_balance constraints
[2025-08-20 20:21:40] INFO     creating dispatch constraints
[2025-08-20 20:24:07] INFO     creating costs constraints
[2025-08-20 20:40:16] INFO     creating capacity constraints
[2025-08-20 20:40:16] INFO     creating network constraints
[2025-08-20 20:40:16] INFO     creating policy constraints
[2025-08-20 20:40:16] INFO     creating conversion constraints
[2025-08-20 20:40:16] INFO     creating group constraints
[2025-08-20 20:40:16] INFO     creating conversion_plus constraints
[2025-08-20 20:40:16] INFO     creating milp constraints
[2025-08-20 20:40:16] INFO     creating export constraints
[2025-08-20 20:55:22] DEBUG    Set parameter WLSAccessID
Set parameter WLSSecret
[2025-08-20 20:55:22] DEBUG    Set parameter LicenseID to value 2680226
[2025-08-20 20:55:23] DEBUG    Academic license 2680226 - for non-commercial use only - registered to an___@mail.polimi.it
[2025-08-20 20:56:06] DEBUG    Read LP format model from file /tmp/tmpf6sznhep.pyomo.lp
[2025-08-20 20:56:06] DEBUG    Reading time = 43.68 seconds
x21737263: 28789107 rows, 21737263 columns, 70872770 nonzeros
[2025-08-20 20:56:06] DEBUG    Set parameter NumericFocus to value 1
[2025-08-20 20:56:06] DEBUG    Gurobi Optimizer version 12.0.2 build v12.0.2rc0 (linux64 - "Debian GNU/Linux 11 (bullseye)")

CPU model: Intel(R) Xeon(R) Silver 4314 CPU @ 2.40GHz, instruction set [SSE2|AVX|AVX2|AVX512]
Thread count: 32 physical cores, 64 logical processors, using up to 32 threads
[2025-08-20 20:56:06] DEBUG    Non-default parameters:
NumericFocus  1
[2025-08-20 20:56:06] DEBUG    Academic license 2680226 - for non-commercial use only - registered to an___@mail.polimi.it
[2025-08-20 20:56:06] DEBUG    Optimize a model with 28789107 rows, 21737263 columns and 70872770 nonzeros
[2025-08-20 20:56:07] DEBUG    Model fingerprint: 0x5d1ad629
[2025-08-20 20:56:07] DEBUG    Coefficient statistics:
  Matrix range     [1e-07, 3e+02]
  Objective range  [1e+00, 1e+06]
[2025-08-20 20:56:07] DEBUG    Bounds range     [0e+00, 0e+00]
  RHS range        [1e+00, 2e+08]
[2025-08-20 20:56:13] DEBUG    Presolve removed 20375888 rows and 11778363 columns (presolve time = 5s)...
[2025-08-20 20:56:17] DEBUG    Presolve removed 20806934 rows and 13919697 columns (presolve time = 10s)...
[2025-08-20 20:56:22] DEBUG    Presolve removed 22788316 rows and 16020000 columns (presolve time = 15s)...
[2025-08-20 20:56:28] DEBUG    Presolve removed 24361835 rows and 17542740 columns (presolve time = 20s)...
[2025-08-20 20:56:39] DEBUG    Presolve removed 24899730 rows and 17796780 columns (presolve time = 32s)...
[2025-08-20 20:56:43] DEBUG    Presolve removed 24899730 rows and 17919420 columns (presolve time = 35s)...
[2025-08-20 20:56:46] DEBUG    Presolve removed 25048633 rows and 17919420 columns
[2025-08-20 20:57:25] DEBUG    Presolve time: 79.00s
[2025-08-20 20:57:25] DEBUG    Presolved: 3740474 rows, 3966746 columns, 15256225 nonzeros

Concurrent LP optimizer: primal simplex, dual simplex, and barrier
Showing barrier log only...
[2025-08-20 20:58:09] DEBUG    Elapsed ordering time = 41s
[2025-08-20 20:58:13] DEBUG    Elapsed ordering time = 45s
[2025-08-20 20:58:30] DEBUG    Ordering time: 61.62s
[2025-08-20 20:58:34] DEBUG    Barrier statistics:
 Dense cols : 203
[2025-08-20 20:58:34] DEBUG    AA' NZ     : 1.621e+07
 Factor NZ  : 6.906e+07 (roughly 4.0 GB of memory)
 Factor Ops : 8.193e+09 (less than 1 second per iteration)
 Threads    : 30
[2025-08-20 20:58:40] DEBUG    Objective                Residual
[2025-08-20 20:58:40] DEBUG    Iter       Primal          Dual         Primal    Dual     Compl     Time
[2025-08-20 20:58:41] DEBUG    0   9.75620795e+14 -8.84321502e+14  6.13e+10 2.93e-01  4.31e+11   154s
[2025-08-20 20:58:48] DEBUG    1   8.52640026e+14 -8.58219226e+14  5.28e+10 2.46e+01  3.24e+11   161s
[2025-08-20 20:58:56] DEBUG    2   6.98870324e+14 -7.89266558e+14  4.16e+10 1.02e+01  2.11e+11   170s
[2025-08-20 20:59:06] DEBUG    3   4.99695507e+14 -7.47421676e+14  2.68e+10 3.99e+00  1.22e+11   180s
[2025-08-20 20:59:15] DEBUG    4   3.69307207e+14 -6.77829814e+14  1.71e+10 9.42e-01  6.64e+10   189s
[2025-08-20 20:59:22] DEBUG    5   2.60999942e+14 -6.42662563e+14  8.10e+09 3.99e-01  3.17e+10   196s
[2025-08-20 20:59:28] DEBUG    6   2.36268257e+14 -5.82405864e+14  5.17e+09 9.55e-02  1.89e+10   201s
[2025-08-20 20:59:33] DEBUG    7   2.11334378e+14 -5.36077905e+14  2.94e+09 3.37e-02  1.06e+10   207s
[2025-08-20 20:59:41] DEBUG    8   2.73994398e+14 -4.84184536e+14  1.39e+09 1.51e-02  4.99e+09   215s
[2025-08-20 20:59:48] DEBUG    9   2.35770687e+14 -4.40914357e+14  3.51e+08 7.23e-03  1.32e+09   222s
[2025-08-20 20:59:58] DEBUG    10   2.03701458e+14 -2.93015543e+14  7.52e+07 2.12e-02  3.32e+08   231s
[2025-08-20 21:00:04] DEBUG    11   2.00145859e+14 -2.06308422e+14  6.93e+07 2.86e-02  2.76e+08   238s
[2025-08-20 21:00:13] DEBUG    12   1.85947215e+14 -1.17834183e+14  4.73e+07 2.52e-02  1.62e+08   246s
[2025-08-20 21:00:23] DEBUG    13   1.73697217e+14 -1.07854307e+14  3.34e+07 2.46e-02  1.17e+08   257s
[2025-08-20 21:00:32] DEBUG    14   1.55888802e+14 -6.96962301e+13  1.76e+07 4.31e-02  5.85e+07   266s
[2025-08-20 21:00:39] DEBUG    15   1.50194431e+14 -5.39894785e+13  1.42e+07 2.69e-02  4.39e+07   272s
[2025-08-20 21:00:45] DEBUG    16   1.39903300e+14 -4.24437707e+13  8.54e+06 2.34e-02  2.70e+07   279s
[2025-08-20 21:00:51] DEBUG    17   1.33043235e+14 -2.98198445e+13  6.04e+06 2.33e-02  1.79e+07   285s
[2025-08-20 21:00:58] DEBUG    18   1.27039308e+14 -2.41264169e+13  4.46e+06 2.34e-02  1.28e+07   291s
[2025-08-20 21:01:05] DEBUG    19   1.20903412e+14 -1.70436763e+13  3.08e+06 2.35e-02  7.97e+06   299s
[2025-08-20 21:01:14] DEBUG    20   1.15368865e+14 -1.02447497e+13  2.15e+06 2.35e-02  4.54e+06   307s
[2025-08-20 21:01:22] DEBUG    21   1.11068946e+14 -7.14440777e+12  1.61e+06 3.87e-02  2.97e+06   316s
[2025-08-20 21:01:28] DEBUG    22   1.09435137e+14 -6.43215240e+12  1.45e+06 3.49e-02  2.62e+06   322s
[2025-08-20 21:01:34] DEBUG    23   1.05803705e+14 -5.10494805e+12  1.12e+06 2.77e-02  1.93e+06   328s
[2025-08-20 21:01:40] DEBUG    24   1.04132036e+14 -4.53529706e+12  9.92e+05 2.52e-02  1.66e+06   334s
[2025-08-20 21:01:49] DEBUG    25   1.01965718e+14 -3.04010806e+12  8.40e+05 2.53e-02  1.13e+06   343s
[2025-08-20 21:01:58] DEBUG    26   9.82133010e+13 -2.10599933e+12  6.02e+05 2.85e-02  7.14e+05   352s
[2025-08-20 21:02:11] DEBUG    27   9.62958665e+13 -1.49371196e+12  5.10e+05 3.01e-02  5.03e+05   365s
[2025-08-20 21:02:24] DEBUG    28   9.37203621e+13 -1.15088164e+12  4.01e+05 3.06e-02  3.51e+05   378s
[2025-08-20 21:02:35] DEBUG    29   9.27199930e+13 -9.19749262e+11  3.66e+05 3.08e-02  2.79e+05   389s
[2025-08-20 21:02:47] DEBUG    30   9.11317651e+13 -7.96212765e+11  3.13e+05 3.01e-02  2.28e+05   401s
[2025-08-20 21:03:01] DEBUG    31   8.98439538e+13 -6.36832681e+11  2.75e+05 2.89e-02  1.76e+05   415s
[2025-08-20 21:03:13] DEBUG    32   8.82596263e+13 -5.48627832e+11  2.32e+05 2.61e-02  1.38e+05   427s
[2025-08-20 21:03:23] DEBUG    33   8.67358714e+13 -4.67475345e+11  1.96e+05 2.37e-02  1.09e+05   437s
[2025-08-20 21:03:36] DEBUG    34   8.59591539e+13 -3.91870239e+11  1.80e+05 2.37e-02  8.91e+04   449s
[2025-08-20 21:03:48] DEBUG    35   8.45846612e+13 -3.37468459e+11  1.54e+05 2.38e-02  6.93e+04   462s
[2025-08-20 21:04:02] DEBUG    36   8.35530972e+13 -3.13519066e+11  1.37e+05 2.38e-02  5.98e+04   476s
[2025-08-20 21:04:15] DEBUG    37   8.27170527e+13 -2.92172391e+11  1.24e+05 2.39e-02  5.23e+04   489s
[2025-08-20 21:04:27] DEBUG    38   8.16136130e+13 -2.65099065e+11  1.09e+05 2.39e-02  4.34e+04   501s
[2025-08-20 21:04:39] DEBUG    39   8.04282534e+13 -2.37669451e+11  9.40e+04 2.39e-02  3.53e+04   513s
[2025-08-20 21:04:52] DEBUG    40   7.94403862e+13 -2.24970628e+11  8.33e+04 2.39e-02  3.06e+04   526s
[2025-08-20 21:05:06] DEBUG    41   7.85849751e+13 -2.02723927e+11  7.49e+04 2.40e-02  2.49e+04   540s
[2025-08-20 21:05:20] DEBUG    42   7.74672396e+13 -1.92796833e+11  6.50e+04 2.40e-02  2.09e+04   554s
[2025-08-20 21:05:31] DEBUG    43   7.68553371e+13 -1.80685845e+11  6.02e+04 2.39e-02  1.80e+04   565s
[2025-08-20 21:05:44] DEBUG    44   7.60627916e+13 -1.73505342e+11  5.45e+04 2.39e-02  1.57e+04   577s
[2025-08-20 21:05:54] DEBUG    45   7.54656452e+13 -1.70660567e+11  5.05e+04 2.39e-02  1.44e+04   588s
[2025-08-20 21:06:02] DEBUG    46   7.50311963e+13 -1.68866982e+11  4.78e+04 2.38e-02  1.36e+04   596s
[2025-08-20 21:06:12] DEBUG    47   7.46077232e+13 -1.66017941e+11  4.53e+04 2.38e-02  1.28e+04   606s
[2025-08-20 21:06:24] DEBUG    48   7.38601140e+13 -1.63258362e+11  4.11e+04 2.37e-02  1.16e+04   618s
[2025-08-20 21:06:32] DEBUG    49   7.35470009e+13 -1.62152180e+11  3.95e+04 2.37e-02  1.11e+04   626s
[2025-08-20 21:06:44] DEBUG    50   7.29799418e+13 -1.60874138e+11  3.67e+04 2.37e-02  1.03e+04   638s
[2025-08-20 21:06:54] DEBUG    51   7.25724152e+13 -1.59544664e+11  3.49e+04 2.37e-02  9.74e+03   648s
[2025-08-20 21:07:07] DEBUG    52   7.17301755e+13 -1.58380142e+11  3.12e+04 2.37e-02  8.69e+03   661s
[2025-08-20 21:07:20] DEBUG    53   7.12777169e+13 -1.56865695e+11  2.94e+04 2.36e-02  8.08e+03   674s
[2025-08-20 21:07:32] DEBUG    54   7.06570146e+13 -1.55918144e+11  2.71e+04 2.36e-02  7.37e+03   686s
[2025-08-20 21:07:43] DEBUG    55   7.03531376e+13 -1.54770736e+11  2.60e+04 2.36e-02  6.99e+03   697s
[2025-08-20 21:07:52] DEBUG    56   7.01349561e+13 -1.54496142e+11  2.53e+04 2.36e-02  6.79e+03   705s
[2025-08-20 21:08:04] DEBUG    57   6.97464274e+13 -1.54075457e+11  2.40e+04 2.36e-02  6.45e+03   718s
[2025-08-20 21:08:15] DEBUG    58   6.93731163e+13 -1.53403333e+11  2.29e+04 2.36e-02  6.10e+03   729s
[2025-08-20 21:08:28] DEBUG    59   6.90723483e+13 -1.53215529e+11  2.20e+04 2.36e-02  5.87e+03   742s
[2025-08-20 21:08:40] DEBUG    60   6.87790128e+13 -1.52311675e+11  2.11e+04 2.36e-02  5.60e+03   754s
[2025-08-20 21:08:52] DEBUG    61   6.82853574e+13 -1.51828837e+11  1.98e+04 2.35e-02  5.21e+03   766s
[2025-08-20 21:09:04] DEBUG    62   6.80117116e+13 -1.51512051e+11  1.91e+04 2.35e-02  5.02e+03   778s
[2025-08-20 21:09:17] DEBUG    63   6.77523660e+13 -1.50979957e+11  1.84e+04 2.35e-02  4.81e+03   791s
[2025-08-20 21:09:25] DEBUG    64   6.75544981e+13 -1.50835053e+11  1.79e+04 2.35e-02  4.69e+03   798s
[2025-08-20 21:09:34] DEBUG    65   6.74161583e+13 -1.50723900e+11  1.76e+04 2.35e-02  4.60e+03   808s
[2025-08-20 21:09:46] DEBUG    66   6.71043908e+13 -1.50431359e+11  1.69e+04 2.35e-02  4.40e+03   820s
[2025-08-20 21:09:58] DEBUG    67   6.68624113e+13 -1.50158384e+11  1.64e+04 2.35e-02  4.25e+03   831s
[2025-08-20 21:10:06] DEBUG    68   6.67296055e+13 -1.50066180e+11  1.61e+04 2.35e-02  4.17e+03   839s
[2025-08-20 21:10:18] DEBUG    69   6.64778177e+13 -1.49902008e+11  1.55e+04 2.35e-02  4.03e+03   852s
[2025-08-20 21:10:28] DEBUG    70   6.63103663e+13 -1.49709095e+11  1.52e+04 2.35e-02  3.93e+03   862s
[2025-08-20 21:10:40] DEBUG    71   6.60470633e+13 -1.49475047e+11  1.47e+04 2.35e-02  3.79e+03   874s
[2025-08-20 21:10:52] DEBUG    72   6.57577525e+13 -1.49238879e+11  1.41e+04 2.34e-02  3.63e+03   886s
[2025-08-20 21:11:00] DEBUG    73   6.56790101e+13 -1.49171126e+11  1.39e+04 2.34e-02  3.59e+03   894s
[2025-08-20 21:11:09] DEBUG    74   6.55335728e+13 -1.49061289e+11  1.37e+04 2.34e-02  3.52e+03   903s
[2025-08-20 21:11:18] DEBUG    75   6.54065423e+13 -1.48980799e+11  1.34e+04 2.34e-02  3.46e+03   911s
[2025-08-20 21:11:26] DEBUG    76   6.52932621e+13 -1.48899451e+11  1.32e+04 2.34e-02  3.41e+03   920s
[2025-08-20 21:11:35] DEBUG    77   6.50539240e+13 -1.48751685e+11  1.28e+04 2.34e-02  3.29e+03   929s
[2025-08-20 21:11:48] DEBUG    78   6.48796950e+13 -1.48516576e+11  1.25e+04 2.34e-02  3.20e+03   942s
[2025-08-20 21:11:57] DEBUG    79   6.46577127e+13 -1.48433671e+11  1.21e+04 2.34e-02  3.11e+03   950s
[2025-08-20 21:12:09] DEBUG    80   6.44232239e+13 -1.48338009e+11  1.18e+04 2.34e-02  3.01e+03   963s
[2025-08-20 21:12:18] DEBUG    81   6.43227786e+13 -1.48263218e+11  1.16e+04 2.34e-02  2.97e+03   972s
[2025-08-20 21:12:32] DEBUG    82   6.38786009e+13 -1.48139699e+11  1.09e+04 2.34e-02  2.80e+03   986s
[2025-08-20 21:12:45] DEBUG    83   6.35685331e+13 -1.47963356e+11  1.05e+04 2.38e-02  2.68e+03   999s
[2025-08-20 21:12:58] DEBUG    84   6.33493408e+13 -1.47770221e+11  1.01e+04 2.42e-02  2.59e+03  1012s
[2025-08-20 21:13:11] DEBUG    85   6.31410085e+13 -1.47645627e+11  9.86e+03 2.45e-02  2.51e+03  1025s
[2025-08-20 21:13:20] DEBUG    86   6.30395548e+13 -1.47592451e+11  9.72e+03 2.46e-02  2.48e+03  1033s
[2025-08-20 21:13:32] DEBUG    87   6.26270683e+13 -1.47468849e+11  9.18e+03 2.49e-02  2.34e+03  1046s
[2025-08-20 21:13:44] DEBUG    88   6.25118321e+13 -1.47362561e+11  9.03e+03 2.51e-02  2.30e+03  1058s
[2025-08-20 21:13:54] DEBUG    89   6.23657311e+13 -1.47287724e+11  8.85e+03 2.53e-02  2.25e+03  1068s
[2025-08-20 21:14:07] DEBUG    90   6.22384689e+13 -1.47210032e+11  8.70e+03 2.54e-02  2.21e+03  1081s
[2025-08-20 21:14:17] DEBUG    91   6.22018141e+13 -1.47159292e+11  8.66e+03 2.55e-02  2.20e+03  1090s
[2025-08-20 21:14:25] DEBUG    92   6.21471361e+13 -1.47127463e+11  8.59e+03 2.56e-02  2.18e+03  1099s
[2025-08-20 21:14:36] DEBUG    93   6.19304234e+13 -1.47084217e+11  8.34e+03 2.57e-02  2.90e+03  1110s
[2025-08-20 21:14:47] DEBUG    94   6.16059278e+13 -1.46996506e+11  7.97e+03 2.59e-02  3.06e+03  1121s
[2025-08-20 21:15:02] DEBUG    95   6.13868399e+13 -1.46884698e+11  7.73e+03 2.61e-02  3.05e+03  1136s
[2025-08-20 21:15:14] DEBUG    96   6.12491671e+13 -1.46822937e+11  7.58e+03 2.63e-02  3.04e+03  1148s
[2025-08-20 21:15:27] DEBUG    97   6.11233933e+13 -1.46739472e+11  7.45e+03 2.64e-02  2.99e+03  1160s
[2025-08-20 21:15:35] DEBUG    98   6.09796721e+13 -1.46702637e+11  7.30e+03 2.65e-02  2.96e+03  1169s
[2025-08-20 21:15:45] DEBUG    99   6.07671213e+13 -1.46682032e+11  7.09e+03 2.65e-02  2.90e+03  1178s
[2025-08-20 21:15:55] DEBUG    100   6.06650021e+13 -1.46622444e+11  6.99e+03 2.66e-02  2.84e+03  1189s
[2025-08-20 21:16:04] DEBUG    101   6.04478012e+13 -1.46597282e+11  6.78e+03 2.67e-02  2.77e+03  1198s
[2025-08-20 21:16:17] DEBUG    102   6.02180529e+13 -1.46524123e+11  6.56e+03 2.68e-02  2.68e+03  1211s
[2025-08-20 21:16:28] DEBUG    103   6.01173329e+13 -1.46456874e+11  6.47e+03 2.69e-02  2.62e+03  1222s
[2025-08-20 21:16:38] DEBUG    104   6.00172848e+13 -1.46418030e+11  6.38e+03 2.70e-02  2.58e+03  1232s
[2025-08-20 21:16:47] DEBUG    105   5.98491843e+13 -1.46390571e+11  6.23e+03 2.70e-02  2.53e+03  1241s
[2025-08-20 21:17:00] DEBUG    106   5.97422404e+13 -1.46331767e+11  6.14e+03 2.71e-02  2.48e+03  1254s
[2025-08-20 21:17:10] DEBUG    107   5.97134390e+13 -1.46292383e+11  6.11e+03 2.72e-02  2.45e+03  1264s
[2025-08-20 21:17:23] DEBUG    108   5.94533306e+13 -1.46260837e+11  5.89e+03 2.72e-02  2.38e+03  1277s
[2025-08-20 21:17:33] DEBUG    109   5.93737331e+13 -1.46201175e+11  5.83e+03 2.73e-02  2.36e+03  1286s
[2025-08-20 21:17:40] DEBUG    110   5.92465612e+13 -1.46171978e+11  5.72e+03 2.73e-02  2.32e+03  1294s
[2025-08-20 21:17:52] DEBUG    111   5.89925247e+13 -1.46122569e+11  5.52e+03 2.74e-02  2.26e+03  1306s
[2025-08-20 21:18:05] DEBUG    112   5.87738124e+13 -1.46065909e+11  5.35e+03 2.75e-02  2.19e+03  1319s
[2025-08-20 21:18:18] DEBUG    113   5.86879514e+13 -1.46040243e+11  5.29e+03 2.75e-02  2.16e+03  1332s
[2025-08-20 21:18:27] DEBUG    114   5.85512875e+13 -1.45992138e+11  5.18e+03 2.76e-02  2.11e+03  1341s
[2025-08-20 21:18:38] DEBUG    115   5.84752164e+13 -1.45952939e+11  5.13e+03 2.76e-02  2.08e+03  1351s
[2025-08-20 21:18:48] DEBUG    116   5.83423153e+13 -1.45932493e+11  5.03e+03 2.76e-02  2.05e+03  1362s
[2025-08-20 21:19:00] DEBUG    117   5.81847232e+13 -1.45875060e+11  4.92e+03 2.77e-02  2.00e+03  1374s
[2025-08-20 21:19:11] DEBUG    118   5.81033977e+13 -1.45849296e+11  4.86e+03 2.77e-02  1.97e+03  1385s
[2025-08-20 21:19:20] DEBUG    119   5.80160529e+13 -1.45830202e+11  4.80e+03 2.77e-02  1.95e+03  1394s
[2025-08-20 21:19:28] DEBUG    120   5.78259061e+13 -1.45799898e+11  4.67e+03 2.77e-02  1.90e+03  1401s
[2025-08-20 21:19:37] DEBUG    121   5.77631133e+13 -1.45778858e+11  4.63e+03 2.77e-02  1.88e+03  1410s
[2025-08-20 21:19:48] DEBUG    122   5.77322343e+13 -1.45745739e+11  4.61e+03 2.78e-02  1.86e+03  1422s
[2025-08-20 21:19:57] DEBUG    123   5.76365593e+13 -1.45735323e+11  4.55e+03 2.78e-02  1.84e+03  1430s
[2025-08-20 21:20:06] DEBUG    124   5.74876771e+13 -1.45695200e+11  4.45e+03 2.78e-02  1.83e+03  1440s
[2025-08-20 21:20:17] DEBUG    125   5.74354927e+13 -1.45665633e+11  4.42e+03 2.78e-02  1.81e+03  1451s
[2025-08-20 21:20:27] DEBUG    126   5.73709358e+13 -1.45643877e+11  4.38e+03 2.78e-02  1.81e+03  1461s
[2025-08-20 21:20:34] DEBUG    127   5.73510736e+13 -1.45628623e+11  4.37e+03 2.78e-02  1.80e+03  1468s
[2025-08-20 21:20:43] DEBUG    128   5.73308157e+13 -1.45616354e+11  4.35e+03 2.78e-02  1.80e+03  1477s
[2025-08-20 21:20:53] DEBUG    129   5.72819994e+13 -1.45592417e+11  4.32e+03 2.78e-02  1.79e+03  1487s
[2025-08-20 21:21:04] DEBUG    130   5.71995306e+13 -1.45566006e+11  4.27e+03 2.78e-02  1.77e+03  1498s
[2025-08-20 21:21:15] DEBUG    131   5.71631587e+13 -1.45546885e+11  4.25e+03 2.78e-02  1.77e+03  1508s
[2025-08-20 21:21:26] DEBUG    132   5.70592695e+13 -1.45520986e+11  4.19e+03 2.78e-02  1.75e+03  1520s
[2025-08-20 21:21:35] DEBUG    133   5.70562507e+13 -1.45511113e+11  4.18e+03 2.78e-02  1.75e+03  1528s
[2025-08-20 21:21:43] DEBUG    134   5.70006728e+13 -1.45509094e+11  4.15e+03 2.78e-02  1.73e+03  1537s
[2025-08-20 21:21:56] DEBUG    135   5.68014411e+13 -1.45466166e+11  4.03e+03 2.78e-02  1.69e+03  1549s
[2025-08-20 21:22:06] DEBUG    136   5.67152571e+13 -1.45441238e+11  3.98e+03 2.78e-02  1.67e+03  1559s
[2025-08-20 21:22:16] DEBUG    137   5.66605332e+13 -1.45418153e+11  3.95e+03 2.78e-02  1.65e+03  1569s
[2025-08-20 21:22:24] DEBUG    138   5.66281510e+13 -1.45409714e+11  3.93e+03 2.78e-02  1.64e+03  1578s
[2025-08-20 21:22:35] DEBUG    139   5.64705971e+13 -1.45389993e+11  3.84e+03 2.78e-02  1.61e+03  1589s
[2025-08-20 21:22:45] DEBUG    140   5.64043711e+13 -1.45360937e+11  3.81e+03 2.78e-02  1.60e+03  1599s
[2025-08-20 21:22:54] DEBUG    141   5.63868329e+13 -1.45350256e+11  3.80e+03 2.78e-02  1.59e+03  1608s
[2025-08-20 21:23:03] DEBUG    142   5.62829908e+13 -1.45348120e+11  3.74e+03 2.78e-02  1.58e+03  1616s
[2025-08-20 21:23:15] DEBUG    143   5.61064743e+13 -1.45321166e+11  3.64e+03 2.77e-02  1.55e+03  1629s
[2025-08-20 21:23:27] DEBUG    144   5.60586643e+13 -1.45293076e+11  3.62e+03 2.77e-02  1.53e+03  1641s
[2025-08-20 21:23:36] DEBUG    145   5.59246251e+13 -1.45280178e+11  3.55e+03 2.77e-02  1.51e+03  1650s
[2025-08-20 21:23:47] DEBUG    146   5.57999192e+13 -1.45255763e+11  3.48e+03 2.77e-02  1.48e+03  1661s
[2025-08-20 21:23:57] DEBUG    147   5.57180752e+13 -1.45230270e+11  3.44e+03 2.76e-02  1.46e+03  1671s
[2025-08-20 21:24:08] DEBUG    148   5.56545772e+13 -1.45214998e+11  3.41e+03 2.76e-02  1.44e+03  1681s
[2025-08-20 21:24:20] DEBUG    149   5.56081250e+13 -1.45178546e+11  3.39e+03 2.75e-02  1.43e+03  1694s
[2025-08-20 21:24:28] DEBUG    150   5.55825635e+13 -1.45166582e+11  3.37e+03 2.75e-02  1.44e+03  1702s
[2025-08-20 21:24:38] DEBUG    151   5.54634930e+13 -1.45153165e+11  3.32e+03 2.75e-02  1.41e+03  1712s
[2025-08-20 21:24:48] DEBUG    152   5.53993644e+13 -1.45133043e+11  3.28e+03 2.75e-02  1.40e+03  1722s
[2025-08-20 21:25:01] DEBUG    153   5.53758946e+13 -1.45112375e+11  3.27e+03 2.74e-02  1.39e+03  1735s
[2025-08-20 21:25:14] DEBUG    154   5.53089201e+13 -1.45088113e+11  3.24e+03 2.74e-02  1.39e+03  1748s
[2025-08-20 21:25:24] DEBUG    155   5.52987754e+13 -1.45076296e+11  3.24e+03 2.74e-02  1.39e+03  1758s
[2025-08-20 21:25:37] DEBUG    156   5.50830544e+13 -1.45059462e+11  3.13e+03 2.73e-02  1.36e+03  1771s
[2025-08-20 21:25:47] DEBUG    157   5.50530423e+13 -1.45033889e+11  3.12e+03 2.73e-02  1.35e+03  1781s
[2025-08-20 21:25:57] DEBUG    158   5.50095338e+13 -1.45015327e+11  3.10e+03 2.72e-02  1.34e+03  1791s
[2025-08-20 21:26:05] DEBUG    159   5.50004158e+13 -1.45006751e+11  3.10e+03 2.72e-02  1.34e+03  1799s
[2025-08-20 21:26:15] DEBUG    160   5.49392752e+13 -1.44988386e+11  3.07e+03 2.72e-02  1.33e+03  1809s
[2025-08-20 21:26:26] DEBUG    161   5.49063020e+13 -1.44968500e+11  3.05e+03 2.71e-02  1.32e+03  1819s
[2025-08-20 21:26:36] DEBUG    162   5.48649257e+13 -1.44952805e+11  3.03e+03 2.71e-02  1.32e+03  1830s
[2025-08-20 21:26:44] DEBUG    163   5.48250651e+13 -1.44944892e+11  3.02e+03 2.71e-02  1.31e+03  1837s
[2025-08-20 21:26:54] DEBUG    164   5.47620491e+13 -1.44920657e+11  2.99e+03 2.70e-02  1.30e+03  1848s
[2025-08-20 21:27:02] DEBUG    165   5.47475070e+13 -1.44916102e+11  2.98e+03 2.70e-02  1.30e+03  1856s
[2025-08-20 21:27:14] DEBUG    166   5.47204085e+13 -1.44892798e+11  2.97e+03 2.70e-02  1.30e+03  1868s
[2025-08-20 21:27:27] DEBUG    167   5.46763975e+13 -1.44870974e+11  2.95e+03 2.69e-02  1.29e+03  1881s
[2025-08-20 21:27:37] DEBUG    168   5.46206014e+13 -1.44859184e+11  2.93e+03 2.69e-02  1.29e+03  1890s
[2025-08-20 21:27:50] DEBUG    169   5.44955408e+13 -1.44840535e+11  2.87e+03 2.69e-02  1.27e+03  1903s
[2025-08-20 21:28:00] DEBUG    170   5.43946085e+13 -1.44805972e+11  2.83e+03 2.68e-02  1.25e+03  1914s
[2025-08-20 21:28:10] DEBUG    171   5.43535525e+13 -1.44785318e+11  2.81e+03 2.68e-02  1.24e+03  1924s
[2025-08-20 21:28:20] DEBUG    172   5.43244641e+13 -1.44760649e+11  2.80e+03 2.67e-02  1.23e+03  1934s
[2025-08-20 21:28:30] DEBUG    173   5.42797732e+13 -1.44742612e+11  2.78e+03 2.67e-02  1.23e+03  1944s
[2025-08-20 21:28:39] DEBUG    174   5.42535974e+13 -1.44724070e+11  2.77e+03 2.67e-02  1.23e+03  1953s
[2025-08-20 21:28:50] DEBUG    175   5.41959323e+13 -1.44699251e+11  2.75e+03 2.66e-02  1.23e+03  1964s
[2025-08-20 21:29:02] DEBUG    176   5.40827960e+13 -1.44670829e+11  2.70e+03 2.66e-02  1.21e+03  1975s
[2025-08-20 21:29:09] DEBUG    177   5.40596610e+13 -1.44659321e+11  2.69e+03 2.66e-02  1.21e+03  1983s
[2025-08-20 21:29:19] DEBUG    178   5.38739180e+13 -1.44628546e+11  2.61e+03 2.65e-02  1.18e+03  1993s
[2025-08-20 21:29:28] DEBUG    179   5.38210830e+13 -1.44601784e+11  2.59e+03 2.65e-02  1.17e+03  2002s
[2025-08-20 21:29:38] DEBUG    180   5.37821447e+13 -1.44588867e+11  2.58e+03 2.64e-02  1.16e+03  2012s
[2025-08-20 21:29:48] DEBUG    181   5.37441848e+13 -1.44558567e+11  2.56e+03 2.64e-02  1.15e+03  2022s
[2025-08-20 21:29:59] DEBUG    182   5.36976465e+13 -1.44524482e+11  2.55e+03 2.63e-02  1.15e+03  2032s
[2025-08-20 21:30:07] DEBUG    183   5.36103474e+13 -1.44511214e+11  2.51e+03 2.63e-02  1.14e+03  2041s
[2025-08-20 21:30:18] DEBUG    184   5.35556009e+13 -1.44463865e+11  2.49e+03 2.62e-02  1.13e+03  2052s
[2025-08-20 21:30:29] DEBUG    185   5.35186919e+13 -1.44445300e+11  2.48e+03 2.62e-02  1.13e+03  2063s
[2025-08-20 21:30:40] DEBUG    186   5.34040439e+13 -1.44404291e+11  2.44e+03 2.61e-02  1.11e+03  2074s
[2025-08-20 21:30:47] DEBUG    187   5.33250009e+13 -1.44387240e+11  2.41e+03 2.61e-02  1.11e+03  2080s
[2025-08-20 21:30:56] DEBUG    188   5.31928482e+13 -1.44370038e+11  2.36e+03 2.61e-02  1.09e+03  2089s
[2025-08-20 21:31:05] DEBUG    189   5.31509813e+13 -1.44333982e+11  2.34e+03 2.60e-02  1.08e+03  2099s
[2025-08-20 21:31:12] DEBUG    190   5.31093314e+13 -1.44317396e+11  2.33e+03 2.60e-02  1.07e+03  2106s
[2025-08-20 21:31:21] DEBUG    191   5.29229008e+13 -1.44308105e+11  2.26e+03 2.59e-02  1.05e+03  2114s
[2025-08-20 21:31:29] DEBUG    192   5.28652909e+13 -1.44294050e+11  2.24e+03 2.59e-02  1.04e+03  2123s
[2025-08-20 21:31:41] DEBUG    193   5.27733770e+13 -1.44240804e+11  2.21e+03 2.58e-02  1.02e+03  2135s
[2025-08-20 21:31:53] DEBUG    194   5.27339122e+13 -1.44205073e+11  2.20e+03 2.58e-02  1.02e+03  2147s
[2025-08-20 21:32:04] DEBUG    195   5.26555329e+13 -1.44173235e+11  2.17e+03 2.57e-02  1.00e+03  2157s
[2025-08-20 21:32:16] DEBUG    196   5.25465035e+13 -1.44136777e+11  2.14e+03 2.56e-02  9.90e+02  2169s
[2025-08-20 21:32:24] DEBUG    197   5.24805108e+13 -1.44121553e+11  2.11e+03 2.56e-02  9.82e+02  2178s
[2025-08-20 21:32:36] DEBUG    198   5.22956935e+13 -1.44079236e+11  2.05e+03 2.55e-02  9.57e+02  2190s
[2025-08-20 21:32:46] DEBUG    199   5.22270479e+13 -1.44051745e+11  2.03e+03 2.55e-02  9.47e+02  2199s
[2025-08-20 21:32:53] DEBUG    200   5.22082681e+13 -1.44037240e+11  2.03e+03 2.55e-02  9.43e+02  2206s
[2025-08-20 21:33:02] DEBUG    201   5.21774106e+13 -1.44010130e+11  2.02e+03 2.54e-02  9.38e+02  2216s
[2025-08-20 21:33:13] DEBUG    202   5.21499808e+13 -1.43987795e+11  2.01e+03 2.54e-02  9.37e+02  2227s
[2025-08-20 21:33:24] DEBUG    203   5.21191151e+13 -1.43967159e+11  2.00e+03 2.53e-02  9.35e+02  2238s
[2025-08-20 21:33:32] DEBUG    204   5.20862797e+13 -1.43962057e+11  1.99e+03 2.53e-02  9.35e+02  2246s
[2025-08-20 21:33:41] DEBUG    205   5.19792057e+13 -1.43933660e+11  1.96e+03 2.53e-02  9.20e+02  2255s
[2025-08-20 21:33:49] DEBUG    206   5.19676941e+13 -1.43915310e+11  1.95e+03 2.52e-02  9.17e+02  2263s
[2025-08-20 21:34:00] DEBUG    207   5.19482650e+13 -1.43897803e+11  1.95e+03 2.52e-02  9.14e+02  2274s
[2025-08-20 21:34:18] DEBUG    208   5.17857382e+13 -1.43868577e+11  1.90e+03 2.52e-02  8.97e+02  2292s
[2025-08-20 21:34:29] DEBUG    209   5.17634975e+13 -1.43834241e+11  1.89e+03 2.51e-02  8.91e+02  2303s
[2025-08-20 21:34:37] DEBUG    210   5.17362215e+13 -1.43825723e+11  1.88e+03 2.51e-02  8.88e+02  2311s
[2025-08-20 21:34:50] DEBUG    211   5.16142121e+13 -1.43808476e+11  1.85e+03 2.50e-02  8.78e+02  2324s
[2025-08-20 21:35:03] DEBUG    212   5.15509520e+13 -1.43784822e+11  1.83e+03 2.50e-02  8.69e+02  2337s
[2025-08-20 21:35:17] DEBUG    213   5.14454260e+13 -1.43744357e+11  1.80e+03 2.49e-02  8.55e+02  2351s
[2025-08-20 21:35:28] DEBUG    214   5.14076789e+13 -1.43719375e+11  1.79e+03 2.49e-02  8.50e+02  2362s
[2025-08-20 21:35:38] DEBUG    215   5.13716057e+13 -1.43705135e+11  1.78e+03 2.49e-02  8.45e+02  2372s
[2025-08-20 21:35:50] DEBUG    216   5.13413545e+13 -1.43674187e+11  1.77e+03 2.48e-02  8.43e+02  2384s
[2025-08-20 21:36:00] DEBUG    217   5.12891790e+13 -1.43649639e+11  1.76e+03 2.47e-02  8.40e+02  2394s
[2025-08-20 21:36:12] DEBUG    218   5.12648544e+13 -1.43627235e+11  1.75e+03 2.47e-02  8.39e+02  2406s
[2025-08-20 21:36:23] DEBUG    219   5.11414599e+13 -1.43598342e+11  1.72e+03 2.46e-02  8.27e+02  2417s
[2025-08-20 21:36:32] DEBUG    220   5.11253435e+13 -1.43575749e+11  1.71e+03 2.46e-02  8.25e+02  2426s
[2025-08-20 21:36:42] DEBUG    221   5.10909172e+13 -1.43548128e+11  1.70e+03 2.45e-02  8.20e+02  2436s
[2025-08-20 21:36:50] DEBUG    222   5.10620376e+13 -1.43529165e+11  1.70e+03 2.45e-02  8.21e+02  2443s
[2025-08-20 21:37:01] DEBUG    223   5.10144295e+13 -1.43499661e+11  1.68e+03 2.44e-02  8.18e+02  2455s
[2025-08-20 21:37:09] DEBUG    224   5.09663896e+13 -1.43484199e+11  1.67e+03 2.44e-02  8.16e+02  2463s
[2025-08-20 21:37:20] DEBUG    225   5.09524330e+13 -1.43465081e+11  1.67e+03 2.44e-02  8.15e+02  2474s
[2025-08-20 21:37:31] DEBUG    226   5.09397050e+13 -1.43437940e+11  1.66e+03 2.43e-02  8.16e+02  2484s
[2025-08-20 21:37:42] DEBUG    227   5.08709540e+13 -1.43432075e+11  1.65e+03 2.43e-02  8.13e+02  2496s
[2025-08-20 21:38:00] DEBUG    228   5.07526169e+13 -1.43400890e+11  1.62e+03 2.42e-02  8.00e+02  2513s
[2025-08-20 21:38:11] DEBUG    229   5.07115079e+13 -1.43378877e+11  1.61e+03 2.42e-02  7.94e+02  2525s
[2025-08-20 21:38:19] DEBUG    230   5.06781472e+13 -1.43363236e+11  1.60e+03 2.42e-02  7.91e+02  2533s
[2025-08-20 21:38:32] DEBUG    231   5.05653176e+13 -1.43337621e+11  1.57e+03 2.41e-02  7.81e+02  2546s
[2025-08-20 21:38:42] DEBUG    232   5.05183482e+13 -1.43308800e+11  1.56e+03 2.40e-02  7.75e+02  2556s
[2025-08-20 21:38:52] DEBUG    233   5.05111190e+13 -1.43295543e+11  1.56e+03 2.40e-02  7.74e+02  2565s
[2025-08-20 21:39:01] DEBUG    234   5.04226725e+13 -1.43290317e+11  1.53e+03 2.40e-02  7.70e+02  2575s
[2025-08-20 21:39:12] DEBUG    235   5.03755400e+13 -1.43264061e+11  1.52e+03 2.39e-02  7.64e+02  2586s
[2025-08-20 21:39:22] DEBUG    236   5.03171660e+13 -1.43242619e+11  1.51e+03 2.39e-02  7.59e+02  2596s
[2025-08-20 21:39:32] DEBUG    237   5.02912192e+13 -1.43230258e+11  1.50e+03 2.39e-02  7.57e+02  2606s
[2025-08-20 21:39:41] DEBUG    238   5.02474674e+13 -1.43202412e+11  1.49e+03 2.38e-02  7.53e+02  2614s
[2025-08-20 21:39:50] DEBUG    239   5.02167491e+13 -1.43186490e+11  1.48e+03 2.38e-02  7.52e+02  2624s
[2025-08-20 21:39:58] DEBUG    240   5.01885486e+13 -1.43166039e+11  1.48e+03 2.37e-02  7.51e+02  2631s
[2025-08-20 21:40:07] DEBUG    241   5.01766733e+13 -1.43152448e+11  1.48e+03 2.37e-02  7.52e+02  2641s
[2025-08-20 21:40:17] DEBUG    242   5.01606178e+13 -1.43133731e+11  1.47e+03 2.36e-02  7.53e+02  2651s
[2025-08-20 21:40:24] DEBUG    243   5.01300469e+13 -1.43125140e+11  1.46e+03 2.36e-02  7.54e+02  2658s
[2025-08-20 21:40:38] DEBUG    244   5.00734225e+13 -1.43106740e+11  1.45e+03 2.36e-02  7.50e+02  2671s
[2025-08-20 21:40:45] DEBUG    245   5.00621622e+13 -1.43088224e+11  1.45e+03 2.35e-02  7.50e+02  2679s
[2025-08-20 21:40:54] DEBUG    246   5.00122115e+13 -1.43082869e+11  1.44e+03 2.35e-02  7.49e+02  2688s
[2025-08-20 21:41:03] DEBUG    247   4.99592575e+13 -1.43065558e+11  1.43e+03 2.35e-02  7.44e+02  2696s
[2025-08-20 21:41:12] DEBUG    248   4.99372390e+13 -1.43050764e+11  1.42e+03 2.34e-02  7.43e+02  2705s
[2025-08-20 21:41:22] DEBUG    249   4.98478912e+13 -1.43038332e+11  1.40e+03 2.34e-02  7.36e+02  2716s
[2025-08-20 21:41:30] DEBUG    250   4.98007288e+13 -1.43020358e+11  1.39e+03 2.34e-02  7.30e+02  2724s
[2025-08-20 21:41:40] DEBUG    251   4.97792367e+13 -1.42999694e+11  1.39e+03 2.33e-02  7.28e+02  2734s
[2025-08-20 21:41:53] DEBUG    252   4.97149031e+13 -1.42970179e+11  1.37e+03 2.32e-02  7.24e+02  2746s
[2025-08-20 21:42:02] DEBUG    253   4.96812078e+13 -1.42956687e+11  1.36e+03 2.32e-02  7.24e+02  2755s
[2025-08-20 21:42:13] DEBUG    254   4.96566622e+13 -1.42947884e+11  1.36e+03 2.32e-02  7.24e+02  2767s
[2025-08-20 21:42:24] DEBUG    255   4.96079764e+13 -1.42931641e+11  1.35e+03 2.31e-02  7.20e+02  2778s
[2025-08-20 21:42:31] DEBUG    256   4.95567890e+13 -1.42922016e+11  1.34e+03 2.31e-02  7.17e+02  2785s
[2025-08-20 21:42:41] DEBUG    257   4.94820239e+13 -1.42902785e+11  1.32e+03 2.31e-02  7.09e+02  2795s
[2025-08-20 21:42:52] DEBUG    258   4.94574912e+13 -1.42893527e+11  1.32e+03 2.30e-02  7.07e+02  2805s
[2025-08-20 21:43:01] DEBUG    259   4.94480946e+13 -1.42875451e+11  1.31e+03 2.30e-02  7.06e+02  2814s
[2025-08-20 21:43:10] DEBUG    260   4.93554431e+13 -1.42864095e+11  1.29e+03 2.30e-02  7.01e+02  2823s
[2025-08-20 21:43:21] DEBUG    261   4.93395685e+13 -1.42850547e+11  1.29e+03 2.29e-02  7.00e+02  2834s
[2025-08-20 21:43:40] DEBUG    262   4.92418441e+13 -1.42832352e+11  1.27e+03 2.29e-02  6.93e+02  2854s
[2025-08-20 21:43:51] DEBUG    263   4.92104395e+13 -1.42818252e+11  1.26e+03 2.28e-02  6.91e+02  2865s
[2025-08-20 21:44:06] DEBUG    264   4.91238681e+13 -1.42798629e+11  1.25e+03 2.28e-02  6.83e+02  2879s
[2025-08-20 21:44:16] DEBUG    265   4.90934315e+13 -1.42779612e+11  1.24e+03 2.27e-02  6.82e+02  2890s
[2025-08-20 21:44:27] DEBUG    266   4.90535092e+13 -1.42761114e+11  1.23e+03 2.27e-02  6.78e+02  2901s
[2025-08-20 21:44:35] DEBUG    267   4.90346239e+13 -1.42756080e+11  1.23e+03 2.27e-02  6.80e+02  2908s
[2025-08-20 21:44:46] DEBUG    268   4.90052954e+13 -1.42741067e+11  1.22e+03 2.26e-02  6.79e+02  2920s
[2025-08-20 21:44:54] DEBUG    269   4.89675419e+13 -1.42735649e+11  1.22e+03 2.26e-02  6.79e+02  2928s
[2025-08-20 21:45:06] DEBUG    270   4.89187641e+13 -1.42725166e+11  1.21e+03 2.26e-02  6.75e+02  2940s
[2025-08-20 21:45:17] DEBUG    271   4.88683645e+13 -1.42708055e+11  1.20e+03 2.25e-02  6.70e+02  2951s
[2025-08-20 21:45:26] DEBUG    272   4.88481537e+13 -1.42691480e+11  1.19e+03 2.25e-02  6.70e+02  2960s
[2025-08-20 21:45:34] DEBUG    273   4.88362382e+13 -1.42685818e+11  1.19e+03 2.25e-02  6.71e+02  2968s
[2025-08-20 21:45:44] DEBUG    274   4.88214720e+13 -1.42673418e+11  1.19e+03 2.24e-02  6.71e+02  2978s
[2025-08-20 21:45:54] DEBUG    275   4.88125575e+13 -1.42662109e+11  1.19e+03 2.24e-02  6.73e+02  2988s
[2025-08-20 21:46:03] DEBUG    276   4.87953595e+13 -1.42652775e+11  1.18e+03 2.24e-02  6.75e+02  2997s
[2025-08-20 21:46:03] DEBUG    Barrier performed 276 iterations in 2996.66 seconds (833.17 work units)
Numerical trouble encountered

Model may be infeasible or unbounded.  Consider using the
homogeneous algorithm (through parameter 'BarHomogeneous')
[2025-08-20 21:47:08] DEBUG    Waiting for other threads to finish...        3061s
[2025-08-20 21:47:25] DEBUG    Solved with dual simplex
[2025-08-20 21:47:37] DEBUG    Iteration    Objective       Primal Inf.    Dual Inf.      Time
[2025-08-20 21:47:37] DEBUG    972985    1.0930222e+10   0.000000e+00   0.000000e+00   3091s

Solved in 972985 iterations and 3090.56 seconds (1362.41 work units)
[2025-08-20 21:47:37] DEBUG    Optimal objective  1.093022201e+10
✅ Scenario completato: new_trasmission_CG+VRES_2030_BESS

🚀 Lancio scenario: new_trasmission_CG+VRES_2030_nostorage
[2025-08-20 22:00:41] INFO     Loading sets
[2025-08-20 22:00:41] INFO     Loading parameters
[2025-08-20 22:01:19] INFO     constraints are loaded in the following order: ['energy_balance', 'dispatch', 'costs', 'capacity', 'network', 'policy', 'conversion', 'group', 'conversion_plus', 'milp', 'export']
[2025-08-20 22:01:19] INFO     creating energy_balance constraints
[2025-08-20 22:04:37] INFO     creating dispatch constraints
[2025-08-20 22:06:53] INFO     creating costs constraints
[2025-08-20 22:24:30] INFO     creating capacity constraints
[2025-08-20 22:24:30] INFO     creating network constraints
[2025-08-20 22:24:30] INFO     creating policy constraints
[2025-08-20 22:24:30] INFO     creating conversion constraints
[2025-08-20 22:24:30] INFO     creating group constraints
[2025-08-20 22:24:30] INFO     creating conversion_plus constraints
[2025-08-20 22:24:30] INFO     creating milp constraints
[2025-08-20 22:24:30] INFO     creating export constraints
[2025-08-20 22:38:50] DEBUG    Set parameter WLSAccessID
Set parameter WLSSecret
Set parameter LicenseID to value 2680226
[2025-08-20 22:38:50] DEBUG    Academic license 2680226 - for non-commercial use only - registered to an___@mail.polimi.it
[2025-08-20 22:39:31] DEBUG    Read LP format model from file /tmp/tmpjvamclb_.pyomo.lp
Reading time = 41.40 seconds
x20466889: 27010653 rows, 20466889 columns, 66299731 nonzeros
[2025-08-20 22:39:31] DEBUG    Set parameter NumericFocus to value 1
Gurobi Optimizer version 12.0.2 build v12.0.2rc0 (linux64 - "Debian GNU/Linux 11 (bullseye)")

CPU model: Intel(R) Xeon(R) Silver 4314 CPU @ 2.40GHz, instruction set [SSE2|AVX|AVX2|AVX512]
Thread count: 32 physical cores, 64 logical processors, using up to 32 threads

Non-default parameters:
NumericFocus  1
[2025-08-20 22:39:31] DEBUG    Academic license 2680226 - for non-commercial use only - registered to an___@mail.polimi.it
Optimize a model with 27010653 rows, 20466889 columns and 66299731 nonzeros
[2025-08-20 22:39:32] DEBUG    Model fingerprint: 0x0348774f
[2025-08-20 22:39:32] DEBUG    Coefficient statistics:
  Matrix range     [1e-07, 3e+02]
  Objective range  [1e+00, 1e+06]
  Bounds range     [0e+00, 0e+00]
  RHS range        [1e+00, 2e+08]
[2025-08-20 22:39:38] DEBUG    Presolve removed 19867692 rows and 11270167 columns (presolve time = 6s)...
[2025-08-20 22:39:43] DEBUG    Presolve removed 20298738 rows and 11739730 columns (presolve time = 10s)...
[2025-08-20 22:39:48] DEBUG    Presolve removed 20308316 rows and 13540000 columns (presolve time = 15s)...
[2025-08-20 22:39:54] DEBUG    Presolve removed 23599570 rows and 16831254 columns (presolve time = 21s)...
[2025-08-20 22:39:57] DEBUG    Presolve removed 23599570 rows and 16831254 columns (presolve time = 25s)...
[2025-08-20 22:40:09] DEBUG    Presolve removed 24137407 rows and 17085294 columns (presolve time = 37s)...
[2025-08-20 22:40:13] DEBUG    Presolve removed 24137407 rows and 17207934 columns (presolve time = 40s)...
[2025-08-20 22:40:16] DEBUG    Presolve removed 24286310 rows and 17207934 columns
[2025-08-20 22:41:07] DEBUG    Presolve time: 96.05s
Presolved: 2724343 rows, 3407858 columns, 10988527 nonzeros

Concurrent LP optimizer: primal simplex, dual simplex, and barrier
Showing barrier log only...
[2025-08-20 22:41:12] DEBUG    Ordering time: 2.25s
[2025-08-20 22:41:14] DEBUG    Barrier statistics:
 Dense cols : 174
 AA' NZ     : 9.245e+06
[2025-08-20 22:41:14] DEBUG    Factor NZ  : 4.108e+07 (roughly 3.0 GB of memory)
 Factor Ops : 2.774e+09 (less than 1 second per iteration)
 Threads    : 30
[2025-08-20 22:41:19] DEBUG    Objective                Residual
Iter       Primal          Dual         Primal    Dual     Compl     Time
[2025-08-20 22:41:19] DEBUG    0   9.91292930e+14 -8.82670521e+14  6.13e+10 3.48e-01  4.30e+11   108s
[2025-08-20 22:41:24] DEBUG    1   8.57902439e+14 -8.52664515e+14  5.25e+10 2.20e+01  3.23e+11   113s
[2025-08-20 22:41:32] DEBUG    2   7.15866645e+14 -7.86223165e+14  4.28e+10 9.04e+00  2.27e+11   120s
[2025-08-20 22:41:41] DEBUG    3   5.51259725e+14 -7.56510959e+14  3.16e+10 3.82e+00  1.53e+11   130s
[2025-08-20 22:41:47] DEBUG    4   3.82168968e+14 -7.05659796e+14  1.97e+10 1.20e+00  9.01e+10   136s
[2025-08-20 22:41:52] DEBUG    5   3.21129232e+14 -6.69055017e+14  1.53e+10 5.90e-01  6.85e+10   141s
[2025-08-20 22:41:59] DEBUG    6   2.27715276e+14 -6.41909443e+14  7.51e+09 2.83e-01  3.43e+10   148s
[2025-08-20 22:42:05] DEBUG    7   2.04527179e+14 -5.88047676e+14  5.85e+09 8.24e-02  2.57e+10   154s
[2025-08-20 22:42:10] DEBUG    8   1.99640881e+14 -5.60064665e+14  3.93e+09 5.42e-02  1.72e+10   159s
[2025-08-20 22:42:18] DEBUG    9   2.02592786e+14 -5.15190428e+14  2.07e+09 2.17e-02  9.06e+09   167s
[2025-08-20 22:42:28] DEBUG    10   1.73676278e+14 -4.52791964e+14  3.81e+08 9.49e-03  1.74e+09   177s
[2025-08-20 22:42:36] DEBUG    11   1.36590839e+14 -3.06628399e+14  1.94e+07 1.22e-02  1.63e+08   185s
[2025-08-20 22:42:42] DEBUG    12   1.24639623e+14 -1.90010395e+14  1.38e+07 1.44e-02  1.00e+08   191s
[2025-08-20 22:42:47] DEBUG    13   1.16952883e+14 -1.56906714e+14  1.12e+07 1.45e-02  7.89e+07   196s
[2025-08-20 22:42:52] DEBUG    14   1.12913982e+14 -1.17957793e+14  9.99e+06 1.37e-02  6.27e+07   201s
[2025-08-20 22:42:58] DEBUG    15   1.03850014e+14 -1.02803568e+14  7.58e+06 1.66e-02  4.95e+07   207s
[2025-08-20 22:43:05] DEBUG    16   1.01520154e+14 -8.97629258e+13  7.07e+06 1.49e-02  4.40e+07   214s
[2025-08-20 22:43:15] DEBUG    17   9.29405634e+13 -4.94702090e+13  5.21e+06 1.84e-02  2.56e+07   224s
[2025-08-20 22:43:27] DEBUG    18   8.12294188e+13 -3.27640838e+13  3.18e+06 2.01e-02  1.45e+07   235s
[2025-08-20 22:43:38] DEBUG    19   7.06162681e+13 -1.82124465e+13  1.79e+06 3.31e-02  7.35e+06   247s
[2025-08-20 22:43:48] DEBUG    20   6.44563715e+13 -9.46406377e+12  1.25e+06 2.49e-02  3.93e+06   257s
[2025-08-20 22:43:55] DEBUG    21   6.05971085e+13 -6.81199007e+12  9.86e+05 2.11e-02  2.77e+06   264s
[2025-08-20 22:44:01] DEBUG    22   5.83869507e+13 -5.58542760e+12  8.55e+05 1.90e-02  2.26e+06   270s
[2025-08-20 22:44:06] DEBUG    23   5.54617850e+13 -4.64319214e+12  6.86e+05 1.82e-02  1.79e+06   274s
[2025-08-20 22:44:10] DEBUG    24   5.31834449e+13 -3.97511360e+12  5.79e+05 1.98e-02  1.47e+06   279s
[2025-08-20 22:44:18] DEBUG    25   5.10842216e+13 -2.82773232e+12  4.90e+05 2.16e-02  1.06e+06   286s
[2025-08-20 22:44:26] DEBUG    26   4.84595782e+13 -1.73881795e+12  3.92e+05 2.31e-02  6.68e+05   295s
[2025-08-20 22:44:37] DEBUG    27   4.58718638e+13 -1.04770829e+12  3.06e+05 2.23e-02  4.09e+05   306s
[2025-08-20 22:44:50] DEBUG    28   4.38880754e+13 -8.51007794e+11  2.50e+05 2.09e-02  3.11e+05   318s
[2025-08-20 22:44:58] DEBUG    29   4.25609713e+13 -6.51567288e+11  2.17e+05 1.93e-02  2.41e+05   327s
[2025-08-20 22:45:07] DEBUG    30   4.16794218e+13 -5.74300088e+11  1.96e+05 1.91e-02  2.10e+05   336s
[2025-08-20 22:45:17] DEBUG    31   4.04799266e+13 -4.67848821e+11  1.70e+05 2.21e-02  1.68e+05   346s
[2025-08-20 22:45:28] DEBUG    32   3.91799687e+13 -4.15938756e+11  1.45e+05 2.33e-02  1.40e+05   357s
[2025-08-20 22:45:36] DEBUG    33   3.83994979e+13 -3.28631229e+11  1.30e+05 2.48e-02  1.15e+05   365s
[2025-08-20 22:45:46] DEBUG    34   3.78527514e+13 -2.93951671e+11  1.21e+05 2.49e-02  1.04e+05   375s
[2025-08-20 22:45:56] DEBUG    35   3.74345972e+13 -2.72417721e+11  1.14e+05 2.44e-02  9.62e+04   385s
[2025-08-20 22:46:06] DEBUG    36   3.69343882e+13 -2.65369354e+11  1.07e+05 2.42e-02  8.96e+04   395s
[2025-08-20 22:46:16] DEBUG    37   3.65793654e+13 -2.59302143e+11  1.02e+05 2.38e-02  8.52e+04   405s
[2025-08-20 22:46:24] DEBUG    38   3.63451489e+13 -2.46800389e+11  9.83e+04 2.30e-02  8.16e+04   412s
[2025-08-20 22:46:32] DEBUG    39   3.63216566e+13 -2.34483708e+11  9.79e+04 2.22e-02  8.02e+04   421s
[2025-08-20 22:46:37] DEBUG    40   3.58175765e+13 -2.23929242e+11  9.07e+04 2.12e-02  7.41e+04   426s
[2025-08-20 22:46:46] DEBUG    41   3.55031343e+13 -2.15695051e+11  8.63e+04 2.02e-02  7.04e+04   434s
[2025-08-20 22:46:55] DEBUG    42   3.49501345e+13 -2.08589768e+11  7.87e+04 1.94e-02  6.41e+04   444s
[2025-08-20 22:47:05] DEBUG    43   3.45240116e+13 -2.03373292e+11  7.32e+04 1.89e-02  5.93e+04   453s
[2025-08-20 22:47:14] DEBUG    44   3.44219107e+13 -1.98102820e+11  7.18e+04 1.83e-02  5.80e+04   463s
[2025-08-20 22:47:25] DEBUG    45   3.43138678e+13 -1.93839233e+11  7.04e+04 1.81e-02  5.68e+04   473s
[2025-08-20 22:47:34] DEBUG    46   3.38559762e+13 -1.85638910e+11  6.48e+04 1.90e-02  5.17e+04   483s
[2025-08-20 22:47:44] DEBUG    47   3.37640301e+13 -1.79133204e+11  6.37e+04 1.97e-02  5.04e+04   493s
[2025-08-20 22:47:51] DEBUG    48   3.37113504e+13 -1.76904579e+11  6.31e+04 1.98e-02  4.99e+04   500s
[2025-08-20 22:47:59] DEBUG    49   3.36815283e+13 -1.74956113e+11  6.27e+04 1.99e-02  4.96e+04   508s
[2025-08-20 22:48:07] DEBUG    50   3.31632080e+13 -1.70633629e+11  5.66e+04 2.02e-02  4.48e+04   516s
[2025-08-20 22:48:15] DEBUG    51   3.30025440e+13 -1.68644227e+11  5.49e+04 2.02e-02  5.31e+04   524s
[2025-08-20 22:48:24] DEBUG    52   3.27226052e+13 -1.65407111e+11  5.18e+04 2.01e-02  5.01e+04   533s
[2025-08-20 22:48:30] DEBUG    53   3.26335606e+13 -1.63505542e+11  5.09e+04 2.00e-02  5.14e+04   539s
[2025-08-20 22:48:37] DEBUG    54   3.24250451e+13 -1.61757286e+11  4.87e+04 1.99e-02  4.93e+04   546s
[2025-08-20 22:48:46] DEBUG    55   3.23286678e+13 -1.59040865e+11  4.78e+04 1.98e-02  4.86e+04   555s
[2025-08-20 22:48:53] DEBUG    56   3.21663494e+13 -1.57709837e+11  4.61e+04 1.97e-02  4.70e+04   562s
[2025-08-20 22:49:01] DEBUG    57   3.18901153e+13 -1.54881505e+11  4.34e+04 1.95e-02  4.40e+04   570s
[2025-08-20 22:49:09] DEBUG    58   3.17214218e+13 -1.53244085e+11  4.18e+04 1.94e-02  4.23e+04   578s
[2025-08-20 22:49:19] DEBUG    59   3.16577663e+13 -1.51032301e+11  4.12e+04 1.92e-02  4.12e+04   587s
[2025-08-20 22:49:28] DEBUG    60   3.15303384e+13 -1.49612974e+11  4.01e+04 1.94e-02  3.99e+04   596s
[2025-08-20 22:49:37] DEBUG    61   3.12972285e+13 -1.47482757e+11  3.79e+04 2.04e-02  3.76e+04   605s
[2025-08-20 22:49:46] DEBUG    62   3.11884161e+13 -1.46563756e+11  3.70e+04 2.08e-02  3.66e+04   614s
[2025-08-20 22:49:54] DEBUG    63   3.11100529e+13 -1.45216607e+11  3.63e+04 2.14e-02  3.57e+04   622s
[2025-08-20 22:50:00] DEBUG    64   3.10358628e+13 -1.44145805e+11  3.57e+04 2.18e-02  3.49e+04   628s
[2025-08-20 22:50:09] DEBUG    65   3.09365023e+13 -1.43118402e+11  3.48e+04 2.23e-02  3.40e+04   638s
[2025-08-20 22:50:16] DEBUG    66   3.09079995e+13 -1.42213832e+11  3.46e+04 2.26e-02  3.35e+04   645s
[2025-08-20 22:50:24] DEBUG    67   3.08798600e+13 -1.40804828e+11  3.44e+04 2.31e-02  3.29e+04   653s
[2025-08-20 22:50:32] DEBUG    68   3.07950030e+13 -1.39927593e+11  3.37e+04 2.34e-02  3.22e+04   661s
[2025-08-20 22:50:40] DEBUG    69   3.07387526e+13 -1.38876965e+11  3.32e+04 2.37e-02  3.15e+04   668s
[2025-08-20 22:50:49] DEBUG    70   3.03187451e+13 -1.37921159e+11  2.98e+04 2.40e-02  2.87e+04   678s
[2025-08-20 22:50:58] DEBUG    71   3.01230302e+13 -1.36732504e+11  2.83e+04 2.44e-02  2.72e+04   686s
[2025-08-20 22:51:07] DEBUG    72   2.99879676e+13 -1.35271868e+11  2.73e+04 2.47e-02  2.61e+04   695s
[2025-08-20 22:51:16] DEBUG    73   2.98537234e+13 -1.33942244e+11  2.64e+04 2.49e-02  2.49e+04   704s
[2025-08-20 22:51:24] DEBUG    74   2.98215190e+13 -1.32911961e+11  2.62e+04 2.50e-02  2.45e+04   713s
[2025-08-20 22:51:34] DEBUG    75   2.96512028e+13 -1.32037190e+11  2.50e+04 2.51e-02  2.33e+04   723s
[2025-08-20 22:51:41] DEBUG    76   2.95843289e+13 -1.31679930e+11  2.46e+04 2.50e-02  2.29e+04   730s
[2025-08-20 22:51:49] DEBUG    77   2.95388057e+13 -1.31234480e+11  2.43e+04 2.48e-02  2.26e+04   738s
[2025-08-20 22:51:58] DEBUG    78   2.93389047e+13 -1.30738116e+11  2.30e+04 2.45e-02  2.16e+04   747s
[2025-08-20 22:52:05] DEBUG    79   2.92294699e+13 -1.30187560e+11  2.23e+04 2.40e-02  2.09e+04   754s
[2025-08-20 22:52:13] DEBUG    80   2.92259448e+13 -1.29671012e+11  2.23e+04 2.39e-02  2.08e+04   761s
[2025-08-20 22:52:20] DEBUG    81   2.91555393e+13 -1.29712214e+11  2.18e+04 2.36e-02  2.05e+04   768s
[2025-08-20 22:52:30] DEBUG    82   2.89198026e+13 -1.29096236e+11  2.04e+04 2.33e-02  2.06e+04   779s
[2025-08-20 22:52:39] DEBUG    83   2.89001950e+13 -1.28626931e+11  2.03e+04 2.30e-02  2.04e+04   787s
[2025-08-20 22:52:46] DEBUG    84   2.88519182e+13 -1.28087160e+11  2.00e+04 2.22e-02  2.03e+04   795s
[2025-08-20 22:52:56] DEBUG    85   2.86979980e+13 -1.27780111e+11  1.91e+04 2.20e-02  1.96e+04   805s
[2025-08-20 22:53:04] DEBUG    86   2.86880706e+13 -1.27437672e+11  1.91e+04 2.17e-02  1.95e+04   813s
[2025-08-20 22:53:13] DEBUG    87   2.85301830e+13 -1.26893886e+11  1.82e+04 2.12e-02  1.87e+04   821s
[2025-08-20 22:53:22] DEBUG    88   2.84727367e+13 -1.26237965e+11  1.79e+04 2.06e-02  1.83e+04   831s
[2025-08-20 22:53:29] DEBUG    89   2.84635515e+13 -1.25942122e+11  1.79e+04 2.02e-02  1.82e+04   838s
[2025-08-20 22:53:39] DEBUG    90   2.83733977e+13 -1.25565495e+11  1.74e+04 1.98e-02  1.77e+04   848s
[2025-08-20 22:53:47] DEBUG    91   2.83243589e+13 -1.25363489e+11  1.71e+04 1.95e-02  1.76e+04   855s
[2025-08-20 22:53:56] DEBUG    92   2.81595926e+13 -1.24671858e+11  1.63e+04 1.87e-02  1.67e+04   864s
[2025-08-20 22:54:05] DEBUG    93   2.80817933e+13 -1.24063465e+11  1.59e+04 1.81e-02  1.62e+04   873s
[2025-08-20 22:54:14] DEBUG    94   2.80043255e+13 -1.23615412e+11  1.55e+04 1.75e-02  1.58e+04   883s
[2025-08-20 22:54:24] DEBUG    95   2.79328678e+13 -1.23259240e+11  1.52e+04 1.71e-02  1.54e+04   893s
[2025-08-20 22:54:34] DEBUG    96   2.78127726e+13 -1.22965283e+11  1.46e+04 1.68e-02  1.49e+04   903s
[2025-08-20 22:54:42] DEBUG    97   2.78073260e+13 -1.22708051e+11  1.46e+04 1.65e-02  1.48e+04   911s
[2025-08-20 22:54:42] DEBUG    Barrier performed 97 iterations in 910.55 seconds (230.12 work units)
Barrier solve interrupted - model solved by another algorithm
[2025-08-20 22:54:42] DEBUG    Solved with dual simplex
[2025-08-20 22:54:57] DEBUG    Iteration    Objective       Primal Inf.    Dual Inf.      Time
[2025-08-20 22:54:57] DEBUG    412191    1.0930222e+10   0.000000e+00   0.000000e+00    926s

Solved in 412191 iterations and 925.55 seconds (406.95 work units)
[2025-08-20 22:54:57] DEBUG    Optimal objective  1.093022201e+10
✅ Scenario completato: new_trasmission_CG+VRES_2030_nostorage

🚀 Lancio scenario: new_trasmission_GT+VRES_2030_PHES
[2025-08-20 23:09:29] INFO     Loading sets
[2025-08-20 23:09:29] INFO     Loading parameters
[2025-08-20 23:10:08] INFO     constraints are loaded in the following order: ['energy_balance', 'dispatch', 'costs', 'capacity', 'network', 'policy', 'conversion', 'group', 'conversion_plus', 'milp', 'export']
[2025-08-20 23:10:08] INFO     creating energy_balance constraints
[2025-08-20 23:13:37] INFO     creating dispatch constraints
[2025-08-20 23:16:03] INFO     creating costs constraints
[2025-08-20 23:26:54] INFO     creating capacity constraints
[2025-08-20 23:26:54] INFO     creating network constraints
[2025-08-20 23:26:54] INFO     creating policy constraints
[2025-08-20 23:26:54] INFO     creating conversion constraints
[2025-08-20 23:26:54] INFO     creating group constraints
[2025-08-20 23:26:54] INFO     creating conversion_plus constraints
[2025-08-20 23:26:54] INFO     creating milp constraints
[2025-08-20 23:26:54] INFO     creating export constraints
[2025-08-20 23:42:40] DEBUG    Set parameter WLSAccessID
Set parameter WLSSecret
Set parameter LicenseID to value 2680226
[2025-08-20 23:42:40] DEBUG    Academic license 2680226 - for non-commercial use only - registered to an___@mail.polimi.it
[2025-08-20 23:43:24] DEBUG    Read LP format model from file /tmp/tmpeo7vw2yh.pyomo.lp
Reading time = 44.01 seconds
x21737263: 28789165 rows, 21737263 columns, 71126868 nonzeros
[2025-08-20 23:43:24] DEBUG    Set parameter NumericFocus to value 1
Gurobi Optimizer version 12.0.2 build v12.0.2rc0 (linux64 - "Debian GNU/Linux 11 (bullseye)")

CPU model: Intel(R) Xeon(R) Silver 4314 CPU @ 2.40GHz, instruction set [SSE2|AVX|AVX2|AVX512]
Thread count: 32 physical cores, 64 logical processors, using up to 32 threads

Non-default parameters:
NumericFocus  1
[2025-08-20 23:43:24] DEBUG    Academic license 2680226 - for non-commercial use only - registered to an___@mail.polimi.it
Optimize a model with 28789165 rows, 21737263 columns and 71126868 nonzeros
[2025-08-20 23:43:25] DEBUG    Model fingerprint: 0x7536c1b7
[2025-08-20 23:43:26] DEBUG    Coefficient statistics:
  Matrix range     [1e-07, 3e+02]
  Objective range  [1e+00, 1e+06]
  Bounds range     [0e+00, 0e+00]
  RHS range        [1e+00, 6e+09]
Warning: Model contains large rhs
[2025-08-20 23:43:31] DEBUG    Presolve removed 20375946 rows and 11778366 columns (presolve time = 5s)...
[2025-08-20 23:43:36] DEBUG    Presolve removed 20938398 rows and 12612143 columns (presolve time = 10s)...
[2025-08-20 23:43:41] DEBUG    Presolve removed 22660960 rows and 15840000 columns (presolve time = 15s)...
[2025-08-20 23:43:46] DEBUG    Presolve removed 24467094 rows and 17600556 columns (presolve time = 20s)...
[2025-08-20 23:43:58] DEBUG    Presolve removed 25004983 rows and 17854596 columns (presolve time = 32s)...
[2025-08-20 23:44:01] DEBUG    Presolve removed 25004983 rows and 17977236 columns (presolve time = 35s)...
[2025-08-20 23:44:05] DEBUG    Presolve removed 25153886 rows and 17977236 columns
[2025-08-20 23:44:45] DEBUG    Presolve time: 80.43s
[2025-08-20 23:44:45] DEBUG    Presolved: 3635279 rows, 3908930 columns, 14814375 nonzeros

Concurrent LP optimizer: primal simplex, dual simplex, and barrier
Showing barrier log only...
[2025-08-20 23:45:10] DEBUG    Elapsed ordering time = 22s
[2025-08-20 23:45:12] DEBUG    Elapsed ordering time = 25s
[2025-08-20 23:45:28] DEBUG    Ordering time: 40.98s
[2025-08-20 23:45:31] DEBUG    Barrier statistics:
 Dense cols : 200
[2025-08-20 23:45:31] DEBUG    AA' NZ     : 1.548e+07
 Factor NZ  : 6.593e+07 (roughly 3.6 GB of memory)
 Factor Ops : 7.598e+09 (less than 1 second per iteration)
 Threads    : 30
[2025-08-20 23:45:37] DEBUG    Objective                Residual
Iter       Primal          Dual         Primal    Dual     Compl     Time
[2025-08-20 23:45:38] DEBUG    0   1.00168800e+15 -7.74475634e+14  6.13e+10 2.78e-01  3.85e+11   133s
[2025-08-20 23:45:44] DEBUG    1   9.22671322e+14 -7.98792520e+14  5.60e+10 2.07e+01  2.96e+11   140s
[2025-08-20 23:45:53] DEBUG    2   8.68297661e+14 -2.72939012e+15  5.25e+10 1.70e+01  2.70e+11   149s
[2025-08-20 23:46:03] DEBUG    3   7.64486879e+14 -7.75103218e+15  4.56e+10 7.17e+00  2.06e+11   159s
[2025-08-20 23:46:09] DEBUG    4   5.51304080e+14 -9.63501144e+15  3.14e+10 2.55e+00  1.29e+11   165s
[2025-08-20 23:46:20] DEBUG    5   3.96841982e+14 -9.48556522e+15  2.06e+10 9.40e-01  8.20e+10   176s
[2025-08-20 23:46:29] DEBUG    6   2.75896578e+14 -8.23590371e+15  1.20e+10 2.94e-01  4.71e+10   185s
[2025-08-20 23:46:36] DEBUG    7   1.56299696e+14 -6.38108999e+15  3.30e+09 1.14e-01  1.34e+10   191s
[2025-08-20 23:46:42] DEBUG    8   1.43459824e+14 -4.15549664e+15  1.78e+09 4.28e-02  7.06e+09   197s
[2025-08-20 23:46:48] DEBUG    9   1.36500216e+14 -2.37366392e+15  9.43e+08 1.93e-02  3.62e+09   203s
[2025-08-20 23:46:53] DEBUG    10   1.25604638e+14 -1.32423644e+15  2.43e+08 1.82e-02  1.02e+09   209s
[2025-08-20 23:46:58] DEBUG    11   1.05423844e+14 -5.44174053e+14  1.22e+08 8.72e-03  4.68e+08   214s
[2025-08-20 23:47:05] DEBUG    12   9.02442438e+13 -4.78219739e+14  7.73e+07 9.00e-03  3.11e+08   220s
[2025-08-20 23:47:11] DEBUG    13   8.58146765e+13 -2.36611337e+14  6.78e+07 9.10e-03  2.37e+08   227s
[2025-08-20 23:47:19] DEBUG    14   6.97896738e+13 -1.67829222e+14  3.64e+07 1.04e-02  1.27e+08   234s
[2025-08-20 23:47:29] DEBUG    15   5.93911357e+13 -1.17963608e+14  2.14e+07 1.15e-02  7.42e+07   245s
[2025-08-20 23:47:38] DEBUG    16   5.74284153e+13 -1.02642475e+14  1.95e+07 1.21e-02  6.43e+07   253s
[2025-08-20 23:47:43] DEBUG    17   5.44884816e+13 -8.99568541e+13  1.70e+07 3.77e-02  5.41e+07   259s
[2025-08-20 23:47:50] DEBUG    18   4.82651489e+13 -6.61124359e+13  1.11e+07 2.16e-02  3.50e+07   265s
[2025-08-20 23:47:58] DEBUG    19   4.32561559e+13 -3.87536190e+13  7.48e+06 2.54e-02  2.13e+07   273s
[2025-08-20 23:48:07] DEBUG    20   3.79554283e+13 -2.35310847e+13  4.69e+06 2.03e-02  1.23e+07   282s
[2025-08-20 23:48:15] DEBUG    21   3.39120213e+13 -1.55665206e+13  3.13e+06 1.97e-02  7.56e+06   290s
[2025-08-20 23:48:20] DEBUG    22   3.24309902e+13 -1.37075102e+13  2.66e+06 1.94e-02  6.31e+06   296s
[2025-08-20 23:48:26] DEBUG    23   3.03761678e+13 -1.13071183e+13  2.06e+06 1.88e-02  4.78e+06   302s
[2025-08-20 23:48:33] DEBUG    24   2.95936603e+13 -9.86310253e+12  1.86e+06 1.83e-02  4.14e+06   308s
[2025-08-20 23:48:39] DEBUG    25   2.86623092e+13 -8.63797802e+12  1.65e+06 1.79e-02  3.54e+06   314s
[2025-08-20 23:48:46] DEBUG    26   2.72690349e+13 -6.71892258e+12  1.33e+06 1.74e-02  2.62e+06   322s
[2025-08-20 23:48:57] DEBUG    27   2.65075699e+13 -4.45383852e+12  1.18e+06 1.73e-02  1.78e+06   332s
[2025-08-20 23:49:08] DEBUG    28   2.52020626e+13 -3.28715002e+12  9.26e+05 2.41e-02  1.21e+06   344s
[2025-08-20 23:49:21] DEBUG    29   2.40147708e+13 -2.50366188e+12  7.28e+05 2.67e-02  8.50e+05   357s
[2025-08-20 23:49:32] DEBUG    30   2.33203655e+13 -2.16275042e+12  6.26e+05 2.70e-02  7.06e+05   367s
[2025-08-20 23:49:45] DEBUG    31   2.25765230e+13 -1.82648683e+12  5.26e+05 2.66e-02  5.58e+05   381s
[2025-08-20 23:49:58] DEBUG    32   2.18409020e+13 -1.55174934e+12  4.36e+05 2.58e-02  4.41e+05   394s
[2025-08-20 23:50:11] DEBUG    33   2.15209195e+13 -1.41448562e+12  4.01e+05 2.53e-02  3.92e+05   406s
[2025-08-20 23:50:23] DEBUG    34   2.09847263e+13 -1.05891854e+12  3.46e+05 2.37e-02  2.91e+05   419s
[2025-08-20 23:50:36] DEBUG    35   2.05887648e+13 -9.21704613e+11  3.09e+05 2.26e-02  2.46e+05   432s
[2025-08-20 23:50:49] DEBUG    36   2.00325579e+13 -7.96062054e+11  2.61e+05 2.13e-02  1.98e+05   444s
[2025-08-20 23:51:02] DEBUG    37   1.96151691e+13 -6.80264534e+11  2.28e+05 2.01e-02  1.64e+05   457s
[2025-08-20 23:51:12] DEBUG    38   1.94199525e+13 -6.04226619e+11  2.14e+05 1.92e-02  1.45e+05   468s
[2025-08-20 23:51:26] DEBUG    39   1.90197730e+13 -5.18385443e+11  1.87e+05 1.80e-02  1.18e+05   482s
[2025-08-20 23:51:38] DEBUG    40   1.87065421e+13 -4.64804351e+11  1.68e+05 1.71e-02  1.01e+05   493s
[2025-08-20 23:51:52] DEBUG    41   1.84264950e+13 -4.22727274e+11  1.52e+05 1.63e-02  8.85e+04   507s
[2025-08-20 23:52:05] DEBUG    42   1.81642266e+13 -3.86456880e+11  1.38e+05 1.56e-02  7.78e+04   521s
[2025-08-20 23:52:18] DEBUG    43   1.80962830e+13 -3.79745108e+11  1.34e+05 1.54e-02  7.55e+04   533s
[2025-08-20 23:52:30] DEBUG    44   1.78470922e+13 -3.53499084e+11  1.22e+05 1.48e-02  6.74e+04   545s
[2025-08-20 23:52:43] DEBUG    45   1.76414696e+13 -3.20405315e+11  1.13e+05 1.40e-02  5.91e+04   558s
[2025-08-20 23:52:54] DEBUG    46   1.75050134e+13 -3.08619336e+11  1.07e+05 1.38e-02  5.52e+04   570s
[2025-08-20 23:53:07] DEBUG    47   1.72744286e+13 -2.74191129e+11  9.71e+04 1.35e-02  4.72e+04   583s
[2025-08-20 23:53:21] DEBUG    48   1.70667072e+13 -2.48695384e+11  8.90e+04 1.42e-02  4.08e+04   596s
[2025-08-20 23:53:31] DEBUG    49   1.68618835e+13 -2.33236621e+11  8.17e+04 1.46e-02  3.63e+04   607s
[2025-08-20 23:53:44] DEBUG    50   1.66561616e+13 -2.25754225e+11  7.47e+04 1.47e-02  3.34e+04   619s
[2025-08-20 23:53:56] DEBUG    51   1.65397123e+13 -2.17258764e+11  7.10e+04 1.48e-02  3.11e+04   632s
[2025-08-20 23:54:10] DEBUG    52   1.63889190e+13 -2.07933930e+11  6.62e+04 1.49e-02  2.86e+04   645s
[2025-08-20 23:54:22] DEBUG    53   1.62151022e+13 -1.95726612e+11  6.11e+04 1.50e-02  2.57e+04   658s
[2025-08-20 23:54:35] DEBUG    54   1.59936639e+13 -1.89275785e+11  5.49e+04 1.50e-02  2.32e+04   671s
[2025-08-20 23:54:47] DEBUG    55   1.58568085e+13 -1.82382774e+11  5.15e+04 1.50e-02  2.14e+04   683s
[2025-08-20 23:54:59] DEBUG    56   1.57543717e+13 -1.76106730e+11  4.90e+04 1.49e-02  2.00e+04   695s
[2025-08-20 23:55:11] DEBUG    57   1.56335676e+13 -1.68977996e+11  4.62e+04 1.49e-02  1.84e+04   706s
[2025-08-20 23:55:23] DEBUG    58   1.56035181e+13 -1.66829013e+11  4.55e+04 1.48e-02  1.80e+04   719s
[2025-08-20 23:55:36] DEBUG    59   1.55144367e+13 -1.61270656e+11  4.35e+04 1.48e-02  1.68e+04   731s
[2025-08-20 23:55:46] DEBUG    60   1.54023746e+13 -1.55577400e+11  4.11e+04 1.47e-02  1.56e+04   742s
[2025-08-20 23:55:57] DEBUG    61   1.53091732e+13 -1.51587657e+11  3.92e+04 1.46e-02  1.46e+04   752s
[2025-08-20 23:56:05] DEBUG    62   1.52722315e+13 -1.49921441e+11  3.85e+04 1.46e-02  1.43e+04   761s
[2025-08-20 23:56:15] DEBUG    63   1.51655150e+13 -1.46504942e+11  3.64e+04 1.45e-02  1.34e+04   771s
[2025-08-20 23:56:27] DEBUG    64   1.50968254e+13 -1.43592656e+11  3.51e+04 1.44e-02  1.28e+04   783s
[2025-08-20 23:56:40] DEBUG    65   1.50198258e+13 -1.40010684e+11  3.37e+04 1.43e-02  1.21e+04   796s
[2025-08-20 23:56:54] DEBUG    66   1.49454167e+13 -1.36821245e+11  3.24e+04 1.42e-02  1.15e+04   810s
[2025-08-20 23:57:02] DEBUG    67   1.49056801e+13 -1.35541892e+11  3.17e+04 1.41e-02  1.12e+04   818s
[2025-08-20 23:57:15] DEBUG    68   1.48162260e+13 -1.32689961e+11  3.02e+04 1.40e-02  1.06e+04   830s
[2025-08-20 23:57:28] DEBUG    69   1.47550016e+13 -1.30068145e+11  2.92e+04 1.39e-02  1.01e+04   843s
[2025-08-20 23:57:36] DEBUG    70   1.47119377e+13 -1.29087125e+11  2.85e+04 1.39e-02  9.86e+03   852s
[2025-08-20 23:57:47] DEBUG    71   1.46337474e+13 -1.27510107e+11  2.72e+04 1.38e-02  9.44e+03   863s
[2025-08-20 23:57:59] DEBUG    72   1.45988016e+13 -1.25508981e+11  2.67e+04 1.37e-02  9.15e+03   875s
[2025-08-20 23:58:13] DEBUG    73   1.45264334e+13 -1.24008764e+11  2.56e+04 1.36e-02  8.77e+03   889s
[2025-08-20 23:58:26] DEBUG    74   1.44547358e+13 -1.22368196e+11  2.46e+04 1.35e-02  8.40e+03   902s
[2025-08-20 23:58:34] DEBUG    75   1.44170532e+13 -1.21354340e+11  2.41e+04 1.35e-02  8.20e+03   910s
[2025-08-20 23:58:46] DEBUG    76   1.43688235e+13 -1.19203189e+11  2.34e+04 1.34e-02  7.88e+03   922s
[2025-08-20 23:58:59] DEBUG    77   1.43200491e+13 -1.17793097e+11  2.27e+04 1.33e-02  7.62e+03   935s
[2025-08-20 23:59:12] DEBUG    78   1.42588668e+13 -1.16145136e+11  2.19e+04 1.32e-02  7.31e+03   947s
[2025-08-20 23:59:21] DEBUG    79   1.42272491e+13 -1.14852765e+11  2.15e+04 1.31e-02  7.12e+03   957s
[2025-08-20 23:59:34] DEBUG    80   1.41978877e+13 -1.13431404e+11  2.11e+04 1.31e-02  6.94e+03   970s
[2025-08-20 23:59:46] DEBUG    81   1.41310222e+13 -1.12328420e+11  2.03e+04 1.30e-02  6.67e+03   981s
[2025-08-20 23:59:55] DEBUG    82   1.41007391e+13 -1.11566572e+11  1.99e+04 1.30e-02  6.53e+03   991s
[2025-08-21 00:00:07] DEBUG    83   1.40628400e+13 -1.10071884e+11  1.95e+04 1.29e-02  6.33e+03  1003s
[2025-08-21 00:00:19] DEBUG    84   1.40083672e+13 -1.08946473e+11  1.88e+04 1.28e-02  6.10e+03  1015s
[2025-08-21 00:00:32] DEBUG    85   1.39681537e+13 -1.07873152e+11  1.84e+04 1.27e-02  5.93e+03  1027s
[2025-08-21 00:00:42] DEBUG    86   1.39302913e+13 -1.06758857e+11  1.79e+04 1.27e-02  5.76e+03  1038s
[2025-08-21 00:00:53] DEBUG    87   1.39038016e+13 -1.05739322e+11  1.76e+04 1.26e-02  5.63e+03  1049s
[2025-08-21 00:01:03] DEBUG    88   1.38646211e+13 -1.04592683e+11  1.72e+04 1.25e-02  5.46e+03  1059s
[2025-08-21 00:01:16] DEBUG    89   1.38354199e+13 -1.03261108e+11  1.69e+04 1.24e-02  5.30e+03  1072s
[2025-08-21 00:01:28] DEBUG    90   1.37868079e+13 -1.02258432e+11  1.64e+04 1.24e-02  5.11e+03  1084s
[2025-08-21 00:01:40] DEBUG    91   1.37399006e+13 -1.01254581e+11  1.59e+04 1.23e-02  4.94e+03  1096s
[2025-08-21 00:01:52] DEBUG    92   1.36957549e+13 -1.00359385e+11  1.55e+04 1.22e-02  4.78e+03  1108s
[2025-08-21 00:02:04] DEBUG    93   1.36520127e+13 -9.94493606e+10  1.50e+04 1.21e-02  4.63e+03  1120s
[2025-08-21 00:02:17] DEBUG    94   1.36027746e+13 -9.84818177e+10  1.46e+04 1.21e-02  4.46e+03  1133s
[2025-08-21 00:02:29] DEBUG    95   1.35667711e+13 -9.79494131e+10  1.42e+04 1.20e-02  4.35e+03  1145s
[2025-08-21 00:02:42] DEBUG    96   1.35337891e+13 -9.72067348e+10  1.39e+04 1.19e-02  4.23e+03  1158s
[2025-08-21 00:02:55] DEBUG    97   1.35002900e+13 -9.65683432e+10  1.36e+04 1.19e-02  4.12e+03  1171s
[2025-08-21 00:03:07] DEBUG    98   1.34644462e+13 -9.59029777e+10  1.33e+04 1.18e-02  4.01e+03  1182s
[2025-08-21 00:03:19] DEBUG    99   1.34165328e+13 -9.51589578e+10  1.29e+04 1.18e-02  3.87e+03  1195s
[2025-08-21 00:03:31] DEBUG    100   1.33795763e+13 -9.45009968e+10  1.25e+04 1.17e-02  3.76e+03  1207s
[2025-08-21 00:03:45] DEBUG    101   1.33482134e+13 -9.35295445e+10  1.23e+04 1.16e-02  3.64e+03  1220s
[2025-08-21 00:03:52] DEBUG    102   1.33262945e+13 -9.33239141e+10  1.21e+04 1.16e-02  3.59e+03  1228s
[2025-08-21 00:04:04] DEBUG    103   1.32694368e+13 -9.26696439e+10  1.16e+04 1.15e-02  3.46e+03  1240s
[2025-08-21 00:04:17] DEBUG    104   1.32473629e+13 -9.22064348e+10  1.15e+04 1.15e-02  3.39e+03  1253s
[2025-08-21 00:04:30] DEBUG    105   1.32088825e+13 -9.15579619e+10  1.12e+04 1.14e-02  3.29e+03  1266s
[2025-08-21 00:04:42] DEBUG    106   1.31656312e+13 -9.08892371e+10  1.08e+04 1.13e-02  3.18e+03  1277s
[2025-08-21 00:04:55] DEBUG    107   1.31318760e+13 -9.04169659e+10  1.06e+04 1.13e-02  3.10e+03  1290s
[2025-08-21 00:05:05] DEBUG    108   1.31114554e+13 -9.00595362e+10  1.04e+04 1.12e-02  3.05e+03  1301s
[2025-08-21 00:05:18] DEBUG    109   1.30816457e+13 -8.96462097e+10  1.02e+04 1.12e-02  2.98e+03  1314s
[2025-08-21 00:05:28] DEBUG    110   1.30581947e+13 -8.92145508e+10  1.01e+04 1.11e-02  2.92e+03  1324s
[2025-08-21 00:05:40] DEBUG    111   1.30212279e+13 -8.86949052e+10  9.80e+03 1.10e-02  2.84e+03  1335s
[2025-08-21 00:05:52] DEBUG    112   1.29935977e+13 -8.82606435e+10  9.61e+03 1.10e-02  2.77e+03  1348s
[2025-08-21 00:06:01] DEBUG    113   1.29763863e+13 -8.79680870e+10  9.50e+03 1.10e-02  2.73e+03  1356s
[2025-08-21 00:06:14] DEBUG    114   1.29566517e+13 -8.73657153e+10  9.36e+03 1.09e-02  2.68e+03  1370s
[2025-08-21 00:06:26] DEBUG    115   1.29221982e+13 -8.70149175e+10  9.14e+03 1.08e-02  2.61e+03  1381s
[2025-08-21 00:06:37] DEBUG    116   1.28995254e+13 -8.66087605e+10  8.99e+03 1.08e-02  2.56e+03  1393s
[2025-08-21 00:06:48] DEBUG    117   1.28650300e+13 -8.61270216e+10  8.77e+03 1.07e-02  2.49e+03  1404s
[2025-08-21 00:07:01] DEBUG    118   1.28340574e+13 -8.56613552e+10  8.57e+03 1.06e-02  2.43e+03  1416s
[2025-08-21 00:07:13] DEBUG    119   1.28044359e+13 -8.51663640e+10  8.39e+03 1.06e-02  2.37e+03  1429s
[2025-08-21 00:07:26] DEBUG    120   1.27957172e+13 -8.47513046e+10  8.34e+03 1.05e-02  2.34e+03  1442s
[2025-08-21 00:07:36] DEBUG    121   1.27883018e+13 -8.45511248e+10  8.29e+03 1.05e-02  2.32e+03  1452s
[2025-08-21 00:07:50] DEBUG    122   1.27669583e+13 -8.40915462e+10  8.16e+03 1.04e-02  2.28e+03  1466s
[2025-08-21 00:07:59] DEBUG    123   1.27495168e+13 -8.39300801e+10  8.06e+03 1.04e-02  2.76e+03  1474s
[2025-08-21 00:08:12] DEBUG    124   1.27224852e+13 -8.34976612e+10  7.90e+03 1.03e-02  2.69e+03  1488s
[2025-08-21 00:08:23] DEBUG    125   1.27157269e+13 -8.32368346e+10  7.86e+03 1.03e-02  2.79e+03  1499s
[2025-08-21 00:08:36] DEBUG    126   1.27023886e+13 -8.29356452e+10  7.79e+03 1.02e-02  2.75e+03  1512s
[2025-08-21 00:08:49] DEBUG    127   1.26671104e+13 -8.27165273e+10  7.58e+03 1.02e-02  2.72e+03  1525s
[2025-08-21 00:09:01] DEBUG    128   1.26581088e+13 -8.24038267e+10  7.53e+03 1.01e-02  2.68e+03  1536s
[2025-08-21 00:09:14] DEBUG    129   1.26202096e+13 -8.20920555e+10  7.32e+03 1.01e-02  2.62e+03  1549s
[2025-08-21 00:09:25] DEBUG    130   1.25935745e+13 -8.17733171e+10  7.18e+03 1.00e-02  2.56e+03  1561s
[2025-08-21 00:09:36] DEBUG    131   1.25759690e+13 -8.14932914e+10  7.09e+03 9.98e-03  2.52e+03  1572s
[2025-08-21 00:09:47] DEBUG    132   1.25592899e+13 -8.12122930e+10  7.00e+03 9.98e-03  2.48e+03  1582s
[2025-08-21 00:10:00] DEBUG    133   1.25418413e+13 -8.09748000e+10  6.91e+03 9.99e-03  2.44e+03  1596s
[2025-08-21 00:10:11] DEBUG    134   1.25249921e+13 -8.06776843e+10  6.82e+03 1.00e-02  2.39e+03  1606s
[2025-08-21 00:10:21] DEBUG    135   1.25081139e+13 -8.05041794e+10  6.73e+03 1.01e-02  2.36e+03  1617s
[2025-08-21 00:10:33] DEBUG    136   1.24902991e+13 -8.01485480e+10  6.64e+03 1.03e-02  2.31e+03  1629s
[2025-08-21 00:10:46] DEBUG    137   1.24658476e+13 -7.98701101e+10  6.52e+03 1.04e-02  2.26e+03  1642s
[2025-08-21 00:10:58] DEBUG    138   1.24415717e+13 -7.96709297e+10  6.40e+03 1.05e-02  2.22e+03  1654s
[2025-08-21 00:11:09] DEBUG    139   1.24123052e+13 -7.94175399e+10  6.26e+03 1.06e-02  2.17e+03  1664s
[2025-08-21 00:11:22] DEBUG    140   1.23854189e+13 -7.90036550e+10  6.13e+03 1.08e-02  2.11e+03  1678s
[2025-08-21 00:11:34] DEBUG    141   1.23675381e+13 -7.86809736e+10  6.05e+03 1.09e-02  2.07e+03  1690s
[2025-08-21 00:11:45] DEBUG    142   1.23539075e+13 -7.83084149e+10  5.98e+03 1.11e-02  2.03e+03  1701s
[2025-08-21 00:11:57] DEBUG    143   1.23404737e+13 -7.80628605e+10  5.92e+03 1.11e-02  2.00e+03  1713s
[2025-08-21 00:12:06] DEBUG    144   1.23114229e+13 -7.79058986e+10  5.79e+03 1.12e-02  1.96e+03  1721s
[2025-08-21 00:12:17] DEBUG    145   1.22824083e+13 -7.76436573e+10  5.66e+03 1.13e-02  1.92e+03  1733s
[2025-08-21 00:12:29] DEBUG    146   1.22632630e+13 -7.73622364e+10  5.58e+03 1.14e-02  1.88e+03  1745s
[2025-08-21 00:12:41] DEBUG    147   1.22279858e+13 -7.71391564e+10  5.42e+03 1.14e-02  1.83e+03  1757s
[2025-08-21 00:12:53] DEBUG    148   1.22058428e+13 -7.69285971e+10  5.33e+03 1.15e-02  1.80e+03  1768s
[2025-08-21 00:13:04] DEBUG    149   1.21871883e+13 -7.66828924e+10  5.25e+03 1.16e-02  1.77e+03  1780s
[2025-08-21 00:13:17] DEBUG    150   1.21685294e+13 -7.64126640e+10  5.17e+03 1.16e-02  1.74e+03  1792s
[2025-08-21 00:13:30] DEBUG    151   1.21508023e+13 -7.61216122e+10  5.10e+03 1.17e-02  1.71e+03  1806s
[2025-08-21 00:13:43] DEBUG    152   1.21279842e+13 -7.57700992e+10  5.01e+03 1.17e-02  1.67e+03  1818s
[2025-08-21 00:13:52] DEBUG    153   1.21136582e+13 -7.55889091e+10  4.95e+03 1.17e-02  1.65e+03  1827s
[2025-08-21 00:14:01] DEBUG    154   1.20977528e+13 -7.54140047e+10  4.89e+03 1.18e-02  1.63e+03  1837s
[2025-08-21 00:14:14] DEBUG    155   1.20762544e+13 -7.51704792e+10  4.81e+03 1.18e-02  1.60e+03  1849s
[2025-08-21 00:14:27] DEBUG    156   1.20479737e+13 -7.49935474e+10  4.70e+03 1.19e-02  1.57e+03  1862s
[2025-08-21 00:14:37] DEBUG    157   1.20350577e+13 -7.47498501e+10  4.65e+03 1.19e-02  1.54e+03  1873s
[2025-08-21 00:14:45] DEBUG    158   1.20246402e+13 -7.46231808e+10  4.61e+03 1.19e-02  1.53e+03  1881s
[2025-08-21 00:14:56] DEBUG    159   1.20202559e+13 -7.43277726e+10  4.59e+03 1.20e-02  1.51e+03  1892s
[2025-08-21 00:15:07] DEBUG    160   1.20095185e+13 -7.41147499e+10  4.55e+03 1.20e-02  1.55e+03  1903s
[2025-08-21 00:15:18] DEBUG    161   1.19967536e+13 -7.39041610e+10  4.51e+03 1.20e-02  1.53e+03  1913s
[2025-08-21 00:15:29] DEBUG    162   1.19863990e+13 -7.37315463e+10  4.47e+03 1.20e-02  1.53e+03  1924s
[2025-08-21 00:15:41] DEBUG    163   1.19624549e+13 -7.35519938e+10  4.38e+03 1.21e-02  1.51e+03  1937s
[2025-08-21 00:15:52] DEBUG    164   1.19418861e+13 -7.33299131e+10  4.31e+03 1.21e-02  1.48e+03  1948s
[2025-08-21 00:16:02] DEBUG    165   1.19289006e+13 -7.31356068e+10  4.26e+03 1.21e-02  1.46e+03  1958s
[2025-08-21 00:16:16] DEBUG    166   1.19041699e+13 -7.29250050e+10  4.18e+03 1.21e-02  1.43e+03  1971s
[2025-08-21 00:16:24] DEBUG    167   1.18924396e+13 -7.28205561e+10  4.14e+03 1.21e-02  1.42e+03  1979s
[2025-08-21 00:16:36] DEBUG    168   1.18749145e+13 -7.26718269e+10  4.08e+03 1.21e-02  1.40e+03  1991s
[2025-08-21 00:16:47] DEBUG    169   1.18549351e+13 -7.24218384e+10  4.01e+03 1.22e-02  1.38e+03  2002s
[2025-08-21 00:16:55] DEBUG    170   1.18455525e+13 -7.22510140e+10  3.98e+03 1.22e-02  1.36e+03  2011s
[2025-08-21 00:17:05] DEBUG    171   1.18358828e+13 -7.21191992e+10  3.95e+03 1.22e-02  1.35e+03  2021s
[2025-08-21 00:17:13] DEBUG    172   1.18336391e+13 -7.20353242e+10  3.94e+03 1.22e-02  1.34e+03  2028s
[2025-08-21 00:17:21] DEBUG    173   1.18229882e+13 -7.19450172e+10  3.91e+03 1.22e-02  1.34e+03  2037s
[2025-08-21 00:17:33] DEBUG    174   1.18165814e+13 -7.17627634e+10  3.88e+03 1.22e-02  1.33e+03  2048s
[2025-08-21 00:17:44] DEBUG    175   1.18101567e+13 -7.16957097e+10  3.86e+03 1.22e-02  1.33e+03  2059s
[2025-08-21 00:17:56] DEBUG    176   1.17975571e+13 -7.15062545e+10  3.82e+03 1.22e-02  1.31e+03  2072s
[2025-08-21 00:18:07] DEBUG    177   1.17829139e+13 -7.13392934e+10  3.78e+03 1.22e-02  1.30e+03  2083s
[2025-08-21 00:18:17] DEBUG    178   1.17719810e+13 -7.11766085e+10  3.74e+03 1.22e-02  1.28e+03  2093s
[2025-08-21 00:18:29] DEBUG    179   1.17668343e+13 -7.10411055e+10  3.73e+03 1.22e-02  1.27e+03  2105s
[2025-08-21 00:18:41] DEBUG    180   1.17598819e+13 -7.08681146e+10  3.70e+03 1.22e-02  1.26e+03  2116s
[2025-08-21 00:18:52] DEBUG    181   1.17550989e+13 -7.07588063e+10  3.69e+03 1.22e-02  1.26e+03  2127s
[2025-08-21 00:19:02] DEBUG    182   1.17509471e+13 -7.06156490e+10  3.68e+03 1.22e-02  1.25e+03  2137s
[2025-08-21 00:19:12] DEBUG    183   1.17331896e+13 -7.04813160e+10  3.62e+03 1.22e-02  1.24e+03  2148s
[2025-08-21 00:19:23] DEBUG    184   1.17258798e+13 -7.03573359e+10  3.60e+03 1.22e-02  1.23e+03  2158s
[2025-08-21 00:19:33] DEBUG    185   1.17150991e+13 -7.02700634e+10  3.57e+03 1.22e-02  1.22e+03  2168s
[2025-08-21 00:19:42] DEBUG    186   1.17130785e+13 -7.01848378e+10  3.56e+03 1.22e-02  1.22e+03  2177s
[2025-08-21 00:19:50] DEBUG    187   1.17078415e+13 -7.01266628e+10  3.55e+03 1.22e-02  1.21e+03  2185s
[2025-08-21 00:20:04] DEBUG    188   1.16954605e+13 -7.00245388e+10  3.51e+03 1.22e-02  1.20e+03  2200s
[2025-08-21 00:20:18] DEBUG    189   1.16719814e+13 -6.98697245e+10  3.44e+03 1.22e-02  1.18e+03  2214s
[2025-08-21 00:20:31] DEBUG    190   1.16496578e+13 -6.97148049e+10  3.37e+03 1.22e-02  1.16e+03  2227s
[2025-08-21 00:20:41] DEBUG    191   1.16374831e+13 -6.95581047e+10  3.34e+03 1.22e-02  1.14e+03  2237s
[2025-08-21 00:20:52] DEBUG    192   1.16251402e+13 -6.94489621e+10  3.30e+03 1.22e-02  1.13e+03  2248s
[2025-08-21 00:21:03] DEBUG    193   1.16146049e+13 -6.93471614e+10  3.27e+03 1.22e-02  1.12e+03  2259s
[2025-08-21 00:21:14] DEBUG    194   1.16080929e+13 -6.92290248e+10  3.26e+03 1.22e-02  1.11e+03  2269s
[2025-08-21 00:21:26] DEBUG    195   1.15855253e+13 -6.90600433e+10  3.19e+03 1.22e-02  1.09e+03  2282s
[2025-08-21 00:21:38] DEBUG    196   1.15745326e+13 -6.89061596e+10  3.16e+03 1.22e-02  1.08e+03  2293s
[2025-08-21 00:21:48] DEBUG    197   1.15657041e+13 -6.87838404e+10  3.14e+03 1.22e-02  1.07e+03  2304s
[2025-08-21 00:21:57] DEBUG    198   1.15550150e+13 -6.87045563e+10  3.11e+03 1.22e-02  1.06e+03  2312s
[2025-08-21 00:22:09] DEBUG    199   1.15472577e+13 -6.85557273e+10  3.09e+03 1.22e-02  1.05e+03  2325s
[2025-08-21 00:22:20] DEBUG    200   1.15375667e+13 -6.84341473e+10  3.06e+03 1.22e-02  1.05e+03  2336s
[2025-08-21 00:22:31] DEBUG    201   1.15276281e+13 -6.82844011e+10  3.04e+03 1.21e-02  1.04e+03  2347s
[2025-08-21 00:22:42] DEBUG    202   1.15228782e+13 -6.82326353e+10  3.02e+03 1.21e-02  1.03e+03  2357s
[2025-08-21 00:22:52] DEBUG    203   1.15074811e+13 -6.81181022e+10  2.98e+03 1.21e-02  1.02e+03  2368s
[2025-08-21 00:23:03] DEBUG    204   1.14976755e+13 -6.80180868e+10  2.96e+03 1.21e-02  1.01e+03  2378s
[2025-08-21 00:23:14] DEBUG    205   1.14904391e+13 -6.78800953e+10  2.94e+03 1.21e-02  1.00e+03  2389s
[2025-08-21 00:23:24] DEBUG    206   1.14820581e+13 -6.77600589e+10  2.92e+03 1.21e-02  9.97e+02  2400s
[2025-08-21 00:23:34] DEBUG    207   1.14774500e+13 -6.76387494e+10  2.91e+03 1.21e-02  9.92e+02  2410s
[2025-08-21 00:23:46] DEBUG    208   1.14709838e+13 -6.75121221e+10  2.89e+03 1.21e-02  9.86e+02  2422s
[2025-08-21 00:23:57] DEBUG    209   1.14674750e+13 -6.74268098e+10  2.88e+03 1.21e-02  9.85e+02  2433s
[2025-08-21 00:24:09] DEBUG    210   1.14436700e+13 -6.72828489e+10  2.82e+03 1.21e-02  9.67e+02  2445s
[2025-08-21 00:24:22] DEBUG    211   1.14288722e+13 -6.71376271e+10  2.78e+03 1.20e-02  9.53e+02  2457s
[2025-08-21 00:24:30] DEBUG    212   1.14171189e+13 -6.70382541e+10  2.75e+03 1.20e-02  9.43e+02  2466s
[2025-08-21 00:24:43] DEBUG    213   1.14118687e+13 -6.68884190e+10  2.74e+03 1.20e-02  9.36e+02  2478s
[2025-08-21 00:24:53] DEBUG    214   1.13959184e+13 -6.67834218e+10  2.70e+03 1.20e-02  9.23e+02  2489s
[2025-08-21 00:25:04] DEBUG    215   1.13946647e+13 -6.66758070e+10  2.70e+03 1.20e-02  9.23e+02  2499s
[2025-08-21 00:25:12] DEBUG    216   1.13894814e+13 -6.66222705e+10  2.69e+03 1.20e-02  9.18e+02  2508s
[2025-08-21 00:25:23] DEBUG    217   1.13773307e+13 -6.65528586e+10  2.66e+03 1.20e-02  9.12e+02  2519s
[2025-08-21 00:25:37] DEBUG    218   1.13687744e+13 -6.64533055e+10  2.64e+03 1.20e-02  9.05e+02  2532s
[2025-08-21 00:25:48] DEBUG    219   1.13609716e+13 -6.63314955e+10  2.62e+03 1.20e-02  8.98e+02  2544s
[2025-08-21 00:25:58] DEBUG    220   1.13532945e+13 -6.62579822e+10  2.60e+03 1.19e-02  8.93e+02  2554s
[2025-08-21 00:26:11] DEBUG    221   1.13423247e+13 -6.61524869e+10  2.58e+03 1.19e-02  8.85e+02  2567s
[2025-08-21 00:26:22] DEBUG    222   1.13364377e+13 -6.60267553e+10  2.56e+03 1.19e-02  8.79e+02  2578s
[2025-08-21 00:26:34] DEBUG    223   1.13247635e+13 -6.58917503e+10  2.54e+03 1.19e-02  8.71e+02  2589s
[2025-08-21 00:26:43] DEBUG    224   1.13206548e+13 -6.57902296e+10  2.53e+03 1.19e-02  8.67e+02  2598s
[2025-08-21 00:26:51] DEBUG    225   1.13159278e+13 -6.57095462e+10  2.52e+03 1.19e-02  8.64e+02  2606s
[2025-08-21 00:27:11] DEBUG    226   1.13094774e+13 -6.55820202e+10  2.50e+03 1.19e-02  8.59e+02  2626s
[2025-08-21 00:27:22] DEBUG    227   1.12977930e+13 -6.54577652e+10  2.48e+03 1.19e-02  8.51e+02  2638s
[2025-08-21 00:27:31] DEBUG    228   1.12970833e+13 -6.53926112e+10  2.47e+03 1.18e-02  8.50e+02  2647s
[2025-08-21 00:27:47] DEBUG    229   1.12905260e+13 -6.53173974e+10  2.46e+03 1.18e-02  8.46e+02  2663s
[2025-08-21 00:28:00] DEBUG    230   1.12849400e+13 -6.51916945e+10  2.45e+03 1.18e-02  8.41e+02  2676s
[2025-08-21 00:28:13] DEBUG    231   1.12746089e+13 -6.50613056e+10  2.42e+03 1.18e-02  8.35e+02  2689s
[2025-08-21 00:28:23] DEBUG    232   1.12615367e+13 -6.49673387e+10  2.40e+03 1.18e-02  8.26e+02  2699s
[2025-08-21 00:28:32] DEBUG    233   1.12593212e+13 -6.48970850e+10  2.39e+03 1.18e-02  8.24e+02  2707s
[2025-08-21 00:28:41] DEBUG    234   1.12532645e+13 -6.47980462e+10  2.38e+03 1.18e-02  8.20e+02  2716s
[2025-08-21 00:28:50] DEBUG    235   1.12447598e+13 -6.46852922e+10  2.36e+03 1.18e-02  8.14e+02  2726s
[2025-08-21 00:29:01] DEBUG    236   1.12366204e+13 -6.45924588e+10  2.34e+03 1.17e-02  8.09e+02  2737s
[2025-08-21 00:29:12] DEBUG    237   1.12320585e+13 -6.44767988e+10  2.33e+03 1.17e-02  8.05e+02  2748s
[2025-08-21 00:29:24] DEBUG    238   1.12273661e+13 -6.43410197e+10  2.32e+03 1.17e-02  8.01e+02  2760s
[2025-08-21 00:29:37] DEBUG    239   1.12111336e+13 -6.42078878e+10  2.29e+03 1.17e-02  7.92e+02  2773s
[2025-08-21 00:29:47] DEBUG    240   1.12069143e+13 -6.41001711e+10  2.28e+03 1.17e-02  7.88e+02  2783s
[2025-08-21 00:29:57] DEBUG    241   1.12023731e+13 -6.39992364e+10  2.27e+03 1.17e-02  7.84e+02  2793s
[2025-08-21 00:30:06] DEBUG    242   1.11956388e+13 -6.39440880e+10  2.26e+03 1.17e-02  7.82e+02  2801s
[2025-08-21 00:30:21] DEBUG    243   1.11797939e+13 -6.37628106e+10  2.22e+03 1.16e-02  7.71e+02  2817s
[2025-08-21 00:30:35] DEBUG    244   1.11717088e+13 -6.36250791e+10  2.21e+03 1.16e-02  7.65e+02  2831s
[2025-08-21 00:30:44] DEBUG    245   1.11654929e+13 -6.34654345e+10  2.19e+03 1.16e-02  7.59e+02  2839s
[2025-08-21 00:30:56] DEBUG    246   1.11575605e+13 -6.33508411e+10  2.18e+03 1.16e-02  7.55e+02  2852s
[2025-08-21 00:31:07] DEBUG    247   1.11509507e+13 -6.32303230e+10  2.17e+03 1.16e-02  7.51e+02  2863s
[2025-08-21 00:31:15] DEBUG    248   1.11475637e+13 -6.31796511e+10  2.16e+03 1.16e-02  7.50e+02  2871s
[2025-08-21 00:31:26] DEBUG    249   1.11391458e+13 -6.30568465e+10  2.14e+03 1.16e-02  7.44e+02  2882s
[2025-08-21 00:31:34] DEBUG    250   1.11326687e+13 -6.29573155e+10  2.13e+03 1.15e-02  7.40e+02  2890s
[2025-08-21 00:31:47] DEBUG    251   1.11281904e+13 -6.27951348e+10  2.12e+03 1.15e-02  7.36e+02  2902s
[2025-08-21 00:31:59] DEBUG    252   1.11175869e+13 -6.26300538e+10  2.10e+03 1.15e-02  7.30e+02  2915s
[2025-08-21 00:32:09] DEBUG    253   1.11105831e+13 -6.25175069e+10  2.09e+03 1.15e-02  7.26e+02  2925s
[2025-08-21 00:32:20] DEBUG    254   1.11085562e+13 -6.24311646e+10  2.08e+03 1.15e-02  7.25e+02  2936s
[2025-08-21 00:32:30] DEBUG    255   1.11026338e+13 -6.23343456e+10  2.07e+03 1.15e-02  7.22e+02  2946s
[2025-08-21 00:32:41] DEBUG    256   1.10972165e+13 -6.22257305e+10  2.06e+03 1.14e-02  7.18e+02  2957s
[2025-08-21 00:32:54] DEBUG    257   1.10865203e+13 -6.20618064e+10  2.04e+03 1.14e-02  7.11e+02  2970s
[2025-08-21 00:33:02] DEBUG    258   1.10791104e+13 -6.19556841e+10  2.03e+03 1.14e-02  7.07e+02  2978s
[2025-08-21 00:33:13] DEBUG    259   1.10728618e+13 -6.18597929e+10  2.01e+03 1.14e-02  7.04e+02  2988s
[2025-08-21 00:33:21] DEBUG    260   1.10661119e+13 -6.17858937e+10  2.00e+03 1.14e-02  7.00e+02  2997s
[2025-08-21 00:33:32] DEBUG    261   1.10578120e+13 -6.16649610e+10  1.99e+03 1.14e-02  6.94e+02  3008s
[2025-08-21 00:33:44] DEBUG    262   1.10522165e+13 -6.15797688e+10  1.98e+03 1.14e-02  6.91e+02  3019s
[2025-08-21 00:33:54] DEBUG    263   1.10445502e+13 -6.14819521e+10  1.96e+03 1.14e-02  6.87e+02  3030s
[2025-08-21 00:34:05] DEBUG    264   1.10420075e+13 -6.14002980e+10  1.96e+03 1.13e-02  6.85e+02  3041s
[2025-08-21 00:34:15] DEBUG    265   1.10343321e+13 -6.12931962e+10  1.94e+03 1.13e-02  6.81e+02  3051s
[2025-08-21 00:34:27] DEBUG    266   1.10288679e+13 -6.12070311e+10  1.93e+03 1.13e-02  6.78e+02  3062s
[2025-08-21 00:34:39] DEBUG    267   1.10232849e+13 -6.10906517e+10  1.92e+03 1.13e-02  6.74e+02  3075s
[2025-08-21 00:34:50] DEBUG    268   1.10182490e+13 -6.09825638e+10  1.91e+03 1.13e-02  6.71e+02  3086s
[2025-08-21 00:34:58] DEBUG    269   1.10164092e+13 -6.09164132e+10  1.91e+03 1.13e-02  6.71e+02  3093s
[2025-08-21 00:35:07] DEBUG    270   1.10126327e+13 -6.08603871e+10  1.90e+03 1.13e-02  6.69e+02  3103s
[2025-08-21 00:35:29] DEBUG    271   1.10035514e+13 -6.06757454e+10  1.89e+03 1.12e-02  6.63e+02  3125s
[2025-08-21 00:35:43] DEBUG    272   1.10002193e+13 -6.05537740e+10  1.88e+03 1.12e-02  6.62e+02  3138s
[2025-08-21 00:35:54] DEBUG    273   1.09885194e+13 -6.04427623e+10  1.86e+03 1.12e-02  6.56e+02  3150s
[2025-08-21 00:36:05] DEBUG    274   1.09851369e+13 -6.03619517e+10  1.85e+03 1.12e-02  6.54e+02  3161s
[2025-08-21 00:36:18] DEBUG    275   1.09768967e+13 -6.02400317e+10  1.84e+03 1.12e-02  6.50e+02  3174s
[2025-08-21 00:36:29] DEBUG    276   1.09758573e+13 -6.01310243e+10  1.84e+03 1.12e-02  6.49e+02  3185s
[2025-08-21 00:36:40] DEBUG    277   1.09727981e+13 -6.00515873e+10  1.83e+03 1.11e-02  6.48e+02  3196s
[2025-08-21 00:36:51] DEBUG    278   1.09627646e+13 -5.99744164e+10  1.81e+03 1.11e-02  6.43e+02  3207s
[2025-08-21 00:37:02] DEBUG    279   1.09596084e+13 -5.98914930e+10  1.81e+03 1.11e-02  6.41e+02  3218s
[2025-08-21 00:37:10] DEBUG    280   1.09579605e+13 -5.98402881e+10  1.81e+03 1.11e-02  6.41e+02  3226s
[2025-08-21 00:37:24] DEBUG    281   1.09483845e+13 -5.97312973e+10  1.79e+03 1.11e-02  6.35e+02  3240s
[2025-08-21 00:37:43] DEBUG    282   1.09409978e+13 -5.96027488e+10  1.78e+03 1.11e-02  6.31e+02  3259s
[2025-08-21 00:37:52] DEBUG    283   1.09397115e+13 -5.95206919e+10  1.78e+03 1.11e-02  6.31e+02  3268s
[2025-08-21 00:38:04] DEBUG    284   1.09385958e+13 -5.94190578e+10  1.77e+03 1.10e-02  6.30e+02  3279s
[2025-08-21 00:38:21] DEBUG    285   1.09282850e+13 -5.93199841e+10  1.76e+03 1.10e-02  6.26e+02  3296s
[2025-08-21 00:38:30] DEBUG    286   1.09269916e+13 -5.92492391e+10  1.75e+03 1.10e-02  6.25e+02  3306s
[2025-08-21 00:38:43] DEBUG    287   1.09207419e+13 -5.91413433e+10  1.74e+03 1.10e-02  6.22e+02  3318s
[2025-08-21 00:39:00] DEBUG    288   1.09055222e+13 -5.90336716e+10  1.72e+03 1.10e-02  6.15e+02  3335s
[2025-08-21 00:39:00] DEBUG    Barrier performed 288 iterations in 3335.19 seconds (903.02 work units)
[2025-08-21 00:39:00] DEBUG    Barrier solve interrupted - model solved by another algorithm
[2025-08-21 00:39:00] DEBUG    Solved with dual simplex
[2025-08-21 00:39:13] DEBUG    Iteration    Objective       Primal Inf.    Dual Inf.      Time
[2025-08-21 00:39:13] DEBUG    888552    1.0930222e+10   0.000000e+00   0.000000e+00   3349s

Solved in 888552 iterations and 3348.74 seconds (1598.74 work units)
[2025-08-21 00:39:13] DEBUG    Optimal objective  1.093022201e+10
✅ Scenario completato: new_trasmission_GT+VRES_2030_PHES
🏁 Tutti gli scenari sono stati processati.
