
🚀 Lancio scenario: new_trasmission_VRES_2030_BESS
[2025-08-25 12:07:23] INFO     Loading sets
[2025-08-25 12:07:23] INFO     Loading parameters
[2025-08-25 12:08:14] INFO     constraints are loaded in the following order: ['energy_balance', 'dispatch', 'costs', 'capacity', 'network', 'policy', 'conversion', 'group', 'conversion_plus', 'milp', 'export']
[2025-08-25 12:08:14] INFO     creating energy_balance constraints
[2025-08-25 12:12:34] INFO     creating dispatch constraints
[2025-08-25 12:16:17] INFO     creating costs constraints
[2025-08-25 12:28:33] INFO     creating capacity constraints
[2025-08-25 12:28:33] INFO     creating network constraints
[2025-08-25 12:28:33] INFO     creating policy constraints
[2025-08-25 12:28:33] INFO     creating conversion constraints
[2025-08-25 12:28:33] INFO     creating group constraints
[2025-08-25 12:28:33] INFO     creating conversion_plus constraints
[2025-08-25 12:28:33] INFO     creating milp constraints
[2025-08-25 12:28:33] INFO     creating export constraints
[2025-08-25 12:43:34] DEBUG    Set parameter WLSAccessID
Set parameter WLSSecret
Set parameter LicenseID to value 2680226
[2025-08-25 12:43:34] DEBUG    Academic license 2680226 - for non-commercial use only - registered to an___@mail.polimi.it
[2025-08-25 12:44:17] DEBUG    Read LP format model from file /tmp/tmpvrmism9l.pyomo.lp
Reading time = 42.63 seconds
x20974998: 28026871 rows, 20974998 columns, 68586207 nonzeros
[2025-08-25 12:44:17] DEBUG    Set parameter NumericFocus to value 1
Gurobi Optimizer version 12.0.2 build v12.0.2rc0 (linux64 - "Debian GNU/Linux 11 (bullseye)")

CPU model: Intel(R) Xeon(R) Silver 4314 CPU @ 2.40GHz, instruction set [SSE2|AVX|AVX2|AVX512]
Thread count: 32 physical cores, 64 logical processors, using up to 32 threads

Non-default parameters:
NumericFocus  1
[2025-08-25 12:44:17] DEBUG    Academic license 2680226 - for non-commercial use only - registered to an___@mail.polimi.it
Optimize a model with 28026871 rows, 20974998 columns and 68586207 nonzeros
[2025-08-25 12:44:18] DEBUG    Model fingerprint: 0xe8eb6a78
[2025-08-25 12:44:18] DEBUG    Coefficient statistics:
  Matrix range     [1e-07, 6e+02]
[2025-08-25 12:44:18] DEBUG    Objective range  [1e+00, 1e+06]
  Bounds range     [0e+00, 0e+00]
  RHS range        [1e+00, 2e+08]
[2025-08-25 12:44:23] DEBUG    Presolve removed 19867692 rows and 11270167 columns (presolve time = 5s)...
[2025-08-25 12:44:28] DEBUG    Presolve removed 20298738 rows and 13276441 columns (presolve time = 10s)...
[2025-08-25 12:44:33] DEBUG    Presolve removed 22892356 rows and 15870000 columns (presolve time = 15s)...
[2025-08-25 12:44:39] DEBUG    Presolve removed 23853639 rows and 16780504 columns (presolve time = 21s)...
[2025-08-25 12:45:11] DEBUG    Presolve removed 24391534 rows and 17034544 columns (presolve time = 53s)...
[2025-08-25 12:45:13] DEBUG    Presolve removed 24391534 rows and 17157184 columns (presolve time = 56s)...
[2025-08-25 12:45:17] DEBUG    Presolve removed 24540437 rows and 17157184 columns
[2025-08-25 12:45:56] DEBUG    Presolve time: 99.26s
Presolved: 3486434 rows, 3966717 columns, 14748145 nonzeros

Concurrent LP optimizer: primal simplex, dual simplex, and barrier
Showing barrier log only...
[2025-08-25 12:46:31] DEBUG    Elapsed ordering time = 33s
[2025-08-25 12:46:33] DEBUG    Elapsed ordering time = 35s
[2025-08-25 12:46:38] DEBUG    Elapsed ordering time = 40s
[2025-08-25 12:46:51] DEBUG    Ordering time: 52.80s
[2025-08-25 12:46:54] DEBUG    Barrier statistics:
[2025-08-25 12:46:54] DEBUG    Dense cols : 174
 AA' NZ     : 1.570e+07
 Factor NZ  : 6.619e+07 (roughly 3.6 GB of memory)
 Factor Ops : 7.397e+09 (less than 1 second per iteration)
 Threads    : 30
[2025-08-25 12:47:00] DEBUG    Objective                Residual
Iter       Primal          Dual         Primal    Dual     Compl     Time
[2025-08-25 12:47:00] DEBUG    0   2.18041208e+21 -7.07713897e+18  6.88e+10 2.90e-11  3.31e+15   163s
[2025-08-25 12:47:07] DEBUG    1   1.53940877e+21 -7.10792862e+18  4.79e+10 1.81e+05  2.23e+15   170s
[2025-08-25 12:47:14] DEBUG    2   1.06802574e+21 -6.22873387e+18  3.29e+10 6.26e+04  1.23e+15   178s
[2025-08-25 12:47:24] DEBUG    3   7.39429622e+20 -5.63895339e+18  2.33e+10 2.27e+04  7.54e+14   188s
[2025-08-25 12:47:32] DEBUG    4   6.40270485e+20 -5.49535537e+18  2.05e+10 1.59e+04  6.39e+14   195s
[2025-08-25 12:47:38] DEBUG    5   5.56956288e+20 -5.40886873e+18  1.78e+10 1.26e+04  5.50e+14   201s
[2025-08-25 12:47:42] DEBUG    6   5.18601461e+20 -5.34403794e+18  1.65e+10 9.71e+03  5.00e+14   206s
[2025-08-25 12:47:50] DEBUG    7   3.96053172e+20 -5.28279822e+18  1.27e+10 7.59e+03  3.86e+14   213s
[2025-08-25 12:47:59] DEBUG    8   3.08944361e+20 -5.23434615e+18  9.91e+09 5.42e+03  2.98e+14   222s
[2025-08-25 12:48:09] DEBUG    9   1.93913672e+20 -5.28784857e+18  6.06e+09 1.90e+03  1.75e+14   233s
[2025-08-25 12:48:22] DEBUG    10   6.14642868e+19 -5.35898600e+18  1.73e+09 5.34e+02  5.14e+13   245s
[2025-08-25 12:48:32] DEBUG    11   1.70721779e+19 -5.05328073e+18  4.27e+08 1.76e+02  1.37e+13   256s
[2025-08-25 12:48:41] DEBUG    12   7.19995777e+17 -3.52943932e+18  1.81e+07 3.01e+01  1.07e+12   265s
[2025-08-25 12:48:48] DEBUG    13   2.33042709e+17 -5.36503415e+17  5.72e+06 1.47e+00  1.91e+11   271s
[2025-08-25 12:48:54] DEBUG    14   1.09013363e+15 -1.20803997e+17  2.00e+04 2.84e-02  1.38e+10   278s
[2025-08-25 12:49:00] DEBUG    15   1.13356607e+14 -9.08160685e+15  2.28e+02 2.22e-02  1.02e+09   283s
[2025-08-25 12:49:05] DEBUG    16   9.26531048e+13 -6.69044384e+14  1.85e+01 1.28e-02  8.27e+07   288s
[2025-08-25 12:49:12] DEBUG    17   7.86091188e+13 -1.64051680e+14  4.18e+00 1.86e-02  2.11e+07   295s
[2025-08-25 12:49:18] DEBUG    18   7.30610480e+13 -1.09250612e+14  2.54e+00 2.76e-02  1.42e+07   302s
[2025-08-25 12:49:25] DEBUG    19   6.73074673e+13 -5.31188083e+13  1.45e+00 3.43e-02  7.15e+06   308s
[2025-08-25 12:49:31] DEBUG    20   6.52070477e+13 -4.06992114e+13  1.21e+00 3.57e-02  5.56e+06   314s
[2025-08-25 12:49:37] DEBUG    21   6.33504619e+13 -3.22584688e+13  1.03e+00 3.67e-02  4.48e+06   320s
[2025-08-25 12:49:41] DEBUG    22   6.17184277e+13 -3.07683992e+13  8.87e-01 3.70e-02  4.24e+06   325s
[2025-08-25 12:49:48] DEBUG    23   5.99618598e+13 -2.32862680e+13  7.53e-01 3.78e-02  3.27e+06   331s
[2025-08-25 12:49:56] DEBUG    24   5.98127743e+13 -2.27850885e+13  7.44e-01 3.79e-02  3.21e+06   339s
[2025-08-25 12:50:04] DEBUG    25   5.88930375e+13 -2.02514295e+13  6.87e-01 3.82e-02  2.87e+06   347s
[2025-08-25 12:50:18] DEBUG    26   5.81615583e+13 -1.62456395e+13  6.44e-01 3.86e-02  2.35e+06   361s
[2025-08-25 12:50:26] DEBUG    27   5.80770956e+13 -1.50666574e+13  6.39e-01 3.88e-02  2.20e+06   369s
[2025-08-25 12:50:39] DEBUG    28   5.78063093e+13 -1.39106247e+13  6.24e-01 3.89e-02  2.05e+06   383s
[2025-08-25 12:50:51] DEBUG    29   5.67884083e+13 -1.18518652e+13  5.67e-01 3.90e-02  1.77e+06   394s
[2025-08-25 12:51:04] DEBUG    30   5.64216207e+13 -1.07549489e+13  5.48e-01 3.91e-02  1.62e+06   407s
[2025-08-25 12:51:16] DEBUG    31   5.58869632e+13 -8.33152938e+12  5.21e-01 3.93e-02  1.31e+06   420s
[2025-08-25 12:51:26] DEBUG    32   5.56863346e+13 -7.76156579e+12  5.11e-01 3.93e-02  1.23e+06   430s
[2025-08-25 12:51:41] DEBUG    33   5.56415326e+13 -7.25600493e+12  5.09e-01 3.93e-02  1.17e+06   445s
[2025-08-25 12:51:53] DEBUG    34   5.54235846e+13 -6.15156891e+12  4.98e-01 3.93e-02  1.02e+06   457s
[2025-08-25 12:52:08] DEBUG    35   5.51029167e+13 -5.26275273e+12  4.83e-01 3.93e-02  9.04e+05   471s
[2025-08-25 12:52:18] DEBUG    36   5.47048673e+13 -4.17830925e+12  4.65e-01 3.93e-02  7.58e+05   482s
[2025-08-25 12:52:31] DEBUG    37   5.37928318e+13 -3.29914748e+12  4.24e-01 3.93e-02  6.26e+05   494s
[2025-08-25 12:52:40] DEBUG    38   5.36775483e+13 -3.26121952e+12  4.19e-01 3.93e-02  6.19e+05   503s
[2025-08-25 12:52:51] DEBUG    39   5.31984953e+13 -2.98584629e+12  3.99e-01 3.93e-02  5.74e+05   514s
[2025-08-25 12:53:00] DEBUG    40   5.30086584e+13 -2.84307867e+12  3.91e-01 3.92e-02  5.52e+05   524s
[2025-08-25 12:53:14] DEBUG    41   5.27659611e+13 -2.71153188e+12  3.82e-01 3.92e-02  5.31e+05   537s
[2025-08-25 12:53:24] DEBUG    42   5.23491251e+13 -2.56280506e+12  3.66e-01 3.92e-02  5.04e+05   547s
[2025-08-25 12:53:37] DEBUG    43   5.19730494e+13 -1.56714287e+12  3.52e-01 3.91e-02  3.69e+05   560s
[2025-08-25 12:53:49] DEBUG    44   5.10062673e+13 -1.08790514e+12  3.17e-01 3.90e-02  2.90e+05   572s
[2025-08-25 12:54:02] DEBUG    45   5.02977534e+13 -1.00643826e+12  2.94e-01 3.89e-02  2.67e+05   585s
[2025-08-25 12:54:12] DEBUG    46   4.96939635e+13 -8.00963561e+11  2.74e-01 3.88e-02  2.34e+05   596s
[2025-08-25 12:54:24] DEBUG    47   4.89137010e+13 -6.51741622e+11  2.50e-01 3.88e-02  2.04e+05   608s
[2025-08-25 12:54:36] DEBUG    48   4.84474728e+13 -6.25723316e+11  2.37e-01 3.87e-02  1.94e+05   619s
[2025-08-25 12:54:46] DEBUG    49   4.74875996e+13 -5.08476992e+11  2.10e-01 3.87e-02  1.67e+05   629s
[2025-08-25 12:54:57] DEBUG    50   4.59126153e+13 -3.28995798e+11  1.71e-01 3.85e-02  1.24e+05   640s
[2025-08-25 12:55:10] DEBUG    51   4.46384957e+13 -3.02280389e+11  1.44e-01 3.84e-02  1.06e+05   654s
[2025-08-25 12:55:22] DEBUG    52   4.43303849e+13 -2.53991881e+11  1.38e-01 3.83e-02  9.69e+04   665s
[2025-08-25 12:55:32] DEBUG    53   4.39897122e+13 -2.40096360e+11  1.32e-01 3.83e-02  9.21e+04   676s
[2025-08-25 12:55:46] DEBUG    54   4.32387372e+13 -1.82243285e+11  1.20e-01 3.82e-02  7.74e+04   689s
[2025-08-25 12:55:58] DEBUG    55   4.19318232e+13 -1.38632783e+11  9.91e-02 3.81e-02  6.15e+04   701s
[2025-08-25 12:56:10] DEBUG    56   4.12645526e+13 -1.17831370e+11  9.01e-02 3.80e-02  5.44e+04   713s
[2025-08-25 12:56:21] DEBUG    57   4.00991586e+13 -9.64946225e+10  7.56e-02 3.79e-02  4.45e+04   724s
[2025-08-25 12:56:33] DEBUG    58   3.95895813e+13 -8.45398907e+10  7.01e-02 3.78e-02  4.06e+04   736s
[2025-08-25 12:56:44] DEBUG    59   3.92859689e+13 -7.81533035e+10  6.66e-02 3.78e-02  3.85e+04   747s
[2025-08-25 12:56:54] DEBUG    60   3.86734473e+13 -6.55302070e+10  6.00e-02 3.77e-02  3.48e+04   757s
[2025-08-25 12:57:09] DEBUG    61   3.80675446e+13 -5.99688797e+10  5.70e-02 3.76e-02  3.29e+04   772s
[2025-08-25 12:57:24] DEBUG    62   3.77756073e+13 -5.63255518e+10  5.56e-02 3.74e-02  3.21e+04   787s
[2025-08-25 12:57:35] DEBUG    63   3.73740973e+13 -5.36182297e+10  5.19e-02 3.73e-02  2.99e+04   799s
[2025-08-25 12:57:50] DEBUG    64   3.71000272e+13 -4.71807067e+10  4.96e-02 3.71e-02  2.82e+04   813s
[2025-08-25 12:58:04] DEBUG    65   3.67156162e+13 -4.39304000e+10  4.63e-02 3.70e-02  2.62e+04   827s
[2025-08-25 12:58:16] DEBUG    66   3.64125682e+13 -3.95909872e+10  4.40e-02 3.67e-02  2.46e+04   839s
[2025-08-25 12:58:26] DEBUG    67   3.62930877e+13 -3.81984778e+10  4.30e-02 3.66e-02  2.40e+04   849s
[2025-08-25 12:58:39] DEBUG    68   3.56938097e+13 -3.53751197e+10  4.08e-02 3.63e-02  2.26e+04   862s
[2025-08-25 12:58:52] DEBUG    69   3.51713502e+13 -3.34535402e+10  3.89e-02 3.60e-02  2.15e+04   875s
[2025-08-25 12:59:05] DEBUG    70   3.47715847e+13 -3.13259010e+10  3.74e-02 3.55e-02  2.07e+04   888s
[2025-08-25 12:59:23] DEBUG    71   3.43082066e+13 -2.94916106e+10  3.58e-02 3.50e-02  1.98e+04   906s
[2025-08-25 12:59:37] DEBUG    72   3.39932053e+13 -2.69125981e+10  3.48e-02 3.44e-02  1.93e+04   921s
[2025-08-25 12:59:54] DEBUG    73   3.35746949e+13 -2.51363473e+10  3.34e-02 3.38e-02  1.85e+04   938s
[2025-08-25 13:00:05] DEBUG    74   3.33035137e+13 -2.36584103e+10  3.25e-02 3.33e-02  1.80e+04   949s
[2025-08-25 13:00:19] DEBUG    75   3.29939768e+13 -2.31991066e+10  3.15e-02 3.32e-02  1.75e+04   962s
[2025-08-25 13:00:36] DEBUG    76   3.25564702e+13 -2.25369745e+10  3.02e-02 3.29e-02  1.67e+04   979s
[2025-08-25 13:00:51] DEBUG    77   3.23319938e+13 -2.19207171e+10  2.95e-02 3.27e-02  1.63e+04   994s
[2025-08-25 13:01:12] DEBUG    78   3.22387555e+13 -2.12473011e+10  2.93e-02 3.25e-02  1.63e+04  1015s
[2025-08-25 13:01:33] DEBUG    79   3.20539282e+13 -2.05004040e+10  2.90e-02 3.22e-02  1.62e+04  1036s
[2025-08-25 13:01:47] DEBUG    80   3.18522349e+13 -1.96741954e+10  2.84e-02 3.19e-02  1.99e+04  1050s
[2025-08-25 13:01:58] DEBUG    81   3.17092422e+13 -1.92787997e+10  2.80e-02 3.17e-02  2.09e+04  1061s
[2025-08-25 13:02:11] DEBUG    82   3.12287356e+13 -1.89234293e+10  2.65e-02 3.15e-02  2.03e+04  1074s
[2025-08-25 13:02:35] DEBUG    83   3.08670746e+13 -1.83811477e+10  2.59e-02 3.13e-02  1.98e+04  1099s
[2025-08-25 13:02:56] DEBUG    84   3.06217887e+13 -1.79709518e+10  2.54e-02 3.11e-02  1.95e+04  1120s
[2025-08-25 13:03:18] DEBUG    85   3.02927106e+13 -1.73416211e+10  2.48e-02 3.08e-02  1.90e+04  1141s
[2025-08-25 13:03:42] DEBUG    86   2.97970055e+13 -1.66559917e+10  2.39e-02 3.05e-02  1.83e+04  1165s
[2025-08-25 13:03:56] DEBUG    87   2.94999020e+13 -1.55799047e+10  2.30e-02 2.99e-02  1.77e+04  1180s
[2025-08-25 13:04:11] DEBUG    88   2.90178925e+13 -1.47776889e+10  2.18e-02 2.95e-02  1.67e+04  1194s
[2025-08-25 13:04:25] DEBUG    89   2.87990160e+13 -1.39267878e+10  2.07e-02 2.91e-02  1.57e+04  1208s
[2025-08-25 13:04:36] DEBUG    90   2.85769732e+13 -1.31047189e+10  1.96e-02 2.87e-02  1.48e+04  1219s
[2025-08-25 13:04:48] DEBUG    91   2.83058389e+13 -1.23813223e+10  1.84e-02 2.84e-02  1.39e+04  1231s
[2025-08-25 13:05:01] DEBUG    92   2.79296847e+13 -1.18387762e+10  1.68e-02 2.81e-02  1.27e+04  1244s
[2025-08-25 13:05:14] DEBUG    93   2.77260132e+13 -1.09643655e+10  1.60e-02 2.76e-02  1.20e+04  1257s
[2025-08-25 13:05:31] DEBUG    94   2.74731420e+13 -1.04965543e+10  1.55e-02 2.74e-02  1.16e+04  1274s
[2025-08-25 13:05:52] DEBUG    95   2.71493740e+13 -1.01353991e+10  1.51e-02 2.73e-02  1.13e+04  1295s
[2025-08-25 13:06:17] DEBUG    96   2.67392097e+13 -9.76518526e+09  1.47e-02 2.71e-02  1.10e+04  1320s
[2025-08-25 13:06:35] DEBUG    97   2.64909384e+13 -9.46250841e+09  1.44e-02 2.70e-02  1.08e+04  1338s
[2025-08-25 13:06:53] DEBUG    98   2.63440360e+13 -9.24480581e+09  1.42e-02 2.69e-02  1.07e+04  1356s
[2025-08-25 13:07:17] DEBUG    99   2.61276373e+13 -8.77737437e+09  1.40e-02 2.65e-02  1.05e+04  1380s
[2025-08-25 13:07:40] DEBUG    100   2.59070662e+13 -8.57578617e+09  1.38e-02 2.63e-02  1.04e+04  1404s
[2025-08-25 13:08:03] DEBUG    101   2.58747329e+13 -8.47069805e+09  1.38e-02 2.61e-02  1.04e+04  1427s
[2025-08-25 13:08:27] DEBUG    102   2.57924461e+13 -8.32397830e+09  1.37e-02 2.59e-02  1.04e+04  1450s
[2025-08-25 13:08:55] DEBUG    103   2.56433496e+13 -8.14246149e+09  1.36e-02 2.56e-02  1.07e+04  1479s
[2025-08-25 13:09:28] DEBUG    104   2.54014515e+13 -7.92254959e+09  1.34e-02 2.53e-02  1.06e+04  1511s
[2025-08-25 13:09:52] DEBUG    105   2.53009816e+13 -7.52219883e+09  1.33e-02 2.46e-02  1.07e+04  1535s
[2025-08-25 13:09:52] DEBUG    Barrier performed 105 iterations in 1535.51 seconds (424.07 work units)
Numerical trouble encountered
[2025-08-25 13:09:52] DEBUG    Model may be infeasible or unbounded.  Consider using the
homogeneous algorithm (through parameter 'BarHomogeneous')
[2025-08-25 13:10:57] DEBUG    Waiting for other threads to finish...        1600s
[2025-08-25 13:12:01] DEBUG    Waiting for other threads to finish...        1664s
[2025-08-25 13:13:05] DEBUG    Waiting for other threads to finish...        1728s
[2025-08-25 13:14:09] DEBUG    Waiting for other threads to finish...        1792s
[2025-08-25 13:15:13] DEBUG    Waiting for other threads to finish...        1856s
[2025-08-25 13:16:18] DEBUG    Waiting for other threads to finish...        1921s
[2025-08-25 13:17:22] DEBUG    Waiting for other threads to finish...        1985s
[2025-08-25 13:17:50] DEBUG    Solved with dual simplex
[2025-08-25 13:18:02] DEBUG    Iteration    Objective       Primal Inf.    Dual Inf.      Time
[2025-08-25 13:18:02] DEBUG    1059707    1.3127137e+10   0.000000e+00   0.000000e+00   2025s
[2025-08-25 13:18:02] DEBUG    Solved in 1059707 iterations and 2025.40 seconds (1190.88 work units)
[2025-08-25 13:18:02] DEBUG    Optimal objective  1.312713735e+10
✅ Scenario completato: new_trasmission_VRES_2030_BESS

🚀 Lancio scenario: new_trasmission_VRES_2030_PHES
[2025-08-25 13:26:41] INFO     Loading sets
[2025-08-25 13:26:41] INFO     Loading parameters
[2025-08-25 13:27:19] INFO     constraints are loaded in the following order: ['energy_balance', 'dispatch', 'costs', 'capacity', 'network', 'policy', 'conversion', 'group', 'conversion_plus', 'milp', 'export']
[2025-08-25 13:27:19] INFO     creating energy_balance constraints
[2025-08-25 13:32:37] INFO     creating dispatch constraints
[2025-08-25 13:37:02] INFO     creating costs constraints
[2025-08-25 13:49:33] INFO     creating capacity constraints
[2025-08-25 13:49:33] INFO     creating network constraints
[2025-08-25 13:49:33] INFO     creating policy constraints
[2025-08-25 13:49:33] INFO     creating conversion constraints
[2025-08-25 13:49:33] INFO     creating group constraints
[2025-08-25 13:49:33] INFO     creating conversion_plus constraints
[2025-08-25 13:49:33] INFO     creating milp constraints
[2025-08-25 13:49:33] INFO     creating export constraints
[2025-08-25 14:04:31] DEBUG    Set parameter WLSAccessID
Set parameter WLSSecret
Set parameter LicenseID to value 2680226
[2025-08-25 14:04:32] DEBUG    Academic license 2680226 - for non-commercial use only - registered to an___@mail.polimi.it
[2025-08-25 14:05:15] DEBUG    Read LP format model from file /tmp/tmpvp7geo_d.pyomo.lp
Reading time = 42.64 seconds
x20974998: 28026929 rows, 20974998 columns, 68840305 nonzeros
[2025-08-25 14:05:15] DEBUG    Set parameter NumericFocus to value 1
Gurobi Optimizer version 12.0.2 build v12.0.2rc0 (linux64 - "Debian GNU/Linux 11 (bullseye)")

CPU model: Intel(R) Xeon(R) Silver 4314 CPU @ 2.40GHz, instruction set [SSE2|AVX|AVX2|AVX512]
Thread count: 32 physical cores, 64 logical processors, using up to 32 threads

Non-default parameters:
NumericFocus  1
[2025-08-25 14:05:15] DEBUG    Academic license 2680226 - for non-commercial use only - registered to an___@mail.polimi.it
Optimize a model with 28026929 rows, 20974998 columns and 68840305 nonzeros
[2025-08-25 14:05:16] DEBUG    Model fingerprint: 0x97d81f11
[2025-08-25 14:05:16] DEBUG    Coefficient statistics:
  Matrix range     [1e-07, 6e+02]
  Objective range  [1e+00, 1e+06]
  Bounds range     [0e+00, 0e+00]
  RHS range        [1e+00, 6e+09]
Warning: Model contains large rhs
[2025-08-25 14:05:21] DEBUG    Presolve removed 19867750 rows and 11270170 columns (presolve time = 5s)...
[2025-08-25 14:05:26] DEBUG    Presolve removed 20430202 rows and 13355287 columns (presolve time = 10s)...
[2025-08-25 14:05:31] DEBUG    Presolve removed 23155000 rows and 16080000 columns (presolve time = 15s)...
[2025-08-25 14:05:36] DEBUG    Presolve removed 23958898 rows and 16838320 columns (presolve time = 20s)...
[2025-08-25 14:06:08] DEBUG    Presolve removed 24496787 rows and 17092360 columns (presolve time = 52s)...
[2025-08-25 14:06:11] DEBUG    Presolve removed 24496787 rows and 17215000 columns (presolve time = 55s)...
[2025-08-25 14:06:15] DEBUG    Presolve removed 24645690 rows and 17215000 columns
[2025-08-25 14:06:53] DEBUG    Presolve time: 98.30s
Presolved: 3381239 rows, 3908901 columns, 14306295 nonzeros

Concurrent LP optimizer: primal simplex, dual simplex, and barrier
Showing barrier log only...
[2025-08-25 14:07:21] DEBUG    Elapsed ordering time = 26s
[2025-08-25 14:07:25] DEBUG    Elapsed ordering time = 30s
[2025-08-25 14:07:36] DEBUG    Ordering time: 40.86s
[2025-08-25 14:07:38] DEBUG    Barrier statistics:
 Dense cols : 171
 AA' NZ     : 1.498e+07
 Factor NZ  : 6.292e+07 (roughly 3.5 GB of memory)
 Factor Ops : 6.783e+09 (less than 1 second per iteration)
 Threads    : 30
[2025-08-25 14:07:45] DEBUG    Objective                Residual
Iter       Primal          Dual         Primal    Dual     Compl     Time
[2025-08-25 14:07:45] DEBUG    0   2.31581923e+21 -7.12540546e+18  6.88e+10 2.90e-11  3.45e+15   150s
[2025-08-25 14:07:51] DEBUG    1   2.11941093e+21 -7.33415512e+18  6.28e+10 1.73e+05  2.71e+15   156s
[2025-08-25 14:07:59] DEBUG    2   1.97186486e+21 -2.08276204e+19  5.88e+10 1.44e+05  2.49e+15   165s
[2025-08-25 14:08:09] DEBUG    3   1.69678611e+21 -7.10902916e+19  5.13e+10 5.72e+04  1.94e+15   175s
[2025-08-25 14:08:17] DEBUG    4   1.08213574e+21 -8.38002553e+19  3.24e+10 2.51e+04  1.19e+15   183s
[2025-08-25 14:08:28] DEBUG    5   7.45480812e+20 -8.37375783e+19  2.26e+10 7.63e+03  7.78e+14   194s
[2025-08-25 14:08:37] DEBUG    6   5.90627661e+20 -7.69921765e+19  1.78e+10 3.64e+03  6.04e+14   203s
[2025-08-25 14:08:43] DEBUG    7   5.22120258e+20 -7.25230374e+19  1.57e+10 2.61e+03  5.33e+14   208s
[2025-08-25 14:08:50] DEBUG    8   3.97721248e+20 -6.72985216e+19  1.19e+10 1.94e+03  4.05e+14   215s
[2025-08-25 14:08:56] DEBUG    9   2.84598193e+20 -6.22172189e+19  8.44e+09 1.35e+03  2.89e+14   222s
[2025-08-25 14:09:05] DEBUG    10   1.26426213e+20 -5.02558198e+19  3.61e+09 6.97e+02  1.28e+14   230s
[2025-08-25 14:09:14] DEBUG    11   3.66039829e+19 -3.51219491e+19  9.60e+08 2.95e+02  3.71e+13   240s
[2025-08-25 14:09:21] DEBUG    12   1.18370044e+19 -2.47776615e+19  2.96e+08 1.53e+02  1.33e+13   246s
[2025-08-25 14:09:27] DEBUG    13   5.95090962e+18 -1.54888003e+19  1.46e+08 7.59e+01  6.84e+12   253s
[2025-08-25 14:09:33] DEBUG    14   1.33565783e+18 -8.94083336e+18  3.27e+07 3.66e+01  2.25e+12   259s
[2025-08-25 14:09:40] DEBUG    15   1.57728637e+17 -1.11323554e+18  4.12e+06 1.73e+00  2.37e+11   265s
[2025-08-25 14:09:46] DEBUG    16   8.77850621e+15 -1.55479960e+17  2.26e+05 2.35e-02  2.15e+10   271s
[2025-08-25 14:09:52] DEBUG    17   1.27209276e+14 -6.36266767e+15  2.68e+02 6.71e-04  7.23e+08   277s
[2025-08-25 14:09:58] DEBUG    18   9.58028743e+13 -1.73596937e+15  3.02e-01 2.34e-03  2.03e+08   283s
[2025-08-25 14:10:03] DEBUG    19   8.78382217e+13 -1.18128410e+14  1.13e-01 1.85e-02  1.80e+07   289s
[2025-08-25 14:10:09] DEBUG    20   7.81003404e+13 -9.29199252e+13  5.31e-03 1.54e-02  1.41e+07   294s
[2025-08-25 14:10:36] DEBUG    21   6.23964684e+13 -6.23210307e+13  3.20e-03 1.64e-02  9.69e+06   321s
[2025-08-25 14:10:58] DEBUG    22   5.59636300e+13 -2.56040106e+13  2.38e-03 8.19e-03  4.76e+06   344s
[2025-08-25 14:11:20] DEBUG    23   4.93064320e+13 -2.19021701e+13  1.80e-03 8.46e-03  4.05e+06   366s
[2025-08-25 14:11:46] DEBUG    24   4.85083883e+13 -2.18785374e+13  1.74e-03 8.46e-03  4.02e+06   391s
[2025-08-25 14:12:20] DEBUG    25   4.72482133e+13 -1.84207233e+13  1.65e-03 8.43e-03  3.53e+06   425s
[2025-08-25 14:12:59] DEBUG    26   4.68162509e+13 -1.75871189e+13  1.62e-03 8.41e-03  3.48e+06   464s
[2025-08-25 14:13:27] DEBUG    27   4.43475157e+13 -1.49184873e+13  1.45e-03 8.47e-03  3.03e+06   492s
[2025-08-25 14:13:54] DEBUG    28   4.31397444e+13 -1.37741619e+13  1.37e-03 8.84e-03  2.83e+06   520s
[2025-08-25 14:14:16] DEBUG    29   4.07119643e+13 -8.55745395e+12  1.22e-03 1.33e-02  2.04e+06   541s
[2025-08-25 14:14:41] DEBUG    30   3.91330130e+13 -6.54192819e+12  1.12e-03 1.33e-02  1.71e+06   566s
[2025-08-25 14:15:09] DEBUG    31   3.84626173e+13 -5.68203097e+12  1.09e-03 1.32e-02  1.57e+06   594s
[2025-08-25 14:15:33] DEBUG    32   3.81783287e+13 -5.32320744e+12  1.07e-03 1.31e-02  1.51e+06   619s
[2025-08-25 14:15:58] DEBUG    33   3.74305134e+13 -4.97145835e+12  1.03e-03 1.30e-02  1.43e+06   644s
[2025-08-25 14:16:23] DEBUG    34   3.72786727e+13 -4.56051578e+12  1.02e-03 1.28e-02  1.37e+06   669s
[2025-08-25 14:16:55] DEBUG    35   3.68968659e+13 -4.36635561e+12  1.00e-03 1.27e-02  1.33e+06   701s
[2025-08-25 14:17:25] DEBUG    36   3.62994210e+13 -4.02847134e+12  9.69e-04 1.25e-02  1.26e+06   730s
[2025-08-25 14:17:55] DEBUG    37   3.57916622e+13 -3.44159473e+12  9.45e-04 1.23e-02  1.16e+06   761s
[2025-08-25 14:18:22] DEBUG    38   3.52248810e+13 -3.16333956e+12  9.16e-04 1.21e-02  1.11e+06   787s
[2025-08-25 14:18:49] DEBUG    39   3.45188667e+13 -2.91167094e+12  8.79e-04 1.20e-02  1.05e+06   814s
[2025-08-25 14:19:17] DEBUG    40   3.39833694e+13 -2.75751074e+12  8.53e-04 1.18e-02  1.01e+06   843s
[2025-08-25 14:19:48] DEBUG    41   3.39525328e+13 -2.74091135e+12  8.52e-04 1.17e-02  1.00e+06   873s
[2025-08-25 14:20:14] DEBUG    42   3.35611555e+13 -2.69640995e+12  8.32e-04 1.17e-02  9.85e+05   899s
[2025-08-25 14:20:42] DEBUG    43   3.25934899e+13 -2.30050311e+12  7.87e-04 1.13e-02  9.34e+05   927s
[2025-08-25 14:21:07] DEBUG    44   3.22469988e+13 -2.19082136e+12  7.71e-04 1.09e-02  9.08e+05   953s
[2025-08-25 14:21:30] DEBUG    45   3.18316433e+13 -2.14941987e+12  7.51e-04 1.08e-02  8.87e+05   975s
[2025-08-25 14:21:57] DEBUG    46   3.10519947e+13 -1.80083283e+12  7.17e-04 1.03e-02  8.10e+05  1003s
[2025-08-25 14:22:20] DEBUG    47   3.04629887e+13 -1.58695351e+12  6.90e-04 9.60e-03  7.62e+05  1026s
[2025-08-25 14:22:45] DEBUG    48   2.99062907e+13 -1.40139179e+12  6.64e-04 8.86e-03  7.20e+05  1051s
[2025-08-25 14:23:04] DEBUG    49   2.94060659e+13 -1.27232055e+12  6.41e-04 8.43e-03  6.86e+05  1070s
[2025-08-25 14:23:31] DEBUG    50   2.84822358e+13 -1.02920665e+12  6.00e-04 7.46e-03  6.20e+05  1096s
[2025-08-25 14:24:00] DEBUG    51   2.67140136e+13 -8.88850776e+11  5.18e-04 7.18e-03  5.29e+05  1126s
[2025-08-25 14:24:23] DEBUG    52   2.58079887e+13 -8.69032360e+11  4.77e-04 7.07e-03  4.93e+05  1148s
[2025-08-25 14:24:43] DEBUG    53   2.56946714e+13 -8.60579657e+11  4.72e-04 7.01e-03  4.88e+05  1169s
[2025-08-25 14:25:08] DEBUG    54   2.52051005e+13 -7.14751260e+11  4.53e-04 6.59e-03  4.52e+05  1194s
[2025-08-25 14:25:29] DEBUG    55   2.47275945e+13 -6.50167643e+11  4.34e-04 6.06e-03  4.50e+05  1215s
[2025-08-25 14:25:54] DEBUG    56   2.20101471e+13 -6.33425690e+11  3.19e-04 5.92e-03  3.48e+05  1239s
[2025-08-25 14:26:39] DEBUG    57   2.11090664e+13 -4.02901221e+11  2.84e-04 3.76e-03  2.88e+05  1285s
[2025-08-25 14:27:00] DEBUG    58   2.09175887e+13 -3.73345971e+11  2.76e-04 3.50e-03  2.77e+05  1305s
[2025-08-25 14:27:22] DEBUG    59   2.02479552e+13 -3.33426224e+11  2.49e-04 3.17e-03  2.50e+05  1327s
[2025-08-25 14:27:44] DEBUG    60   1.96478304e+13 -2.82323806e+11  2.27e-04 2.74e-03  2.24e+05  1349s
[2025-08-25 14:28:08] DEBUG    61   1.95169197e+13 -2.61587725e+11  2.23e-04 2.64e-03  2.16e+05  1373s
[2025-08-25 14:28:31] DEBUG    62   1.85467260e+13 -2.05552741e+11  1.78e-04 2.22e-03  1.69e+05  1396s
[2025-08-25 14:28:43] DEBUG    63   1.82301922e+13 -1.80395898e+11  1.63e-04 1.97e-03  1.52e+05  1409s
[2025-08-25 14:29:03] DEBUG    64   1.77670130e+13 -1.37241264e+11  1.44e-04 2.29e-03  1.29e+05  1429s
[2025-08-25 14:29:28] DEBUG    65   1.65333628e+13 -7.61578820e+10  1.11e-04 6.96e-03  9.46e+04  1454s
[2025-08-25 14:29:50] DEBUG    66   1.57886191e+13 -5.83022460e+10  9.31e-05 6.81e-03  7.97e+04  1476s
[2025-08-25 14:30:15] DEBUG    67   1.50657915e+13 -4.43791995e+10  8.82e-05 6.48e-03  6.32e+04  1501s
[2025-08-25 14:30:40] DEBUG    68   1.45806405e+13 -3.36791510e+10  6.95e-05 6.00e-03  5.45e+04  1526s
[2025-08-25 14:31:02] DEBUG    69   1.41648790e+13 -1.95011686e+10  6.84e-05 5.79e-03  4.54e+04  1547s
[2025-08-25 14:31:21] DEBUG    70   1.37723198e+13 -1.57388019e+10  6.38e-05 5.80e-03  3.65e+04  1566s
[2025-08-25 14:31:37] DEBUG    71   1.36578382e+13 -1.24561218e+10  5.17e-05 5.74e-03  3.40e+04  1582s
[2025-08-25 14:31:53] DEBUG    72   1.32514573e+13 -1.00383388e+10  5.05e-05 5.48e-03  2.86e+04  1598s
[2025-08-25 14:32:13] DEBUG    73   1.31447801e+13 -6.35120280e+09  5.07e-05 5.49e-03  2.69e+04  1619s
[2025-08-25 14:32:30] DEBUG    74   1.27757925e+13 -5.34225420e+09  4.73e-05 5.33e-03  2.15e+04  1635s
[2025-08-25 14:32:47] DEBUG    75   1.25681371e+13 -3.48692661e+09  3.82e-05 5.92e-03  1.86e+04  1652s
[2025-08-25 14:33:32] DEBUG    76   1.21881052e+13 -1.72173768e+09  3.41e-05 5.87e-03  1.64e+04  1698s
[2025-08-25 14:33:57] DEBUG    77   1.19750643e+13 -7.62693309e+08  3.43e-05 5.81e-03  1.57e+04  1722s
[2025-08-25 14:34:36] DEBUG    78   1.17164904e+13  1.63205703e+08  3.18e-05 5.63e-03  1.40e+04  1762s
[2025-08-25 14:34:57] DEBUG    79   1.16106522e+13  1.60496953e+09  3.04e-05 5.60e-03  1.32e+04  1783s
[2025-08-25 14:35:27] DEBUG    80   1.15675678e+13  2.18549225e+09  2.67e-05 5.50e-03  1.29e+04  1813s
[2025-08-25 14:35:54] DEBUG    81   1.14575422e+13  2.94313715e+09  2.79e-05 5.52e-03  1.15e+04  1840s
[2025-08-25 14:36:06] DEBUG    82   1.14132519e+13  3.89224484e+09  3.04e-05 5.70e-03  1.08e+04  1852s
[2025-08-25 14:36:21] DEBUG    83   1.13415636e+13  4.78341918e+09  3.36e-05 5.89e-03  9.68e+03  1866s
[2025-08-25 14:36:39] DEBUG    84   1.12559028e+13  5.69142443e+09  2.93e-05 5.96e-03  8.38e+03  1884s
[2025-08-25 14:36:59] DEBUG    85   1.12042025e+13  6.58147843e+09  3.37e-05 6.01e-03  7.60e+03  1904s
[2025-08-25 14:37:14] DEBUG    86   1.11442240e+13  6.95545494e+09  2.48e-05 6.08e-03  6.82e+03  1920s
[2025-08-25 14:37:29] DEBUG    87   1.10523094e+13  7.67053395e+09  2.38e-05 5.81e-03  5.77e+03  1934s
[2025-08-25 14:37:44] DEBUG    88   1.09552716e+13  8.16198676e+09  2.76e-05 5.48e-03  4.78e+03  1950s
[2025-08-25 14:37:59] DEBUG    89   1.08581085e+13  8.50378828e+09  2.30e-05 5.01e-03  3.99e+03  1964s
[2025-08-25 14:38:15] DEBUG    90   1.08030580e+13  8.76074650e+09  2.20e-05 4.99e-03  3.59e+03  1981s
[2025-08-25 14:38:38] DEBUG    91   1.07486595e+13  8.97404061e+09  2.36e-05 4.72e-03  3.35e+03  2004s
[2025-08-25 14:39:05] DEBUG    92   1.06907570e+13  9.15100427e+09  2.53e-05 4.42e-03  3.12e+03  2031s
[2025-08-25 14:39:26] DEBUG    93   1.06363747e+13  9.28791410e+09  2.08e-05 4.29e-03  2.80e+03  2052s
[2025-08-25 14:39:44] DEBUG    94   1.06053215e+13  9.37165387e+09  2.29e-05 4.30e-03  2.62e+03  2070s
[2025-08-25 14:39:57] DEBUG    95   1.05919057e+13  9.40640758e+09  2.17e-05 4.53e-03  2.48e+03  2082s
[2025-08-25 14:40:12] DEBUG    96   1.05779962e+13  9.42431546e+09  2.51e-05 4.64e-03  2.36e+03  2097s
[2025-08-25 14:40:24] DEBUG    97   1.05643549e+13  9.46288431e+09  2.66e-05 4.82e-03  2.23e+03  2110s
[2025-08-25 14:40:38] DEBUG    98   1.05604658e+13  9.48061753e+09  2.58e-05 4.87e-03  2.19e+03  2123s
[2025-08-25 14:40:48] DEBUG    99   1.05450076e+13  9.50273857e+09  2.48e-05 4.92e-03  2.07e+03  2134s
[2025-08-25 14:41:04] DEBUG    100   1.05309188e+13  9.52825736e+09  2.77e-05 4.95e-03  1.96e+03  2149s
[2025-08-25 14:41:17] DEBUG    101   1.05216858e+13  9.55703767e+09  2.25e-05 5.16e-03  1.88e+03  2162s
[2025-08-25 14:41:25] DEBUG    102   1.05136845e+13  9.56613338e+09  2.65e-05 5.26e-03  1.83e+03  2171s
[2025-08-25 14:41:34] DEBUG    103   1.05040135e+13  9.57802585e+09  2.41e-05 5.39e-03  1.76e+03  2179s
[2025-08-25 14:41:48] DEBUG    104   1.04886778e+13  9.59879395e+09  2.66e-05 5.53e-03  1.66e+03  2194s
[2025-08-25 14:41:59] DEBUG    105   1.04667400e+13  9.61840893e+09  2.34e-05 5.67e-03  1.52e+03  2204s
[2025-08-25 14:42:10] DEBUG    106   1.04493504e+13  9.66354465e+09  2.71e-05 6.00e-03  1.41e+03  2216s
[2025-08-25 14:42:21] DEBUG    107   1.04309771e+13  9.67618453e+09  2.99e-05 6.09e-03  1.31e+03  2227s
[2025-08-25 14:42:31] DEBUG    108   1.04263670e+13  9.69465796e+09  2.66e-05 6.27e-03  1.29e+03  2236s
[2025-08-25 14:42:40] DEBUG    109   1.04185307e+13  9.70743588e+09  2.23e-05 6.50e-03  1.25e+03  2246s
[2025-08-25 14:42:54] DEBUG    110   1.03993961e+13  9.73360709e+09  2.39e-05 6.97e-03  1.14e+03  2259s
[2025-08-25 14:43:08] DEBUG    111   1.03807795e+13  9.75890286e+09  3.18e-05 7.27e-03  1.06e+03  2273s
[2025-08-25 14:43:22] DEBUG    112   1.03547041e+13  9.78279108e+09  2.42e-05 7.47e-03  9.54e+02  2287s
[2025-08-25 14:43:37] DEBUG    113   1.03448150e+13  9.95482275e+09  3.56e-04 7.65e-03  9.03e+02  2303s
[2025-08-25 14:43:51] DEBUG    114   1.03224363e+13  1.01704925e+10  1.20e-03 7.88e-03  8.18e+02  2316s
[2025-08-25 14:44:04] DEBUG    115   1.02908035e+13  1.03283285e+10  1.26e-03 8.03e-03  7.23e+02  2329s
[2025-08-25 14:44:15] DEBUG    116   1.02799012e+13  1.03910238e+10  1.21e-03 8.07e-03  6.93e+02  2341s
[2025-08-25 14:44:34] DEBUG    117   1.02794647e+13  1.03984210e+10  1.20e-03 8.07e-03  6.91e+02  2360s
[2025-08-25 14:44:50] DEBUG    118   1.02737603e+13  1.04011176e+10  1.21e-03 8.14e-03  6.78e+02  2375s
[2025-08-25 14:45:15] DEBUG    119   1.02719946e+13  1.03958249e+10  1.21e-03 8.12e-03  7.53e+02  2400s
[2025-08-25 14:45:40] DEBUG    120   1.02634701e+13  1.04007490e+10  1.19e-03 8.06e-03  7.45e+02  2425s
[2025-08-25 14:46:10] DEBUG    121   1.02550547e+13  1.04085912e+10  1.17e-03 8.01e-03  7.42e+02  2455s
[2025-08-25 14:46:33] DEBUG    122   1.02477285e+13  1.04121431e+10  1.16e-03 8.01e-03  7.27e+02  2478s
[2025-08-25 14:46:52] DEBUG    123   1.02378803e+13  1.04180315e+10  1.19e-03 8.02e-03  7.00e+02  2497s
[2025-08-25 14:47:10] DEBUG    124   1.02243161e+13  1.04446041e+10  1.12e-03 8.02e-03  6.62e+02  2516s
[2025-08-25 14:47:25] DEBUG    125   1.02109689e+13  1.04669019e+10  1.04e-03 8.00e-03  6.24e+02  2530s
[2025-08-25 14:47:38] DEBUG    126   1.02018518e+13  1.04884257e+10  1.03e-03 7.98e-03  5.98e+02  2544s
[2025-08-25 14:47:51] DEBUG    127   1.01901041e+13  1.05124024e+10  9.86e-04 7.93e-03  5.65e+02  2557s
[2025-08-25 14:48:03] DEBUG    128   1.01805128e+13  1.05276557e+10  9.43e-04 7.88e-03  5.41e+02  2568s
[2025-08-25 14:48:13] DEBUG    129   1.01746645e+13  1.05410479e+10  9.19e-04 7.83e-03  5.26e+02  2579s
[2025-08-25 14:48:27] DEBUG    130   1.01723777e+13  1.05540657e+10  9.10e-04 7.79e-03  5.20e+02  2592s
[2025-08-25 14:48:38] DEBUG    131   1.01638346e+13  1.05727997e+10  8.77e-04 7.74e-03  5.01e+02  2603s
[2025-08-25 14:48:52] DEBUG    132   1.01554784e+13  1.05798855e+10  8.44e-04 7.68e-03  4.82e+02  2617s
[2025-08-25 14:49:04] DEBUG    133   1.01480183e+13  1.05870701e+10  8.33e-04 7.65e-03  4.68e+02  2629s
[2025-08-25 14:49:12] DEBUG    134   1.01446998e+13  1.05950161e+10  8.24e-04 7.60e-03  4.61e+02  2638s
[2025-08-25 14:49:23] DEBUG    135   1.01381099e+13  1.06022653e+10  8.15e-04 7.56e-03  4.48e+02  2648s
[2025-08-25 14:49:40] DEBUG    136   1.01333507e+13  1.06137793e+10  8.03e-04 7.51e-03  4.39e+02  2665s
[2025-08-25 14:49:58] DEBUG    137   1.01269486e+13  1.06432565e+10  7.63e-04 7.40e-03  4.24e+02  2684s
[2025-08-25 14:50:16] DEBUG    138   1.01210328e+13  1.06602630e+10  7.26e-04 7.38e-03  4.12e+02  2701s
[2025-08-25 14:50:28] DEBUG    139   1.01151250e+13  1.06762258e+10  7.23e-04 7.38e-03  4.00e+02  2714s
[2025-08-25 14:50:40] DEBUG    140   1.01109143e+13  1.06857172e+10  7.13e-04 7.38e-03  3.93e+02  2725s
[2025-08-25 14:50:53] DEBUG    141   1.01029692e+13  1.07058106e+10  6.69e-04 7.37e-03  3.78e+02  2738s
[2025-08-25 14:51:07] DEBUG    142   1.00926476e+13  1.07232011e+10  6.57e-04 7.36e-03  3.61e+02  2752s
[2025-08-25 14:51:26] DEBUG    143   1.00859490e+13  1.07454666e+10  6.34e-04 7.34e-03  3.48e+02  2771s
[2025-08-25 14:51:44] DEBUG    144   1.00789066e+13  1.07533037e+10  6.06e-04 7.32e-03  3.38e+02  2790s
[2025-08-25 14:52:03] DEBUG    145   1.00700025e+13  1.07797136e+10  5.71e-04 7.27e-03  3.22e+02  2808s
[2025-08-25 14:52:20] DEBUG    146   1.00648147e+13  1.07857932e+10  5.66e-04 7.25e-03  3.15e+02  2825s
[2025-08-25 14:52:35] DEBUG    147   1.00593658e+13  1.08001693e+10  5.58e-04 7.19e-03  3.06e+02  2841s
[2025-08-25 14:52:47] DEBUG    148   1.00550008e+13  1.08133833e+10  5.45e-04 7.12e-03  2.99e+02  2852s
[2025-08-25 14:53:00] DEBUG    149   1.00467572e+13  1.08217138e+10  5.46e-04 7.10e-03  2.88e+02  2866s
[2025-08-25 14:53:15] DEBUG    150   1.00338713e+13  1.08347381e+10  5.19e-04 7.12e-03  2.73e+02  2880s
[2025-08-25 14:53:25] DEBUG    151   1.00284107e+13  1.08463735e+10  5.04e-04 7.14e-03  2.65e+02  2891s
[2025-08-25 14:53:39] DEBUG    152   1.00187474e+13  1.08539742e+10  4.78e-04 7.15e-03  2.54e+02  2904s
[2025-08-25 14:53:54] DEBUG    153   1.00103843e+13  1.08616648e+10  4.48e-04 7.16e-03  2.45e+02  2919s
[2025-08-25 14:54:03] DEBUG    154   1.00070013e+13  1.08639795e+10  4.45e-04 7.17e-03  2.42e+02  2928s
[2025-08-25 14:54:14] DEBUG    155   9.99762707e+12  1.08674787e+10  4.31e-04 7.17e-03  2.33e+02  2939s
[2025-08-25 14:54:26] DEBUG    156   9.99652018e+12  1.08719265e+10  4.28e-04 7.18e-03  2.31e+02  2951s
[2025-08-25 14:54:38] DEBUG    157   9.98759561e+12  1.08854150e+10  3.94e-04 7.20e-03  2.20e+02  2963s
[2025-08-25 14:54:48] DEBUG    158   9.98101413e+12  1.08907912e+10  3.84e-04 7.20e-03  2.20e+02  2973s
[2025-08-25 14:54:59] DEBUG    159   9.97908610e+12  1.08932514e+10  3.85e-04 7.20e-03  2.18e+02  2984s
[2025-08-25 14:55:11] DEBUG    160   9.97597591e+12  1.08949872e+10  3.76e-04 7.21e-03  2.16e+02  2997s
[2025-08-25 14:55:22] DEBUG    161   9.97327700e+12  1.09009539e+10  3.72e-04 7.21e-03  2.13e+02  3007s
[2025-08-25 14:55:34] DEBUG    162   9.96801825e+12  1.09038409e+10  3.63e-04 7.21e-03  2.08e+02  3020s
[2025-08-25 14:55:49] DEBUG    163   9.96330442e+12  1.09075082e+10  3.51e-04 7.21e-03  2.04e+02  3034s
[2025-08-25 14:56:03] DEBUG    164   9.96099775e+12  1.09100196e+10  3.47e-04 7.21e-03  2.01e+02  3048s
[2025-08-25 14:56:16] DEBUG    165   9.95693478e+12  1.09134282e+10  3.36e-04 7.21e-03  1.98e+02  3061s
[2025-08-25 14:56:29] DEBUG    166   9.94606003e+12  1.09183430e+10  3.11e-04 7.21e-03  1.88e+02  3075s
[2025-08-25 14:56:39] DEBUG    167   9.94211301e+12  1.09210077e+10  3.00e-04 7.21e-03  1.85e+02  3084s
[2025-08-25 14:56:54] DEBUG    168   9.93755968e+12  1.09275811e+10  2.98e-04 7.20e-03  1.80e+02  3099s
[2025-08-25 14:57:09] DEBUG    169   9.93488342e+12  1.09291920e+10  2.94e-04 7.20e-03  1.78e+02  3115s
[2025-08-25 14:57:20] DEBUG    170   9.92855346e+12  1.09306735e+10  2.84e-04 7.20e-03  1.74e+02  3126s
[2025-08-25 14:57:34] DEBUG    171   9.92610635e+12  1.09330007e+10  2.78e-04 7.19e-03  1.72e+02  3139s
[2025-08-25 14:57:54] DEBUG    172   9.92002452e+12  1.09363494e+10  2.81e-04 7.19e-03  1.67e+02  3160s
[2025-08-25 14:58:07] DEBUG    173   9.91703556e+12  1.09392758e+10  2.81e-04 7.18e-03  1.64e+02  3173s
[2025-08-25 14:58:18] DEBUG    174   9.91081303e+12  1.09435785e+10  2.58e-04 7.17e-03  1.60e+02  3183s
[2025-08-25 14:58:30] DEBUG    175   9.90561571e+12  1.09476507e+10  2.57e-04 7.16e-03  1.56e+02  3196s
[2025-08-25 14:58:43] DEBUG    176   9.89717106e+12  1.09519767e+10  2.43e-04 7.15e-03  1.50e+02  3209s
[2025-08-25 14:58:59] DEBUG    177   9.89340424e+12  1.09561715e+10  2.39e-04 7.13e-03  1.47e+02  3224s
[2025-08-25 14:59:13] DEBUG    178   9.88951416e+12  1.09582724e+10  2.34e-04 7.12e-03  1.44e+02  3239s
[2025-08-25 14:59:25] DEBUG    179   9.88848940e+12  1.09605499e+10  2.34e-04 7.10e-03  1.43e+02  3251s
[2025-08-25 14:59:39] DEBUG    180   9.88157609e+12  1.09652999e+10  2.30e-04 7.08e-03  1.39e+02  3265s
[2025-08-25 14:59:46] DEBUG    181   9.87870357e+12  1.09666921e+10  2.26e-04 7.06e-03  1.39e+02  3272s
[2025-08-25 14:59:56] DEBUG    182   9.87748386e+12  1.09672400e+10  2.25e-04 7.06e-03  1.38e+02  3282s
[2025-08-25 15:00:14] DEBUG    183   9.87355202e+12  1.09691723e+10  2.22e-04 7.04e-03  1.36e+02  3299s
[2025-08-25 15:00:25] DEBUG    184   9.87236617e+12  1.09721324e+10  2.21e-04 7.02e-03  1.35e+02  3310s
[2025-08-25 15:00:35] DEBUG    185   9.86873043e+12  1.09730967e+10  2.18e-04 7.01e-03  1.33e+02  3320s
[2025-08-25 15:00:44] DEBUG    186   9.86629495e+12  1.09754801e+10  2.14e-04 6.99e-03  1.32e+02  3329s
[2025-08-25 15:00:56] DEBUG    187   9.86275152e+12  1.09762084e+10  2.18e-04 6.98e-03  1.30e+02  3342s
[2025-08-25 15:01:18] DEBUG    188   9.86088536e+12  1.09772893e+10  2.12e-04 6.97e-03  1.29e+02  3363s
[2025-08-25 15:01:30] DEBUG    189   9.86014077e+12  1.09783511e+10  2.11e-04 6.96e-03  1.28e+02  3375s
[2025-08-25 15:01:39] DEBUG    190   9.85769900e+12  1.09796768e+10  2.09e-04 6.94e-03  1.27e+02  3384s
[2025-08-25 15:01:39] DEBUG    Barrier performed 190 iterations in 3384.09 seconds (807.48 work units)
[2025-08-25 15:01:39] DEBUG    Numerical trouble encountered

Model may be infeasible or unbounded.  Consider using the
homogeneous algorithm (through parameter 'BarHomogeneous')
[2025-08-25 15:01:49] DEBUG    Solved with dual simplex
[2025-08-25 15:02:02] DEBUG    Iteration    Objective       Primal Inf.    Dual Inf.      Time
 1034255    1.3295872e+10   0.000000e+00   0.000000e+00   3408s
[2025-08-25 15:02:02] DEBUG    Solved in 1034255 iterations and 3407.57 seconds (1379.32 work units)
[2025-08-25 15:02:02] DEBUG    Optimal objective  1.329587153e+10
✅ Scenario completato: new_trasmission_VRES_2030_PHES

🚀 Lancio scenario: new_trasmission_VRES_2030_nostorage
[2025-08-25 15:13:55] INFO     Loading sets
[2025-08-25 15:13:55] INFO     Loading parameters
[2025-08-25 15:14:32] INFO     constraints are loaded in the following order: ['energy_balance', 'dispatch', 'costs', 'capacity', 'network', 'policy', 'conversion', 'group', 'conversion_plus', 'milp', 'export']
[2025-08-25 15:14:32] INFO     creating energy_balance constraints
[2025-08-25 15:17:47] INFO     creating dispatch constraints
[2025-08-25 15:23:38] INFO     creating costs constraints
[2025-08-25 15:33:27] INFO     creating capacity constraints
[2025-08-25 15:33:27] INFO     creating network constraints
[2025-08-25 15:33:27] INFO     creating policy constraints
[2025-08-25 15:33:27] INFO     creating conversion constraints
[2025-08-25 15:33:27] INFO     creating group constraints
[2025-08-25 15:33:27] INFO     creating conversion_plus constraints
[2025-08-25 15:33:27] INFO     creating milp constraints
[2025-08-25 15:33:27] INFO     creating export constraints
[2025-08-25 15:47:34] DEBUG    Set parameter WLSAccessID
Set parameter WLSSecret
Set parameter LicenseID to value 2680226
[2025-08-25 15:47:34] DEBUG    Academic license 2680226 - for non-commercial use only - registered to an___@mail.polimi.it
[2025-08-25 15:48:14] DEBUG    Read LP format model from file /tmp/tmph5me1vm8.pyomo.lp
[2025-08-25 15:48:14] DEBUG    Reading time = 39.88 seconds
x19704624: 26248417 rows, 19704624 columns, 64013168 nonzeros
Set parameter NumericFocus to value 1
Gurobi Optimizer version 12.0.2 build v12.0.2rc0 (linux64 - "Debian GNU/Linux 11 (bullseye)")

CPU model: Intel(R) Xeon(R) Silver 4314 CPU @ 2.40GHz, instruction set [SSE2|AVX|AVX2|AVX512]
Thread count: 32 physical cores, 64 logical processors, using up to 32 threads
[2025-08-25 15:48:14] DEBUG    Non-default parameters:
NumericFocus  1
[2025-08-25 15:48:14] DEBUG    Academic license 2680226 - for non-commercial use only - registered to an___@mail.polimi.it
Optimize a model with 26248417 rows, 19704624 columns and 64013168 nonzeros
[2025-08-25 15:48:15] DEBUG    Model fingerprint: 0xf3679ce1
[2025-08-25 15:48:15] DEBUG    Coefficient statistics:
  Matrix range     [1e-07, 6e+02]
  Objective range  [1e+00, 1e+06]
  Bounds range     [0e+00, 0e+00]
  RHS range        [1e+00, 2e+08]
[2025-08-25 15:48:20] DEBUG    Presolve removed 19790542 rows and 10761971 columns (presolve time = 5s)...
[2025-08-25 15:48:26] DEBUG    Presolve removed 19790601 rows and 12768245 columns (presolve time = 11s)...
[2025-08-25 15:48:32] DEBUG    Presolve removed 23091374 rows and 16069018 columns (presolve time = 16s)...
[2025-08-25 15:48:35] DEBUG    Presolve removed 23091374 rows and 16069018 columns (presolve time = 20s)...
[2025-08-25 15:49:03] DEBUG    Presolve removed 23629211 rows and 16323058 columns (presolve time = 47s)...
[2025-08-25 15:49:06] DEBUG    Presolve removed 23629211 rows and 16445698 columns (presolve time = 50s)...
[2025-08-25 15:49:08] DEBUG    Presolve removed 23778114 rows and 16445698 columns
[2025-08-25 15:49:40] DEBUG    Presolve time: 86.12s
Presolved: 2470303 rows, 3407829 columns, 10480447 nonzeros
[2025-08-25 15:49:40] DEBUG    Concurrent LP optimizer: primal simplex, dual simplex, and barrier
Showing barrier log only...
[2025-08-25 15:49:44] DEBUG    Ordering time: 1.80s
[2025-08-25 15:49:46] DEBUG    Barrier statistics:
 Dense cols : 145
 AA' NZ     : 8.737e+06
 Factor NZ  : 3.948e+07 (roughly 2.7 GB of memory)
 Factor Ops : 3.421e+09 (less than 1 second per iteration)
 Threads    : 30
[2025-08-25 15:49:50] DEBUG    Objective                Residual
[2025-08-25 15:49:50] DEBUG    Iter       Primal          Dual         Primal    Dual     Compl     Time
[2025-08-25 15:49:51] DEBUG    0   2.22919559e+21 -7.85747429e+18  6.88e+10 2.90e-11  3.67e+15    96s
[2025-08-25 15:49:56] DEBUG    1   1.70639101e+21 -7.90362557e+18  5.21e+10 1.61e+05  2.53e+15   102s
[2025-08-25 15:50:02] DEBUG    2   1.10866707e+21 -7.13305248e+18  3.33e+10 5.75e+04  1.45e+15   107s
[2025-08-25 15:50:10] DEBUG    3   6.15252355e+20 -6.34093750e+18  1.89e+10 1.50e+04  7.29e+14   116s
[2025-08-25 15:50:17] DEBUG    4   5.26663633e+20 -6.03059520e+18  1.61e+10 8.75e+03  6.06e+14   123s
[2025-08-25 15:50:21] DEBUG    5   4.61886858e+20 -5.97214321e+18  1.41e+10 7.95e+03  5.33e+14   127s
[2025-08-25 15:50:26] DEBUG    6   4.44475001e+20 -5.94756110e+18  1.35e+10 7.55e+03  5.13e+14   132s
[2025-08-25 15:50:31] DEBUG    7   3.90508282e+20 -5.85841065e+18  1.19e+10 6.52e+03  4.49e+14   137s
[2025-08-25 15:50:38] DEBUG    8   3.29390425e+20 -5.65549043e+18  9.94e+09 4.24e+03  3.70e+14   143s
[2025-08-25 15:50:46] DEBUG    9   2.63292954e+20 -5.60602969e+18  8.03e+09 3.54e+03  3.00e+14   152s
[2025-08-25 15:50:57] DEBUG    10   2.26063987e+20 -5.58268069e+18  6.94e+09 2.87e+03  2.59e+14   163s
[2025-08-25 15:51:06] DEBUG    11   1.56518438e+20 -5.61580233e+18  4.77e+09 1.87e+03  1.79e+14   171s
[2025-08-25 15:51:17] DEBUG    12   3.59299961e+19 -5.53583556e+18  9.31e+08 6.42e+02  3.84e+13   183s
[2025-08-25 15:51:26] DEBUG    13   7.75607793e+18 -4.84009420e+18  1.76e+08 2.17e+02  8.39e+12   192s
[2025-08-25 15:51:35] DEBUG    14   5.67005590e+17 -2.70894520e+18  1.28e+07 3.79e+01  1.02e+12   201s
[2025-08-25 15:51:42] DEBUG    15   6.94067818e+16 -3.41269597e+17  1.48e+06 6.05e-01  8.77e+10   207s
[2025-08-25 15:51:47] DEBUG    16   1.97921579e+14 -4.35792956e+16  1.44e+03 7.72e-03  5.83e+09   213s
[2025-08-25 15:51:52] DEBUG    17   6.80222072e+13 -3.17577684e+15  2.34e+01 1.09e-03  4.25e+08   218s
[2025-08-25 15:51:58] DEBUG    18   5.66044510e+13 -6.41107786e+14  1.88e+00 1.99e-03  8.80e+07   223s
[2025-08-25 15:52:03] DEBUG    19   5.14200124e+13 -1.34078350e+14  1.02e+00 2.80e-03  2.03e+07   228s
[2025-08-25 15:52:09] DEBUG    20   5.08170022e+13 -1.26147633e+14  9.64e-01 4.86e-03  1.91e+07   235s
[2025-08-25 15:52:13] DEBUG    21   5.03780938e+13 -1.24641634e+14  9.23e-01 4.84e-03  1.89e+07   238s
[2025-08-25 15:52:17] DEBUG    22   5.01260307e+13 -1.20437722e+14  9.01e-01 4.68e-03  1.83e+07   242s
[2025-08-25 15:52:22] DEBUG    23   4.99921165e+13 -1.11500239e+14  8.90e-01 4.33e-03  1.70e+07   247s
[2025-08-25 15:52:28] DEBUG    24   4.95494498e+13 -9.74213156e+13  8.55e-01 3.83e-03  1.49e+07   254s
[2025-08-25 15:52:37] DEBUG    25   4.87041194e+13 -8.95208861e+13  7.90e-01 3.90e-03  1.38e+07   263s
[2025-08-25 15:52:47] DEBUG    26   4.82334684e+13 -8.40525217e+13  7.55e-01 4.48e-03  1.30e+07   273s
[2025-08-25 15:52:58] DEBUG    27   4.71018885e+13 -7.32189158e+13  6.76e-01 4.27e-03  1.13e+07   284s
[2025-08-25 15:53:11] DEBUG    28   4.62243038e+13 -6.47654121e+13  6.22e-01 4.65e-03  1.01e+07   296s
[2025-08-25 15:53:22] DEBUG    29   4.49064100e+13 -5.51011735e+13  5.48e-01 1.05e-02  8.62e+06   308s
[2025-08-25 15:53:30] DEBUG    30   4.47050213e+13 -4.89766141e+13  5.37e-01 1.26e-02  7.73e+06   315s
[2025-08-25 15:53:42] DEBUG    31   4.42891239e+13 -4.07643668e+13  5.16e-01 1.15e-02  6.53e+06   328s
[2025-08-25 15:53:52] DEBUG    32   4.23943931e+13 -3.40338873e+13  4.18e-01 8.84e-03  5.45e+06   338s
[2025-08-25 15:54:04] DEBUG    33   4.21262149e+13 -2.25178736e+13  4.06e-01 1.08e-02  3.77e+06   350s
[2025-08-25 15:54:15] DEBUG    34   3.93185868e+13 -1.75578676e+13  2.87e-01 1.26e-02  2.92e+06   360s
[2025-08-25 15:54:25] DEBUG    35   3.83531299e+13 -1.20171246e+13  2.54e-01 1.47e-02  2.08e+06   370s
[2025-08-25 15:54:36] DEBUG    36   3.79692285e+13 -1.02001540e+13  2.42e-01 1.51e-02  1.80e+06   382s
[2025-08-25 15:54:46] DEBUG    37   3.64416052e+13 -5.31189086e+12  1.93e-01 1.64e-02  1.03e+06   391s
[2025-08-25 15:54:55] DEBUG    38   3.49025308e+13 -3.63589780e+12  1.51e-01 1.59e-02  7.39e+05   401s
[2025-08-25 15:55:07] DEBUG    39   3.40399674e+13 -2.03719859e+12  1.32e-01 1.66e-02  4.76e+05   413s
[2025-08-25 15:55:18] DEBUG    40   3.29662818e+13 -1.34913694e+12  1.09e-01 1.99e-02  3.42e+05   424s
[2025-08-25 15:55:26] DEBUG    41   3.22180556e+13 -1.16746341e+12  9.49e-02 2.36e-02  2.94e+05   431s
[2025-08-25 15:55:35] DEBUG    42   3.15392436e+13 -8.22392269e+11  8.37e-02 2.60e-02  2.26e+05   441s
[2025-08-25 15:55:46] DEBUG    43   3.05909380e+13 -6.47794923e+11  6.90e-02 2.67e-02  1.78e+05   452s
[2025-08-25 15:55:57] DEBUG    44   3.00885770e+13 -4.61399576e+11  6.22e-02 2.70e-02  1.41e+05   462s
[2025-08-25 15:56:05] DEBUG    45   2.89807051e+13 -3.17246201e+11  4.68e-02 2.68e-02  9.98e+04   471s
[2025-08-25 15:56:19] DEBUG    46   2.77934697e+13 -2.43976287e+11  3.95e-02 2.33e-02  8.03e+04   485s
[2025-08-25 15:56:30] DEBUG    47   2.65096150e+13 -1.97056909e+11  3.27e-02 2.05e-02  6.42e+04   495s
[2025-08-25 15:56:44] DEBUG    48   2.53014175e+13 -1.75430236e+11  2.99e-02 1.89e-02  5.84e+04   510s
[2025-08-25 15:57:06] DEBUG    49   2.45653805e+13 -1.64481088e+11  2.87e-02 1.81e-02  5.58e+04   532s
[2025-08-25 15:57:35] DEBUG    50   2.39018884e+13 -1.48883911e+11  2.73e-02 1.74e-02  5.33e+04   560s
[2025-08-25 15:57:47] DEBUG    51   2.32595235e+13 -1.36993012e+11  2.41e-02 1.66e-02  4.71e+04   572s
[2025-08-25 15:57:55] DEBUG    52   2.32029645e+13 -1.33127885e+11  2.36e-02 1.65e-02  4.61e+04   581s
[2025-08-25 15:58:04] DEBUG    53   2.29562630e+13 -1.18121070e+11  2.15e-02 1.60e-02  4.15e+04   590s
[2025-08-25 15:58:16] DEBUG    54   2.28257395e+13 -1.06203399e+11  2.05e-02 1.56e-02  3.87e+04   602s
[2025-08-25 15:58:26] DEBUG    55   2.25228660e+13 -9.75526156e+10  1.82e-02 1.52e-02  3.42e+04   612s
[2025-08-25 15:58:39] DEBUG    56   2.22205224e+13 -8.88654079e+10  1.61e-02 1.48e-02  3.02e+04   625s
[2025-08-25 15:58:49] DEBUG    57   2.20327512e+13 -7.94820703e+10  1.50e-02 1.44e-02  2.73e+04   635s
[2025-08-25 15:58:59] DEBUG    58   2.18745256e+13 -7.35776830e+10  1.45e-02 1.37e-02  2.62e+04   645s
[2025-08-25 15:59:24] DEBUG    59   2.13674431e+13 -6.60125161e+10  1.36e-02 1.28e-02  2.71e+04   670s
[2025-08-25 15:59:38] DEBUG    60   2.10600147e+13 -5.88027358e+10  1.30e-02 1.20e-02  2.59e+04   684s
[2025-08-25 15:59:55] DEBUG    61   2.08195077e+13 -5.47752090e+10  1.24e-02 1.15e-02  2.91e+04   700s
[2025-08-25 16:00:08] DEBUG    62   2.05770862e+13 -5.08821612e+10  1.17e-02 1.11e-02  2.75e+04   714s
[2025-08-25 16:00:15] DEBUG    63   2.04397506e+13 -4.85458418e+10  1.14e-02 1.07e-02  2.77e+04   721s
[2025-08-25 16:00:30] DEBUG    64   2.00469541e+13 -4.55092709e+10  1.04e-02 1.03e-02  2.54e+04   735s
[2025-08-25 16:00:38] DEBUG    65   1.99913218e+13 -4.21726311e+10  1.01e-02 1.00e-02  2.46e+04   744s
[2025-08-25 16:00:48] DEBUG    66   1.96813420e+13 -4.00985160e+10  8.80e-03 9.88e-03  2.17e+04   754s
[2025-08-25 16:00:59] DEBUG    67   1.94688265e+13 -3.67965750e+10  7.98e-03 9.64e-03  1.96e+04   765s
[2025-08-25 16:01:10] DEBUG    68   1.92746334e+13 -3.47907902e+10  7.30e-03 9.49e-03  1.79e+04   776s
[2025-08-25 16:01:20] DEBUG    69   1.90411976e+13 -3.15012079e+10  6.54e-03 9.16e-03  1.59e+04   786s
[2025-08-25 16:01:31] DEBUG    70   1.89437180e+13 -2.98787152e+10  6.25e-03 9.00e-03  1.51e+04   797s
[2025-08-25 16:01:43] DEBUG    71   1.86860350e+13 -2.75325313e+10  5.53e-03 8.75e-03  1.33e+04   808s
[2025-08-25 16:01:53] DEBUG    72   1.86099417e+13 -2.45932375e+10  5.34e-03 8.41e-03  1.24e+04   818s
[2025-08-25 16:02:06] DEBUG    73   1.84272162e+13 -2.28233090e+10  4.89e-03 8.20e-03  1.13e+04   831s
[2025-08-25 16:02:18] DEBUG    74   1.82136923e+13 -2.14964034e+10  4.41e-03 8.03e-03  1.02e+04   844s
[2025-08-25 16:02:30] DEBUG    75   1.81339327e+13 -2.01509240e+10  4.25e-03 7.82e-03  9.61e+03   856s
[2025-08-25 16:02:39] DEBUG    76   1.78544358e+13 -1.91900901e+10  3.71e-03 7.67e-03  8.52e+03   865s
[2025-08-25 16:02:51] DEBUG    77   1.77110879e+13 -1.63946682e+10  3.46e-03 7.18e-03  7.54e+03   877s
[2025-08-25 16:03:09] DEBUG    78   1.74901644e+13 -1.56374873e+10  3.28e-03 7.00e-03  7.13e+03   895s
[2025-08-25 16:03:49] DEBUG    79   1.72515263e+13 -1.49415918e+10  3.21e-03 6.86e-03  7.13e+03   934s
[2025-08-25 16:04:19] DEBUG    80   1.70591575e+13 -1.41894777e+10  3.13e-03 6.70e-03  7.03e+03   964s
[2025-08-25 16:04:40] DEBUG    81   1.68195468e+13 -1.34768194e+10  2.99e-03 6.53e-03  7.00e+03   986s
[2025-08-25 16:05:06] DEBUG    82   1.66815205e+13 -1.31110310e+10  2.96e-03 6.46e-03  6.92e+03  1012s
[2025-08-25 16:05:07] DEBUG    Barrier performed 82 iterations in 1011.96 seconds (264.61 work units)
Barrier solve interrupted - model solved by another algorithm
[2025-08-25 16:05:07] DEBUG    Solved with dual simplex
[2025-08-25 16:05:17] DEBUG    Iteration    Objective       Primal Inf.    Dual Inf.      Time
[2025-08-25 16:05:17] DEBUG    503789    1.3295872e+10   0.000000e+00   0.000000e+00   1023s

Solved in 503789 iterations and 1022.75 seconds (546.20 work units)
[2025-08-25 16:05:17] DEBUG    Optimal objective  1.329587153e+10
✅ Scenario completato: new_trasmission_VRES_2030_nostorage

🚀 Lancio scenario: new_trasmission_CG+VRES_2030_BESS
[2025-08-25 16:20:12] INFO     Loading sets
[2025-08-25 16:20:12] INFO     Loading parameters
[2025-08-25 16:20:51] INFO     constraints are loaded in the following order: ['energy_balance', 'dispatch', 'costs', 'capacity', 'network', 'policy', 'conversion', 'group', 'conversion_plus', 'milp', 'export']
[2025-08-25 16:20:51] INFO     creating energy_balance constraints
[2025-08-25 16:24:18] INFO     creating dispatch constraints
[2025-08-25 16:26:42] INFO     creating costs constraints
[2025-08-25 16:42:54] INFO     creating capacity constraints
[2025-08-25 16:42:54] INFO     creating network constraints
[2025-08-25 16:42:54] INFO     creating policy constraints
[2025-08-25 16:42:54] INFO     creating conversion constraints
[2025-08-25 16:42:54] INFO     creating group constraints
[2025-08-25 16:42:54] INFO     creating conversion_plus constraints
[2025-08-25 16:42:54] INFO     creating milp constraints
[2025-08-25 16:42:54] INFO     creating export constraints
[2025-08-25 16:58:38] DEBUG    Set parameter WLSAccessID
Set parameter WLSSecret
Set parameter LicenseID to value 2680226
[2025-08-25 16:58:38] DEBUG    Academic license 2680226 - for non-commercial use only - registered to an___@mail.polimi.it
[2025-08-25 16:59:23] DEBUG    Read LP format model from file /tmp/tmpy10sk613.pyomo.lp
[2025-08-25 16:59:23] DEBUG    Reading time = 45.21 seconds
x21737263: 28789107 rows, 21737263 columns, 70872770 nonzeros
Set parameter NumericFocus to value 1
Gurobi Optimizer version 12.0.2 build v12.0.2rc0 (linux64 - "Debian GNU/Linux 11 (bullseye)")

CPU model: Intel(R) Xeon(R) Silver 4314 CPU @ 2.40GHz, instruction set [SSE2|AVX|AVX2|AVX512]
Thread count: 32 physical cores, 64 logical processors, using up to 32 threads

Non-default parameters:
NumericFocus  1
[2025-08-25 16:59:23] DEBUG    Academic license 2680226 - for non-commercial use only - registered to an___@mail.polimi.it
Optimize a model with 28789107 rows, 21737263 columns and 70872770 nonzeros
[2025-08-25 16:59:24] DEBUG    Model fingerprint: 0x56d6152b
[2025-08-25 16:59:24] DEBUG    Coefficient statistics:
  Matrix range     [1e-07, 6e+02]
  Objective range  [1e+00, 1e+06]
  Bounds range     [0e+00, 0e+00]
  RHS range        [1e+00, 2e+08]
[2025-08-25 16:59:30] DEBUG    Presolve removed 12414264 rows and 10129972 columns (presolve time = 6s)...
[2025-08-25 16:59:36] DEBUG    Presolve removed 20806934 rows and 12247926 columns (presolve time = 11s)...
[2025-08-25 16:59:39] DEBUG    Presolve removed 20806934 rows and 14038677 columns (presolve time = 15s)...
[2025-08-25 16:59:44] DEBUG    Presolve removed 22008316 rows and 15240000 columns (presolve time = 20s)...
[2025-08-25 16:59:50] DEBUG    Presolve removed 24361835 rows and 17542740 columns (presolve time = 26s)...
[2025-08-25 16:59:55] DEBUG    Presolve removed 24361835 rows and 17542740 columns (presolve time = 31s)...
[2025-08-25 17:00:40] DEBUG    Presolve removed 24899730 rows and 17796780 columns (presolve time = 75s)...
[2025-08-25 17:00:44] DEBUG    Presolve removed 24899730 rows and 17919420 columns (presolve time = 80s)...
[2025-08-25 17:00:48] DEBUG    Presolve removed 25048633 rows and 17919420 columns
[2025-08-25 17:01:50] DEBUG    Presolve time: 146.69s
Presolved: 3740474 rows, 3966746 columns, 15256225 nonzeros

Concurrent LP optimizer: primal simplex, dual simplex, and barrier
Showing barrier log only...
[2025-08-25 17:02:30] DEBUG    Elapsed ordering time = 37s
[2025-08-25 17:02:33] DEBUG    Elapsed ordering time = 40s
[2025-08-25 17:02:38] DEBUG    Elapsed ordering time = 45s
[2025-08-25 17:02:43] DEBUG    Elapsed ordering time = 50s
[2025-08-25 17:02:57] DEBUG    Ordering time: 64.45s
[2025-08-25 17:03:03] DEBUG    Barrier statistics:
 Dense cols : 203
[2025-08-25 17:03:03] DEBUG    AA' NZ     : 1.621e+07
 Factor NZ  : 6.906e+07 (roughly 4.0 GB of memory)
 Factor Ops : 8.193e+09 (less than 1 second per iteration)
 Threads    : 30
[2025-08-25 17:03:10] DEBUG    Objective                Residual
Iter       Primal          Dual         Primal    Dual     Compl     Time
[2025-08-25 17:03:10] DEBUG    0   9.07484043e+14 -8.88444953e+14  6.88e+10 2.64e-01  3.95e+11   227s
[2025-08-25 17:03:18] DEBUG    1   7.95625653e+14 -8.97261712e+14  5.90e+10 2.23e+01  2.95e+11   234s
[2025-08-25 17:03:26] DEBUG    2   6.79587022e+14 -8.69778619e+14  4.77e+10 8.39e+00  1.92e+11   243s
[2025-08-25 17:03:35] DEBUG    3   5.69845899e+14 -8.15177872e+14  3.64e+10 2.75e+00  1.24e+11   252s
[2025-08-25 17:03:44] DEBUG    4   4.46725638e+14 -7.18493912e+14  2.26e+10 9.00e-01  7.24e+10   261s
[2025-08-25 17:03:51] DEBUG    5   3.40208793e+14 -6.71796137e+14  9.58e+09 4.45e-01  3.17e+10   268s
[2025-08-25 17:03:57] DEBUG    6   3.31252705e+14 -6.20529773e+14  5.86e+09 2.18e-01  1.91e+10   274s
[2025-08-25 17:04:04] DEBUG    7   3.16267726e+14 -5.58720682e+14  3.58e+09 9.72e-02  1.11e+10   281s
[2025-08-25 17:04:12] DEBUG    8   3.28791198e+14 -5.06439278e+14  2.35e+09 2.71e-02  6.99e+09   289s
[2025-08-25 17:04:18] DEBUG    9   3.39596598e+14 -4.57354876e+14  1.46e+09 1.60e-02  4.32e+09   295s
[2025-08-25 17:04:27] DEBUG    10   3.64180098e+14 -3.94549862e+14  5.42e+08 4.68e-02  1.61e+09   304s
[2025-08-25 17:04:34] DEBUG    11   3.40674330e+14 -3.29262217e+14  1.87e+08 6.38e-02  5.74e+08   311s
[2025-08-25 17:04:44] DEBUG    12   3.10938009e+14 -2.69160842e+14  8.21e+07 6.35e-02  2.66e+08   321s
[2025-08-25 17:04:56] DEBUG    13   3.05063565e+14 -2.21569411e+14  7.39e+07 6.25e-02  2.29e+08   333s
[2025-08-25 17:05:04] DEBUG    14   2.96838861e+14 -1.59409873e+14  6.22e+07 5.84e-02  1.81e+08   341s
[2025-08-25 17:05:12] DEBUG    15   2.89282304e+14 -1.50487727e+14  5.31e+07 5.80e-02  1.56e+08   349s
[2025-08-25 17:05:19] DEBUG    16   2.81393403e+14 -1.36983899e+14  4.54e+07 5.78e-02  1.32e+08   356s
[2025-08-25 17:05:28] DEBUG    17   2.77269369e+14 -9.99117944e+13  4.18e+07 5.64e-02  1.14e+08   365s
[2025-08-25 17:05:39] DEBUG    18   2.60124781e+14 -9.33837860e+13  2.77e+07 5.64e-02  7.85e+07   376s
[2025-08-25 17:05:53] DEBUG    19   2.45906021e+14 -5.22489608e+13  1.88e+07 8.46e-02  4.65e+07   390s
[2025-08-25 17:06:02] DEBUG    20   2.44233227e+14 -4.48652297e+13  1.81e+07 6.73e-02  4.22e+07   399s
[2025-08-25 17:06:13] DEBUG    21   2.19579850e+14 -2.91353511e+13  5.77e+06 3.70e-02  1.48e+07   410s
[2025-08-25 17:06:21] DEBUG    22   2.09298205e+14 -2.19395167e+13  3.81e+06 3.71e-02  9.48e+06   418s
[2025-08-25 17:06:29] DEBUG    23   2.01767873e+14 -1.74087577e+13  2.79e+06 3.21e-02  6.74e+06   425s
[2025-08-25 17:06:36] DEBUG    24   1.96177191e+14 -1.41664513e+13  2.19e+06 3.05e-02  5.08e+06   433s
[2025-08-25 17:06:43] DEBUG    25   1.90748029e+14 -1.20527099e+13  1.71e+06 2.94e-02  3.94e+06   440s
[2025-08-25 17:06:50] DEBUG    26   1.88493973e+14 -1.11760915e+13  1.55e+06 2.87e-02  3.54e+06   447s
[2025-08-25 17:06:59] DEBUG    27   1.85627437e+14 -6.48200258e+12  1.35e+06 2.69e-02  2.22e+06   456s
[2025-08-25 17:07:10] DEBUG    28   1.77483693e+14 -4.00540694e+12  8.66e+05 2.28e-02  1.25e+06   467s
[2025-08-25 17:07:21] DEBUG    29   1.71887510e+14 -2.52753925e+12  6.23e+05 2.35e-02  7.47e+05   478s
[2025-08-25 17:07:33] DEBUG    30   1.66359927e+14 -1.55182350e+12  4.45e+05 2.50e-02  4.38e+05   490s
[2025-08-25 17:07:45] DEBUG    31   1.62426190e+14 -1.17004060e+12  3.48e+05 2.36e-02  3.13e+05   502s
[2025-08-25 17:07:52] DEBUG    32   1.59730698e+14 -8.70631952e+11  2.94e+05 2.34e-02  2.32e+05   509s
[2025-08-25 17:07:58] DEBUG    33   1.59091974e+14 -8.20805956e+11  2.83e+05 2.33e-02  2.19e+05   515s
[2025-08-25 17:08:07] DEBUG    34   1.56901745e+14 -6.94188908e+11  2.46e+05 2.27e-02  1.82e+05   524s
[2025-08-25 17:08:19] DEBUG    35   1.54135679e+14 -6.22247668e+11  2.06e+05 2.27e-02  1.51e+05   535s
[2025-08-25 17:08:33] DEBUG    36   1.53265921e+14 -4.25838733e+11  1.95e+05 2.27e-02  1.11e+05   549s
[2025-08-25 17:08:46] DEBUG    37   1.49719251e+14 -3.66663575e+11  1.51e+05 2.27e-02  8.46e+04   563s
[2025-08-25 17:08:59] DEBUG    38   1.47355130e+14 -3.29038970e+11  1.28e+05 2.27e-02  6.94e+04   576s
[2025-08-25 17:09:13] DEBUG    39   1.45318500e+14 -2.83913050e+11  1.10e+05 2.27e-02  5.57e+04   590s
[2025-08-25 17:09:27] DEBUG    40   1.43676040e+14 -2.47513279e+11  9.83e+04 2.26e-02  4.54e+04   604s
[2025-08-25 17:09:41] DEBUG    41   1.42113785e+14 -2.23661730e+11  8.78e+04 2.26e-02  3.84e+04   618s
[2025-08-25 17:09:56] DEBUG    42   1.41249575e+14 -2.03983798e+11  8.24e+04 2.41e-02  3.42e+04   633s
[2025-08-25 17:10:07] DEBUG    43   1.40969828e+14 -2.01840926e+11  8.08e+04 2.42e-02  3.35e+04   644s
[2025-08-25 17:10:20] DEBUG    44   1.39463710e+14 -1.91955025e+11  7.22e+04 2.51e-02  2.92e+04   657s
[2025-08-25 17:10:34] DEBUG    45   1.38394404e+14 -1.88951428e+11  6.66e+04 2.54e-02  2.70e+04   671s
[2025-08-25 17:10:47] DEBUG    46   1.37480237e+14 -1.84921813e+11  6.22e+04 2.57e-02  2.50e+04   684s
[2025-08-25 17:11:00] DEBUG    47   1.36444308e+14 -1.79893042e+11  5.75e+04 2.61e-02  2.29e+04   697s
[2025-08-25 17:11:12] DEBUG    48   1.35984627e+14 -1.77429048e+11  5.55e+04 2.63e-02  2.21e+04   708s
[2025-08-25 17:11:23] DEBUG    49   1.35030951e+14 -1.71942480e+11  5.17e+04 2.67e-02  2.02e+04   720s
[2025-08-25 17:11:32] DEBUG    50   1.34771969e+14 -1.71429435e+11  5.07e+04 2.67e-02  1.98e+04   729s
[2025-08-25 17:11:45] DEBUG    51   1.34406145e+14 -1.70121103e+11  4.93e+04 2.68e-02  1.92e+04   742s
[2025-08-25 17:11:57] DEBUG    52   1.33712815e+14 -1.66703198e+11  4.68e+04 2.71e-02  1.80e+04   754s
[2025-08-25 17:12:11] DEBUG    53   1.33010909e+14 -1.64739465e+11  4.43e+04 2.73e-02  1.70e+04   768s
[2025-08-25 17:12:23] DEBUG    54   1.32334876e+14 -1.63127053e+11  4.21e+04 2.74e-02  1.60e+04   779s
[2025-08-25 17:12:35] DEBUG    55   1.31834944e+14 -1.61862886e+11  4.05e+04 2.75e-02  1.54e+04   792s
[2025-08-25 17:12:49] DEBUG    56   1.31210803e+14 -1.59405740e+11  3.86e+04 2.77e-02  1.45e+04   806s
[2025-08-25 17:13:02] DEBUG    57   1.30478504e+14 -1.57865512e+11  3.64e+04 2.78e-02  1.36e+04   818s
[2025-08-25 17:13:15] DEBUG    58   1.29880876e+14 -1.56547978e+11  3.47e+04 2.80e-02  1.28e+04   832s
[2025-08-25 17:13:29] DEBUG    59   1.29436962e+14 -1.55614381e+11  3.36e+04 2.80e-02  1.24e+04   846s
[2025-08-25 17:13:43] DEBUG    60   1.28906472e+14 -1.54576425e+11  3.22e+04 2.81e-02  1.18e+04   860s
[2025-08-25 17:13:57] DEBUG    61   1.28327428e+14 -1.53562118e+11  3.07e+04 2.82e-02  1.12e+04   874s
[2025-08-25 17:14:11] DEBUG    62   1.27786136e+14 -1.52919896e+11  2.95e+04 2.83e-02  1.07e+04   888s
[2025-08-25 17:14:22] DEBUG    63   1.27572930e+14 -1.52474205e+11  2.90e+04 2.83e-02  1.05e+04   899s
[2025-08-25 17:14:30] DEBUG    64   1.27349675e+14 -1.52186728e+11  2.85e+04 2.83e-02  1.03e+04   907s
[2025-08-25 17:14:44] DEBUG    65   1.26847313e+14 -1.51752241e+11  2.73e+04 2.84e-02  9.90e+03   921s
[2025-08-25 17:14:57] DEBUG    66   1.26474254e+14 -1.51348864e+11  2.65e+04 2.84e-02  9.59e+03   934s
[2025-08-25 17:15:06] DEBUG    67   1.26324991e+14 -1.51227432e+11  2.62e+04 2.84e-02  9.48e+03   942s
[2025-08-25 17:15:19] DEBUG    68   1.25867418e+14 -1.50811688e+11  2.53e+04 2.85e-02  9.13e+03   956s
[2025-08-25 17:15:30] DEBUG    69   1.25634211e+14 -1.50486964e+11  2.48e+04 2.85e-02  8.94e+03   967s
[2025-08-25 17:15:40] DEBUG    70   1.25398438e+14 -1.50374950e+11  2.44e+04 2.85e-02  8.78e+03   977s
[2025-08-25 17:15:53] DEBUG    71   1.24896692e+14 -1.50102580e+11  2.34e+04 2.85e-02  8.44e+03   990s
[2025-08-25 17:16:06] DEBUG    72   1.24321519e+14 -1.49894824e+11  2.23e+04 2.86e-02  8.07e+03  1003s
[2025-08-25 17:16:20] DEBUG    73   1.23960761e+14 -1.49501089e+11  2.17e+04 2.86e-02  7.81e+03  1017s
[2025-08-25 17:16:30] DEBUG    74   1.23713010e+14 -1.49365273e+11  2.12e+04 2.86e-02  7.66e+03  1026s
[2025-08-25 17:16:38] DEBUG    75   1.23409308e+14 -1.49247284e+11  2.07e+04 2.86e-02  7.48e+03  1035s
[2025-08-25 17:16:49] DEBUG    76   1.23100752e+14 -1.49060193e+11  2.02e+04 2.87e-02  7.29e+03  1046s
[2025-08-25 17:16:57] DEBUG    77   1.22881905e+14 -1.48975841e+11  1.99e+04 2.87e-02  7.17e+03  1054s
[2025-08-25 17:17:06] DEBUG    78   1.22777012e+14 -1.48860921e+11  1.97e+04 2.87e-02  7.11e+03  1063s
[2025-08-25 17:17:17] DEBUG    79   1.22295004e+14 -1.48626311e+11  1.89e+04 2.87e-02  6.82e+03  1074s
[2025-08-25 17:17:31] DEBUG    80   1.21877041e+14 -1.48595859e+11  1.83e+04 2.87e-02  9.14e+03  1088s
[2025-08-25 17:17:45] DEBUG    81   1.21394317e+14 -1.48316802e+11  1.76e+04 2.88e-02  8.71e+03  1102s
[2025-08-25 17:17:53] DEBUG    82   1.21242363e+14 -1.48250584e+11  1.73e+04 2.88e-02  9.54e+03  1110s
[2025-08-25 17:18:05] DEBUG    83   1.21085743e+14 -1.48188723e+11  1.71e+04 2.88e-02  9.41e+03  1121s
[2025-08-25 17:18:16] DEBUG    84   1.20902977e+14 -1.48133060e+11  1.69e+04 2.88e-02  9.66e+03  1133s
[2025-08-25 17:18:26] DEBUG    85   1.20872430e+14 -1.48126344e+11  1.68e+04 2.88e-02  9.63e+03  1143s
[2025-08-25 17:18:36] DEBUG    86   1.20627810e+14 -1.48075278e+11  1.65e+04 2.88e-02  9.61e+03  1153s
[2025-08-25 17:18:45] DEBUG    87   1.20604284e+14 -1.48007846e+11  1.64e+04 2.88e-02  9.58e+03  1162s
[2025-08-25 17:18:56] DEBUG    88   1.20528516e+14 -1.47976007e+11  1.63e+04 2.88e-02  9.55e+03  1173s
[2025-08-25 17:19:07] DEBUG    89   1.20418887e+14 -1.47876809e+11  1.62e+04 2.88e-02  9.42e+03  1184s
[2025-08-25 17:19:17] DEBUG    90   1.20131634e+14 -1.47844699e+11  1.58e+04 2.88e-02  9.29e+03  1194s
[2025-08-25 17:19:27] DEBUG    91   1.19881533e+14 -1.47781527e+11  1.55e+04 2.88e-02  9.08e+03  1204s
[2025-08-25 17:19:36] DEBUG    92   1.19814156e+14 -1.47757331e+11  1.54e+04 2.88e-02  9.01e+03  1213s
[2025-08-25 17:19:45] DEBUG    93   1.19547102e+14 -1.47727083e+11  1.51e+04 2.89e-02  8.84e+03  1222s
[2025-08-25 17:19:55] DEBUG    94   1.19329863e+14 -1.47695612e+11  1.48e+04 2.89e-02  8.74e+03  1232s
[2025-08-25 17:20:04] DEBUG    95   1.19300905e+14 -1.47663708e+11  1.48e+04 2.89e-02  8.69e+03  1241s
[2025-08-25 17:20:14] DEBUG    96   1.19273362e+14 -1.47721184e+11  1.47e+04 2.89e-02  8.66e+03  1250s
[2025-08-25 17:20:24] DEBUG    97   1.19224064e+14 -1.47770967e+11  1.47e+04 2.89e-02  8.67e+03  1261s
[2025-08-25 17:20:37] DEBUG    98   1.18597856e+14 -1.47719157e+11  1.39e+04 2.89e-02  8.35e+03  1273s
[2025-08-25 17:20:50] DEBUG    99   1.18536952e+14 -1.47664409e+11  1.38e+04 2.89e-02  8.26e+03  1287s
[2025-08-25 17:21:07] DEBUG    100   1.18110982e+14 -1.47594402e+11  1.33e+04 2.89e-02  7.98e+03  1304s
[2025-08-25 17:21:16] DEBUG    101   1.18010128e+14 -1.47567342e+11  1.32e+04 2.89e-02  7.91e+03  1313s
[2025-08-25 17:21:27] DEBUG    102   1.17830136e+14 -1.47498248e+11  1.30e+04 2.89e-02  7.75e+03  1324s
[2025-08-25 17:21:36] DEBUG    103   1.17711759e+14 -1.47466013e+11  1.29e+04 2.89e-02  7.68e+03  1333s
[2025-08-25 17:21:47] DEBUG    104   1.17564095e+14 -1.47404729e+11  1.27e+04 2.89e-02  7.55e+03  1344s
[2025-08-25 17:22:00] DEBUG    105   1.17387734e+14 -1.47346425e+11  1.25e+04 2.89e-02  7.45e+03  1357s
[2025-08-25 17:22:12] DEBUG    106   1.17340836e+14 -1.47314725e+11  1.25e+04 2.89e-02  7.39e+03  1369s
[2025-08-25 17:22:24] DEBUG    107   1.17181050e+14 -1.47292956e+11  1.23e+04 2.89e-02  7.30e+03  1381s
[2025-08-25 17:22:33] DEBUG    108   1.17021690e+14 -1.47270245e+11  1.22e+04 2.89e-02  7.25e+03  1390s
[2025-08-25 17:22:42] DEBUG    109   1.16961930e+14 -1.47251016e+11  1.21e+04 2.89e-02  7.21e+03  1398s
[2025-08-25 17:22:51] DEBUG    110   1.16955277e+14 -1.47245985e+11  1.21e+04 2.89e-02  7.22e+03  1408s
[2025-08-25 17:23:00] DEBUG    111   1.16942486e+14 -1.47234977e+11  1.21e+04 2.89e-02  7.21e+03  1417s
[2025-08-25 17:23:13] DEBUG    112   1.16923705e+14 -1.47206684e+11  1.21e+04 2.89e-02  7.17e+03  1430s
[2025-08-25 17:23:25] DEBUG    113   1.16837863e+14 -1.47188510e+11  1.20e+04 2.90e-02  7.14e+03  1442s
[2025-08-25 17:23:41] DEBUG    114   1.16685855e+14 -1.47173701e+11  1.18e+04 2.90e-02  7.08e+03  1458s
[2025-08-25 17:23:56] DEBUG    115   1.16500638e+14 -1.47145676e+11  1.16e+04 2.90e-02  6.97e+03  1473s
[2025-08-25 17:24:08] DEBUG    116   1.16370079e+14 -1.47120260e+11  1.15e+04 2.90e-02  6.88e+03  1485s
[2025-08-25 17:24:17] DEBUG    117   1.16252988e+14 -1.47112140e+11  1.14e+04 2.90e-02  6.82e+03  1494s
[2025-08-25 17:24:32] DEBUG    118   1.16034347e+14 -1.47072255e+11  1.12e+04 2.90e-02  6.68e+03  1509s
[2025-08-25 17:24:43] DEBUG    119   1.15897242e+14 -1.47041798e+11  1.10e+04 2.90e-02  6.60e+03  1520s
[2025-08-25 17:24:53] DEBUG    120   1.15764236e+14 -1.47007600e+11  1.09e+04 2.90e-02  6.49e+03  1530s
[2025-08-25 17:25:02] DEBUG    121   1.15709577e+14 -1.46990613e+11  1.09e+04 2.90e-02  6.45e+03  1539s
[2025-08-25 17:25:15] DEBUG    122   1.15215301e+14 -1.46942420e+11  1.04e+04 2.90e-02  6.19e+03  1552s
[2025-08-25 17:25:27] DEBUG    123   1.15109881e+14 -1.46898491e+11  1.03e+04 2.90e-02  6.12e+03  1564s
[2025-08-25 17:25:38] DEBUG    124   1.15002509e+14 -1.46864771e+11  1.02e+04 2.90e-02  6.03e+03  1575s
[2025-08-25 17:25:49] DEBUG    125   1.14896884e+14 -1.46861032e+11  1.01e+04 2.90e-02  5.98e+03  1586s
[2025-08-25 17:26:01] DEBUG    126   1.14808215e+14 -1.46849897e+11  1.00e+04 2.90e-02  5.93e+03  1598s
[2025-08-25 17:26:09] DEBUG    127   1.14596793e+14 -1.46834717e+11  9.85e+03 2.90e-02  5.90e+03  1606s
[2025-08-25 17:26:19] DEBUG    128   1.14505011e+14 -1.46825748e+11  9.77e+03 2.90e-02  5.87e+03  1616s
[2025-08-25 17:26:31] DEBUG    129   1.14469872e+14 -1.46815774e+11  9.74e+03 2.90e-02  5.85e+03  1627s
[2025-08-25 17:26:39] DEBUG    130   1.14371559e+14 -1.46816157e+11  9.66e+03 2.90e-02  5.81e+03  1636s
[2025-08-25 17:26:48] DEBUG    131   1.14036994e+14 -1.46816326e+11  9.37e+03 2.90e-02  5.68e+03  1645s
[2025-08-25 17:26:58] DEBUG    132   1.13833827e+14 -1.46819348e+11  9.21e+03 2.90e-02  5.58e+03  1654s
[2025-08-25 17:27:07] DEBUG    133   1.13611638e+14 -1.46822568e+11  9.03e+03 2.90e-02  5.49e+03  1664s
[2025-08-25 17:27:15] DEBUG    134   1.13413852e+14 -1.46826401e+11  8.87e+03 2.90e-02  5.40e+03  1672s
[2025-08-25 17:27:23] DEBUG    135   1.13356297e+14 -1.46828811e+11  8.83e+03 2.90e-02  5.37e+03  1680s
[2025-08-25 17:27:33] DEBUG    136   1.13131295e+14 -1.46841174e+11  8.65e+03 2.90e-02  5.26e+03  1689s
[2025-08-25 17:27:43] DEBUG    137   1.12735096e+14 -1.46838262e+11  8.35e+03 2.90e-02  5.12e+03  1700s
[2025-08-25 17:27:53] DEBUG    138   1.12620401e+14 -1.46855556e+11  8.27e+03 2.90e-02  5.07e+03  1710s
[2025-08-25 17:28:07] DEBUG    139   1.12362409e+14 -1.46875870e+11  8.08e+03 2.91e-02  4.94e+03  1724s
[2025-08-25 17:28:16] DEBUG    140   1.12175630e+14 -1.46919484e+11  7.94e+03 2.91e-02  4.87e+03  1733s
[2025-08-25 17:28:27] DEBUG    141   1.12031917e+14 -1.46961897e+11  7.84e+03 2.91e-02  4.79e+03  1744s
[2025-08-25 17:28:39] DEBUG    142   1.11832733e+14 -1.46979970e+11  7.71e+03 2.91e-02  4.71e+03  1756s
[2025-08-25 17:28:50] DEBUG    143   1.11737631e+14 -1.47053464e+11  7.64e+03 2.91e-02  4.65e+03  1767s
[2025-08-25 17:29:04] DEBUG    144   1.11529882e+14 -1.47175959e+11  7.50e+03 2.91e-02  4.57e+03  1781s
[2025-08-25 17:29:14] DEBUG    145   1.11293137e+14 -1.47225604e+11  7.34e+03 2.91e-02  4.48e+03  1791s
[2025-08-25 17:29:26] DEBUG    146   1.11170443e+14 -1.47309896e+11  7.26e+03 2.91e-02  4.42e+03  1802s
[2025-08-25 17:29:35] DEBUG    147   1.11104229e+14 -1.47367981e+11  7.22e+03 2.91e-02  4.40e+03  1812s
[2025-08-25 17:29:44] DEBUG    148   1.10689429e+14 -1.47482994e+11  6.95e+03 2.91e-02  4.26e+03  1821s
[2025-08-25 17:29:56] DEBUG    149   1.10424774e+14 -1.47717896e+11  6.78e+03 2.91e-02  4.19e+03  1832s
[2025-08-25 17:30:04] DEBUG    150   1.10252183e+14 -1.47801864e+11  6.68e+03 2.91e-02  4.13e+03  1841s
[2025-08-25 17:30:13] DEBUG    151   1.10060843e+14 -1.47866948e+11  6.56e+03 2.91e-02  4.07e+03  1850s
[2025-08-25 17:30:22] DEBUG    152   1.09815297e+14 -1.47987048e+11  6.42e+03 2.91e-02  3.99e+03  1859s
[2025-08-25 17:30:35] DEBUG    153   1.09396909e+14 -1.48188738e+11  6.18e+03 2.91e-02  3.84e+03  1872s
[2025-08-25 17:30:45] DEBUG    154   1.09195563e+14 -1.48342064e+11  6.06e+03 2.91e-02  3.76e+03  1882s
[2025-08-25 17:30:55] DEBUG    155   1.09070542e+14 -1.48436367e+11  5.99e+03 2.91e-02  3.72e+03  1892s
[2025-08-25 17:31:04] DEBUG    156   1.08912834e+14 -1.48597856e+11  5.91e+03 2.91e-02  3.66e+03  1901s
[2025-08-25 17:31:13] DEBUG    157   1.08845116e+14 -1.48645447e+11  5.87e+03 2.91e-02  3.64e+03  1910s
[2025-08-25 17:31:28] DEBUG    158   1.08170367e+14 -1.48784284e+11  5.51e+03 2.91e-02  3.46e+03  1925s
[2025-08-25 17:31:38] DEBUG    159   1.07995158e+14 -1.48891663e+11  5.43e+03 2.91e-02  3.43e+03  1935s
[2025-08-25 17:31:52] DEBUG    160   1.07471965e+14 -1.48992683e+11  5.17e+03 2.91e-02  3.30e+03  1949s
[2025-08-25 17:32:03] DEBUG    161   1.07316164e+14 -1.49138708e+11  5.09e+03 2.91e-02  3.25e+03  1960s
[2025-08-25 17:32:15] DEBUG    162   1.07144180e+14 -1.49220907e+11  5.01e+03 2.91e-02  3.20e+03  1971s
[2025-08-25 17:32:26] DEBUG    163   1.06863669e+14 -1.49320801e+11  4.89e+03 2.91e-02  3.13e+03  1983s
[2025-08-25 17:32:37] DEBUG    164   1.06784698e+14 -1.49422278e+11  4.85e+03 2.91e-02  3.09e+03  1994s
[2025-08-25 17:32:47] DEBUG    165   1.06679908e+14 -1.49473224e+11  4.80e+03 2.91e-02  3.07e+03  2004s
[2025-08-25 17:32:55] DEBUG    166   1.06520144e+14 -1.49531311e+11  4.73e+03 2.91e-02  3.03e+03  2012s
[2025-08-25 17:33:05] DEBUG    167   1.06354964e+14 -1.49636893e+11  4.66e+03 2.91e-02  2.99e+03  2022s
[2025-08-25 17:33:15] DEBUG    168   1.06145702e+14 -1.49693471e+11  4.57e+03 2.91e-02  2.94e+03  2032s
[2025-08-25 17:33:26] DEBUG    169   1.05952180e+14 -1.49827338e+11  4.49e+03 2.91e-02  2.88e+03  2043s
[2025-08-25 17:33:38] DEBUG    170   1.05822119e+14 -1.49914258e+11  4.44e+03 2.91e-02  2.84e+03  2054s
[2025-08-25 17:33:49] DEBUG    171   1.05703913e+14 -1.50004358e+11  4.39e+03 2.91e-02  2.81e+03  2066s
[2025-08-25 17:34:00] DEBUG    172   1.05605593e+14 -1.50097785e+11  4.35e+03 2.91e-02  2.77e+03  2077s
[2025-08-25 17:34:09] DEBUG    173   1.05515272e+14 -1.50157325e+11  4.31e+03 2.91e-02  2.75e+03  2086s
[2025-08-25 17:34:17] DEBUG    174   1.05390508e+14 -1.50219007e+11  4.26e+03 2.91e-02  2.72e+03  2094s
[2025-08-25 17:34:29] DEBUG    175   1.05242268e+14 -1.50321596e+11  4.21e+03 2.91e-02  2.71e+03  2106s
[2025-08-25 17:34:37] DEBUG    176   1.05128196e+14 -1.50384153e+11  4.16e+03 2.91e-02  2.68e+03  2114s
[2025-08-25 17:34:47] DEBUG    177   1.04811091e+14 -1.50441780e+11  4.04e+03 2.91e-02  2.64e+03  2124s
[2025-08-25 17:34:58] DEBUG    178   1.04641856e+14 -1.50512218e+11  3.98e+03 2.91e-02  2.60e+03  2135s
[2025-08-25 17:35:09] DEBUG    179   1.04485304e+14 -1.50573498e+11  3.92e+03 2.91e-02  2.56e+03  2146s
[2025-08-25 17:35:23] DEBUG    180   1.04421704e+14 -1.50611754e+11  3.90e+03 2.91e-02  2.54e+03  2160s
[2025-08-25 17:35:35] DEBUG    181   1.04231706e+14 -1.50686635e+11  3.83e+03 2.91e-02  2.49e+03  2172s
[2025-08-25 17:35:46] DEBUG    182   1.04151017e+14 -1.50747595e+11  3.80e+03 2.91e-02  2.48e+03  2183s
[2025-08-25 17:35:58] DEBUG    183   1.04096034e+14 -1.50771368e+11  3.78e+03 2.91e-02  2.46e+03  2195s
[2025-08-25 17:36:07] DEBUG    184   1.03925443e+14 -1.50801061e+11  3.72e+03 2.91e-02  2.45e+03  2204s
[2025-08-25 17:36:19] DEBUG    185   1.03696472e+14 -1.50867827e+11  3.64e+03 2.91e-02  2.40e+03  2216s
[2025-08-25 17:36:28] DEBUG    186   1.03640997e+14 -1.50894916e+11  3.62e+03 2.91e-02  2.38e+03  2225s
[2025-08-25 17:36:40] DEBUG    187   1.03493109e+14 -1.50957222e+11  3.57e+03 2.91e-02  2.35e+03  2237s
[2025-08-25 17:36:49] DEBUG    188   1.03428352e+14 -1.50979915e+11  3.55e+03 2.91e-02  2.34e+03  2246s
[2025-08-25 17:36:58] DEBUG    189   1.03155593e+14 -1.51020207e+11  3.46e+03 2.91e-02  2.29e+03  2255s
[2025-08-25 17:37:09] DEBUG    190   1.03105830e+14 -1.51064009e+11  3.44e+03 2.91e-02  2.27e+03  2266s
[2025-08-25 17:37:20] DEBUG    191   1.03042369e+14 -1.51105342e+11  3.42e+03 2.91e-02  2.25e+03  2277s
[2025-08-25 17:37:30] DEBUG    192   1.02995178e+14 -1.51133662e+11  3.41e+03 2.90e-02  2.25e+03  2287s
[2025-08-25 17:37:41] DEBUG    193   1.02777437e+14 -1.51162242e+11  3.34e+03 2.90e-02  2.22e+03  2298s
[2025-08-25 17:37:49] DEBUG    194   1.02724405e+14 -1.51175353e+11  3.32e+03 2.90e-02  2.21e+03  2306s
[2025-08-25 17:37:58] DEBUG    195   1.02481494e+14 -1.51216407e+11  3.25e+03 2.90e-02  2.17e+03  2315s
[2025-08-25 17:38:09] DEBUG    196   1.02343008e+14 -1.51273948e+11  3.21e+03 2.90e-02  2.13e+03  2326s
[2025-08-25 17:38:21] DEBUG    197   1.02250222e+14 -1.51303905e+11  3.18e+03 2.90e-02  2.11e+03  2338s
[2025-08-25 17:38:30] DEBUG    198   1.02216788e+14 -1.51329021e+11  3.17e+03 2.90e-02  2.11e+03  2347s
[2025-08-25 17:38:42] DEBUG    199   1.01929656e+14 -1.51372545e+11  3.08e+03 2.90e-02  2.06e+03  2359s
[2025-08-25 17:38:51] DEBUG    200   1.01883986e+14 -1.51385833e+11  3.07e+03 2.90e-02  2.05e+03  2368s
[2025-08-25 17:39:05] DEBUG    201   1.01638300e+14 -1.51447375e+11  3.00e+03 2.90e-02  2.01e+03  2382s
[2025-08-25 17:39:16] DEBUG    202   1.01622922e+14 -1.51464832e+11  2.99e+03 2.90e-02  2.00e+03  2393s
[2025-08-25 17:39:25] DEBUG    203   1.01556283e+14 -1.51487322e+11  2.98e+03 2.90e-02  1.99e+03  2402s
[2025-08-25 17:39:38] DEBUG    204   1.01462697e+14 -1.51508039e+11  2.95e+03 2.90e-02  1.98e+03  2415s
[2025-08-25 17:39:50] DEBUG    205   1.01383619e+14 -1.51544760e+11  2.93e+03 2.90e-02  1.96e+03  2427s
[2025-08-25 17:39:58] DEBUG    206   1.01337440e+14 -1.51577254e+11  2.91e+03 2.90e-02  1.96e+03  2435s
[2025-08-25 17:40:08] DEBUG    207   1.01279292e+14 -1.51595470e+11  2.90e+03 2.90e-02  1.95e+03  2444s
[2025-08-25 17:40:19] DEBUG    208   1.00880414e+14 -1.51630726e+11  2.79e+03 2.90e-02  1.89e+03  2456s
[2025-08-25 17:40:30] DEBUG    209   1.00843653e+14 -1.51666365e+11  2.78e+03 2.89e-02  1.88e+03  2467s
[2025-08-25 17:40:41] DEBUG    210   1.00768113e+14 -1.51691119e+11  2.76e+03 2.89e-02  1.87e+03  2478s
[2025-08-25 17:40:53] DEBUG    211   1.00742262e+14 -1.51706844e+11  2.75e+03 2.89e-02  1.86e+03  2489s
[2025-08-25 17:41:02] DEBUG    212   1.00681362e+14 -1.51724320e+11  2.74e+03 2.89e-02  1.85e+03  2499s
[2025-08-25 17:41:12] DEBUG    213   1.00626856e+14 -1.51726999e+11  2.72e+03 2.89e-02  1.84e+03  2509s
[2025-08-25 17:41:20] DEBUG    214   1.00620478e+14 -1.51749960e+11  2.72e+03 2.89e-02  1.84e+03  2517s
[2025-08-25 17:41:30] DEBUG    215   1.00516584e+14 -1.51757961e+11  2.70e+03 2.89e-02  1.83e+03  2527s
[2025-08-25 17:41:39] DEBUG    216   1.00510774e+14 -1.51776632e+11  2.69e+03 2.89e-02  1.82e+03  2536s
[2025-08-25 17:41:51] DEBUG    217   1.00438778e+14 -1.51811258e+11  2.68e+03 2.89e-02  1.81e+03  2548s
[2025-08-25 17:42:01] DEBUG    218   1.00402827e+14 -1.51823571e+11  2.67e+03 2.89e-02  1.81e+03  2558s
[2025-08-25 17:42:13] DEBUG    219   1.00351575e+14 -1.51835561e+11  2.65e+03 2.89e-02  1.80e+03  2569s
[2025-08-25 17:42:15] DEBUG    Barrier performed 219 iterations in 2571.16 seconds (648.73 work units)
[2025-08-25 17:42:15] DEBUG    Barrier solve interrupted - model solved by another algorithm
[2025-08-25 17:42:15] DEBUG    Solved with dual simplex
[2025-08-25 17:42:32] DEBUG    Iteration    Objective       Primal Inf.    Dual Inf.      Time
[2025-08-25 17:42:32] DEBUG    1052820    1.2779710e+10   0.000000e+00   0.000000e+00   2589s

Solved in 1052820 iterations and 2589.25 seconds (1101.49 work units)
[2025-08-25 17:42:32] DEBUG    Optimal objective  1.277971014e+10
✅ Scenario completato: new_trasmission_CG+VRES_2030_BESS

🚀 Lancio scenario: new_trasmission_CG+VRES_2030_nostorage
[2025-08-25 17:55:47] INFO     Loading sets
[2025-08-25 17:55:47] INFO     Loading parameters
[2025-08-25 17:56:25] INFO     constraints are loaded in the following order: ['energy_balance', 'dispatch', 'costs', 'capacity', 'network', 'policy', 'conversion', 'group', 'conversion_plus', 'milp', 'export']
[2025-08-25 17:56:25] INFO     creating energy_balance constraints
[2025-08-25 17:59:41] INFO     creating dispatch constraints
[2025-08-25 18:01:55] INFO     creating costs constraints
[2025-08-25 18:21:03] INFO     creating capacity constraints
[2025-08-25 18:21:03] INFO     creating network constraints
[2025-08-25 18:21:03] INFO     creating policy constraints
[2025-08-25 18:21:03] INFO     creating conversion constraints
[2025-08-25 18:21:03] INFO     creating group constraints
[2025-08-25 18:21:03] INFO     creating conversion_plus constraints
[2025-08-25 18:21:03] INFO     creating milp constraints
[2025-08-25 18:21:03] INFO     creating export constraints
[2025-08-25 18:35:59] DEBUG    Set parameter WLSAccessID
Set parameter WLSSecret
Set parameter LicenseID to value 2680226
[2025-08-25 18:35:59] DEBUG    Academic license 2680226 - for non-commercial use only - registered to an___@mail.polimi.it
[2025-08-25 18:36:41] DEBUG    Read LP format model from file /tmp/tmp4csi5sb1.pyomo.lp
Reading time = 41.59 seconds
x20466889: 27010653 rows, 20466889 columns, 66299731 nonzeros
[2025-08-25 18:36:41] DEBUG    Set parameter NumericFocus to value 1
Gurobi Optimizer version 12.0.2 build v12.0.2rc0 (linux64 - "Debian GNU/Linux 11 (bullseye)")

CPU model: Intel(R) Xeon(R) Silver 4314 CPU @ 2.40GHz, instruction set [SSE2|AVX|AVX2|AVX512]
Thread count: 32 physical cores, 64 logical processors, using up to 32 threads

Non-default parameters:
NumericFocus  1
[2025-08-25 18:36:41] DEBUG    Academic license 2680226 - for non-commercial use only - registered to an___@mail.polimi.it
Optimize a model with 27010653 rows, 20466889 columns and 66299731 nonzeros
[2025-08-25 18:36:42] DEBUG    Model fingerprint: 0xbc04fd3e
[2025-08-25 18:36:42] DEBUG    Coefficient statistics:
  Matrix range     [1e-07, 6e+02]
  Objective range  [1e+00, 1e+06]
  Bounds range     [0e+00, 0e+00]
  RHS range        [1e+00, 2e+08]
[2025-08-25 18:36:47] DEBUG    Presolve removed 19867692 rows and 11270167 columns (presolve time = 5s)...
[2025-08-25 18:36:52] DEBUG    Presolve removed 20298738 rows and 13530481 columns (presolve time = 10s)...
[2025-08-25 18:36:57] DEBUG    Presolve removed 23599570 rows and 16831254 columns (presolve time = 15s)...
[2025-08-25 18:37:03] DEBUG    Presolve removed 23599570 rows and 16831254 columns (presolve time = 21s)...
[2025-08-25 18:37:31] DEBUG    Presolve removed 24137407 rows and 17085294 columns (presolve time = 49s)...
[2025-08-25 18:37:32] DEBUG    Presolve removed 24137407 rows and 17207934 columns (presolve time = 50s)...
[2025-08-25 18:37:36] DEBUG    Presolve removed 24286310 rows and 17207934 columns
[2025-08-25 18:38:10] DEBUG    Presolve time: 89.53s
Presolved: 2724343 rows, 3407858 columns, 10988527 nonzeros
[2025-08-25 18:38:10] DEBUG    Concurrent LP optimizer: primal simplex, dual simplex, and barrier
Showing barrier log only...
[2025-08-25 18:38:14] DEBUG    Ordering time: 1.78s
[2025-08-25 18:38:16] DEBUG    Barrier statistics:
 Dense cols : 174
 AA' NZ     : 9.245e+06
 Factor NZ  : 4.108e+07 (roughly 3.0 GB of memory)
 Factor Ops : 2.774e+09 (less than 1 second per iteration)
[2025-08-25 18:38:16] DEBUG    Threads    : 30
[2025-08-25 18:38:21] DEBUG    Objective                Residual
[2025-08-25 18:38:21] DEBUG    Iter       Primal          Dual         Primal    Dual     Compl     Time
[2025-08-25 18:38:21] DEBUG    0   9.19130576e+14 -9.30059371e+14  6.88e+10 3.26e-01  4.11e+11   100s
[2025-08-25 18:38:26] DEBUG    1   8.09861210e+14 -9.39331208e+14  5.95e+10 2.20e+01  3.17e+11   105s
[2025-08-25 18:38:33] DEBUG    2   6.82867245e+14 -9.24958364e+14  4.86e+10 1.08e+01  2.35e+11   112s
[2025-08-25 18:38:41] DEBUG    3   5.17178786e+14 -7.86746448e+14  3.39e+10 3.45e+00  1.39e+11   121s
[2025-08-25 18:38:49] DEBUG    4   4.16212962e+14 -7.33271064e+14  2.45e+10 1.37e+00  9.50e+10   128s
[2025-08-25 18:38:53] DEBUG    5   2.50462726e+14 -6.95900963e+14  7.31e+09 7.50e-01  3.11e+10   132s
[2025-08-25 18:38:59] DEBUG    6   2.32799928e+14 -6.35872694e+14  2.93e+09 3.24e-01  1.31e+10   138s
[2025-08-25 18:39:04] DEBUG    7   2.36716253e+14 -5.46852011e+14  1.62e+09 1.31e-01  6.88e+09   144s
[2025-08-25 18:39:09] DEBUG    8   2.35626746e+14 -4.80319776e+14  1.32e+09 5.22e-02  5.25e+09   148s
[2025-08-25 18:39:15] DEBUG    9   2.27912439e+14 -4.02212186e+14  5.85e+08 1.65e-02  2.26e+09   154s
[2025-08-25 18:39:22] DEBUG    10   1.98636657e+14 -3.11323852e+14  9.08e+07 6.41e-02  3.88e+08   161s
[2025-08-25 18:39:29] DEBUG    11   1.71111687e+14 -1.85571905e+14  3.79e+07 6.68e-02  1.60e+08   168s
[2025-08-25 18:39:34] DEBUG    12   1.54879515e+14 -1.19688581e+14  2.42e+07 6.41e-02  9.50e+07   173s
[2025-08-25 18:39:39] DEBUG    13   1.50914753e+14 -1.04343986e+14  2.20e+07 6.31e-02  8.36e+07   178s
[2025-08-25 18:39:44] DEBUG    14   1.38901709e+14 -9.17651335e+13  1.59e+07 6.74e-02  6.15e+07   183s
[2025-08-25 18:39:49] DEBUG    15   1.36227878e+14 -8.09591126e+13  1.49e+07 7.12e-02  5.54e+07   189s
[2025-08-25 18:39:57] DEBUG    16   1.22587104e+14 -5.82166484e+13  9.54e+06 7.63e-02  3.47e+07   196s
[2025-08-25 18:40:06] DEBUG    17   1.13127394e+14 -3.54596148e+13  6.72e+06 8.50e-02  2.05e+07   205s
[2025-08-25 18:40:16] DEBUG    18   1.06005134e+14 -2.83797862e+13  5.27e+06 8.94e-02  1.50e+07   215s
[2025-08-25 18:40:26] DEBUG    19   1.00279447e+14 -1.82250799e+13  4.28e+06 9.70e-02  9.82e+06   225s
[2025-08-25 18:40:32] DEBUG    20   9.64548545e+13 -1.50425104e+13  3.69e+06 9.68e-02  7.95e+06   231s
[2025-08-25 18:40:37] DEBUG    21   9.45152507e+13 -1.28889824e+13  3.44e+06 9.56e-02  7.01e+06   236s
[2025-08-25 18:40:44] DEBUG    22   9.15793615e+13 -1.12958894e+13  3.04e+06 9.22e-02  5.89e+06   244s
[2025-08-25 18:40:54] DEBUG    23   8.90883913e+13 -9.02697947e+12  2.73e+06 8.88e-02  4.78e+06   253s
[2025-08-25 18:41:06] DEBUG    24   8.46748740e+13 -7.55118008e+12  2.21e+06 8.14e-02  3.71e+06   265s
[2025-08-25 18:41:17] DEBUG    25   7.89327510e+13 -6.24154684e+12  1.52e+06 7.06e-02  2.55e+06   276s
[2025-08-25 18:41:29] DEBUG    26   7.55840959e+13 -5.14796998e+12  1.20e+06 5.60e-02  1.93e+06   288s
[2025-08-25 18:41:40] DEBUG    27   7.28115363e+13 -3.38841249e+12  9.60e+05 3.47e-02  1.26e+06   299s
[2025-08-25 18:41:51] DEBUG    28   7.01080724e+13 -2.67069372e+12  7.57e+05 3.11e-02  9.26e+05   310s
[2025-08-25 18:42:00] DEBUG    29   6.82556951e+13 -1.77691187e+12  6.40e+05 3.26e-02  6.38e+05   319s
[2025-08-25 18:42:12] DEBUG    30   6.65786624e+13 -1.43289530e+12  5.45e+05 3.16e-02  5.03e+05   331s
[2025-08-25 18:42:22] DEBUG    31   6.59299448e+13 -1.33521046e+12  5.12e+05 3.05e-02  4.64e+05   341s
[2025-08-25 18:42:29] DEBUG    32   6.55776527e+13 -1.23882521e+12  4.95e+05 2.81e-02  4.37e+05   348s
[2025-08-25 18:42:40] DEBUG    33   6.42569709e+13 -1.11252365e+12  4.32e+05 2.61e-02  3.75e+05   359s
[2025-08-25 18:42:46] DEBUG    34   6.40490228e+13 -1.06908125e+12  4.23e+05 2.60e-02  3.62e+05   366s
[2025-08-25 18:42:56] DEBUG    35   6.32510900e+13 -1.02920164e+12  3.89e+05 2.60e-02  3.36e+05   375s
[2025-08-25 18:43:06] DEBUG    36   6.28354059e+13 -9.87799731e+11  3.72e+05 2.60e-02  3.19e+05   385s
[2025-08-25 18:43:13] DEBUG    37   6.26002017e+13 -9.50947102e+11  3.63e+05 2.59e-02  3.07e+05   392s
[2025-08-25 18:43:23] DEBUG    38   6.17656130e+13 -8.45434224e+11  3.30e+05 2.58e-02  2.69e+05   402s
[2025-08-25 18:43:30] DEBUG    39   6.15379452e+13 -8.02909184e+11  3.22e+05 2.58e-02  2.58e+05   410s
[2025-08-25 18:43:38] DEBUG    40   6.12100290e+13 -7.86206690e+11  3.10e+05 2.57e-02  2.49e+05   417s
[2025-08-25 18:43:47] DEBUG    41   6.10274955e+13 -7.48573468e+11  3.04e+05 2.57e-02  2.39e+05   426s
[2025-08-25 18:43:58] DEBUG    42   5.99607952e+13 -7.06841184e+11  2.67e+05 2.56e-02  2.13e+05   437s
[2025-08-25 18:44:09] DEBUG    43   5.95279356e+13 -6.64956317e+11  2.53e+05 2.55e-02  1.99e+05   449s
[2025-08-25 18:44:16] DEBUG    44   5.93157694e+13 -6.41938955e+11  2.47e+05 2.54e-02  1.92e+05   455s
[2025-08-25 18:44:27] DEBUG    45   5.90436402e+13 -6.11868371e+11  2.39e+05 2.54e-02  1.83e+05   466s
[2025-08-25 18:44:34] DEBUG    46   5.87919330e+13 -5.95609905e+11  2.31e+05 2.53e-02  1.77e+05   473s
[2025-08-25 18:44:41] DEBUG    47   5.84079809e+13 -5.76333986e+11  2.20e+05 2.52e-02  1.69e+05   480s
[2025-08-25 18:44:51] DEBUG    48   5.78408932e+13 -5.43084906e+11  2.05e+05 2.51e-02  1.56e+05   490s
[2025-08-25 18:45:00] DEBUG    49   5.76217685e+13 -5.21962094e+11  1.99e+05 2.50e-02  1.50e+05   499s
[2025-08-25 18:45:07] DEBUG    50   5.74610937e+13 -5.07369662e+11  1.95e+05 2.50e-02  1.45e+05   506s
[2025-08-25 18:45:19] DEBUG    51   5.69676864e+13 -4.87743176e+11  1.83e+05 2.49e-02  1.37e+05   518s
[2025-08-25 18:45:26] DEBUG    52   5.66580276e+13 -4.63922979e+11  1.76e+05 2.48e-02  1.30e+05   525s
[2025-08-25 18:45:36] DEBUG    53   5.62283559e+13 -4.36453873e+11  1.66e+05 2.46e-02  1.21e+05   535s
[2025-08-25 18:45:48] DEBUG    54   5.57798896e+13 -4.21969568e+11  1.56e+05 2.45e-02  1.14e+05   547s
[2025-08-25 18:45:58] DEBUG    55   5.55725330e+13 -4.10724904e+11  1.52e+05 2.45e-02  1.10e+05   557s
[2025-08-25 18:46:09] DEBUG    56   5.55059650e+13 -3.97212218e+11  1.50e+05 2.44e-02  1.07e+05   568s
[2025-08-25 18:46:21] DEBUG    57   5.52466344e+13 -3.87742264e+11  1.45e+05 2.43e-02  1.04e+05   580s
[2025-08-25 18:46:30] DEBUG    58   5.50194055e+13 -3.75035302e+11  1.40e+05 2.43e-02  9.97e+04   589s
[2025-08-25 18:46:40] DEBUG    59   5.48293407e+13 -3.66192379e+11  1.37e+05 2.42e-02  9.67e+04   599s
[2025-08-25 18:46:51] DEBUG    60   5.44016193e+13 -3.54681876e+11  1.28e+05 2.41e-02  9.16e+04   610s
[2025-08-25 18:47:00] DEBUG    61   5.41584692e+13 -3.41933219e+11  1.24e+05 2.40e-02  8.77e+04   619s
[2025-08-25 18:47:10] DEBUG    62   5.39367571e+13 -3.29619249e+11  1.20e+05 2.39e-02  8.42e+04   629s
[2025-08-25 18:47:17] DEBUG    63   5.37631526e+13 -3.24958563e+11  1.17e+05 2.38e-02  8.24e+04   636s
[2025-08-25 18:47:27] DEBUG    64   5.35068308e+13 -3.11830040e+11  1.12e+05 2.37e-02  7.85e+04   646s
[2025-08-25 18:47:38] DEBUG    65   5.32722267e+13 -3.00472979e+11  1.08e+05 2.36e-02  7.52e+04   657s
[2025-08-25 18:47:49] DEBUG    66   5.31514231e+13 -2.92752265e+11  1.06e+05 2.36e-02  7.33e+04   668s
[2025-08-25 18:47:56] DEBUG    67   5.30766245e+13 -2.85177123e+11  1.05e+05 2.35e-02  7.16e+04   675s
[2025-08-25 18:48:03] DEBUG    68   5.29031260e+13 -2.76914342e+11  1.03e+05 2.34e-02  6.94e+04   682s
[2025-08-25 18:48:11] DEBUG    69   5.28094921e+13 -2.69620474e+11  1.01e+05 2.33e-02  6.77e+04   690s
[2025-08-25 18:48:21] DEBUG    70   5.25638287e+13 -2.63822214e+11  9.72e+04 2.33e-02  6.55e+04   700s
[2025-08-25 18:48:30] DEBUG    71   5.24085831e+13 -2.58722645e+11  9.49e+04 2.32e-02  6.39e+04   709s
[2025-08-25 18:48:39] DEBUG    72   5.22886417e+13 -2.53583323e+11  9.32e+04 2.31e-02  6.25e+04   718s
[2025-08-25 18:48:47] DEBUG    73   5.21315628e+13 -2.42171648e+11  9.09e+04 2.30e-02  5.99e+04   727s
[2025-08-25 18:48:57] DEBUG    74   5.19314027e+13 -2.38211383e+11  8.80e+04 2.29e-02  5.83e+04   736s
[2025-08-25 18:49:08] DEBUG    75   5.16621832e+13 -2.30762763e+11  8.43e+04 2.29e-02  5.58e+04   747s
[2025-08-25 18:49:17] DEBUG    76   5.15150854e+13 -2.24237772e+11  8.23e+04 2.28e-02  5.42e+04   757s
[2025-08-25 18:49:27] DEBUG    77   5.14266990e+13 -2.19383611e+11  8.12e+04 2.27e-02  5.30e+04   766s
[2025-08-25 18:49:36] DEBUG    78   5.12456443e+13 -2.11806405e+11  7.88e+04 2.26e-02  5.11e+04   775s
[2025-08-25 18:49:44] DEBUG    79   5.11478299e+13 -2.07478870e+11  7.76e+04 2.25e-02  5.00e+04   784s
[2025-08-25 18:49:53] DEBUG    80   5.10426995e+13 -2.03434091e+11  7.63e+04 2.25e-02  4.90e+04   792s
[2025-08-25 18:50:03] DEBUG    81   5.09394848e+13 -1.96759057e+11  7.50e+04 2.24e-02  4.76e+04   802s
[2025-08-25 18:50:10] DEBUG    82   5.08339903e+13 -1.93421968e+11  7.37e+04 2.23e-02  4.66e+04   809s
[2025-08-25 18:50:17] DEBUG    83   5.07503374e+13 -1.91180028e+11  7.27e+04 2.23e-02  4.60e+04   816s
[2025-08-25 18:50:25] DEBUG    84   5.05282071e+13 -1.86706371e+11  7.01e+04 2.22e-02  4.45e+04   824s
[2025-08-25 18:50:35] DEBUG    85   5.04020307e+13 -1.80701061e+11  6.86e+04 2.21e-02  4.31e+04   835s
[2025-08-25 18:50:44] DEBUG    86   5.03295798e+13 -1.76785051e+11  6.78e+04 2.23e-02  4.23e+04   843s
[2025-08-25 18:50:52] DEBUG    87   5.02275949e+13 -1.73817391e+11  6.67e+04 2.26e-02  4.15e+04   851s
[2025-08-25 18:50:58] DEBUG    88   5.01483382e+13 -1.69499412e+11  6.58e+04 2.31e-02  4.05e+04   857s
[2025-08-25 18:51:06] DEBUG    89   5.00993541e+13 -1.65840556e+11  6.53e+04 2.35e-02  3.98e+04   865s
[2025-08-25 18:51:15] DEBUG    90   5.00248492e+13 -1.63451718e+11  6.45e+04 2.38e-02  3.92e+04   874s
[2025-08-25 18:51:22] DEBUG    91   4.99016256e+13 -1.62021370e+11  6.31e+04 2.40e-02  3.86e+04   881s
[2025-08-25 18:51:30] DEBUG    92   4.98011237e+13 -1.59244064e+11  6.21e+04 2.42e-02  3.78e+04   889s
[2025-08-25 18:51:39] DEBUG    93   4.97492399e+13 -1.55640056e+11  6.15e+04 2.46e-02  3.71e+04   898s
[2025-08-25 18:51:48] DEBUG    94   4.96960055e+13 -1.50536597e+11  6.10e+04 2.51e-02  3.62e+04   907s
[2025-08-25 18:51:55] DEBUG    95   4.95589483e+13 -1.48268378e+11  5.96e+04 2.52e-02  3.54e+04   914s
[2025-08-25 18:52:06] DEBUG    96   4.93186620e+13 -1.44245467e+11  5.71e+04 2.56e-02  3.41e+04   925s
[2025-08-25 18:52:17] DEBUG    97   4.91936847e+13 -1.41107997e+11  5.59e+04 2.58e-02  3.32e+04   936s
[2025-08-25 18:52:27] DEBUG    98   4.90776887e+13 -1.36575642e+11  5.48e+04 2.61e-02  3.22e+04   946s
[2025-08-25 18:52:38] DEBUG    99   4.89975395e+13 -1.33029665e+11  5.41e+04 2.63e-02  3.15e+04   957s
[2025-08-25 18:52:49] DEBUG    100   4.89254522e+13 -1.29167091e+11  5.34e+04 2.65e-02  3.07e+04   968s
[2025-08-25 18:52:49] DEBUG    Barrier performed 100 iterations in 968.14 seconds (282.14 work units)
Barrier solve interrupted - model solved by another algorithm
[2025-08-25 18:52:49] DEBUG    Solved with dual simplex
[2025-08-25 18:53:00] DEBUG    Iteration    Objective       Primal Inf.    Dual Inf.      Time
[2025-08-25 18:53:00] DEBUG    508147    1.2779710e+10   0.000000e+00   0.000000e+00    979s

Solved in 508147 iterations and 979.17 seconds (416.51 work units)
[2025-08-25 18:53:00] DEBUG    Optimal objective  1.277971014e+10
✅ Scenario completato: new_trasmission_CG+VRES_2030_nostorage

🚀 Lancio scenario: new_trasmission_GT+VRES_2030_PHES
[2025-08-25 19:09:56] INFO     Loading sets
[2025-08-25 19:09:56] INFO     Loading parameters
[2025-08-25 19:10:35] INFO     constraints are loaded in the following order: ['energy_balance', 'dispatch', 'costs', 'capacity', 'network', 'policy', 'conversion', 'group', 'conversion_plus', 'milp', 'export']
[2025-08-25 19:10:35] INFO     creating energy_balance constraints
[2025-08-25 19:14:02] INFO     creating dispatch constraints
[2025-08-25 19:16:25] INFO     creating costs constraints
[2025-08-25 19:27:15] INFO     creating capacity constraints
[2025-08-25 19:27:15] INFO     creating network constraints
[2025-08-25 19:27:15] INFO     creating policy constraints
[2025-08-25 19:27:15] INFO     creating conversion constraints
[2025-08-25 19:27:15] INFO     creating group constraints
[2025-08-25 19:27:15] INFO     creating conversion_plus constraints
[2025-08-25 19:27:15] INFO     creating milp constraints
[2025-08-25 19:27:15] INFO     creating export constraints
[2025-08-25 19:42:56] DEBUG    Set parameter WLSAccessID
Set parameter WLSSecret
Set parameter LicenseID to value 2680226
[2025-08-25 19:42:56] DEBUG    Academic license 2680226 - for non-commercial use only - registered to an___@mail.polimi.it
[2025-08-25 19:43:40] DEBUG    Read LP format model from file /tmp/tmpbiywl9pe.pyomo.lp
Reading time = 43.84 seconds
[2025-08-25 19:43:40] DEBUG    x21737263: 28789165 rows, 21737263 columns, 71126868 nonzeros
Set parameter NumericFocus to value 1
Gurobi Optimizer version 12.0.2 build v12.0.2rc0 (linux64 - "Debian GNU/Linux 11 (bullseye)")

CPU model: Intel(R) Xeon(R) Silver 4314 CPU @ 2.40GHz, instruction set [SSE2|AVX|AVX2|AVX512]
Thread count: 32 physical cores, 64 logical processors, using up to 32 threads

Non-default parameters:
NumericFocus  1
[2025-08-25 19:43:40] DEBUG    Academic license 2680226 - for non-commercial use only - registered to an___@mail.polimi.it
Optimize a model with 28789165 rows, 21737263 columns and 71126868 nonzeros
[2025-08-25 19:43:41] DEBUG    Model fingerprint: 0x295d5128
[2025-08-25 19:43:41] DEBUG    Coefficient statistics:
  Matrix range     [1e-07, 6e+02]
  Objective range  [1e+00, 1e+06]
  Bounds range     [0e+00, 0e+00]
  RHS range        [1e+00, 6e+09]
Warning: Model contains large rhs
[2025-08-25 19:43:47] DEBUG    Presolve removed 20375946 rows and 11778366 columns (presolve time = 5s)...
[2025-08-25 19:43:51] DEBUG    Presolve removed 20938398 rows and 13148253 columns (presolve time = 10s)...
[2025-08-25 19:43:56] DEBUG    Presolve removed 22780960 rows and 15960000 columns (presolve time = 15s)...
[2025-08-25 19:44:02] DEBUG    Presolve removed 24467094 rows and 17600556 columns (presolve time = 20s)...
[2025-08-25 19:44:35] DEBUG    Presolve removed 25004983 rows and 17854596 columns (presolve time = 54s)...
[2025-08-25 19:44:36] DEBUG    Presolve removed 25004983 rows and 17977236 columns (presolve time = 55s)...
[2025-08-25 19:44:42] DEBUG    Presolve removed 25153886 rows and 17977236 columns
[2025-08-25 19:45:21] DEBUG    Presolve time: 100.80s
Presolved: 3635279 rows, 3908930 columns, 14814375 nonzeros
[2025-08-25 19:45:21] DEBUG    Concurrent LP optimizer: primal simplex, dual simplex, and barrier
Showing barrier log only...
[2025-08-25 19:45:53] DEBUG    Elapsed ordering time = 30s
[2025-08-25 19:45:58] DEBUG    Elapsed ordering time = 35s
[2025-08-25 19:46:05] DEBUG    Ordering time: 42.15s
[2025-08-25 19:46:09] DEBUG    Barrier statistics:
[2025-08-25 19:46:09] DEBUG    Dense cols : 200
 AA' NZ     : 1.548e+07
 Factor NZ  : 6.593e+07 (roughly 3.6 GB of memory)
 Factor Ops : 7.598e+09 (less than 1 second per iteration)
 Threads    : 30
[2025-08-25 19:46:14] DEBUG    Objective                Residual
[2025-08-25 19:46:14] DEBUG    Iter       Primal          Dual         Primal    Dual     Compl     Time
[2025-08-25 19:46:15] DEBUG    0   9.45331396e+14 -7.59351265e+14  6.88e+10 2.70e-01  3.48e+11   155s
[2025-08-25 19:46:22] DEBUG    1   8.71933004e+14 -7.83591055e+14  6.28e+10 1.87e+01  2.68e+11   162s
[2025-08-25 19:46:30] DEBUG    2   8.26559756e+14 -2.23514454e+15  5.90e+10 1.55e+01  2.46e+11   170s
[2025-08-25 19:46:42] DEBUG    3   7.48802142e+14 -7.16360740e+15  5.25e+10 6.88e+00  1.92e+11   182s
[2025-08-25 19:46:49] DEBUG    4   5.54543736e+14 -8.99461303e+15  3.58e+10 2.62e+00  1.21e+11   189s
[2025-08-25 19:47:00] DEBUG    5   4.11137580e+14 -8.96767831e+15  2.34e+10 1.03e+00  7.64e+10   200s
[2025-08-25 19:47:11] DEBUG    6   2.44257858e+14 -8.00330901e+15  5.47e+09 4.05e-01  1.98e+10   211s
[2025-08-25 19:47:18] DEBUG    7   2.46139678e+14 -5.47106760e+15  2.72e+09 2.05e-01  9.49e+09   218s
[2025-08-25 19:47:25] DEBUG    8   2.46082006e+14 -3.20263278e+15  2.09e+09 6.86e-02  6.69e+09   224s
[2025-08-25 19:47:31] DEBUG    9   2.59719041e+14 -2.12127850e+15  8.64e+08 2.51e-02  2.84e+09   231s
[2025-08-25 19:47:37] DEBUG    10   2.44176096e+14 -9.80995879e+14  3.90e+08 2.11e-02  1.23e+09   237s
[2025-08-25 19:47:44] DEBUG    11   2.15619472e+14 -5.12886817e+14  1.61e+08 4.27e-02  4.98e+08   244s
[2025-08-25 19:47:50] DEBUG    12   1.94795003e+14 -3.64331199e+14  9.42e+07 6.45e-02  2.92e+08   250s
[2025-08-25 19:47:56] DEBUG    13   1.75472170e+14 -2.33543639e+14  5.61e+07 6.43e-02  1.69e+08   256s
[2025-08-25 19:48:02] DEBUG    14   1.58522332e+14 -1.61322139e+14  3.50e+07 6.37e-02  1.03e+08   262s
[2025-08-25 19:48:08] DEBUG    15   1.52609249e+14 -1.36253170e+14  3.04e+07 6.20e-02  8.75e+07   268s
[2025-08-25 19:48:14] DEBUG    16   1.43614171e+14 -1.12211883e+14  2.42e+07 6.10e-02  6.81e+07   274s
[2025-08-25 19:48:22] DEBUG    17   1.39536656e+14 -7.72080781e+13  2.14e+07 7.49e-02  5.45e+07   282s
[2025-08-25 19:48:28] DEBUG    18   1.30186145e+14 -5.97630886e+13  1.63e+07 7.68e-02  4.03e+07   288s
[2025-08-25 19:48:34] DEBUG    19   1.20959493e+14 -4.13828955e+13  1.21e+07 7.97e-02  2.78e+07   294s
[2025-08-25 19:48:43] DEBUG    20   1.13002530e+14 -3.07920541e+13  9.25e+06 8.89e-02  1.92e+07   303s
[2025-08-25 19:48:51] DEBUG    21   1.07756993e+14 -2.95730592e+13  7.68e+06 8.89e-02  1.62e+07   311s
[2025-08-25 19:48:57] DEBUG    22   1.05678248e+14 -2.63660616e+13  7.14e+06 9.00e-02  1.46e+07   317s
[2025-08-25 19:49:05] DEBUG    23   1.03301636e+14 -2.06830072e+13  6.54e+06 9.05e-02  1.17e+07   325s
[2025-08-25 19:49:16] DEBUG    24   9.98059870e+13 -1.63203859e+13  5.72e+06 8.44e-02  8.96e+06   336s
[2025-08-25 19:49:29] DEBUG    25   9.22145869e+13 -1.31191884e+13  3.97e+06 6.90e-02  5.99e+06   349s
[2025-08-25 19:49:41] DEBUG    26   8.56693426e+13 -9.47320674e+12  2.68e+06 5.05e-02  3.68e+06   361s
[2025-08-25 19:49:54] DEBUG    27   8.24474724e+13 -6.98791914e+12  2.14e+06 3.41e-02  2.59e+06   374s
[2025-08-25 19:50:04] DEBUG    28   7.80497335e+13 -5.76593796e+12  1.50e+06 2.66e-02  1.82e+06   384s
[2025-08-25 19:50:13] DEBUG    29   7.62976515e+13 -5.49656427e+12  1.32e+06 2.47e-02  1.63e+06   392s
[2025-08-25 19:50:18] DEBUG    30   7.57042047e+13 -5.14614603e+12  1.26e+06 2.50e-02  1.53e+06   398s
[2025-08-25 19:50:27] DEBUG    31   7.39802163e+13 -4.25643917e+12  1.09e+06 2.58e-02  1.24e+06   407s
[2025-08-25 19:50:38] DEBUG    32   7.18413113e+13 -3.65638315e+12  9.09e+05 2.35e-02  9.97e+05   418s
[2025-08-25 19:50:51] DEBUG    33   6.97096536e+13 -2.99282687e+12  7.43e+05 2.22e-02  7.73e+05   430s
[2025-08-25 19:51:01] DEBUG    34   6.77289424e+13 -2.32391781e+12  6.08e+05 2.28e-02  5.74e+05   441s
[2025-08-25 19:51:13] DEBUG    35   6.67757389e+13 -1.85496008e+12  5.50e+05 2.32e-02  4.66e+05   453s
[2025-08-25 19:51:23] DEBUG    36   6.60117425e+13 -1.67547602e+12  5.08e+05 2.34e-02  4.17e+05   463s
[2025-08-25 19:51:31] DEBUG    37   6.56422702e+13 -1.58749013e+12  4.89e+05 2.35e-02  3.96e+05   471s
[2025-08-25 19:51:40] DEBUG    38   6.52370876e+13 -1.42057808e+12  4.68e+05 2.39e-02  3.59e+05   480s
[2025-08-25 19:51:52] DEBUG    39   6.46507604e+13 -1.28396689e+12  4.38e+05 2.42e-02  3.26e+05   492s
[2025-08-25 19:52:04] DEBUG    40   6.36516295e+13 -1.11986586e+12  3.91e+05 2.46e-02  2.79e+05   504s
[2025-08-25 19:52:16] DEBUG    41   6.27776000e+13 -9.86361922e+11  3.52e+05 2.48e-02  2.42e+05   516s
[2025-08-25 19:52:28] DEBUG    42   6.16090518e+13 -8.80540833e+11  3.05e+05 2.50e-02  2.08e+05   528s
[2025-08-25 19:52:37] DEBUG    43   6.09729944e+13 -7.87799673e+11  2.82e+05 2.50e-02  1.85e+05   537s
[2025-08-25 19:52:47] DEBUG    44   6.08488518e+13 -7.72022080e+11  2.77e+05 2.51e-02  1.81e+05   547s
[2025-08-25 19:52:59] DEBUG    45   6.02342158e+13 -7.18638857e+11  2.56e+05 2.50e-02  1.66e+05   559s
[2025-08-25 19:53:12] DEBUG    46   5.94720464e+13 -6.80438775e+11  2.32e+05 2.49e-02  1.51e+05   572s
[2025-08-25 19:53:23] DEBUG    47   5.90037432e+13 -6.07234347e+11  2.18e+05 2.48e-02  1.35e+05   583s
[2025-08-25 19:53:36] DEBUG    48   5.83154237e+13 -5.75910766e+11  1.98e+05 2.47e-02  1.24e+05   596s
[2025-08-25 19:53:45] DEBUG    49   5.82031880e+13 -5.63401242e+11  1.95e+05 2.47e-02  1.21e+05   605s
[2025-08-25 19:53:58] DEBUG    50   5.78409477e+13 -5.19098054e+11  1.86e+05 2.45e-02  1.12e+05   618s
[2025-08-25 19:54:11] DEBUG    51   5.72659764e+13 -4.74486016e+11  1.71e+05 2.43e-02  1.01e+05   631s
[2025-08-25 19:54:19] DEBUG    52   5.71043205e+13 -4.65057563e+11  1.67e+05 2.42e-02  9.87e+04   639s
[2025-08-25 19:54:32] DEBUG    53   5.67409263e+13 -4.36078948e+11  1.59e+05 2.41e-02  9.18e+04   652s
[2025-08-25 19:54:44] DEBUG    54   5.66187384e+13 -4.17028606e+11  1.56e+05 2.40e-02  8.83e+04   664s
[2025-08-25 19:54:55] DEBUG    55   5.61600174e+13 -3.89823378e+11  1.46e+05 2.38e-02  8.15e+04   674s
[2025-08-25 19:55:05] DEBUG    56   5.60352960e+13 -3.78681687e+11  1.44e+05 2.37e-02  7.93e+04   684s
[2025-08-25 19:55:17] DEBUG    57   5.55582240e+13 -3.64705211e+11  1.34e+05 2.36e-02  7.46e+04   696s
[2025-08-25 19:55:27] DEBUG    58   5.50873029e+13 -3.51530754e+11  1.25e+05 2.35e-02  7.03e+04   707s
[2025-08-25 19:55:40] DEBUG    59   5.49230754e+13 -3.36204187e+11  1.22e+05 2.33e-02  6.74e+04   720s
[2025-08-25 19:55:51] DEBUG    60   5.48387416e+13 -3.23292876e+11  1.20e+05 2.32e-02  6.53e+04   731s
[2025-08-25 19:55:58] DEBUG    61   5.46641349e+13 -3.14038056e+11  1.17e+05 2.31e-02  6.33e+04   738s
[2025-08-25 19:56:08] DEBUG    62   5.45456585e+13 -3.04927491e+11  1.15e+05 2.30e-02  6.15e+04   747s
[2025-08-25 19:56:16] DEBUG    63   5.44718611e+13 -2.97099031e+11  1.14e+05 2.29e-02  6.02e+04   756s
[2025-08-25 19:56:25] DEBUG    64   5.43857505e+13 -2.90115038e+11  1.13e+05 2.28e-02  5.89e+04   765s
[2025-08-25 19:56:37] DEBUG    65   5.37935730e+13 -2.77051096e+11  1.03e+05 2.27e-02  5.44e+04   777s
[2025-08-25 19:56:48] DEBUG    66   5.35656854e+13 -2.67204885e+11  9.91e+04 2.25e-02  5.22e+04   788s
[2025-08-25 19:56:59] DEBUG    67   5.32612006e+13 -2.54423680e+11  9.44e+04 2.24e-02  4.93e+04   799s
[2025-08-25 19:57:11] DEBUG    68   5.29292901e+13 -2.41793156e+11  8.96e+04 2.22e-02  4.64e+04   811s
[2025-08-25 19:57:23] DEBUG    69   5.26979933e+13 -2.33926123e+11  8.64e+04 2.21e-02  4.46e+04   823s
[2025-08-25 19:57:35] DEBUG    70   5.24838401e+13 -2.18925532e+11  8.35e+04 2.19e-02  4.19e+04   835s
[2025-08-25 19:57:48] DEBUG    71   5.21190502e+13 -2.14511889e+11  7.86e+04 2.18e-02  4.02e+04   848s
[2025-08-25 19:58:01] DEBUG    72   5.18698276e+13 -1.99930848e+11  7.55e+04 2.16e-02  3.76e+04   861s
[2025-08-25 19:58:13] DEBUG    73   5.16547575e+13 -1.91161979e+11  7.29e+04 2.14e-02  3.59e+04   873s
[2025-08-25 19:58:23] DEBUG    74   5.13644871e+13 -1.83379608e+11  6.95e+04 2.13e-02  3.42e+04   883s
[2025-08-25 19:58:34] DEBUG    75   5.10730057e+13 -1.75673437e+11  6.61e+04 2.11e-02  3.24e+04   894s
[2025-08-25 19:58:44] DEBUG    76   5.08957398e+13 -1.67743425e+11  6.42e+04 2.10e-02  3.09e+04   904s
[2025-08-25 19:58:55] DEBUG    77   5.07982387e+13 -1.62450508e+11  6.32e+04 2.09e-02  3.00e+04   915s
[2025-08-25 19:59:07] DEBUG    78   5.05570655e+13 -1.53595557e+11  6.06e+04 2.07e-02  2.83e+04   927s
[2025-08-25 19:59:19] DEBUG    79   5.02909205e+13 -1.50174028e+11  5.80e+04 2.06e-02  2.73e+04   938s
[2025-08-25 19:59:26] DEBUG    80   5.01265929e+13 -1.47097212e+11  5.64e+04 2.05e-02  2.65e+04   946s
[2025-08-25 19:59:37] DEBUG    81   5.00112766e+13 -1.39490428e+11  5.53e+04 2.04e-02  2.54e+04   957s
[2025-08-25 19:59:46] DEBUG    82   4.99000328e+13 -1.37135850e+11  5.42e+04 2.03e-02  2.49e+04   965s
[2025-08-25 19:59:54] DEBUG    83   4.97453110e+13 -1.35086804e+11  5.28e+04 2.03e-02  2.43e+04   974s
[2025-08-25 20:00:06] DEBUG    84   4.95855561e+13 -1.29350912e+11  5.14e+04 2.01e-02  2.33e+04   986s
[2025-08-25 20:00:17] DEBUG    85   4.95474157e+13 -1.26926318e+11  5.10e+04 2.01e-02  2.30e+04   996s
[2025-08-25 20:00:27] DEBUG    86   4.94471057e+13 -1.21313308e+11  5.01e+04 2.00e-02  2.22e+04  1007s
[2025-08-25 20:00:36] DEBUG    87   4.93106162e+13 -1.17687866e+11  4.90e+04 1.99e-02  2.17e+04  1016s
[2025-08-25 20:00:44] DEBUG    88   4.92326376e+13 -1.15713018e+11  4.83e+04 1.99e-02  2.14e+04  1024s
[2025-08-25 20:00:54] DEBUG    89   4.89789578e+13 -1.09543287e+11  4.62e+04 1.98e-02  2.03e+04  1034s
[2025-08-25 20:01:03] DEBUG    90   4.88461332e+13 -1.08994143e+11  4.51e+04 1.97e-02  1.99e+04  1043s
[2025-08-25 20:01:16] DEBUG    91   4.86631105e+13 -1.04379846e+11  4.37e+04 1.96e-02  1.91e+04  1056s
[2025-08-25 20:01:28] DEBUG    92   4.84899443e+13 -1.02226023e+11  4.24e+04 1.96e-02  1.86e+04  1067s
[2025-08-25 20:01:40] DEBUG    93   4.82468587e+13 -9.98060845e+10  4.06e+04 1.95e-02  1.79e+04  1080s
[2025-08-25 20:01:49] DEBUG    94   4.81278285e+13 -9.85366354e+10  3.97e+04 1.95e-02  1.76e+04  1089s
[2025-08-25 20:02:00] DEBUG    95   4.79932903e+13 -9.57727450e+10  3.88e+04 1.94e-02  1.71e+04  1100s
[2025-08-25 20:02:12] DEBUG    96   4.78332378e+13 -9.29211973e+10  3.77e+04 1.94e-02  1.66e+04  1112s
[2025-08-25 20:02:24] DEBUG    97   4.77176298e+13 -9.10486023e+10  3.69e+04 1.93e-02  1.63e+04  1124s
[2025-08-25 20:02:34] DEBUG    98   4.76171361e+13 -8.98384317e+10  3.63e+04 1.93e-02  1.60e+04  1134s
[2025-08-25 20:02:43] DEBUG    99   4.75815150e+13 -8.81484806e+10  3.60e+04 1.92e-02  1.58e+04  1143s
[2025-08-25 20:02:48] DEBUG    100   4.75749254e+13 -8.64857771e+10  3.60e+04 1.92e-02  1.56e+04  1147s
[2025-08-25 20:02:59] DEBUG    101   4.74657584e+13 -8.43538145e+10  3.53e+04 1.92e-02  1.53e+04  1159s
[2025-08-25 20:03:10] DEBUG    102   4.73304106e+13 -8.15905407e+10  3.44e+04 1.91e-02  1.48e+04  1170s
[2025-08-25 20:03:23] DEBUG    103   4.71436114e+13 -7.88115784e+10  3.33e+04 1.90e-02  1.43e+04  1183s
[2025-08-25 20:03:32] DEBUG    104   4.70530969e+13 -7.71046036e+10  3.27e+04 1.90e-02  1.40e+04  1192s
[2025-08-25 20:03:41] DEBUG    105   4.69710739e+13 -7.52440748e+10  3.22e+04 1.89e-02  1.37e+04  1201s
[2025-08-25 20:03:54] DEBUG    106   4.68133361e+13 -7.25639728e+10  3.13e+04 1.89e-02  1.33e+04  1214s
[2025-08-25 20:04:07] DEBUG    107   4.66198626e+13 -7.09731744e+10  3.02e+04 1.88e-02  1.29e+04  1226s
[2025-08-25 20:04:18] DEBUG    108   4.65296610e+13 -6.93491011e+10  2.97e+04 1.88e-02  1.26e+04  1238s
[2025-08-25 20:04:28] DEBUG    109   4.65130029e+13 -6.83338718e+10  2.96e+04 1.87e-02  1.25e+04  1248s
[2025-08-25 20:04:36] DEBUG    110   4.65061324e+13 -6.80622710e+10  2.96e+04 1.87e-02  1.25e+04  1256s
[2025-08-25 20:04:47] DEBUG    111   4.64825323e+13 -6.72037682e+10  2.94e+04 1.87e-02  1.49e+04  1267s
[2025-08-25 20:05:00] DEBUG    112   4.64509792e+13 -6.56886766e+10  2.93e+04 1.87e-02  1.52e+04  1280s
[2025-08-25 20:05:11] DEBUG    113   4.62081391e+13 -6.37103982e+10  2.80e+04 1.86e-02  1.48e+04  1291s
[2025-08-25 20:05:23] DEBUG    114   4.61337325e+13 -6.25024427e+10  2.76e+04 1.86e-02  1.45e+04  1303s
[2025-08-25 20:05:30] DEBUG    115   4.60461906e+13 -6.19645531e+10  2.71e+04 1.85e-02  1.43e+04  1310s
[2025-08-25 20:05:40] DEBUG    116   4.59803752e+13 -6.06082796e+10  2.68e+04 1.85e-02  1.41e+04  1320s
[2025-08-25 20:05:50] DEBUG    117   4.59042871e+13 -5.95675782e+10  2.64e+04 1.85e-02  1.38e+04  1330s
[2025-08-25 20:05:59] DEBUG    118   4.58037785e+13 -5.83532414e+10  2.59e+04 1.84e-02  1.35e+04  1339s
[2025-08-25 20:06:08] DEBUG    119   4.57331979e+13 -5.70884158e+10  2.56e+04 1.84e-02  1.32e+04  1348s
[2025-08-25 20:06:19] DEBUG    120   4.56641474e+13 -5.63276404e+10  2.53e+04 1.84e-02  1.30e+04  1359s
[2025-08-25 20:06:28] DEBUG    121   4.55800495e+13 -5.58252641e+10  2.49e+04 1.83e-02  1.28e+04  1367s
[2025-08-25 20:06:40] DEBUG    122   4.53168534e+13 -5.46676540e+10  2.37e+04 1.83e-02  1.23e+04  1379s
[2025-08-25 20:06:48] DEBUG    123   4.52884879e+13 -5.39420838e+10  2.35e+04 1.82e-02  1.21e+04  1388s
[2025-08-25 20:06:57] DEBUG    124   4.51930368e+13 -5.31654399e+10  2.31e+04 1.82e-02  1.19e+04  1397s
[2025-08-25 20:07:10] DEBUG    125   4.50638793e+13 -5.19664670e+10  2.25e+04 1.82e-02  1.15e+04  1410s
[2025-08-25 20:07:19] DEBUG    126   4.49622904e+13 -5.09059074e+10  2.21e+04 1.81e-02  1.13e+04  1419s
[2025-08-25 20:07:28] DEBUG    127   4.48032199e+13 -4.98787273e+10  2.14e+04 1.81e-02  1.09e+04  1427s
[2025-08-25 20:07:38] DEBUG    128   4.46774543e+13 -4.88603823e+10  2.09e+04 1.80e-02  1.06e+04  1438s
[2025-08-25 20:07:51] DEBUG    129   4.44745214e+13 -4.75346424e+10  2.01e+04 1.80e-02  1.02e+04  1450s
[2025-08-25 20:08:02] DEBUG    130   4.43371733e+13 -4.61634094e+10  1.96e+04 1.82e-02  9.82e+03  1462s
[2025-08-25 20:08:13] DEBUG    131   4.42332738e+13 -4.53530543e+10  1.92e+04 1.85e-02  9.58e+03  1473s
[2025-08-25 20:08:25] DEBUG    132   4.41116627e+13 -4.43119295e+10  1.88e+04 1.89e-02  9.29e+03  1485s
[2025-08-25 20:08:35] DEBUG    133   4.39910471e+13 -4.36842465e+10  1.83e+04 1.92e-02  9.08e+03  1495s
[2025-08-25 20:08:46] DEBUG    134   4.38453112e+13 -4.27392942e+10  1.78e+04 1.95e-02  8.79e+03  1506s
[2025-08-25 20:08:59] DEBUG    135   4.37063963e+13 -4.19808142e+10  1.73e+04 1.98e-02  8.54e+03  1518s
[2025-08-25 20:09:07] DEBUG    136   4.35744465e+13 -4.17117128e+10  1.69e+04 1.99e-02  8.39e+03  1527s
[2025-08-25 20:09:16] DEBUG    137   4.35293165e+13 -4.12416770e+10  1.67e+04 2.01e-02  8.28e+03  1536s
[2025-08-25 20:09:30] DEBUG    138   4.34526090e+13 -4.07630228e+10  1.65e+04 2.03e-02  8.13e+03  1550s
[2025-08-25 20:09:41] DEBUG    139   4.32946310e+13 -4.03674473e+10  1.60e+04 2.05e-02  7.94e+03  1561s
[2025-08-25 20:09:52] DEBUG    140   4.31845693e+13 -3.97280468e+10  1.56e+04 2.07e-02  7.75e+03  1571s
[2025-08-25 20:10:03] DEBUG    141   4.31593041e+13 -3.89562014e+10  1.56e+04 2.10e-02  7.60e+03  1583s
[2025-08-25 20:10:13] DEBUG    142   4.30504922e+13 -3.85368795e+10  1.52e+04 2.12e-02  7.45e+03  1593s
[2025-08-25 20:10:21] DEBUG    143   4.28842522e+13 -3.83570397e+10  1.47e+04 2.12e-02  7.30e+03  1601s
[2025-08-25 20:10:34] DEBUG    144   4.27660349e+13 -3.75784763e+10  1.44e+04 2.15e-02  7.09e+03  1614s
[2025-08-25 20:10:45] DEBUG    145   4.26536642e+13 -3.70896806e+10  1.41e+04 2.17e-02  6.92e+03  1625s
[2025-08-25 20:10:56] DEBUG    146   4.25909249e+13 -3.68083784e+10  1.39e+04 2.18e-02  6.84e+03  1636s
[2025-08-25 20:11:05] DEBUG    147   4.25199104e+13 -3.64224404e+10  1.37e+04 2.19e-02  6.72e+03  1645s
[2025-08-25 20:11:15] DEBUG    148   4.25035637e+13 -3.57901805e+10  1.37e+04 2.22e-02  6.61e+03  1655s
[2025-08-25 20:11:27] DEBUG    149   4.23794009e+13 -3.52132033e+10  1.33e+04 2.24e-02  6.43e+03  1667s
[2025-08-25 20:11:41] DEBUG    150   4.23375072e+13 -3.46051720e+10  1.32e+04 2.26e-02  6.30e+03  1681s
[2025-08-25 20:11:52] DEBUG    151   4.23085070e+13 -3.41259902e+10  1.31e+04 2.28e-02  6.21e+03  1692s
[2025-08-25 20:12:01] DEBUG    152   4.22976490e+13 -3.39559189e+10  1.31e+04 2.29e-02  6.17e+03  1701s
[2025-08-25 20:12:14] DEBUG    153   4.22422833e+13 -3.35378227e+10  1.30e+04 2.30e-02  6.07e+03  1714s
[2025-08-25 20:12:24] DEBUG    154   4.21160487e+13 -3.32734415e+10  1.26e+04 2.31e-02  6.08e+03  1724s
[2025-08-25 20:12:36] DEBUG    155   4.20831432e+13 -3.30822886e+10  1.26e+04 2.32e-02  6.03e+03  1736s
[2025-08-25 20:12:49] DEBUG    156   4.18327936e+13 -3.27438240e+10  1.19e+04 2.33e-02  5.85e+03  1749s
[2025-08-25 20:13:00] DEBUG    157   4.17376622e+13 -3.22749404e+10  1.17e+04 2.35e-02  5.71e+03  1760s
[2025-08-25 20:13:10] DEBUG    158   4.16564532e+13 -3.17196268e+10  1.15e+04 2.36e-02  5.57e+03  1770s
[2025-08-25 20:13:22] DEBUG    159   4.15685112e+13 -3.13844211e+10  1.13e+04 2.38e-02  5.47e+03  1782s
[2025-08-25 20:13:29] DEBUG    160   4.15278600e+13 -3.10895434e+10  1.12e+04 2.39e-02  5.40e+03  1789s
[2025-08-25 20:13:40] DEBUG    161   4.14628215e+13 -3.08032021e+10  1.11e+04 2.39e-02  5.31e+03  1800s
[2025-08-25 20:13:52] DEBUG    162   4.13897230e+13 -3.04806290e+10  1.09e+04 2.41e-02  5.22e+03  1812s
[2025-08-25 20:14:00] DEBUG    163   4.13824730e+13 -3.02544141e+10  1.09e+04 2.41e-02  5.18e+03  1820s
[2025-08-25 20:14:10] DEBUG    164   4.13139872e+13 -3.00151992e+10  1.07e+04 2.42e-02  5.10e+03  1830s
[2025-08-25 20:14:21] DEBUG    165   4.12714144e+13 -2.97451472e+10  1.06e+04 2.43e-02  5.06e+03  1841s
[2025-08-25 20:14:31] DEBUG    166   4.12181189e+13 -2.94368958e+10  1.05e+04 2.44e-02  4.98e+03  1851s
[2025-08-25 20:14:41] DEBUG    167   4.11746193e+13 -2.91993365e+10  1.04e+04 2.45e-02  4.94e+03  1861s
[2025-08-25 20:14:51] DEBUG    168   4.10888631e+13 -2.88769562e+10  1.02e+04 2.46e-02  4.84e+03  1871s
[2025-08-25 20:15:00] DEBUG    169   4.09695175e+13 -2.87406838e+10  9.99e+03 2.46e-02  4.77e+03  1880s
[2025-08-25 20:15:13] DEBUG    170   4.08688187e+13 -2.84633122e+10  9.79e+03 2.47e-02  4.67e+03  1893s
[2025-08-25 20:15:21] DEBUG    171   4.07623600e+13 -2.82530072e+10  9.57e+03 2.48e-02  4.58e+03  1901s
[2025-08-25 20:15:34] DEBUG    172   4.07156550e+13 -2.79622901e+10  9.48e+03 2.48e-02  4.52e+03  1914s
[2025-08-25 20:15:46] DEBUG    173   4.06641430e+13 -2.76949612e+10  9.38e+03 2.49e-02  4.45e+03  1926s
[2025-08-25 20:15:56] DEBUG    174   4.05614616e+13 -2.73816529e+10  9.18e+03 2.50e-02  4.35e+03  1936s
[2025-08-25 20:16:05] DEBUG    175   4.05058856e+13 -2.72753839e+10  9.07e+03 2.50e-02  4.31e+03  1945s
[2025-08-25 20:16:16] DEBUG    176   4.04316953e+13 -2.70873111e+10  8.93e+03 2.51e-02  4.24e+03  1956s
[2025-08-25 20:16:26] DEBUG    177   4.03863224e+13 -2.69551654e+10  8.85e+03 2.51e-02  4.21e+03  1966s
[2025-08-25 20:16:36] DEBUG    178   4.03466070e+13 -2.67421587e+10  8.78e+03 2.52e-02  4.16e+03  1975s
[2025-08-25 20:16:46] DEBUG    179   4.03216981e+13 -2.65108656e+10  8.73e+03 2.52e-02  4.12e+03  1985s
[2025-08-25 20:16:58] DEBUG    180   4.01845647e+13 -2.62778367e+10  8.48e+03 2.53e-02  4.02e+03  1998s
[2025-08-25 20:17:09] DEBUG    181   4.01444574e+13 -2.60323018e+10  8.41e+03 2.54e-02  3.97e+03  2009s
[2025-08-25 20:17:19] DEBUG    182   4.01095042e+13 -2.58420379e+10  8.35e+03 2.54e-02  3.92e+03  2018s
[2025-08-25 20:17:32] DEBUG    183   4.00654841e+13 -2.56989020e+10  8.27e+03 2.55e-02  3.88e+03  2032s
[2025-08-25 20:17:42] DEBUG    184   3.99855409e+13 -2.55280933e+10  8.13e+03 2.55e-02  3.81e+03  2042s
[2025-08-25 20:17:55] DEBUG    185   3.99572637e+13 -2.52473638e+10  8.09e+03 2.56e-02  3.76e+03  2055s
[2025-08-25 20:18:06] DEBUG    186   3.99112552e+13 -2.50783166e+10  8.01e+03 2.56e-02  3.71e+03  2066s
[2025-08-25 20:18:14] DEBUG    187   3.98867647e+13 -2.49349372e+10  7.97e+03 2.57e-02  3.68e+03  2074s
[2025-08-25 20:18:25] DEBUG    188   3.98765849e+13 -2.48230899e+10  7.95e+03 2.57e-02  3.66e+03  2085s
[2025-08-25 20:18:35] DEBUG    189   3.98674901e+13 -2.47391935e+10  7.94e+03 2.57e-02  3.67e+03  2095s
[2025-08-25 20:18:58] DEBUG    190   3.97174933e+13 -2.44672754e+10  7.68e+03 2.58e-02  3.58e+03  2118s
[2025-08-25 20:19:06] DEBUG    191   3.96266220e+13 -2.43240358e+10  7.54e+03 2.58e-02  3.52e+03  2125s
[2025-08-25 20:19:15] DEBUG    192   3.95662965e+13 -2.42446672e+10  7.44e+03 2.59e-02  3.48e+03  2134s
[2025-08-25 20:19:25] DEBUG    193   3.95092943e+13 -2.41096293e+10  7.35e+03 2.59e-02  3.43e+03  2145s
[2025-08-25 20:19:33] DEBUG    194   3.95029687e+13 -2.40311016e+10  7.34e+03 2.59e-02  3.42e+03  2153s
[2025-08-25 20:19:46] DEBUG    195   3.94513108e+13 -2.39016567e+10  7.26e+03 2.59e-02  3.38e+03  2166s
[2025-08-25 20:19:55] DEBUG    196   3.94076772e+13 -2.37677397e+10  7.19e+03 2.60e-02  3.35e+03  2175s
[2025-08-25 20:20:04] DEBUG    197   3.93577987e+13 -2.36161037e+10  7.12e+03 2.60e-02  3.30e+03  2184s
[2025-08-25 20:20:14] DEBUG    198   3.93478557e+13 -2.35415092e+10  7.10e+03 2.60e-02  3.29e+03  2194s
[2025-08-25 20:20:25] DEBUG    199   3.93343833e+13 -2.33886763e+10  7.08e+03 2.61e-02  3.26e+03  2205s
[2025-08-25 20:20:35] DEBUG    200   3.92802087e+13 -2.32857117e+10  7.00e+03 2.61e-02  3.24e+03  2215s
[2025-08-25 20:20:45] DEBUG    201   3.92689289e+13 -2.31690713e+10  6.98e+03 2.61e-02  3.22e+03  2225s
[2025-08-25 20:20:55] DEBUG    202   3.92532591e+13 -2.30448288e+10  6.96e+03 2.62e-02  3.20e+03  2235s
[2025-08-25 20:21:07] DEBUG    203   3.91225356e+13 -2.29376379e+10  6.77e+03 2.62e-02  3.13e+03  2247s
[2025-08-25 20:21:18] DEBUG    204   3.90985112e+13 -2.27989175e+10  6.73e+03 2.62e-02  3.11e+03  2258s
[2025-08-25 20:21:30] DEBUG    205   3.90030464e+13 -2.26435373e+10  6.59e+03 2.62e-02  3.04e+03  2270s
[2025-08-25 20:21:37] DEBUG    206   3.90019616e+13 -2.25968005e+10  6.59e+03 2.63e-02  3.04e+03  2277s
[2025-08-25 20:21:49] DEBUG    207   3.89800479e+13 -2.24675451e+10  6.56e+03 2.63e-02  3.01e+03  2289s
[2025-08-25 20:21:58] DEBUG    208   3.89723334e+13 -2.23739841e+10  6.55e+03 2.63e-02  3.00e+03  2297s
[2025-08-25 20:22:08] DEBUG    209   3.89051723e+13 -2.22558584e+10  6.46e+03 2.63e-02  2.96e+03  2308s
[2025-08-25 20:22:16] DEBUG    210   3.88636460e+13 -2.21342081e+10  6.40e+03 2.64e-02  2.93e+03  2316s
[2025-08-25 20:22:29] DEBUG    211   3.88024810e+13 -2.20241040e+10  6.31e+03 2.64e-02  2.89e+03  2329s
[2025-08-25 20:22:39] DEBUG    212   3.87506399e+13 -2.18965683e+10  6.24e+03 2.64e-02  2.86e+03  2339s
[2025-08-25 20:22:48] DEBUG    213   3.87142664e+13 -2.17666594e+10  6.20e+03 2.64e-02  2.82e+03  2348s
[2025-08-25 20:23:01] DEBUG    214   3.86848550e+13 -2.16822699e+10  6.16e+03 2.65e-02  2.80e+03  2361s
[2025-08-25 20:23:11] DEBUG    215   3.86648491e+13 -2.15604574e+10  6.13e+03 2.65e-02  2.78e+03  2370s
[2025-08-25 20:23:17] DEBUG    216   3.85820148e+13 -2.14735257e+10  6.02e+03 2.65e-02  2.75e+03  2377s
[2025-08-25 20:23:28] DEBUG    217   3.85554744e+13 -2.14257424e+10  5.98e+03 2.65e-02  2.74e+03  2388s
[2025-08-25 20:23:37] DEBUG    218   3.85056411e+13 -2.13479052e+10  5.92e+03 2.65e-02  2.71e+03  2397s
[2025-08-25 20:23:48] DEBUG    219   3.84731371e+13 -2.12787776e+10  5.88e+03 2.65e-02  2.69e+03  2408s
[2025-08-25 20:23:57] DEBUG    220   3.84638995e+13 -2.12449933e+10  5.87e+03 2.65e-02  2.68e+03  2417s
[2025-08-25 20:24:07] DEBUG    221   3.84223124e+13 -2.11991891e+10  5.81e+03 2.65e-02  2.66e+03  2427s
[2025-08-25 20:24:17] DEBUG    222   3.83834743e+13 -2.11273643e+10  5.76e+03 2.66e-02  2.63e+03  2437s
[2025-08-25 20:24:26] DEBUG    223   3.83766222e+13 -2.10982179e+10  5.75e+03 2.66e-02  2.63e+03  2445s
[2025-08-25 20:24:26] DEBUG    Barrier performed 223 iterations in 2445.42 seconds (692.09 work units)
Barrier solve interrupted - model solved by another algorithm
[2025-08-25 20:24:26] DEBUG    Solved with dual simplex
[2025-08-25 20:24:38] DEBUG    Iteration    Objective       Primal Inf.    Dual Inf.      Time
[2025-08-25 20:24:38] DEBUG    1020440    1.2779710e+10   0.000000e+00   0.000000e+00   2457s

Solved in 1020440 iterations and 2457.47 seconds (1042.25 work units)
[2025-08-25 20:24:38] DEBUG    Optimal objective  1.277971014e+10
✅ Scenario completato: new_trasmission_GT+VRES_2030_PHES
🏁 Tutti gli scenari sono stati processati.
