
🚀 Lancio scenario: new_trasmission_VRES_2030_BESS
[2025-08-22 22:23:39] INFO     Loading sets
[2025-08-22 22:23:39] INFO     Loading parameters
[2025-08-22 22:24:31] INFO     constraints are loaded in the following order: ['energy_balance', 'dispatch', 'costs', 'capacity', 'network', 'policy', 'conversion', 'group', 'conversion_plus', 'milp', 'export']
[2025-08-22 22:24:31] INFO     creating energy_balance constraints
[2025-08-22 22:28:53] INFO     creating dispatch constraints
[2025-08-22 22:32:35] INFO     creating costs constraints
[2025-08-22 22:44:55] INFO     creating capacity constraints
[2025-08-22 22:44:55] INFO     creating network constraints
[2025-08-22 22:44:55] INFO     creating policy constraints
[2025-08-22 22:44:55] INFO     creating conversion constraints
[2025-08-22 22:44:55] INFO     creating group constraints
[2025-08-22 22:44:55] INFO     creating conversion_plus constraints
[2025-08-22 22:44:55] INFO     creating milp constraints
[2025-08-22 22:44:55] INFO     creating export constraints
[2025-08-22 22:59:34] DEBUG    Set parameter WLSAccessID
Set parameter WLSSecret
Set parameter LicenseID to value 2680226
[2025-08-22 22:59:34] DEBUG    Academic license 2680226 - for non-commercial use only - registered to an___@mail.polimi.it
[2025-08-22 23:00:17] DEBUG    Read LP format model from file /tmp/tmplrmypr1h.pyomo.lp
Reading time = 43.00 seconds
[2025-08-22 23:00:17] DEBUG    x20974998: 28026871 rows, 20974998 columns, 68586207 nonzeros
Set parameter NumericFocus to value 1
Gurobi Optimizer version 12.0.2 build v12.0.2rc0 (linux64 - "Debian GNU/Linux 11 (bullseye)")

CPU model: Intel(R) Xeon(R) Silver 4314 CPU @ 2.40GHz, instruction set [SSE2|AVX|AVX2|AVX512]
Thread count: 32 physical cores, 64 logical processors, using up to 32 threads

Non-default parameters:
NumericFocus  1
[2025-08-22 23:00:17] DEBUG    Academic license 2680226 - for non-commercial use only - registered to an___@mail.polimi.it
Optimize a model with 28026871 rows, 20974998 columns and 68586207 nonzeros
[2025-08-22 23:00:18] DEBUG    Model fingerprint: 0xa9762afa
[2025-08-22 23:00:18] DEBUG    Coefficient statistics:
  Matrix range     [1e-07, 3e+02]
  Objective range  [1e+00, 1e+06]
  Bounds range     [0e+00, 0e+00]
  RHS range        [1e+00, 2e+08]
[2025-08-22 23:00:23] DEBUG    Presolve removed 19867692 rows and 11270167 columns (presolve time = 5s)...
[2025-08-22 23:00:28] DEBUG    Presolve removed 20298738 rows and 13276441 columns (presolve time = 10s)...
[2025-08-22 23:00:33] DEBUG    Presolve removed 22892356 rows and 15870000 columns (presolve time = 15s)...
[2025-08-22 23:00:38] DEBUG    Presolve removed 23853639 rows and 16780504 columns (presolve time = 21s)...
[2025-08-22 23:00:51] DEBUG    Presolve removed 24391534 rows and 17034544 columns (presolve time = 34s)...
[2025-08-22 23:00:53] DEBUG    Presolve removed 24391534 rows and 17157184 columns (presolve time = 35s)...
[2025-08-22 23:00:57] DEBUG    Presolve removed 24540437 rows and 17157184 columns
[2025-08-22 23:01:36] DEBUG    Presolve time: 79.74s
Presolved: 3486434 rows, 3966717 columns, 14748145 nonzeros
[2025-08-22 23:01:36] DEBUG    Concurrent LP optimizer: primal simplex, dual simplex, and barrier
Showing barrier log only...
[2025-08-22 23:02:06] DEBUG    Elapsed ordering time = 27s
[2025-08-22 23:02:09] DEBUG    Elapsed ordering time = 30s
[2025-08-22 23:02:31] DEBUG    Ordering time: 52.29s
[2025-08-22 23:02:34] DEBUG    Barrier statistics:
 Dense cols : 174
 AA' NZ     : 1.570e+07
[2025-08-22 23:02:34] DEBUG    Factor NZ  : 6.619e+07 (roughly 3.6 GB of memory)
 Factor Ops : 7.397e+09 (less than 1 second per iteration)
 Threads    : 30
[2025-08-22 23:02:41] DEBUG    Objective                Residual
[2025-08-22 23:02:41] DEBUG    Iter       Primal          Dual         Primal    Dual     Compl     Time
[2025-08-22 23:02:41] DEBUG    0   2.36276151e+21 -6.70547576e+18  6.13e+10 2.90e-11  3.45e+15   144s
[2025-08-22 23:02:48] DEBUG    1   1.75782860e+21 -6.48479111e+18  4.51e+10 1.89e+05  2.34e+15   151s
[2025-08-22 23:02:57] DEBUG    2   1.38349596e+21 -6.00563728e+18  3.52e+10 9.68e+04  1.64e+15   160s
[2025-08-22 23:03:06] DEBUG    3   1.06414286e+21 -5.63224202e+18  2.73e+10 4.52e+04  1.11e+15   169s
[2025-08-22 23:03:14] DEBUG    4   8.81331356e+20 -5.63828032e+18  2.25e+10 3.63e+04  9.15e+14   177s
[2025-08-22 23:03:20] DEBUG    5   7.26757702e+20 -5.61055988e+18  1.83e+10 2.44e+04  7.23e+14   183s
[2025-08-22 23:03:29] DEBUG    6   6.34903694e+20 -5.80252691e+18  1.58e+10 1.60e+04  5.93e+14   192s
[2025-08-22 23:03:39] DEBUG    7   2.54170702e+20 -5.99577492e+18  5.66e+09 4.52e+03  2.11e+14   202s
[2025-08-22 23:03:50] DEBUG    8   9.81865032e+19 -6.12513778e+18  1.93e+09 1.41e+03  7.34e+13   214s
[2025-08-22 23:04:01] DEBUG    9   2.50499234e+19 -5.76781063e+18  4.24e+08 3.91e+02  1.75e+13   224s
[2025-08-22 23:04:08] DEBUG    10   4.06835748e+18 -4.48020353e+18  7.16e+07 1.04e+02  3.45e+12   232s
[2025-08-22 23:04:14] DEBUG    11   6.36159852e+17 -2.60931872e+18  1.45e+07 3.13e+01  8.84e+11   238s
[2025-08-22 23:04:20] DEBUG    12   3.69437590e+17 -6.26617564e+17  8.98e+06 2.35e+00  3.01e+11   243s
[2025-08-22 23:04:26] DEBUG    13   2.64205430e+17 -2.66037053e+17  6.39e+06 2.30e-01  1.69e+11   249s
[2025-08-22 23:04:33] DEBUG    14   1.06903407e+16 -1.47327028e+17  2.21e+05 4.40e-02  2.10e+10   256s
[2025-08-22 23:04:38] DEBUG    15   2.13075850e+14 -1.06113730e+16  2.15e+03 2.99e-02  1.21e+09   261s
[2025-08-22 23:04:43] DEBUG    16   1.04747842e+14 -2.24774814e+15  4.95e+01 2.06e-02  2.56e+08   267s
[2025-08-22 23:04:49] DEBUG    17   9.55693850e+13 -2.10298678e+14  5.10e+00 1.84e-02  2.78e+07   273s
[2025-08-22 23:04:55] DEBUG    18   9.32842176e+13 -1.21184872e+14  3.23e+00 2.66e-02  1.61e+07   279s
[2025-08-22 23:05:02] DEBUG    19   9.14038973e+13 -6.37629482e+13  2.17e+00 3.63e-02  8.64e+06   285s
[2025-08-22 23:05:09] DEBUG    20   8.93217434e+13 -3.25426980e+13  1.35e+00 3.97e-02  4.53e+06   292s
[2025-08-22 23:05:13] DEBUG    21   8.86365634e+13 -2.81848242e+13  1.17e+00 4.02e-02  3.95e+06   296s
[2025-08-22 23:05:19] DEBUG    22   8.67267895e+13 -1.63529476e+13  7.42e-01 4.17e-02  2.37e+06   303s
[2025-08-22 23:05:24] DEBUG    23   8.61349090e+13 -1.45081525e+13  6.56e-01 4.19e-02  2.12e+06   307s
[2025-08-22 23:05:32] DEBUG    24   8.59033392e+13 -1.37004914e+13  6.31e-01 4.20e-02  2.01e+06   315s
[2025-08-22 23:05:41] DEBUG    25   8.58957362e+13 -1.35152635e+13  6.26e-01 4.20e-02  1.98e+06   324s
[2025-08-22 23:05:50] DEBUG    26   8.50117887e+13 -1.20475227e+13  5.21e-01 4.21e-02  1.78e+06   333s
[2025-08-22 23:06:02] DEBUG    27   8.49505170e+13 -1.11935998e+13  5.14e-01 4.22e-02  1.66e+06   346s
[2025-08-22 23:06:12] DEBUG    28   8.42034835e+13 -9.24540718e+12  4.40e-01 4.23e-02  1.39e+06   355s
[2025-08-22 23:06:24] DEBUG    29   8.35454192e+13 -7.38000450e+12  3.84e-01 4.24e-02  1.13e+06   368s
[2025-08-22 23:06:37] DEBUG    30   8.32161010e+13 -5.24837555e+12  3.61e-01 4.25e-02  8.30e+05   380s
[2025-08-22 23:06:50] DEBUG    31   8.28480969e+13 -4.73783356e+12  3.37e-01 4.25e-02  7.53e+05   393s
[2025-08-22 23:07:01] DEBUG    32   8.27760509e+13 -4.14067743e+12  3.32e-01 4.25e-02  6.70e+05   405s
[2025-08-22 23:07:14] DEBUG    33   8.25179888e+13 -3.37441840e+12  3.16e-01 4.25e-02  5.62e+05   417s
[2025-08-22 23:07:23] DEBUG    34   8.23714480e+13 -3.16636294e+12  3.07e-01 4.25e-02  5.31e+05   426s
[2025-08-22 23:07:30] DEBUG    35   8.21561281e+13 -3.02910063e+12  2.94e-01 4.25e-02  5.10e+05   434s
[2025-08-22 23:07:44] DEBUG    36   8.16265358e+13 -2.73805555e+12  2.62e-01 4.25e-02  4.65e+05   447s
[2025-08-22 23:07:53] DEBUG    37   8.15728238e+13 -2.55347273e+12  2.59e-01 4.24e-02  4.39e+05   456s
[2025-08-22 23:08:03] DEBUG    38   8.11815023e+13 -2.31927775e+12  2.38e-01 4.24e-02  4.02e+05   467s
[2025-08-22 23:08:17] DEBUG    39   8.08370518e+13 -1.88832152e+12  2.21e-01 4.24e-02  3.40e+05   480s
[2025-08-22 23:08:29] DEBUG    40   8.05890310e+13 -1.77740315e+12  2.10e-01 4.24e-02  3.22e+05   493s
[2025-08-22 23:08:42] DEBUG    41   8.05293681e+13 -1.73691127e+12  2.08e-01 4.24e-02  3.15e+05   505s
[2025-08-22 23:08:54] DEBUG    42   7.99834132e+13 -1.60663259e+12  1.84e-01 4.23e-02  2.90e+05   517s
[2025-08-22 23:09:04] DEBUG    43   7.97994782e+13 -1.38171182e+12  1.78e-01 4.23e-02  2.57e+05   528s
[2025-08-22 23:09:18] DEBUG    44   7.92796836e+13 -9.87180017e+11  1.59e-01 4.21e-02  1.95e+05   541s
[2025-08-22 23:09:30] DEBUG    45   7.90599363e+13 -8.19579678e+11  1.52e-01 4.20e-02  1.67e+05   554s
[2025-08-22 23:09:41] DEBUG    46   7.88459630e+13 -7.15650491e+11  1.45e-01 4.20e-02  1.50e+05   564s
[2025-08-22 23:09:53] DEBUG    47   7.84090857e+13 -5.18670455e+11  1.31e-01 4.16e-02  1.18e+05   576s
[2025-08-22 23:10:04] DEBUG    48   7.80766097e+13 -4.80889719e+11  1.22e-01 4.15e-02  1.10e+05   587s
[2025-08-22 23:10:17] DEBUG    49   7.78217619e+13 -4.10552537e+11  1.16e-01 4.13e-02  9.71e+04   600s
[2025-08-22 23:10:27] DEBUG    50   7.77603941e+13 -3.57130061e+11  1.14e-01 4.11e-02  8.92e+04   610s
[2025-08-22 23:10:39] DEBUG    51   7.75712115e+13 -2.98501705e+11  1.09e-01 4.08e-02  8.00e+04   622s
[2025-08-22 23:10:48] DEBUG    52   7.74430474e+13 -2.90512273e+11  1.06e-01 4.08e-02  7.80e+04   632s
[2025-08-22 23:11:00] DEBUG    53   7.71625338e+13 -2.64980273e+11  9.97e-02 4.05e-02  7.14e+04   644s
[2025-08-22 23:11:13] DEBUG    54   7.67972132e+13 -2.38482477e+11  9.18e-02 4.02e-02  6.42e+04   657s
[2025-08-22 23:11:25] DEBUG    55   7.66394163e+13 -2.02081973e+11  8.86e-02 3.98e-02  5.79e+04   669s
[2025-08-22 23:11:37] DEBUG    56   7.57200739e+13 -1.64272569e+11  7.04e-02 3.92e-02  4.60e+04   681s
[2025-08-22 23:11:57] DEBUG    57   7.54990019e+13 -1.46796986e+11  6.68e-02 3.88e-02  4.18e+04   701s
[2025-08-22 23:12:10] DEBUG    58   7.47769965e+13 -1.20766039e+11  5.57e-02 3.83e-02  3.41e+04   713s
[2025-08-22 23:12:23] DEBUG    59   7.44577279e+13 -1.09200395e+11  5.15e-02 3.79e-02  3.07e+04   726s
[2025-08-22 23:12:31] DEBUG    60   7.42676149e+13 -9.60980686e+10  4.92e-02 3.76e-02  2.82e+04   734s
[2025-08-22 23:12:41] DEBUG    61   7.39909118e+13 -9.05887972e+10  4.60e-02 3.74e-02  2.62e+04   745s
[2025-08-22 23:12:57] DEBUG    62   7.35094454e+13 -8.18998355e+10  4.07e-02 3.71e-02  2.31e+04   760s
[2025-08-22 23:13:11] DEBUG    63   7.32608427e+13 -7.17105622e+10  3.82e-02 3.68e-02  2.08e+04   774s
[2025-08-22 23:13:24] DEBUG    64   7.30129745e+13 -6.74857372e+10  3.59e-02 3.66e-02  1.94e+04   788s
[2025-08-22 23:13:36] DEBUG    65   7.26472320e+13 -6.04200436e+10  3.27e-02 3.64e-02  1.73e+04   800s
[2025-08-22 23:13:49] DEBUG    66   7.23268154e+13 -5.39952075e+10  3.01e-02 3.61e-02  1.55e+04   812s
[2025-08-22 23:14:04] DEBUG    67   7.19058417e+13 -4.84862897e+10  2.70e-02 3.59e-02  1.36e+04   827s
[2025-08-22 23:14:18] DEBUG    68   7.18552737e+13 -4.63269304e+10  2.66e-02 3.58e-02  1.32e+04   841s
[2025-08-22 23:14:28] DEBUG    69   7.16543325e+13 -4.33810829e+10  2.53e-02 3.56e-02  1.23e+04   851s
[2025-08-22 23:14:40] DEBUG    70   7.13068856e+13 -3.99045458e+10  2.31e-02 3.54e-02  1.11e+04   863s
[2025-08-22 23:14:52] DEBUG    71   7.10102720e+13 -3.71075490e+10  2.13e-02 3.52e-02  1.01e+04   876s
[2025-08-22 23:15:05] DEBUG    72   7.08600490e+13 -3.45221109e+10  2.05e-02 3.50e-02  9.51e+03   888s
[2025-08-22 23:15:18] DEBUG    73   7.05855088e+13 -3.24419243e+10  1.91e-02 3.52e-02  8.77e+03   901s
[2025-08-22 23:15:30] DEBUG    74   7.03698420e+13 -3.09636683e+10  1.80e-02 3.55e-02  8.23e+03   914s
[2025-08-22 23:15:43] DEBUG    75   7.02297673e+13 -2.96838255e+10  1.74e-02 3.58e-02  7.83e+03   926s
[2025-08-22 23:15:56] DEBUG    76   7.00949947e+13 -2.83760126e+10  1.68e-02 3.61e-02  7.46e+03   940s
[2025-08-22 23:16:06] DEBUG    77   6.99840519e+13 -2.74025062e+10  1.63e-02 3.62e-02  7.20e+03   949s
[2025-08-22 23:16:18] DEBUG    78   6.97228936e+13 -2.60444620e+10  1.52e-02 3.65e-02  6.67e+03   961s
[2025-08-22 23:16:32] DEBUG    79   6.94197762e+13 -2.50892020e+10  1.40e-02 3.67e-02  6.17e+03   975s
[2025-08-22 23:16:48] DEBUG    80   6.92388673e+13 -2.36839230e+10  1.34e-02 3.69e-02  5.77e+03   991s
[2025-08-22 23:17:02] DEBUG    81   6.90500351e+13 -2.27245851e+10  1.27e-02 3.71e-02  5.44e+03  1005s
[2025-08-22 23:17:15] DEBUG    82   6.89471468e+13 -2.20968791e+10  1.24e-02 3.72e-02  5.25e+03  1019s
[2025-08-22 23:17:28] DEBUG    83   6.88539400e+13 -2.15685662e+10  1.21e-02 3.73e-02  5.09e+03  1031s
[2025-08-22 23:17:39] DEBUG    84   6.87587120e+13 -2.09345738e+10  1.18e-02 3.74e-02  4.91e+03  1043s
[2025-08-22 23:17:52] DEBUG    85   6.87146419e+13 -2.04801698e+10  1.16e-02 3.75e-02  4.81e+03  1055s
[2025-08-22 23:18:07] DEBUG    86   6.86639122e+13 -2.00480549e+10  1.15e-02 3.76e-02  4.71e+03  1070s
[2025-08-22 23:18:17] DEBUG    87   6.86212875e+13 -1.95895922e+10  1.13e-02 3.77e-02  4.61e+03  1081s
[2025-08-22 23:18:30] DEBUG    88   6.84691049e+13 -1.90607455e+10  1.09e-02 3.78e-02  4.40e+03  1093s
[2025-08-22 23:18:42] DEBUG    89   6.83826682e+13 -1.86188458e+10  1.06e-02 3.78e-02  4.27e+03  1105s
[2025-08-22 23:18:55] DEBUG    90   6.82221688e+13 -1.82060107e+10  1.02e-02 3.79e-02  4.08e+03  1118s
[2025-08-22 23:19:11] DEBUG    91   6.81757210e+13 -1.76386866e+10  1.01e-02 3.80e-02  3.97e+03  1134s
[2025-08-22 23:19:23] DEBUG    92   6.80753920e+13 -1.73986453e+10  9.79e-03 3.80e-02  3.86e+03  1146s
[2025-08-22 23:19:34] DEBUG    93   6.79987689e+13 -1.72833656e+10  9.59e-03 3.81e-02  3.79e+03  1158s
[2025-08-22 23:19:47] DEBUG    94   6.79384915e+13 -1.67722582e+10  9.44e-03 3.81e-02  3.68e+03  1171s
[2025-08-22 23:20:01] DEBUG    95   6.77402570e+13 -1.63707425e+10  8.94e-03 3.82e-02  3.48e+03  1184s
[2025-08-22 23:20:11] DEBUG    96   6.76295354e+13 -1.60278049e+10  8.68e-03 3.82e-02  3.36e+03  1194s
[2025-08-22 23:20:21] DEBUG    97   6.74967410e+13 -1.57315828e+10  8.37e-03 3.83e-02  3.23e+03  1204s
[2025-08-22 23:20:30] DEBUG    98   6.74386707e+13 -1.56191602e+10  8.24e-03 3.83e-02  3.18e+03  1213s
[2025-08-22 23:20:40] DEBUG    99   6.73448492e+13 -1.54166804e+10  8.03e-03 3.83e-02  3.09e+03  1223s
[2025-08-22 23:20:53] DEBUG    100   6.73107015e+13 -1.51833704e+10  7.96e-03 3.83e-02  3.04e+03  1236s
[2025-08-22 23:21:02] DEBUG    101   6.72833832e+13 -1.50381402e+10  7.90e-03 3.83e-02  3.01e+03  1246s
[2025-08-22 23:21:14] DEBUG    102   6.72136846e+13 -1.49241492e+10  7.75e-03 3.83e-02  2.95e+03  1258s
[2025-08-22 23:21:27] DEBUG    103   6.70892674e+13 -1.46777976e+10  7.49e-03 3.84e-02  2.84e+03  1270s
[2025-08-22 23:21:40] DEBUG    104   6.69797779e+13 -1.44980352e+10  7.27e-03 3.84e-02  2.75e+03  1283s
[2025-08-22 23:21:50] DEBUG    105   6.69014546e+13 -1.44197191e+10  7.12e-03 3.84e-02  2.70e+03  1293s
[2025-08-22 23:22:03] DEBUG    106   6.68223064e+13 -1.41711414e+10  6.97e-03 3.84e-02  2.62e+03  1307s
[2025-08-22 23:22:14] DEBUG    107   6.67834749e+13 -1.41068176e+10  6.90e-03 3.84e-02  2.59e+03  1317s
[2025-08-22 23:22:29] DEBUG    108   6.66470784e+13 -1.38766159e+10  6.64e-03 3.84e-02  2.49e+03  1332s
[2025-08-22 23:22:40] DEBUG    109   6.65924516e+13 -1.37451338e+10  6.54e-03 3.84e-02  2.44e+03  1343s
[2025-08-22 23:22:51] DEBUG    110   6.65521762e+13 -1.36105434e+10  6.47e-03 3.84e-02  2.41e+03  1354s
[2025-08-22 23:23:02] DEBUG    111   6.64715177e+13 -1.34785504e+10  6.33e-03 3.84e-02  2.35e+03  1365s
[2025-08-22 23:23:17] DEBUG    112   6.63825261e+13 -1.33431065e+10  6.18e-03 3.84e-02  2.29e+03  1380s
[2025-08-22 23:23:30] DEBUG    113   6.63086935e+13 -1.32433265e+10  6.06e-03 3.84e-02  2.24e+03  1393s
[2025-08-22 23:23:43] DEBUG    114   6.62451557e+13 -1.31211092e+10  5.95e-03 3.84e-02  2.19e+03  1406s
[2025-08-22 23:23:58] DEBUG    115   6.61872872e+13 -1.30071594e+10  5.86e-03 3.84e-02  2.15e+03  1421s
[2025-08-22 23:24:12] DEBUG    116   6.60610979e+13 -1.28688637e+10  5.66e-03 3.84e-02  2.08e+03  1435s
[2025-08-22 23:24:26] DEBUG    117   6.60080816e+13 -1.27457679e+10  5.57e-03 3.84e-02  2.04e+03  1449s
[2025-08-22 23:24:40] DEBUG    118   6.59475287e+13 -1.26110881e+10  5.48e-03 3.84e-02  2.00e+03  1464s
[2025-08-22 23:24:52] DEBUG    119   6.58756624e+13 -1.25329166e+10  5.38e-03 3.84e-02  1.96e+03  1475s
[2025-08-22 23:25:04] DEBUG    120   6.58599407e+13 -1.24919379e+10  5.35e-03 3.84e-02  1.95e+03  1488s
[2025-08-22 23:25:16] DEBUG    121   6.58021061e+13 -1.24156788e+10  5.27e-03 3.84e-02  1.91e+03  1499s
[2025-08-22 23:25:29] DEBUG    122   6.57426505e+13 -1.23212840e+10  5.18e-03 3.84e-02  2.38e+03  1513s
[2025-08-22 23:25:29] DEBUG    Barrier performed 122 iterations in 1512.63 seconds (420.06 work units)
Numerical trouble encountered

Model may be infeasible or unbounded.  Consider using the
homogeneous algorithm (through parameter 'BarHomogeneous')
[2025-08-22 23:26:34] DEBUG    Waiting for other threads to finish...        1577s
[2025-08-22 23:27:38] DEBUG    Waiting for other threads to finish...        1642s
[2025-08-22 23:28:43] DEBUG    Waiting for other threads to finish...        1706s
[2025-08-22 23:29:47] DEBUG    Waiting for other threads to finish...        1771s
[2025-08-22 23:30:52] DEBUG    Waiting for other threads to finish...        1835s
[2025-08-22 23:31:56] DEBUG    Waiting for other threads to finish...        1900s
[2025-08-22 23:33:01] DEBUG    Waiting for other threads to finish...        1964s
[2025-08-22 23:33:02] DEBUG    Solved with dual simplex
[2025-08-22 23:33:14] DEBUG    Iteration    Objective       Primal Inf.    Dual Inf.      Time
[2025-08-22 23:33:14] DEBUG    959267    1.1756604e+10   0.000000e+00   0.000000e+00   1977s

Solved in 959267 iterations and 1977.29 seconds (1229.37 work units)
[2025-08-22 23:33:14] DEBUG    Optimal objective  1.175660410e+10
✅ Scenario completato: new_trasmission_VRES_2030_BESS

🚀 Lancio scenario: new_trasmission_VRES_2030_PHES
[2025-08-22 23:41:52] INFO     Loading sets
[2025-08-22 23:41:52] INFO     Loading parameters
[2025-08-22 23:42:30] INFO     constraints are loaded in the following order: ['energy_balance', 'dispatch', 'costs', 'capacity', 'network', 'policy', 'conversion', 'group', 'conversion_plus', 'milp', 'export']
[2025-08-22 23:42:30] INFO     creating energy_balance constraints
[2025-08-22 23:47:49] INFO     creating dispatch constraints
[2025-08-22 23:52:14] INFO     creating costs constraints
[2025-08-23 00:04:50] INFO     creating capacity constraints
[2025-08-23 00:04:50] INFO     creating network constraints
[2025-08-23 00:04:50] INFO     creating policy constraints
[2025-08-23 00:04:50] INFO     creating conversion constraints
[2025-08-23 00:04:50] INFO     creating group constraints
[2025-08-23 00:04:50] INFO     creating conversion_plus constraints
[2025-08-23 00:04:50] INFO     creating milp constraints
[2025-08-23 00:04:50] INFO     creating export constraints
[2025-08-23 00:19:33] DEBUG    Set parameter WLSAccessID
Set parameter WLSSecret
Set parameter LicenseID to value 2680226
[2025-08-23 00:19:34] DEBUG    Academic license 2680226 - for non-commercial use only - registered to an___@mail.polimi.it
[2025-08-23 00:20:16] DEBUG    Read LP format model from file /tmp/tmpi1jp2h9y.pyomo.lp
[2025-08-23 00:20:16] DEBUG    Reading time = 42.44 seconds
x20974998: 28026929 rows, 20974998 columns, 68840305 nonzeros
[2025-08-23 00:20:16] DEBUG    Set parameter NumericFocus to value 1
[2025-08-23 00:20:16] DEBUG    Gurobi Optimizer version 12.0.2 build v12.0.2rc0 (linux64 - "Debian GNU/Linux 11 (bullseye)")

CPU model: Intel(R) Xeon(R) Silver 4314 CPU @ 2.40GHz, instruction set [SSE2|AVX|AVX2|AVX512]
Thread count: 32 physical cores, 64 logical processors, using up to 32 threads
[2025-08-23 00:20:16] DEBUG    Non-default parameters:
NumericFocus  1
[2025-08-23 00:20:16] DEBUG    Academic license 2680226 - for non-commercial use only - registered to an___@mail.polimi.it
[2025-08-23 00:20:16] DEBUG    Optimize a model with 28026929 rows, 20974998 columns and 68840305 nonzeros
[2025-08-23 00:20:17] DEBUG    Model fingerprint: 0xf589c83a
[2025-08-23 00:20:17] DEBUG    Coefficient statistics:
  Matrix range     [1e-07, 3e+02]
  Objective range  [1e+00, 1e+06]
  Bounds range     [0e+00, 0e+00]
[2025-08-23 00:20:17] DEBUG    RHS range        [1e+00, 6e+09]
Warning: Model contains large rhs
[2025-08-23 00:20:22] DEBUG    Presolve removed 19867750 rows and 11270170 columns (presolve time = 5s)...
[2025-08-23 00:20:27] DEBUG    Presolve removed 20430202 rows and 13355287 columns (presolve time = 10s)...
[2025-08-23 00:20:32] DEBUG    Presolve removed 23395000 rows and 16320000 columns (presolve time = 15s)...
[2025-08-23 00:20:37] DEBUG    Presolve removed 23958898 rows and 16838320 columns (presolve time = 20s)...
[2025-08-23 00:20:50] DEBUG    Presolve removed 24496787 rows and 17092360 columns (presolve time = 33s)...
[2025-08-23 00:20:53] DEBUG    Presolve removed 24496787 rows and 17215000 columns (presolve time = 36s)...
[2025-08-23 00:20:57] DEBUG    Presolve removed 24645690 rows and 17215000 columns
[2025-08-23 00:21:35] DEBUG    Presolve time: 78.89s
Presolved: 3381239 rows, 3908901 columns, 14306295 nonzeros

Concurrent LP optimizer: primal simplex, dual simplex, and barrier
Showing barrier log only...
[2025-08-23 00:22:03] DEBUG    Elapsed ordering time = 25s
[2025-08-23 00:22:08] DEBUG    Elapsed ordering time = 30s
[2025-08-23 00:22:18] DEBUG    Ordering time: 40.17s
[2025-08-23 00:22:20] DEBUG    Barrier statistics:
[2025-08-23 00:22:20] DEBUG    Dense cols : 171
 AA' NZ     : 1.498e+07
 Factor NZ  : 6.292e+07 (roughly 3.5 GB of memory)
 Factor Ops : 6.783e+09 (less than 1 second per iteration)
 Threads    : 30
[2025-08-23 00:22:24] DEBUG    Objective                Residual
[2025-08-23 00:22:24] DEBUG    Iter       Primal          Dual         Primal    Dual     Compl     Time
[2025-08-23 00:22:24] DEBUG    0   2.48984872e+21 -6.79556870e+18  6.13e+10 2.90e-11  3.58e+15   128s
[2025-08-23 00:22:31] DEBUG    1   2.28324764e+21 -7.00310489e+18  5.60e+10 1.79e+05  2.82e+15   134s
[2025-08-23 00:22:39] DEBUG    2   2.11667387e+21 -2.45442891e+19  5.23e+10 1.46e+05  2.57e+15   143s
[2025-08-23 00:22:49] DEBUG    3   1.79446345e+21 -6.77318290e+19  4.49e+10 5.91e+04  1.99e+15   153s
[2025-08-23 00:22:57] DEBUG    4   1.42721540e+21 -8.07323516e+19  3.59e+10 3.19e+04  1.52e+15   161s
[2025-08-23 00:23:05] DEBUG    5   1.23604713e+21 -8.38924344e+19  3.14e+10 1.59e+04  1.26e+15   169s
[2025-08-23 00:23:14] DEBUG    6   1.03018417e+21 -8.35912087e+19  2.63e+10 1.05e+04  1.05e+15   178s
[2025-08-23 00:23:25] DEBUG    7   7.25307197e+20 -8.11151298e+19  1.85e+10 4.57e+03  7.37e+14   188s
[2025-08-23 00:23:35] DEBUG    8   2.44292827e+20 -7.15946010e+19  5.82e+09 2.05e+03  2.42e+14   199s
[2025-08-23 00:23:45] DEBUG    9   9.86610816e+19 -5.40070836e+19  2.22e+09 7.89e+02  9.51e+13   209s
[2025-08-23 00:23:53] DEBUG    10   4.06337454e+19 -4.01304970e+19  8.80e+08 4.10e+02  4.00e+13   217s
[2025-08-23 00:23:58] DEBUG    11   2.52723352e+19 -2.76999536e+19  5.38e+08 2.16e+02  2.45e+13   222s
[2025-08-23 00:24:03] DEBUG    12   1.23162392e+19 -1.76266484e+19  2.52e+08 1.13e+02  1.19e+13   227s
[2025-08-23 00:24:09] DEBUG    13   4.11734367e+18 -9.93418326e+18  8.35e+07 4.26e+01  4.40e+12   232s
[2025-08-23 00:24:14] DEBUG    14   6.94946170e+17 -4.97624106e+18  1.63e+07 1.57e+01  1.21e+12   238s
[2025-08-23 00:24:20] DEBUG    15   1.46342785e+17 -1.49999552e+18  3.35e+06 2.96e+00  2.87e+11   244s
[2025-08-23 00:24:25] DEBUG    16   2.34791600e+16 -1.65726062e+17  5.24e+05 8.35e-02  2.97e+10   249s
[2025-08-23 00:24:31] DEBUG    17   4.90687567e+13 -1.47073390e+16  3.31e+02 1.96e-03  1.66e+09   255s
[2025-08-23 00:24:38] DEBUG    18   3.01032503e+13 -6.11884398e+15  5.86e+01 1.34e-03  6.92e+08   262s
[2025-08-23 00:24:43] DEBUG    19   2.65900688e+13 -4.44104186e+15  2.55e+01 1.09e-03  5.03e+08   267s
[2025-08-23 00:24:49] DEBUG    20   2.40649309e+13 -2.40914984e+15  7.04e+00 3.13e-03  2.74e+08   273s
[2025-08-23 00:24:55] DEBUG    21   2.16991016e+13 -8.04036345e+14  3.95e-03 5.43e-03  9.23e+07   279s
[2025-08-23 00:25:11] DEBUG    22   2.04797728e+13 -7.19375648e+14  2.70e-03 1.22e-02  8.27e+07   295s
[2025-08-23 00:25:22] DEBUG    23   1.94236822e+13 -2.02808779e+14  1.53e-03 1.07e-02  2.40e+07   306s
[2025-08-23 00:25:39] DEBUG    24   1.80775227e+13 -9.98767802e+13  8.63e-04 8.83e-03  1.21e+07   323s
[2025-08-23 00:25:59] DEBUG    25   1.70984406e+13 -4.64080094e+13  5.84e-04 4.87e-03  5.91e+06   343s
[2025-08-23 00:26:18] DEBUG    26   1.50372023e+13 -3.65345757e+13  1.64e-04 3.44e-03  4.65e+06   362s
[2025-08-23 00:26:48] DEBUG    27   1.48063837e+13 -3.35631550e+13  1.50e-04 3.19e-03  4.29e+06   391s
[2025-08-23 00:27:11] DEBUG    28   1.39472600e+13 -1.72512492e+13  9.38e-05 2.12e-03  2.33e+06   414s
[2025-08-23 00:27:32] DEBUG    29   1.38392013e+13 -1.50889021e+13  9.23e-05 2.08e-03  2.06e+06   436s
[2025-08-23 00:27:51] DEBUG    30   1.37229372e+13 -1.12145041e+13  9.67e-05 1.65e-03  1.59e+06   455s
[2025-08-23 00:28:13] DEBUG    31   1.34477974e+13 -1.04431353e+13  8.33e-05 1.47e-03  1.48e+06   477s
[2025-08-23 00:28:47] DEBUG    32   1.34085602e+13 -9.50091451e+12  8.33e-05 1.49e-03  1.37e+06   511s
[2025-08-23 00:29:11] DEBUG    33   1.33521132e+13 -8.87257713e+12  8.27e-05 1.51e-03  1.29e+06   535s
[2025-08-23 00:29:46] DEBUG    34   1.31868128e+13 -7.82321332e+12  7.51e-05 1.56e-03  1.15e+06   570s
[2025-08-23 00:30:20] DEBUG    35   1.30983924e+13 -6.26696161e+12  7.38e-05 1.52e-03  9.58e+05   604s
[2025-08-23 00:30:42] DEBUG    36   1.29141150e+13 -5.55828424e+12  6.75e-05 1.49e-03  8.59e+05   626s
[2025-08-23 00:31:07] DEBUG    37   1.27988108e+13 -4.99056020e+12  6.41e-05 1.48e-03  7.82e+05   651s
[2025-08-23 00:31:32] DEBUG    38   1.26834746e+13 -4.48231817e+12  6.26e-05 1.40e-03  7.11e+05   676s
[2025-08-23 00:31:58] DEBUG    39   1.24031463e+13 -3.64617225e+12  6.04e-05 2.12e-03  5.88e+05   702s
[2025-08-23 00:32:20] DEBUG    40   1.22883462e+13 -3.23383045e+12  5.57e-05 2.06e-03  5.29e+05   724s
[2025-08-23 00:32:43] DEBUG    41   1.22110724e+13 -1.95800106e+12  5.32e-05 2.12e-03  3.65e+05   747s
[2025-08-23 00:33:07] DEBUG    42   1.19725377e+13 -1.59160437e+12  4.52e-05 2.13e-03  3.00e+05   771s
[2025-08-23 00:33:29] DEBUG    43   1.18705608e+13 -1.00133074e+12  4.17e-05 2.65e-03  2.18e+05   793s
[2025-08-23 00:33:47] DEBUG    44   1.17535059e+13 -9.06917994e+11  4.33e-05 2.74e-03  1.98e+05   811s
[2025-08-23 00:34:14] DEBUG    45   1.16924793e+13 -6.37591799e+11  4.04e-05 3.04e-03  1.59e+05   838s
[2025-08-23 00:34:40] DEBUG    46   1.16664933e+13 -6.01446457e+11  4.23e-05 3.07e-03  1.53e+05   864s
[2025-08-23 00:35:02] DEBUG    47   1.16251371e+13 -5.29962497e+11  4.52e-05 3.14e-03  1.41e+05   886s
[2025-08-23 00:35:22] DEBUG    48   1.15721441e+13 -4.72428434e+11  4.33e-05 3.15e-03  1.31e+05   905s
[2025-08-23 00:35:42] DEBUG    49   1.13870478e+13 -4.27740494e+11  3.76e-05 3.15e-03  1.15e+05   926s
[2025-08-23 00:36:09] DEBUG    50   1.13177183e+13 -4.18695950e+11  4.14e-05 3.15e-03  1.10e+05   953s
[2025-08-23 00:36:28] DEBUG    51   1.12301223e+13 -3.00729524e+11  3.28e-05 3.07e-03  9.00e+04   972s
[2025-08-23 00:36:49] DEBUG    52   1.10217377e+13 -2.56708935e+11  3.84e-05 3.02e-03  7.46e+04   993s
[2025-08-23 00:37:16] DEBUG    53   1.10040046e+13 -2.11605181e+11  3.04e-05 2.92e-03  6.79e+04  1020s
[2025-08-23 00:37:31] DEBUG    54   1.09152467e+13 -1.84181742e+11  4.10e-05 2.85e-03  6.07e+04  1035s
[2025-08-23 00:37:52] DEBUG    55   1.08683159e+13 -1.72112079e+11  3.52e-05 2.82e-03  5.73e+04  1056s
[2025-08-23 00:38:23] DEBUG    56   1.08368091e+13 -1.63452599e+11  3.62e-05 2.80e-03  5.49e+04  1087s
[2025-08-23 00:38:45] DEBUG    57   1.08272233e+13 -1.58282819e+11  3.08e-05 2.78e-03  5.39e+04  1109s
[2025-08-23 00:39:06] DEBUG    58   1.08057584e+13 -1.54458635e+11  2.67e-05 2.77e-03  5.26e+04  1130s
[2025-08-23 00:39:28] DEBUG    59   1.07413704e+13 -1.37674921e+11  3.19e-05 2.71e-03  4.81e+04  1152s
[2025-08-23 00:39:54] DEBUG    60   1.06422422e+13 -1.19248937e+11  2.60e-05 2.61e-03  4.20e+04  1177s
[2025-08-23 00:40:12] DEBUG    61   1.06210016e+13 -1.12003673e+11  2.47e-05 2.56e-03  4.04e+04  1195s
[2025-08-23 00:40:31] DEBUG    62   1.05309770e+13 -1.00687748e+11  2.33e-05 2.47e-03  3.62e+04  1215s
[2025-08-23 00:40:49] DEBUG    63   1.04889762e+13 -9.53358704e+10  2.72e-05 2.49e-03  3.40e+04  1233s
[2025-08-23 00:41:09] DEBUG    64   1.03954293e+13 -8.97215382e+10  3.19e-05 2.58e-03  3.01e+04  1253s
[2025-08-23 00:41:28] DEBUG    65   1.03636421e+13 -7.63697211e+10  2.46e-05 2.80e-03  2.74e+04  1272s
[2025-08-23 00:41:46] DEBUG    66   1.03323266e+13 -6.87642971e+10  2.53e-05 2.97e-03  2.55e+04  1290s
[2025-08-23 00:42:01] DEBUG    67   1.03113559e+13 -6.56536751e+10  2.28e-05 2.96e-03  2.45e+04  1305s
[2025-08-23 00:42:20] DEBUG    68   1.02735953e+13 -5.85889396e+10  1.94e-05 3.10e-03  2.25e+04  1324s
[2025-08-23 00:42:37] DEBUG    69   1.02110316e+13 -5.19367853e+10  2.48e-05 3.12e-03  1.99e+04  1341s
[2025-08-23 00:43:03] DEBUG    70   1.01958364e+13 -4.82523776e+10  2.74e-05 3.07e-03  1.92e+04  1367s
[2025-08-23 00:43:14] DEBUG    71   1.01561829e+13 -4.48374027e+10  2.61e-05 3.00e-03  1.79e+04  1378s
[2025-08-23 00:43:30] DEBUG    72   1.01062277e+13 -3.87319316e+10  2.38e-05 2.96e-03  1.60e+04  1394s
[2025-08-23 00:43:43] DEBUG    73   1.00574198e+13 -3.34579126e+10  2.43e-05 3.21e-03  1.41e+04  1407s
[2025-08-23 00:43:59] DEBUG    74   9.99799281e+12 -2.73349807e+10  2.36e-05 3.46e-03  1.18e+04  1423s
[2025-08-23 00:44:14] DEBUG    75   9.96390922e+12 -2.40278542e+10  2.37e-05 3.58e-03  1.06e+04  1438s
[2025-08-23 00:44:28] DEBUG    76   9.91979000e+12 -2.00273108e+10  1.91e-05 3.75e-03  9.20e+03  1452s
[2025-08-23 00:44:48] DEBUG    77   9.89437542e+12 -1.67555473e+10  2.64e-05 3.73e-03  8.30e+03  1472s
[2025-08-23 00:45:01] DEBUG    78   9.86128414e+12 -1.51884257e+10  2.67e-05 3.62e-03  7.60e+03  1485s
[2025-08-23 00:45:15] DEBUG    79   9.85422839e+12 -1.34981307e+10  2.55e-05 3.55e-03  7.27e+03  1499s
[2025-08-23 00:45:32] DEBUG    80   9.83448936e+12 -1.13805953e+10  2.60e-05 3.46e-03  6.69e+03  1516s
[2025-08-23 00:45:50] DEBUG    81   9.81481281e+12 -1.04052650e+10  2.46e-05 3.39e-03  6.31e+03  1534s
[2025-08-23 00:46:06] DEBUG    82   9.79919524e+12 -9.39615675e+09  2.59e-05 3.36e-03  5.98e+03  1550s
[2025-08-23 00:46:17] DEBUG    83   9.78242645e+12 -8.36251138e+09  2.12e-05 3.47e-03  5.48e+03  1561s
[2025-08-23 00:46:26] DEBUG    84   9.77502888e+12 -7.42108541e+09  2.08e-05 3.55e-03  5.21e+03  1570s
[2025-08-23 00:46:40] DEBUG    85   9.76598820e+12 -6.46335339e+09  2.18e-05 3.86e-03  4.87e+03  1584s
[2025-08-23 00:46:57] DEBUG    86   9.72736568e+12 -4.64380259e+09  2.22e-05 3.92e-03  4.21e+03  1601s
[2025-08-23 00:47:11] DEBUG    87   9.70687186e+12 -3.44663034e+09  2.04e-05 4.24e-03  3.74e+03  1615s
[2025-08-23 00:47:23] DEBUG    88   9.68992730e+12 -2.30826792e+09  2.08e-05 4.54e-03  3.34e+03  1626s
[2025-08-23 00:47:33] DEBUG    89   9.68119210e+12 -1.47654666e+09  2.07e-05 4.67e-03  3.12e+03  1637s
[2025-08-23 00:47:45] DEBUG    90   9.66333987e+12 -1.09669026e+09  2.35e-05 4.74e-03  2.85e+03  1649s
[2025-08-23 00:48:00] DEBUG    91   9.65332134e+12 -5.37546013e+08  2.12e-05 4.85e-03  2.66e+03  1663s
[2025-08-23 00:48:09] DEBUG    92   9.64837505e+12 -2.46245881e+08  2.32e-05 4.86e-03  2.57e+03  1673s
[2025-08-23 00:48:20] DEBUG    93   9.64442800e+12 -3.72298204e+07  2.37e-05 4.87e-03  2.50e+03  1684s
[2025-08-23 00:48:32] DEBUG    94   9.62595817e+12  2.06154428e+08  3.27e-05 4.90e-03  2.29e+03  1696s
[2025-08-23 00:48:46] DEBUG    95   9.61961559e+12  8.07796416e+08  2.10e-05 5.03e-03  2.13e+03  1709s
[2025-08-23 00:48:59] DEBUG    96   9.60404811e+12  1.07102873e+09  2.42e-05 5.07e-03  1.96e+03  1723s
[2025-08-23 00:49:12] DEBUG    97   9.59684997e+12  1.55988188e+09  2.61e-05 5.18e-03  1.83e+03  1736s
[2025-08-23 00:49:24] DEBUG    98   9.58759552e+12  1.87089039e+09  3.01e-05 5.20e-03  1.71e+03  1748s
[2025-08-23 00:49:35] DEBUG    99   9.58314594e+12  1.98160137e+09  3.62e-05 5.21e-03  1.66e+03  1759s
[2025-08-23 00:49:50] DEBUG    100   9.57167775e+12  2.11299997e+09  4.27e-05 5.22e-03  1.56e+03  1774s
[2025-08-23 00:50:03] DEBUG    101   9.56228235e+12  2.39914391e+09  4.95e-05 5.20e-03  1.46e+03  1787s
[2025-08-23 00:50:16] DEBUG    102   9.55265055e+12  2.62650112e+09  6.13e-05 5.17e-03  1.36e+03  1799s
[2025-08-23 00:50:25] DEBUG    103   9.54813904e+12  2.75545668e+09  5.77e-05 5.12e-03  1.31e+03  1809s
[2025-08-23 00:50:35] DEBUG    104   9.54346438e+12  2.86945335e+09  6.22e-05 5.08e-03  1.27e+03  1818s
[2025-08-23 00:50:47] DEBUG    105   9.52907586e+12  2.94243966e+09  7.00e-05 5.05e-03  1.18e+03  1831s
[2025-08-23 00:50:57] DEBUG    106   9.52483874e+12  3.06150631e+09  6.52e-05 4.98e-03  1.14e+03  1841s
[2025-08-23 00:51:07] DEBUG    107   9.52178918e+12  3.16376053e+09  7.06e-05 4.93e-03  1.11e+03  1851s
[2025-08-23 00:51:21] DEBUG    108   9.50250206e+12  3.32876199e+09  7.07e-05 4.84e-03  9.91e+02  1865s
[2025-08-23 00:51:35] DEBUG    109   9.49601732e+12  3.48872839e+09  7.18e-05 4.75e-03  9.35e+02  1878s
[2025-08-23 00:51:48] DEBUG    110   9.48184813e+12  3.56918051e+09  6.46e-05 4.68e-03  8.61e+02  1892s
[2025-08-23 00:52:00] DEBUG    111   9.47274130e+12  3.64346496e+09  6.60e-05 4.61e-03  8.13e+02  1904s
[2025-08-23 00:52:14] DEBUG    112   9.46377683e+12  3.77841645e+09  6.47e-05 4.49e-03  7.58e+02  1918s
[2025-08-23 00:52:25] DEBUG    113   9.45707289e+12  3.83829839e+09  6.30e-05 4.43e-03  7.23e+02  1929s
[2025-08-23 00:52:38] DEBUG    114   9.45080392e+12  3.89954894e+09  6.15e-05 4.36e-03  6.92e+02  1942s
[2025-08-23 00:52:52] DEBUG    115   9.44286357e+12  3.98062348e+09  5.81e-05 4.25e-03  6.52e+02  1956s
[2025-08-23 00:53:05] DEBUG    116   9.43097660e+12  4.01107425e+09  5.34e-05 4.20e-03  6.12e+02  1969s
[2025-08-23 00:53:19] DEBUG    117   9.42602597e+12  4.07391963e+09  5.19e-05 4.10e-03  5.85e+02  1983s
[2025-08-23 00:53:35] DEBUG    118   9.42030616e+12  4.10759121e+09  5.03e-05 4.04e-03  5.62e+02  1999s
[2025-08-23 00:53:45] DEBUG    119   9.41630384e+12  4.13876569e+09  4.90e-05 3.97e-03  5.46e+02  2009s
[2025-08-23 00:53:56] DEBUG    120   9.40847603e+12  4.17322732e+09  4.67e-05 3.90e-03  5.20e+02  2020s
[2025-08-23 00:54:06] DEBUG    121   9.40448022e+12  4.19825320e+09  4.54e-05 3.83e-03  5.05e+02  2030s
[2025-08-23 00:54:18] DEBUG    122   9.39344421e+12  4.22568322e+09  4.33e-05 3.79e-03  4.75e+02  2041s
[2025-08-23 00:54:27] DEBUG    123   9.38866242e+12  4.24800517e+09  4.24e-05 3.78e-03  4.60e+02  2051s
[2025-08-23 00:54:41] DEBUG    124   9.38641420e+12  4.25699937e+09  4.20e-05 3.77e-03  4.53e+02  2065s
[2025-08-23 00:54:52] DEBUG    125   9.37636472e+12  4.27861896e+09  4.05e-05 3.74e-03  4.24e+02  2076s
[2025-08-23 00:55:05] DEBUG    126   9.37043152e+12  4.29548181e+09  3.93e-05 3.72e-03  4.09e+02  2089s
[2025-08-23 00:55:19] DEBUG    127   9.36141559e+12  4.30824926e+09  3.54e-05 3.70e-03  3.83e+02  2103s
[2025-08-23 00:55:29] DEBUG    128   9.35634703e+12  4.32177707e+09  3.49e-05 3.68e-03  3.72e+02  2113s
[2025-08-23 00:55:43] DEBUG    129   9.34319156e+12  4.33259081e+09  5.37e-05 3.66e-03  3.45e+02  2127s
[2025-08-23 00:55:56] DEBUG    130   9.33868881e+12  4.35170912e+09  5.21e-05 3.63e-03  3.32e+02  2140s
[2025-08-23 00:56:10] DEBUG    131   9.33182778e+12  4.36631141e+09  5.14e-05 3.61e-03  3.18e+02  2154s
[2025-08-23 00:56:24] DEBUG    132   9.32195551e+12  4.37802329e+09  5.37e-05 3.58e-03  2.98e+02  2168s
[2025-08-23 00:56:37] DEBUG    133   9.31566652e+12  4.39312056e+09  4.88e-05 3.56e-03  2.85e+02  2181s
[2025-08-23 00:56:50] DEBUG    134   9.30950765e+12  4.41367133e+09  4.91e-05 3.53e-03  2.72e+02  2194s
[2025-08-23 00:57:03] DEBUG    135   9.30253997e+12  4.43381886e+09  4.66e-05 3.51e-03  2.59e+02  2207s
[2025-08-23 00:57:18] DEBUG    136   9.29655213e+12  4.45296265e+09  4.57e-05 3.48e-03  2.48e+02  2221s
[2025-08-23 00:57:28] DEBUG    137   9.29086204e+12  4.46141941e+09  4.63e-05 3.47e-03  2.39e+02  2232s
[2025-08-23 00:57:42] DEBUG    138   9.28600974e+12  4.47784294e+09  4.52e-05 3.44e-03  2.30e+02  2246s
[2025-08-23 00:57:55] DEBUG    139   9.28006679e+12  4.49566902e+09  4.22e-05 3.42e-03  2.20e+02  2259s
[2025-08-23 00:58:08] DEBUG    140   9.27417492e+12  4.51224257e+09  4.25e-05 3.39e-03  2.11e+02  2271s
[2025-08-23 00:58:17] DEBUG    141   9.26849653e+12  4.51864417e+09  4.16e-05 3.39e-03  2.05e+02  2281s
[2025-08-23 00:58:30] DEBUG    142   9.26272507e+12  4.53968645e+09  4.10e-05 3.36e-03  1.95e+02  2294s
[2025-08-23 00:58:44] DEBUG    143   9.25782378e+12  4.55447433e+09  4.14e-05 3.33e-03  1.88e+02  2308s
[2025-08-23 00:58:57] DEBUG    144   9.25098820e+12  4.56899049e+09  3.92e-05 3.31e-03  1.79e+02  2321s
[2025-08-23 00:59:08] DEBUG    145   9.24425749e+12  4.58092610e+09  3.83e-05 3.28e-03  1.71e+02  2332s
[2025-08-23 00:59:19] DEBUG    146   9.23763213e+12  4.59196688e+09  3.64e-05 3.26e-03  1.64e+02  2343s
[2025-08-23 00:59:31] DEBUG    147   9.23110394e+12  4.59289766e+09  3.59e-05 3.24e-03  1.57e+02  2355s
[2025-08-23 00:59:43] DEBUG    148   9.22567658e+12  4.60220894e+09  3.44e-05 3.22e-03  1.52e+02  2367s
[2025-08-23 01:00:00] DEBUG    149   9.22074503e+12  4.61678575e+09  3.34e-05 3.18e-03  1.46e+02  2384s
[2025-08-23 01:00:09] DEBUG    150   9.21838968e+12  4.62765056e+09  3.29e-05 3.16e-03  1.43e+02  2393s
[2025-08-23 01:00:20] DEBUG    151   9.21368081e+12  4.63927083e+09  3.20e-05 3.14e-03  1.39e+02  2404s
[2025-08-23 01:00:33] DEBUG    152   9.20660271e+12  4.65187388e+09  3.06e-05 3.10e-03  1.33e+02  2417s
[2025-08-23 01:00:44] DEBUG    153   9.20027141e+12  4.66265485e+09  2.94e-05 3.08e-03  1.28e+02  2428s
[2025-08-23 01:00:57] DEBUG    154   9.19454670e+12  4.67536361e+09  2.87e-05 3.05e-03  1.23e+02  2441s
[2025-08-23 01:01:09] DEBUG    155   9.18943085e+12  4.69309116e+09  2.72e-05 3.03e-03  1.19e+02  2453s
[2025-08-23 01:01:23] DEBUG    156   9.17972851e+12  4.71265177e+09  2.39e-05 3.02e-03  1.12e+02  2467s
[2025-08-23 01:01:37] DEBUG    157   9.17461715e+12  4.73485882e+09  2.41e-05 3.02e-03  1.08e+02  2481s
[2025-08-23 01:01:50] DEBUG    158   9.16365519e+12  4.75628648e+09  2.45e-05 3.02e-03  1.01e+02  2494s
[2025-08-23 01:02:07] DEBUG    159   9.15735918e+12  4.80630312e+09  2.44e-05 3.01e-03  9.59e+01  2510s
[2025-08-23 01:02:19] DEBUG    160   9.15048606e+12  4.84364194e+09  2.28e-05 3.01e-03  9.15e+01  2523s
[2025-08-23 01:02:33] DEBUG    161   9.14799207e+12  4.85102347e+09  3.30e-05 3.01e-03  9.02e+01  2537s
[2025-08-23 01:02:45] DEBUG    162   9.14424884e+12  4.87543412e+09  2.43e-05 3.01e-03  8.80e+01  2549s
[2025-08-23 01:02:59] DEBUG    163   9.13367751e+12  4.91236175e+09  2.60e-05 3.01e-03  8.23e+01  2563s
[2025-08-23 01:03:14] DEBUG    164   9.12853872e+12  4.94145707e+09  2.25e-05 3.01e-03  8.02e+01  2578s
[2025-08-23 01:03:40] DEBUG    165   9.12837724e+12  4.94173357e+09  2.32e-05 3.01e-03  8.02e+01  2604s
[2025-08-23 01:04:07] DEBUG    166   9.12832224e+12  4.94382936e+09  2.83e-05 3.01e-03  8.03e+01  2631s
[2025-08-23 01:04:32] DEBUG    167   9.12829345e+12  4.94238899e+09  2.05e-05 3.01e-03  9.41e+01  2656s
[2025-08-23 01:04:59] DEBUG    168   9.12798507e+12  4.94346637e+09  3.09e-05 3.01e-03  9.72e+01  2682s
[2025-08-23 01:04:59] DEBUG    Barrier performed 168 iterations in 2682.42 seconds (659.09 work units)
Numerical trouble encountered

Model may be infeasible or unbounded.  Consider using the
homogeneous algorithm (through parameter 'BarHomogeneous')
[2025-08-23 01:06:03] DEBUG    Waiting for other threads to finish...        2747s
[2025-08-23 01:07:07] DEBUG    Waiting for other threads to finish...        2811s
[2025-08-23 01:07:40] DEBUG    Solved with dual simplex
[2025-08-23 01:07:53] DEBUG    Iteration    Objective       Primal Inf.    Dual Inf.      Time
[2025-08-23 01:07:53] DEBUG    892161    1.1756604e+10   0.000000e+00   0.000000e+00   2857s

Solved in 892161 iterations and 2856.90 seconds (1387.52 work units)
[2025-08-23 01:07:53] DEBUG    Optimal objective  1.175660410e+10
✅ Scenario completato: new_trasmission_VRES_2030_PHES

🚀 Lancio scenario: new_trasmission_VRES_2030_nostorage
[2025-08-23 01:19:50] INFO     Loading sets
[2025-08-23 01:19:50] INFO     Loading parameters
[2025-08-23 01:20:27] INFO     constraints are loaded in the following order: ['energy_balance', 'dispatch', 'costs', 'capacity', 'network', 'policy', 'conversion', 'group', 'conversion_plus', 'milp', 'export']
[2025-08-23 01:20:27] INFO     creating energy_balance constraints
[2025-08-23 01:23:44] INFO     creating dispatch constraints
[2025-08-23 01:29:36] INFO     creating costs constraints
[2025-08-23 01:39:30] INFO     creating capacity constraints
[2025-08-23 01:39:30] INFO     creating network constraints
[2025-08-23 01:39:30] INFO     creating policy constraints
[2025-08-23 01:39:30] INFO     creating conversion constraints
[2025-08-23 01:39:30] INFO     creating group constraints
[2025-08-23 01:39:30] INFO     creating conversion_plus constraints
[2025-08-23 01:39:30] INFO     creating milp constraints
[2025-08-23 01:39:30] INFO     creating export constraints
[2025-08-23 01:53:24] DEBUG    Set parameter WLSAccessID
Set parameter WLSSecret
Set parameter LicenseID to value 2680226
[2025-08-23 01:53:24] DEBUG    Academic license 2680226 - for non-commercial use only - registered to an___@mail.polimi.it
[2025-08-23 01:54:04] DEBUG    Read LP format model from file /tmp/tmpwr9bwl0o.pyomo.lp
Reading time = 39.86 seconds
x19704624: 26248417 rows, 19704624 columns, 64013168 nonzeros
[2025-08-23 01:54:04] DEBUG    Set parameter NumericFocus to value 1
Gurobi Optimizer version 12.0.2 build v12.0.2rc0 (linux64 - "Debian GNU/Linux 11 (bullseye)")

CPU model: Intel(R) Xeon(R) Silver 4314 CPU @ 2.40GHz, instruction set [SSE2|AVX|AVX2|AVX512]
Thread count: 32 physical cores, 64 logical processors, using up to 32 threads

Non-default parameters:
NumericFocus  1
[2025-08-23 01:54:04] DEBUG    Academic license 2680226 - for non-commercial use only - registered to an___@mail.polimi.it
Optimize a model with 26248417 rows, 19704624 columns and 64013168 nonzeros
[2025-08-23 01:54:05] DEBUG    Model fingerprint: 0x230cb859
[2025-08-23 01:54:05] DEBUG    Coefficient statistics:
  Matrix range     [1e-07, 3e+02]
  Objective range  [1e+00, 1e+06]
  Bounds range     [0e+00, 0e+00]
  RHS range        [1e+00, 2e+08]
[2025-08-23 01:54:10] DEBUG    Presolve removed 19790542 rows and 10761971 columns (presolve time = 5s)...
[2025-08-23 01:54:16] DEBUG    Presolve removed 19790601 rows and 12768245 columns (presolve time = 11s)...
[2025-08-23 01:54:21] DEBUG    Presolve removed 23091374 rows and 16069018 columns (presolve time = 16s)...
[2025-08-23 01:54:25] DEBUG    Presolve removed 23091374 rows and 16069018 columns (presolve time = 20s)...
[2025-08-23 01:54:34] DEBUG    Presolve removed 23629211 rows and 16323058 columns (presolve time = 29s)...
[2025-08-23 01:54:35] DEBUG    Presolve removed 23629211 rows and 16445698 columns (presolve time = 30s)...
[2025-08-23 01:54:39] DEBUG    Presolve removed 23778114 rows and 16445698 columns
[2025-08-23 01:55:12] DEBUG    Presolve time: 68.21s
Presolved: 2470303 rows, 3407829 columns, 10480447 nonzeros

Concurrent LP optimizer: primal simplex, dual simplex, and barrier
Showing barrier log only...
[2025-08-23 01:55:16] DEBUG    Ordering time: 1.80s
[2025-08-23 01:55:17] DEBUG    Barrier statistics:
 Dense cols : 145
[2025-08-23 01:55:17] DEBUG    AA' NZ     : 8.737e+06
 Factor NZ  : 3.948e+07 (roughly 2.7 GB of memory)
 Factor Ops : 3.421e+09 (less than 1 second per iteration)
 Threads    : 30
[2025-08-23 01:55:22] DEBUG    Objective                Residual
[2025-08-23 01:55:22] DEBUG    Iter       Primal          Dual         Primal    Dual     Compl     Time
[2025-08-23 01:55:22] DEBUG    0   2.43082776e+21 -7.43493312e+18  6.13e+10 2.90e-11  3.84e+15    78s
[2025-08-23 01:55:27] DEBUG    1   1.84606970e+21 -7.13115716e+18  4.60e+10 1.76e+05  2.63e+15    83s
[2025-08-23 01:55:34] DEBUG    2   1.39626310e+21 -6.52160784e+18  3.48e+10 8.01e+04  1.81e+15    90s
[2025-08-23 01:55:42] DEBUG    3   1.09266383e+21 -6.23947404e+18  2.74e+10 4.57e+04  1.35e+15    98s
[2025-08-23 01:55:48] DEBUG    4   9.05926512e+20 -6.13442550e+18  2.29e+10 2.62e+04  1.07e+15   104s
[2025-08-23 01:55:53] DEBUG    5   7.70811258e+20 -6.10009140e+18  1.93e+10 1.84e+04  8.88e+14   109s
[2025-08-23 01:55:59] DEBUG    6   6.67558985e+20 -6.08749885e+18  1.68e+10 1.56e+04  7.67e+14   115s
[2025-08-23 01:56:08] DEBUG    7   6.07382893e+20 -6.12892703e+18  1.54e+10 1.35e+04  7.02e+14   124s
[2025-08-23 01:56:17] DEBUG    8   1.82389285e+20 -6.40113280e+18  4.40e+09 8.01e+03  2.27e+14   133s
[2025-08-23 01:56:29] DEBUG    9   6.99314877e+19 -6.71944453e+18  1.32e+09 1.80e+03  6.91e+13   145s
[2025-08-23 01:56:38] DEBUG    10   1.66726345e+19 -6.10973422e+18  2.72e+08 4.73e+02  1.56e+13   154s
[2025-08-23 01:56:46] DEBUG    11   2.82147737e+18 -4.74076953e+18  4.73e+07 1.56e+02  3.55e+12   161s
[2025-08-23 01:56:51] DEBUG    12   4.08044506e+17 -2.19658489e+18  8.92e+06 4.17e+01  8.54e+11   167s
[2025-08-23 01:56:56] DEBUG    13   9.03339766e+16 -3.78401382e+17  1.91e+06 1.67e+00  1.17e+11   172s
[2025-08-23 01:57:02] DEBUG    14   4.67996270e+14 -6.21274779e+16  8.41e+03 2.26e-02  8.49e+09   177s
[2025-08-23 01:57:07] DEBUG    15   1.11946493e+13 -3.11404311e+14  5.16e-02 7.54e-05  4.23e+07   183s
[2025-08-23 01:57:14] DEBUG    16   1.10806269e+13 -3.08166250e+14  4.32e-02 1.53e-04  4.18e+07   190s
[2025-08-23 01:57:19] DEBUG    17   1.10518788e+13 -2.45500290e+14  3.83e-02 8.78e-03  3.35e+07   195s
[2025-08-23 01:57:25] DEBUG    18   1.10163782e+13 -2.07800658e+14  3.66e-02 8.82e-03  2.84e+07   201s
[2025-08-23 01:57:30] DEBUG    19   1.10056698e+13 -1.86275315e+14  3.52e-02 7.85e-03  2.55e+07   206s
[2025-08-23 01:57:38] DEBUG    20   1.07514778e+13 -1.48445816e+14  2.53e-02 1.02e-02  2.04e+07   214s
[2025-08-23 01:57:45] DEBUG    21   1.06812463e+13 -8.42154149e+13  2.28e-02 1.06e-02  1.17e+07   221s
[2025-08-23 01:57:56] DEBUG    22   1.05767065e+13 -7.35162470e+13  2.04e-02 1.00e-02  1.03e+07   232s
[2025-08-23 01:58:07] DEBUG    23   1.04750129e+13 -5.91190175e+13  1.82e-02 9.22e-03  8.30e+06   242s
[2025-08-23 01:58:15] DEBUG    24   1.04283997e+13 -4.72436881e+13  1.73e-02 7.92e-03  6.67e+06   251s
[2025-08-23 01:58:26] DEBUG    25   1.03462106e+13 -3.75631882e+13  1.59e-02 9.98e-03  5.33e+06   262s
[2025-08-23 01:58:42] DEBUG    26   1.03055322e+13 -3.51966951e+13  1.52e-02 9.98e-03  5.01e+06   278s
[2025-08-23 01:58:50] DEBUG    27   1.02461033e+13 -2.88895978e+13  1.41e-02 1.01e-02  4.14e+06   286s
[2025-08-23 01:58:59] DEBUG    28   1.01282785e+13 -2.65331567e+13  1.27e-02 1.02e-02  3.81e+06   295s
[2025-08-23 01:59:16] DEBUG    29   9.84593222e+12 -2.18622049e+13  1.12e-02 8.66e-03  3.16e+06   312s
[2025-08-23 01:59:32] DEBUG    30   9.72278274e+12 -2.06005969e+13  1.06e-02 8.07e-03  2.98e+06   328s
[2025-08-23 01:59:49] DEBUG    31   9.47346104e+12 -1.68400249e+13  9.32e-03 6.05e-03  2.45e+06   345s
[2025-08-23 02:00:06] DEBUG    32   9.32395021e+12 -1.00285766e+13  8.71e-03 6.56e-03  1.50e+06   362s
[2025-08-23 02:00:23] DEBUG    33   8.89280028e+12 -7.09529915e+12  6.99e-03 6.60e-03  1.08e+06   379s
[2025-08-23 02:00:42] DEBUG    34   8.54219917e+12 -5.09309731e+12  5.90e-03 6.33e-03  7.89e+05   398s
[2025-08-23 02:01:00] DEBUG    35   8.30083834e+12 -3.12155171e+12  5.21e-03 4.66e-03  5.06e+05   416s
[2025-08-23 02:01:14] DEBUG    36   8.10145916e+12 -1.93021916e+12  4.70e-03 4.27e-03  3.33e+05   430s
[2025-08-23 02:01:31] DEBUG    37   7.56353310e+12 -1.63228709e+12  3.42e-03 4.26e-03  2.76e+05   447s
[2025-08-23 02:01:48] DEBUG    38   7.34834242e+12 -1.18995075e+12  3.03e-03 3.82e-03  2.10e+05   464s
[2025-08-23 02:02:02] DEBUG    39   7.17626221e+12 -9.81795051e+11  2.73e-03 3.66e-03  1.79e+05   478s
[2025-08-23 02:02:17] DEBUG    40   6.82687054e+12 -6.27577904e+11  2.10e-03 3.20e-03  1.22e+05   493s
[2025-08-23 02:02:35] DEBUG    41   6.56850352e+12 -4.45759399e+11  1.63e-03 3.04e-03  8.96e+04   511s
[2025-08-23 02:02:47] DEBUG    42   6.42560152e+12 -3.37460431e+11  1.30e-03 2.98e-03  6.93e+04   523s
[2025-08-23 02:03:01] DEBUG    43   6.35003936e+12 -2.52096201e+11  1.10e-03 3.66e-03  5.40e+04   537s
[2025-08-23 02:03:14] DEBUG    44   6.27396582e+12 -2.10709821e+11  9.15e-04 4.06e-03  4.52e+04   550s
[2025-08-23 02:03:27] DEBUG    45   6.20928856e+12 -1.59611127e+11  6.95e-04 6.80e-03  3.43e+04   563s
[2025-08-23 02:03:39] DEBUG    46   6.20050268e+12 -1.50995939e+11  6.70e-04 7.14e-03  3.27e+04   575s
[2025-08-23 02:03:51] DEBUG    47   6.16604235e+12 -1.04083784e+11  5.74e-04 9.11e-03  2.42e+04   587s
[2025-08-23 02:04:04] DEBUG    48   6.13028360e+12 -7.98130790e+10  4.83e-04 1.00e-02  1.92e+04   600s
[2025-08-23 02:04:16] DEBUG    49   6.08236094e+12 -6.27418639e+10  3.75e-04 1.03e-02  1.50e+04   612s
[2025-08-23 02:04:28] DEBUG    50   6.03477455e+12 -4.40563236e+10  2.86e-04 1.04e-02  1.09e+04   624s
[2025-08-23 02:04:46] DEBUG    51   6.00988708e+12 -3.29016133e+10  2.49e-04 1.02e-02  8.67e+03   642s
[2025-08-23 02:04:58] DEBUG    52   5.96830057e+12 -2.33959475e+10  1.96e-04 9.74e-03  6.35e+03   654s
[2025-08-23 02:05:15] DEBUG    53   5.95662975e+12 -1.75146646e+10  1.84e-04 9.46e-03  5.26e+03   671s
[2025-08-23 02:05:28] DEBUG    54   5.93358338e+12 -1.30933987e+10  1.64e-04 9.38e-03  4.24e+03   684s
[2025-08-23 02:05:40] DEBUG    55   5.90481057e+12 -1.06295825e+10  1.36e-04 9.25e-03  3.48e+03   696s
[2025-08-23 02:05:50] DEBUG    56   5.88482282e+12 -7.00130869e+09  1.23e-04 1.04e-02  2.72e+03   706s
[2025-08-23 02:06:03] DEBUG    57   5.84840282e+12 -6.03349318e+09  1.00e-04 1.01e-02  2.21e+03   719s
[2025-08-23 02:06:15] DEBUG    58   5.84533737e+12 -5.40162328e+09  9.96e-05 9.94e-03  2.09e+03   731s
[2025-08-23 02:06:22] DEBUG    59   5.82616574e+12 -4.26285241e+09  9.53e-05 9.55e-03  1.77e+03   738s
[2025-08-23 02:06:31] DEBUG    60   5.82012978e+12 -3.83661038e+09  9.62e-05 9.28e-03  1.67e+03   747s
[2025-08-23 02:06:39] DEBUG    61   5.80809554e+12 -3.35894873e+09  1.13e-04 9.02e-03  1.53e+03   755s
[2025-08-23 02:06:50] DEBUG    62   5.78369138e+12 -3.04762446e+09  1.22e-04 8.83e-03  1.33e+03   766s
[2025-08-23 02:06:57] DEBUG    63   5.77875936e+12 -2.65843444e+09  1.18e-04 8.57e-03  1.26e+03   773s
[2025-08-23 02:07:09] DEBUG    64   5.75458829e+12 -1.98082789e+09  1.24e-04 8.08e-03  1.03e+03   785s
[2025-08-23 02:07:19] DEBUG    65   5.73371762e+12 -1.60537263e+09  1.59e-04 7.78e-03  8.86e+02   795s
[2025-08-23 02:07:29] DEBUG    66   5.73053531e+12 -1.29076208e+09  1.57e-04 7.52e-03  8.40e+02   805s
[2025-08-23 02:07:41] DEBUG    67   5.71040208e+12 -9.60456966e+08  1.35e-04 7.33e-03  7.21e+02   817s
[2025-08-23 02:07:52] DEBUG    68   5.68864206e+12 -5.00085837e+08  9.48e-05 7.35e-03  6.00e+02   828s
[2025-08-23 02:08:05] DEBUG    69   5.66162952e+12 -3.01583029e+08  8.17e-05 7.31e-03  5.02e+02   841s
[2025-08-23 02:08:15] DEBUG    70   5.65157108e+12 -2.05061575e+08  7.82e-05 7.26e-03  4.72e+02   851s
[2025-08-23 02:08:27] DEBUG    71   5.64237346e+12 -1.18177849e+08  5.99e-05 7.22e-03  4.46e+02   863s
[2025-08-23 02:08:40] DEBUG    72   5.62243850e+12  1.05251902e+08  5.91e-05 7.10e-03  3.90e+02   876s
[2025-08-23 02:08:51] DEBUG    73   5.60932296e+12  3.77135651e+08  6.00e-05 7.00e-03  3.48e+02   887s
[2025-08-23 02:09:02] DEBUG    74   5.58636885e+12  5.21191566e+08  6.11e-05 6.95e-03  3.01e+02   898s
[2025-08-23 02:09:13] DEBUG    75   5.57445852e+12  6.47465395e+08  5.87e-05 6.90e-03  2.77e+02   909s
[2025-08-23 02:09:26] DEBUG    76   5.56419852e+12  8.43344783e+08  6.13e-05 6.81e-03  2.53e+02   922s
[2025-08-23 02:09:38] DEBUG    77   5.55040288e+12  9.39419191e+08  6.12e-05 6.75e-03  2.32e+02   934s
[2025-08-23 02:09:50] DEBUG    78   5.54320594e+12  1.09918728e+09  5.97e-05 6.67e-03  2.16e+02   946s
[2025-08-23 02:09:59] DEBUG    79   5.53596763e+12  1.23086940e+09  6.03e-05 6.59e-03  2.01e+02   955s
[2025-08-23 02:10:09] DEBUG    80   5.52914565e+12  1.28556174e+09  5.81e-05 6.57e-03  1.91e+02   965s
[2025-08-23 02:10:19] DEBUG    81   5.51461278e+12  1.41037826e+09  5.60e-05 6.50e-03  1.70e+02   975s
[2025-08-23 02:10:31] DEBUG    82   5.49497250e+12  1.47615282e+09  5.29e-05 6.46e-03  1.50e+02   987s
[2025-08-23 02:10:40] DEBUG    83   5.48526845e+12  1.57487568e+09  4.73e-05 6.40e-03  1.39e+02   996s
[2025-08-23 02:10:54] DEBUG    84   5.47654285e+12  1.65861269e+09  4.52e-05 6.35e-03  1.29e+02  1010s
[2025-08-23 02:11:01] DEBUG    85   5.47140764e+12  1.68481282e+09  4.31e-05 6.33e-03  1.25e+02  1017s
[2025-08-23 02:11:10] DEBUG    86   5.45946771e+12  1.72563370e+09  4.70e-05 6.30e-03  1.16e+02  1026s
[2025-08-23 02:11:23] DEBUG    87   5.45083294e+12  1.80463997e+09  5.79e-05 6.24e-03  1.09e+02  1039s
[2025-08-23 02:11:35] DEBUG    88   5.44187644e+12  1.85696814e+09  5.75e-05 6.19e-03  1.02e+02  1051s
[2025-08-23 02:11:46] DEBUG    89   5.42977237e+12  1.92398804e+09  6.08e-05 6.13e-03  9.37e+01  1062s
[2025-08-23 02:11:59] DEBUG    90   5.41876536e+12  1.99716782e+09  5.22e-05 6.06e-03  8.59e+01  1075s
[2025-08-23 02:12:09] DEBUG    91   5.41585748e+12  2.02985795e+09  5.34e-05 6.02e-03  8.38e+01  1085s
[2025-08-23 02:12:19] DEBUG    92   5.40942410e+12  2.07013999e+09  5.18e-05 5.98e-03  8.00e+01  1095s
[2025-08-23 02:12:28] DEBUG    93   5.40450881e+12  2.10013649e+09  5.06e-05 5.95e-03  7.72e+01  1104s
[2025-08-23 02:12:39] DEBUG    94   5.40102236e+12  2.13183841e+09  4.96e-05 5.91e-03  7.51e+01  1115s
[2025-08-23 02:12:52] DEBUG    95   5.39555314e+12  2.16224251e+09  4.22e-05 5.87e-03  7.22e+01  1128s
[2025-08-23 02:13:01] DEBUG    96   5.38602851e+12  2.18800809e+09  3.24e-05 5.84e-03  6.81e+01  1137s
[2025-08-23 02:13:12] DEBUG    97   5.37685273e+12  2.21633470e+09  4.89e-05 5.80e-03  6.42e+01  1148s
[2025-08-23 02:13:25] DEBUG    98   5.37214330e+12  2.24985342e+09  5.23e-05 5.76e-03  6.20e+01  1161s
[2025-08-23 02:13:25] DEBUG    Barrier performed 98 iterations in 1160.58 seconds (294.45 work units)
[2025-08-23 02:13:25] DEBUG    Barrier solve interrupted - model solved by another algorithm
[2025-08-23 02:13:25] DEBUG    Solved with dual simplex
[2025-08-23 02:13:36] DEBUG    Iteration    Objective       Primal Inf.    Dual Inf.      Time
[2025-08-23 02:13:36] DEBUG    441858    1.1756604e+10   0.000000e+00   0.000000e+00   1172s

Solved in 441858 iterations and 1172.07 seconds (653.45 work units)
[2025-08-23 02:13:36] DEBUG    Optimal objective  1.175660410e+10
✅ Scenario completato: new_trasmission_VRES_2030_nostorage

🚀 Lancio scenario: new_trasmission_CG+VRES_2030_BESS
[2025-08-23 02:28:27] INFO     Loading sets
[2025-08-23 02:28:27] INFO     Loading parameters
[2025-08-23 02:29:07] INFO     constraints are loaded in the following order: ['energy_balance', 'dispatch', 'costs', 'capacity', 'network', 'policy', 'conversion', 'group', 'conversion_plus', 'milp', 'export']
[2025-08-23 02:29:07] INFO     creating energy_balance constraints
[2025-08-23 02:32:38] INFO     creating dispatch constraints
[2025-08-23 02:35:04] INFO     creating costs constraints
[2025-08-23 02:51:26] INFO     creating capacity constraints
[2025-08-23 02:51:26] INFO     creating network constraints
[2025-08-23 02:51:26] INFO     creating policy constraints
[2025-08-23 02:51:26] INFO     creating conversion constraints
[2025-08-23 02:51:26] INFO     creating group constraints
[2025-08-23 02:51:26] INFO     creating conversion_plus constraints
[2025-08-23 02:51:26] INFO     creating milp constraints
[2025-08-23 02:51:26] INFO     creating export constraints
[2025-08-23 03:06:44] DEBUG    Set parameter WLSAccessID
Set parameter WLSSecret
Set parameter LicenseID to value 2680226
[2025-08-23 03:06:44] DEBUG    Academic license 2680226 - for non-commercial use only - registered to an___@mail.polimi.it
[2025-08-23 03:07:29] DEBUG    Read LP format model from file /tmp/tmp3z8byapc.pyomo.lp
Reading time = 44.31 seconds
x21737263: 28789107 rows, 21737263 columns, 70872770 nonzeros
[2025-08-23 03:07:29] DEBUG    Set parameter NumericFocus to value 1
Gurobi Optimizer version 12.0.2 build v12.0.2rc0 (linux64 - "Debian GNU/Linux 11 (bullseye)")

CPU model: Intel(R) Xeon(R) Silver 4314 CPU @ 2.40GHz, instruction set [SSE2|AVX|AVX2|AVX512]
Thread count: 32 physical cores, 64 logical processors, using up to 32 threads

Non-default parameters:
NumericFocus  1
[2025-08-23 03:07:29] DEBUG    Academic license 2680226 - for non-commercial use only - registered to an___@mail.polimi.it
Optimize a model with 28789107 rows, 21737263 columns and 70872770 nonzeros
[2025-08-23 03:07:29] DEBUG    Model fingerprint: 0x1a0463b4
[2025-08-23 03:07:30] DEBUG    Coefficient statistics:
  Matrix range     [1e-07, 3e+02]
  Objective range  [1e+00, 1e+06]
  Bounds range     [0e+00, 0e+00]
  RHS range        [1e+00, 2e+08]
[2025-08-23 03:07:35] DEBUG    Presolve removed 12414264 rows and 10129972 columns (presolve time = 5s)...
[2025-08-23 03:07:40] DEBUG    Presolve removed 20806934 rows and 12247926 columns (presolve time = 10s)...
[2025-08-23 03:07:45] DEBUG    Presolve removed 20806993 rows and 14038677 columns (presolve time = 16s)...
[2025-08-23 03:07:50] DEBUG    Presolve removed 24028316 rows and 17260000 columns (presolve time = 20s)...
[2025-08-23 03:07:55] DEBUG    Presolve removed 24361835 rows and 17542740 columns (presolve time = 25s)...
[2025-08-23 03:08:01] DEBUG    Presolve removed 24361835 rows and 17542740 columns (presolve time = 31s)...
[2025-08-23 03:08:15] DEBUG    Presolve removed 24899730 rows and 17796780 columns (presolve time = 45s)...
[2025-08-23 03:08:15] DEBUG    Presolve removed 24899730 rows and 17796780 columns (presolve time = 45s)...
[2025-08-23 03:08:20] DEBUG    Presolve removed 24899730 rows and 17919420 columns (presolve time = 50s)...
[2025-08-23 03:08:23] DEBUG    Presolve removed 25048633 rows and 17919420 columns
[2025-08-23 03:09:22] DEBUG    Presolve time: 113.29s
Presolved: 3740474 rows, 3966746 columns, 15256225 nonzeros

Concurrent LP optimizer: primal simplex, dual simplex, and barrier
Showing barrier log only...
[2025-08-23 03:09:58] DEBUG    Elapsed ordering time = 34s
[2025-08-23 03:10:00] DEBUG    Elapsed ordering time = 35s
[2025-08-23 03:10:05] DEBUG    Elapsed ordering time = 40s
[2025-08-23 03:10:10] DEBUG    Elapsed ordering time = 45s
[2025-08-23 03:10:30] DEBUG    Ordering time: 65.18s
[2025-08-23 03:10:34] DEBUG    Barrier statistics:
 Dense cols : 203
 AA' NZ     : 1.621e+07
 Factor NZ  : 6.906e+07 (roughly 4.0 GB of memory)
[2025-08-23 03:10:34] DEBUG    Factor Ops : 8.193e+09 (less than 1 second per iteration)
 Threads    : 30
[2025-08-23 03:10:41] DEBUG    Objective                Residual
[2025-08-23 03:10:41] DEBUG    Iter       Primal          Dual         Primal    Dual     Compl     Time
[2025-08-23 03:10:42] DEBUG    0   9.76613387e+14 -8.84236267e+14  6.13e+10 2.93e-01  4.31e+11   193s
[2025-08-23 03:10:49] DEBUG    1   8.54291651e+14 -8.58136513e+14  5.28e+10 2.46e+01  3.24e+11   200s
[2025-08-23 03:10:58] DEBUG    2   7.02136579e+14 -7.89190083e+14  4.16e+10 1.02e+01  2.11e+11   210s
[2025-08-23 03:11:09] DEBUG    3   5.05583582e+14 -7.47350428e+14  2.68e+10 3.99e+00  1.22e+11   220s
[2025-08-23 03:11:17] DEBUG    4   3.77082842e+14 -6.77773369e+14  1.71e+10 9.42e-01  6.64e+10   228s
[2025-08-23 03:11:24] DEBUG    5   2.71579436e+14 -6.42651450e+14  8.11e+09 4.00e-01  3.17e+10   235s
[2025-08-23 03:11:30] DEBUG    6   2.48464830e+14 -5.82281644e+14  5.17e+09 9.49e-02  1.89e+10   242s
[2025-08-23 03:11:38] DEBUG    7   2.24365376e+14 -5.35504142e+14  2.93e+09 3.36e-02  1.06e+10   249s
[2025-08-23 03:11:46] DEBUG    8   2.90508882e+14 -4.84407668e+14  1.46e+09 1.62e-02  5.24e+09   258s
[2025-08-23 03:11:54] DEBUG    9   2.51562226e+14 -4.41633533e+14  3.68e+08 7.20e-03  1.38e+09   265s
[2025-08-23 03:12:03] DEBUG    10   2.18461236e+14 -2.93119672e+14  7.85e+07 2.19e-02  3.41e+08   274s
[2025-08-23 03:12:10] DEBUG    11   2.14782612e+14 -2.49313493e+14  7.21e+07 2.49e-02  3.02e+08   282s
[2025-08-23 03:12:19] DEBUG    12   2.07099007e+14 -1.75351873e+14  5.99e+07 2.26e-02  2.24e+08   290s
[2025-08-23 03:12:29] DEBUG    13   1.84600602e+14 -1.39988647e+14  2.89e+07 2.15e-02  1.16e+08   300s
[2025-08-23 03:12:38] DEBUG    14   1.80786309e+14 -1.19592973e+14  2.56e+07 2.02e-02  9.64e+07   309s
[2025-08-23 03:12:45] DEBUG    15   1.71339726e+14 -7.48616009e+13  1.88e+07 2.27e-02  6.14e+07   316s
[2025-08-23 03:12:51] DEBUG    16   1.68158870e+14 -5.38177189e+13  1.68e+07 2.31e-02  5.03e+07   322s
[2025-08-23 03:12:58] DEBUG    17   1.66583514e+14 -4.97389156e+13  1.59e+07 2.35e-02  4.64e+07   329s
[2025-08-23 03:13:04] DEBUG    18   1.59763908e+14 -2.60285207e+13  1.23e+07 2.37e-02  3.07e+07   335s
[2025-08-23 03:13:12] DEBUG    19   1.44396781e+14 -1.84183434e+13  5.14e+06 2.37e-02  1.30e+07   343s
[2025-08-23 03:13:23] DEBUG    20   1.36873332e+14 -1.34112314e+13  3.35e+06 2.36e-02  7.52e+06   355s
[2025-08-23 03:13:32] DEBUG    21   1.31940868e+14 -1.08000484e+13  2.51e+06 2.36e-02  5.35e+06   363s
[2025-08-23 03:13:39] DEBUG    22   1.27853563e+14 -9.26336246e+12  1.91e+06 2.35e-02  4.06e+06   371s
[2025-08-23 03:13:47] DEBUG    23   1.24934892e+14 -7.68009227e+12  1.57e+06 2.35e-02  3.18e+06   378s
[2025-08-23 03:13:54] DEBUG    24   1.23830412e+14 -7.17618618e+12  1.47e+06 2.35e-02  2.91e+06   386s
[2025-08-23 03:14:04] DEBUG    25   1.22173959e+14 -6.13508895e+12  1.32e+06 2.35e-02  2.44e+06   395s
[2025-08-23 03:14:15] DEBUG    26   1.18826545e+14 -3.70691915e+12  1.04e+06 2.36e-02  1.44e+06   407s
[2025-08-23 03:14:27] DEBUG    27   1.14391065e+14 -2.51059762e+12  7.13e+05 2.57e-02  8.57e+05   418s
[2025-08-23 03:14:40] DEBUG    28   1.11617958e+14 -1.46403332e+12  5.64e+05 2.89e-02  4.90e+05   431s
[2025-08-23 03:14:50] DEBUG    29   1.10787337e+14 -1.12137394e+12  5.26e+05 2.99e-02  3.92e+05   442s
[2025-08-23 03:14:59] DEBUG    30   1.09945562e+14 -1.02320832e+12  4.90e+05 3.01e-02  3.53e+05   451s
[2025-08-23 03:15:06] DEBUG    31   1.08931799e+14 -9.44667138e+11  4.48e+05 3.02e-02  3.18e+05   458s
[2025-08-23 03:15:15] DEBUG    32   1.08250367e+14 -8.90776941e+11  4.22e+05 3.02e-02  2.94e+05   467s
[2025-08-23 03:15:26] DEBUG    33   1.07274678e+14 -8.41209611e+11  3.88e+05 3.02e-02  2.65e+05   478s
[2025-08-23 03:15:39] DEBUG    34   1.05651140e+14 -7.07192515e+11  3.34e+05 2.94e-02  2.09e+05   491s
[2025-08-23 03:15:52] DEBUG    35   1.04850482e+14 -6.22709812e+11  3.09e+05 2.77e-02  1.81e+05   504s
[2025-08-23 03:16:06] DEBUG    36   1.02894564e+14 -5.21475916e+11  2.53e+05 2.49e-02  1.37e+05   517s
[2025-08-23 03:16:20] DEBUG    37   1.01559285e+14 -4.55888908e+11  2.21e+05 2.36e-02  1.12e+05   532s
[2025-08-23 03:16:34] DEBUG    38   1.00184772e+14 -3.83986499e+11  1.91e+05 2.36e-02  8.79e+04   546s
[2025-08-23 03:16:48] DEBUG    39   9.91180088e+13 -3.41770517e+11  1.70e+05 2.37e-02  7.29e+04   560s
[2025-08-23 03:17:03] DEBUG    40   9.78548530e+13 -3.12972690e+11  1.48e+05 2.38e-02  6.10e+04   575s
[2025-08-23 03:17:16] DEBUG    41   9.71913625e+13 -2.83545539e+11  1.38e+05 2.38e-02  5.30e+04   587s
[2025-08-23 03:17:29] DEBUG    42   9.59080577e+13 -2.68726049e+11  1.19e+05 2.38e-02  4.51e+04   600s
[2025-08-23 03:17:42] DEBUG    43   9.48627458e+13 -2.51137855e+11  1.05e+05 2.39e-02  3.86e+04   614s
[2025-08-23 03:17:56] DEBUG    44   9.36043727e+13 -2.23331854e+11  9.07e+04 2.39e-02  3.04e+04   627s
[2025-08-23 03:18:09] DEBUG    45   9.29414830e+13 -2.01259019e+11  8.40e+04 2.39e-02  2.53e+04   640s
[2025-08-23 03:18:21] DEBUG    46   9.20906294e+13 -1.90430330e+11  7.60e+04 2.39e-02  2.18e+04   653s
[2025-08-23 03:18:35] DEBUG    47   9.11104001e+13 -1.80072441e+11  6.75e+04 2.38e-02  1.86e+04   667s
[2025-08-23 03:18:50] DEBUG    48   9.01794529e+13 -1.74556359e+11  6.02e+04 2.38e-02  1.63e+04   681s
[2025-08-23 03:19:03] DEBUG    49   8.91507540e+13 -1.70803149e+11  5.30e+04 2.38e-02  1.43e+04   694s
[2025-08-23 03:19:15] DEBUG    50   8.84552459e+13 -1.67753832e+11  4.87e+04 2.37e-02  1.31e+04   706s
[2025-08-23 03:19:28] DEBUG    51   8.75771766e+13 -1.64995522e+11  4.36e+04 2.37e-02  1.17e+04   720s
[2025-08-23 03:19:42] DEBUG    52   8.69406693e+13 -1.63806037e+11  4.03e+04 2.37e-02  1.09e+04   733s
[2025-08-23 03:19:56] DEBUG    53   8.62672631e+13 -1.60755216e+11  3.71e+04 2.36e-02  9.73e+03   747s
[2025-08-23 03:20:09] DEBUG    54   8.55673314e+13 -1.59731898e+11  3.39e+04 2.36e-02  8.91e+03   761s
[2025-08-23 03:20:23] DEBUG    55   8.50174447e+13 -1.58276038e+11  3.17e+04 2.36e-02  8.22e+03   775s
[2025-08-23 03:20:37] DEBUG    56   8.48457777e+13 -1.57887897e+11  3.10e+04 2.36e-02  8.04e+03   789s
[2025-08-23 03:20:48] DEBUG    57   8.42332903e+13 -1.56408054e+11  2.87e+04 2.36e-02  7.46e+03   800s
[2025-08-23 03:21:02] DEBUG    58   8.41148087e+13 -1.56021524e+11  2.83e+04 2.36e-02  7.34e+03   813s
[2025-08-23 03:21:14] DEBUG    59   8.35045064e+13 -1.55240792e+11  2.62e+04 2.36e-02  6.79e+03   825s
[2025-08-23 03:21:27] DEBUG    60   8.32891223e+13 -1.54642901e+11  2.55e+04 2.36e-02  6.59e+03   838s
[2025-08-23 03:21:41] DEBUG    61   8.28872946e+13 -1.53505189e+11  2.42e+04 2.36e-02  6.19e+03   852s
[2025-08-23 03:21:55] DEBUG    62   8.26005239e+13 -1.52703635e+11  2.33e+04 2.35e-02  5.93e+03   866s
[2025-08-23 03:22:03] DEBUG    63   8.24229772e+13 -1.52427972e+11  2.28e+04 2.35e-02  5.80e+03   874s
[2025-08-23 03:22:12] DEBUG    64   8.22858797e+13 -1.52178641e+11  2.24e+04 2.35e-02  5.70e+03   883s
[2025-08-23 03:22:25] DEBUG    65   8.18802223e+13 -1.51777631e+11  2.13e+04 2.35e-02  5.41e+03   896s
[2025-08-23 03:22:34] DEBUG    66   8.16106980e+13 -1.51529792e+11  2.06e+04 2.35e-02  5.23e+03   905s
[2025-08-23 03:22:46] DEBUG    67   8.11667643e+13 -1.50928907e+11  1.95e+04 2.35e-02  4.92e+03   918s
[2025-08-23 03:22:56] DEBUG    68   8.10193114e+13 -1.50780675e+11  1.91e+04 2.35e-02  4.83e+03   927s
[2025-08-23 03:23:05] DEBUG    69   8.08270570e+13 -1.50539411e+11  1.86e+04 2.35e-02  4.71e+03   936s
[2025-08-23 03:23:17] DEBUG    70   8.05316235e+13 -1.50281244e+11  1.79e+04 2.35e-02  4.53e+03   948s
[2025-08-23 03:23:29] DEBUG    71   8.01553228e+13 -1.50025647e+11  1.71e+04 2.35e-02  4.31e+03   961s
[2025-08-23 03:23:44] DEBUG    72   7.98460925e+13 -1.49553846e+11  1.64e+04 2.34e-02  4.12e+03   976s
[2025-08-23 03:23:53] DEBUG    73   7.97140754e+13 -1.49398283e+11  1.62e+04 2.34e-02  4.05e+03   985s
[2025-08-23 03:24:05] DEBUG    74   7.94085263e+13 -1.49146092e+11  1.55e+04 2.34e-02  3.88e+03   996s
[2025-08-23 03:24:18] DEBUG    75   7.91520950e+13 -1.48838932e+11  1.50e+04 2.34e-02  3.74e+03  1010s
[2025-08-23 03:24:27] DEBUG    76   7.89894465e+13 -1.48731358e+11  1.47e+04 2.34e-02  3.67e+03  1019s
[2025-08-23 03:24:39] DEBUG    77   7.85720381e+13 -1.48403140e+11  1.39e+04 2.34e-02  3.46e+03  1031s
[2025-08-23 03:24:48] DEBUG    78   7.84509081e+13 -1.48334947e+11  1.37e+04 2.34e-02  3.41e+03  1039s
[2025-08-23 03:25:01] DEBUG    79   7.80439369e+13 -1.48035056e+11  1.30e+04 2.37e-02  3.22e+03  1053s
[2025-08-23 03:25:14] DEBUG    80   7.78594363e+13 -1.47763882e+11  1.27e+04 2.41e-02  3.13e+03  1066s
[2025-08-23 03:25:23] DEBUG    81   7.76962274e+13 -1.47700488e+11  1.24e+04 2.42e-02  3.07e+03  1074s
[2025-08-23 03:25:36] DEBUG    82   7.72693170e+13 -1.47561020e+11  1.17e+04 2.44e-02  2.91e+03  1087s
[2025-08-23 03:25:48] DEBUG    83   7.71220971e+13 -1.47378176e+11  1.15e+04 2.47e-02  2.84e+03  1099s
[2025-08-23 03:25:56] DEBUG    84   7.69382148e+13 -1.47318568e+11  1.12e+04 2.48e-02  2.78e+03  1108s
[2025-08-23 03:26:07] DEBUG    85   7.66954143e+13 -1.47058069e+11  1.09e+04 2.53e-02  2.68e+03  1119s
[2025-08-23 03:26:18] DEBUG    86   7.64659246e+13 -1.46878532e+11  1.06e+04 2.55e-02  2.60e+03  1130s
[2025-08-23 03:26:28] DEBUG    87   7.63238648e+13 -1.46774565e+11  1.04e+04 2.57e-02  2.55e+03  1140s
[2025-08-23 03:26:39] DEBUG    88   7.62262794e+13 -1.46686504e+11  1.02e+04 2.58e-02  2.51e+03  1150s
[2025-08-23 03:26:52] DEBUG    89   7.60250306e+13 -1.46575038e+11  9.98e+03 2.60e-02  2.44e+03  1163s
[2025-08-23 03:27:02] DEBUG    90   7.59426566e+13 -1.46423999e+11  9.87e+03 2.62e-02  2.41e+03  1173s
[2025-08-23 03:27:16] DEBUG    91   7.56382369e+13 -1.46215522e+11  9.48e+03 2.64e-02  2.31e+03  1187s
[2025-08-23 03:27:25] DEBUG    92   7.55963249e+13 -1.46167150e+11  9.43e+03 2.65e-02  2.30e+03  1196s
[2025-08-23 03:27:37] DEBUG    93   7.53884050e+13 -1.46072870e+11  9.17e+03 2.66e-02  2.23e+03  1208s
[2025-08-23 03:27:50] DEBUG    94   7.51644802e+13 -1.45972363e+11  8.90e+03 2.68e-02  2.96e+03  1221s
[2025-08-23 03:28:02] DEBUG    95   7.49665755e+13 -1.45859043e+11  8.67e+03 2.69e-02  2.88e+03  1234s
[2025-08-23 03:28:15] DEBUG    96   7.48302053e+13 -1.45702989e+11  8.52e+03 2.71e-02  3.11e+03  1246s
[2025-08-23 03:28:24] DEBUG    97   7.47116628e+13 -1.45667333e+11  8.39e+03 2.71e-02  3.06e+03  1255s
[2025-08-23 03:28:35] DEBUG    98   7.44150108e+13 -1.45590889e+11  8.06e+03 2.72e-02  3.09e+03  1266s
[2025-08-23 03:28:44] DEBUG    99   7.42814719e+13 -1.45558360e+11  7.92e+03 2.73e-02  3.05e+03  1275s
[2025-08-23 03:28:57] DEBUG    100   7.40757094e+13 -1.45445560e+11  7.70e+03 2.74e-02  2.99e+03  1289s
[2025-08-23 03:29:08] DEBUG    101   7.39512190e+13 -1.45391806e+11  7.58e+03 2.74e-02  2.94e+03  1300s
[2025-08-23 03:29:20] DEBUG    102   7.39003045e+13 -1.45332074e+11  7.53e+03 2.75e-02  2.91e+03  1311s
[2025-08-23 03:29:30] DEBUG    103   7.38496106e+13 -1.45306327e+11  7.48e+03 2.75e-02  2.88e+03  1322s
[2025-08-23 03:29:39] DEBUG    104   7.35974324e+13 -1.45268235e+11  7.23e+03 2.76e-02  2.81e+03  1330s
[2025-08-23 03:29:50] DEBUG    105   7.34972953e+13 -1.45230921e+11  7.13e+03 2.76e-02  2.80e+03  1341s
[2025-08-23 03:30:01] DEBUG    106   7.33756439e+13 -1.45146208e+11  7.01e+03 2.77e-02  2.74e+03  1352s
[2025-08-23 03:30:13] DEBUG    107   7.32434463e+13 -1.45066701e+11  6.89e+03 2.78e-02  2.70e+03  1365s
[2025-08-23 03:30:25] DEBUG    108   7.30783999e+13 -1.44987514e+11  6.74e+03 2.78e-02  2.64e+03  1377s
[2025-08-23 03:30:34] DEBUG    109   7.29502764e+13 -1.44949638e+11  6.63e+03 2.79e-02  2.59e+03  1385s
[2025-08-23 03:30:45] DEBUG    110   7.29340786e+13 -1.44898735e+11  6.61e+03 2.79e-02  2.57e+03  1397s
[2025-08-23 03:30:56] DEBUG    111   7.28142984e+13 -1.44849538e+11  6.51e+03 2.79e-02  2.53e+03  1408s
[2025-08-23 03:31:09] DEBUG    112   7.27558446e+13 -1.44791227e+11  6.45e+03 2.80e-02  2.53e+03  1420s
[2025-08-23 03:31:22] DEBUG    113   7.25367018e+13 -1.44708114e+11  6.27e+03 2.80e-02  2.46e+03  1433s
[2025-08-23 03:31:30] DEBUG    114   7.24950143e+13 -1.44685236e+11  6.23e+03 2.81e-02  2.46e+03  1441s
[2025-08-23 03:31:39] DEBUG    115   7.22439572e+13 -1.44652313e+11  6.02e+03 2.81e-02  2.40e+03  1450s
[2025-08-23 03:31:52] DEBUG    116   7.20459829e+13 -1.44593145e+11  5.86e+03 2.81e-02  2.34e+03  1463s
[2025-08-23 03:32:02] DEBUG    117   7.19061966e+13 -1.44516537e+11  5.75e+03 2.82e-02  2.29e+03  1474s
[2025-08-23 03:32:13] DEBUG    118   7.18582253e+13 -1.44490032e+11  5.71e+03 2.82e-02  2.27e+03  1485s
[2025-08-23 03:32:22] DEBUG    119   7.17734809e+13 -1.44445641e+11  5.65e+03 2.82e-02  2.24e+03  1493s
[2025-08-23 03:32:34] DEBUG    120   7.14382344e+13 -1.44396248e+11  5.39e+03 2.82e-02  2.18e+03  1506s
[2025-08-23 03:32:48] DEBUG    121   7.13493637e+13 -1.44348551e+11  5.33e+03 2.82e-02  2.15e+03  1519s
[2025-08-23 03:32:57] DEBUG    122   7.12617369e+13 -1.44320573e+11  5.27e+03 2.82e-02  2.12e+03  1528s
[2025-08-23 03:33:06] DEBUG    123   7.11403129e+13 -1.44281770e+11  5.18e+03 2.82e-02  2.09e+03  1538s
[2025-08-23 03:33:14] DEBUG    124   7.10862765e+13 -1.44272928e+11  5.14e+03 2.82e-02  2.08e+03  1545s
[2025-08-23 03:33:23] DEBUG    125   7.10152651e+13 -1.44251608e+11  5.09e+03 2.82e-02  2.06e+03  1554s
[2025-08-23 03:33:35] DEBUG    126   7.08304897e+13 -1.44189135e+11  4.96e+03 2.83e-02  2.01e+03  1567s
[2025-08-23 03:33:45] DEBUG    127   7.08104451e+13 -1.44132165e+11  4.95e+03 2.83e-02  1.99e+03  1577s
[2025-08-23 03:33:54] DEBUG    128   7.07061696e+13 -1.44105873e+11  4.88e+03 2.83e-02  1.97e+03  1586s
[2025-08-23 03:34:05] DEBUG    129   7.05389702e+13 -1.44065635e+11  4.77e+03 2.83e-02  1.93e+03  1597s
[2025-08-23 03:34:16] DEBUG    130   7.04571181e+13 -1.44037947e+11  4.72e+03 2.83e-02  1.91e+03  1608s
[2025-08-23 03:34:27] DEBUG    131   7.04169348e+13 -1.44004703e+11  4.69e+03 2.83e-02  1.90e+03  1619s
[2025-08-23 03:34:36] DEBUG    132   7.03182867e+13 -1.43980070e+11  4.63e+03 2.83e-02  1.87e+03  1627s
[2025-08-23 03:34:47] DEBUG    133   7.02726759e+13 -1.43955186e+11  4.60e+03 2.83e-02  1.86e+03  1639s
[2025-08-23 03:34:56] DEBUG    134   7.02598893e+13 -1.43937293e+11  4.59e+03 2.83e-02  1.85e+03  1647s
[2025-08-23 03:35:08] DEBUG    135   7.02100312e+13 -1.43883175e+11  4.56e+03 2.83e-02  1.84e+03  1660s
[2025-08-23 03:35:19] DEBUG    136   7.01808391e+13 -1.43857393e+11  4.54e+03 2.83e-02  1.84e+03  1671s
[2025-08-23 03:35:27] DEBUG    137   7.00836804e+13 -1.43828373e+11  4.48e+03 2.82e-02  1.82e+03  1679s
[2025-08-23 03:35:38] DEBUG    138   6.99621935e+13 -1.43782778e+11  4.40e+03 2.82e-02  1.79e+03  1690s
[2025-08-23 03:35:50] DEBUG    139   6.99007494e+13 -1.43744716e+11  4.37e+03 2.82e-02  1.78e+03  1701s
[2025-08-23 03:36:01] DEBUG    140   6.98215733e+13 -1.43713325e+11  4.32e+03 2.82e-02  1.76e+03  1712s
[2025-08-23 03:36:10] DEBUG    141   6.97417068e+13 -1.43678186e+11  4.27e+03 2.82e-02  1.74e+03  1722s
[2025-08-23 03:36:20] DEBUG    142   6.97313866e+13 -1.43662860e+11  4.27e+03 2.82e-02  1.73e+03  1732s
[2025-08-23 03:36:29] DEBUG    143   6.97110533e+13 -1.43654167e+11  4.25e+03 2.82e-02  1.74e+03  1741s
[2025-08-23 03:36:38] DEBUG    144   6.96176992e+13 -1.43646466e+11  4.20e+03 2.82e-02  1.73e+03  1750s
[2025-08-23 03:36:51] DEBUG    145   6.94788358e+13 -1.43599590e+11  4.12e+03 2.81e-02  1.69e+03  1763s
[2025-08-23 03:37:02] DEBUG    146   6.93888777e+13 -1.43558285e+11  4.07e+03 2.81e-02  1.67e+03  1774s
[2025-08-23 03:37:13] DEBUG    147   6.93495379e+13 -1.43527832e+11  4.05e+03 2.81e-02  1.66e+03  1785s
[2025-08-23 03:37:24] DEBUG    148   6.93369147e+13 -1.43502477e+11  4.04e+03 2.81e-02  1.65e+03  1795s
[2025-08-23 03:37:33] DEBUG    149   6.92911636e+13 -1.43489381e+11  4.01e+03 2.80e-02  1.65e+03  1805s
[2025-08-23 03:37:44] DEBUG    150   6.91396766e+13 -1.43456654e+11  3.93e+03 2.80e-02  1.62e+03  1815s
[2025-08-23 03:37:54] DEBUG    151   6.91205141e+13 -1.43429798e+11  3.92e+03 2.80e-02  1.62e+03  1825s
[2025-08-23 03:38:06] DEBUG    152   6.90985892e+13 -1.43408909e+11  3.91e+03 2.80e-02  1.61e+03  1838s
[2025-08-23 03:38:18] DEBUG    153   6.89083659e+13 -1.43382443e+11  3.80e+03 2.79e-02  1.58e+03  1849s
[2025-08-23 03:38:31] DEBUG    154   6.88679963e+13 -1.43341622e+11  3.78e+03 2.79e-02  1.56e+03  1862s
[2025-08-23 03:38:42] DEBUG    155   6.87873134e+13 -1.43309221e+11  3.74e+03 2.79e-02  1.55e+03  1873s
[2025-08-23 03:38:55] DEBUG    156   6.87567696e+13 -1.43258978e+11  3.72e+03 2.78e-02  1.54e+03  1887s
[2025-08-23 03:39:09] DEBUG    157   6.85641805e+13 -1.43217711e+11  3.62e+03 2.77e-02  1.50e+03  1900s
[2025-08-23 03:39:20] DEBUG    158   6.85253375e+13 -1.43173489e+11  3.60e+03 2.77e-02  1.49e+03  1911s
[2025-08-23 03:39:28] DEBUG    159   6.84667772e+13 -1.43150243e+11  3.57e+03 2.77e-02  1.48e+03  1919s
[2025-08-23 03:39:39] DEBUG    160   6.82694674e+13 -1.43128326e+11  3.47e+03 2.76e-02  1.46e+03  1931s
[2025-08-23 03:39:50] DEBUG    161   6.82322086e+13 -1.43095505e+11  3.46e+03 2.76e-02  1.44e+03  1942s
[2025-08-23 03:40:01] DEBUG    162   6.82007409e+13 -1.43060852e+11  3.44e+03 2.75e-02  1.43e+03  1953s
[2025-08-23 03:40:12] DEBUG    163   6.81573805e+13 -1.43033369e+11  3.42e+03 2.75e-02  1.43e+03  1964s
[2025-08-23 03:40:25] DEBUG    164   6.80559056e+13 -1.42993711e+11  3.37e+03 2.74e-02  1.41e+03  1976s
[2025-08-23 03:40:33] DEBUG    165   6.79846148e+13 -1.42975846e+11  3.34e+03 2.74e-02  1.40e+03  1985s
[2025-08-23 03:40:43] DEBUG    166   6.79583162e+13 -1.42945875e+11  3.32e+03 2.74e-02  1.39e+03  1995s
[2025-08-23 03:40:54] DEBUG    167   6.79247910e+13 -1.42932941e+11  3.31e+03 2.73e-02  1.39e+03  2006s
[2025-08-23 03:41:08] DEBUG    168   6.78584683e+13 -1.42903526e+11  3.28e+03 2.73e-02  1.38e+03  2020s
[2025-08-23 03:41:20] DEBUG    169   6.78481001e+13 -1.42878822e+11  3.27e+03 2.73e-02  1.38e+03  2031s
[2025-08-23 03:41:31] DEBUG    170   6.77710839e+13 -1.42855534e+11  3.24e+03 2.72e-02  1.37e+03  2042s
[2025-08-23 03:41:39] DEBUG    171   6.77083847e+13 -1.42842860e+11  3.21e+03 2.72e-02  1.36e+03  2051s
[2025-08-23 03:41:47] DEBUG    172   6.76500337e+13 -1.42830420e+11  3.18e+03 2.72e-02  1.35e+03  2058s
[2025-08-23 03:41:57] DEBUG    173   6.75964546e+13 -1.42799565e+11  3.16e+03 2.71e-02  1.34e+03  2069s
[2025-08-23 03:42:09] DEBUG    174   6.75504500e+13 -1.42769371e+11  3.14e+03 2.71e-02  1.33e+03  2080s
[2025-08-23 03:42:19] DEBUG    175   6.75235603e+13 -1.42749074e+11  3.13e+03 2.70e-02  1.33e+03  2091s
[2025-08-23 03:42:29] DEBUG    176   6.74408428e+13 -1.42730669e+11  3.09e+03 2.70e-02  1.32e+03  2101s
[2025-08-23 03:42:39] DEBUG    177   6.74150895e+13 -1.42701349e+11  3.08e+03 2.70e-02  1.31e+03  2111s
[2025-08-23 03:42:50] DEBUG    178   6.73799081e+13 -1.42669650e+11  3.06e+03 2.69e-02  1.31e+03  2122s
[2025-08-23 03:43:01] DEBUG    179   6.73281220e+13 -1.42654224e+11  3.04e+03 2.69e-02  1.30e+03  2133s
[2025-08-23 03:43:11] DEBUG    180   6.72834431e+13 -1.42624222e+11  3.02e+03 2.69e-02  1.29e+03  2143s
[2025-08-23 03:43:20] DEBUG    181   6.72728903e+13 -1.42615695e+11  3.02e+03 2.68e-02  1.29e+03  2152s
[2025-08-23 03:43:33] DEBUG    182   6.72302669e+13 -1.42594706e+11  3.00e+03 2.68e-02  1.29e+03  2164s
[2025-08-23 03:43:45] DEBUG    183   6.71144420e+13 -1.42554066e+11  2.95e+03 2.67e-02  1.27e+03  2176s
[2025-08-23 03:43:53] DEBUG    184   6.70724836e+13 -1.42530933e+11  2.93e+03 2.67e-02  1.27e+03  2185s
[2025-08-23 03:44:02] DEBUG    185   6.69228505e+13 -1.42513754e+11  2.87e+03 2.67e-02  1.24e+03  2193s
[2025-08-23 03:44:13] DEBUG    186   6.68614729e+13 -1.42482020e+11  2.84e+03 2.66e-02  1.23e+03  2204s
[2025-08-23 03:44:24] DEBUG    187   6.67624322e+13 -1.42454112e+11  2.80e+03 2.66e-02  1.22e+03  2215s
[2025-08-23 03:44:38] DEBUG    188   6.66405464e+13 -1.42402531e+11  2.75e+03 2.65e-02  1.19e+03  2229s
[2025-08-23 03:44:48] DEBUG    189   6.65745022e+13 -1.42378427e+11  2.73e+03 2.64e-02  1.18e+03  2240s
[2025-08-23 03:45:00] DEBUG    190   6.65493541e+13 -1.42351475e+11  2.72e+03 2.64e-02  1.18e+03  2252s
[2025-08-23 03:45:09] DEBUG    191   6.65314795e+13 -1.42341772e+11  2.71e+03 2.64e-02  1.18e+03  2260s
[2025-08-23 03:45:20] DEBUG    192   6.63260836e+13 -1.42323936e+11  2.63e+03 2.63e-02  1.16e+03  2271s
[2025-08-23 03:45:34] DEBUG    193   6.62206654e+13 -1.42282721e+11  2.59e+03 2.63e-02  1.14e+03  2285s
[2025-08-23 03:45:45] DEBUG    194   6.61634436e+13 -1.42252353e+11  2.57e+03 2.62e-02  1.13e+03  2296s
[2025-08-23 03:45:55] DEBUG    195   6.61275623e+13 -1.42220948e+11  2.56e+03 2.62e-02  1.12e+03  2307s
[2025-08-23 03:46:06] DEBUG    196   6.61088689e+13 -1.42207301e+11  2.55e+03 2.61e-02  1.12e+03  2318s
[2025-08-23 03:46:16] DEBUG    197   6.59841548e+13 -1.42193375e+11  2.50e+03 2.61e-02  1.10e+03  2327s
[2025-08-23 03:46:27] DEBUG    198   6.59353571e+13 -1.42158238e+11  2.49e+03 2.61e-02  1.09e+03  2338s
[2025-08-23 03:46:38] DEBUG    199   6.58977550e+13 -1.42128649e+11  2.47e+03 2.60e-02  1.09e+03  2349s
[2025-08-23 03:46:49] DEBUG    200   6.58729696e+13 -1.42104514e+11  2.46e+03 2.60e-02  1.08e+03  2360s
[2025-08-23 03:46:59] DEBUG    201   6.58613301e+13 -1.42081711e+11  2.46e+03 2.59e-02  1.08e+03  2371s
[2025-08-23 03:47:11] DEBUG    202   6.58334792e+13 -1.42050360e+11  2.45e+03 2.59e-02  1.08e+03  2382s
[2025-08-23 03:47:23] DEBUG    203   6.56765561e+13 -1.42028559e+11  2.39e+03 2.58e-02  1.07e+03  2395s
[2025-08-23 03:47:35] DEBUG    204   6.56028122e+13 -1.41998848e+11  2.37e+03 2.58e-02  1.05e+03  2407s
[2025-08-23 03:47:49] DEBUG    205   6.55530555e+13 -1.41966878e+11  2.35e+03 2.57e-02  1.04e+03  2420s
[2025-08-23 03:47:59] DEBUG    206   6.55336866e+13 -1.41939959e+11  2.34e+03 2.57e-02  1.04e+03  2431s
[2025-08-23 03:48:11] DEBUG    207   6.55013739e+13 -1.41922125e+11  2.33e+03 2.57e-02  1.04e+03  2443s
[2025-08-23 03:48:21] DEBUG    208   6.54615192e+13 -1.41906870e+11  2.32e+03 2.56e-02  1.04e+03  2452s
[2025-08-23 03:48:35] DEBUG    209   6.52924759e+13 -1.41878900e+11  2.26e+03 2.56e-02  1.02e+03  2466s
[2025-08-23 03:48:48] DEBUG    210   6.52633485e+13 -1.41838128e+11  2.25e+03 2.55e-02  1.01e+03  2479s
[2025-08-23 03:48:58] DEBUG    211   6.52142277e+13 -1.41807006e+11  2.24e+03 2.54e-02  1.00e+03  2489s
[2025-08-23 03:49:08] DEBUG    212   6.51804808e+13 -1.41776482e+11  2.23e+03 2.54e-02  1.00e+03  2500s
[2025-08-23 03:49:18] DEBUG    213   6.51301032e+13 -1.41759813e+11  2.21e+03 2.54e-02  9.98e+02  2510s
[2025-08-23 03:49:30] DEBUG    214   6.51141803e+13 -1.41735078e+11  2.20e+03 2.53e-02  9.96e+02  2521s
[2025-08-23 03:49:41] DEBUG    215   6.50478566e+13 -1.41713960e+11  2.18e+03 2.53e-02  9.90e+02  2532s
[2025-08-23 03:49:51] DEBUG    216   6.50092831e+13 -1.41689359e+11  2.17e+03 2.52e-02  9.86e+02  2543s
[2025-08-23 03:50:01] DEBUG    217   6.49540489e+13 -1.41673682e+11  2.15e+03 2.52e-02  9.82e+02  2553s
[2025-08-23 03:50:11] DEBUG    218   6.48991162e+13 -1.41644577e+11  2.14e+03 2.51e-02  9.76e+02  2563s
[2025-08-23 03:50:11] DEBUG    Barrier performed 218 iterations in 2562.85 seconds (657.54 work units)
[2025-08-23 03:50:11] DEBUG    Barrier solve interrupted - model solved by another algorithm
[2025-08-23 03:50:12] DEBUG    Solved with dual simplex
[2025-08-23 03:50:25] DEBUG    Iteration    Objective       Primal Inf.    Dual Inf.      Time
[2025-08-23 03:50:25] DEBUG    946173    1.1645748e+10   0.000000e+00   0.000000e+00   2576s

Solved in 946173 iterations and 2576.00 seconds (1030.50 work units)
[2025-08-23 03:50:25] DEBUG    Optimal objective  1.164574771e+10
✅ Scenario completato: new_trasmission_CG+VRES_2030_BESS

🚀 Lancio scenario: new_trasmission_CG+VRES_2030_nostorage
[2025-08-23 04:03:28] INFO     Loading sets
[2025-08-23 04:03:28] INFO     Loading parameters
[2025-08-23 04:04:06] INFO     constraints are loaded in the following order: ['energy_balance', 'dispatch', 'costs', 'capacity', 'network', 'policy', 'conversion', 'group', 'conversion_plus', 'milp', 'export']
[2025-08-23 04:04:06] INFO     creating energy_balance constraints
[2025-08-23 04:07:25] INFO     creating dispatch constraints
[2025-08-23 04:09:42] INFO     creating costs constraints
[2025-08-23 04:27:39] INFO     creating capacity constraints
[2025-08-23 04:27:39] INFO     creating network constraints
[2025-08-23 04:27:39] INFO     creating policy constraints
[2025-08-23 04:27:39] INFO     creating conversion constraints
[2025-08-23 04:27:39] INFO     creating group constraints
[2025-08-23 04:27:39] INFO     creating conversion_plus constraints
[2025-08-23 04:27:39] INFO     creating milp constraints
[2025-08-23 04:27:39] INFO     creating export constraints
[2025-08-23 04:42:45] DEBUG    Set parameter WLSAccessID
Set parameter WLSSecret
Set parameter LicenseID to value 2680226
[2025-08-23 04:42:45] DEBUG    Academic license 2680226 - for non-commercial use only - registered to an___@mail.polimi.it
[2025-08-23 04:43:26] DEBUG    Read LP format model from file /tmp/tmptuz3w5d5.pyomo.lp
Reading time = 41.16 seconds
x20466889: 27010653 rows, 20466889 columns, 66299731 nonzeros
[2025-08-23 04:43:26] DEBUG    Set parameter NumericFocus to value 1
Gurobi Optimizer version 12.0.2 build v12.0.2rc0 (linux64 - "Debian GNU/Linux 11 (bullseye)")

CPU model: Intel(R) Xeon(R) Silver 4314 CPU @ 2.40GHz, instruction set [SSE2|AVX|AVX2|AVX512]
Thread count: 32 physical cores, 64 logical processors, using up to 32 threads

Non-default parameters:
NumericFocus  1
[2025-08-23 04:43:26] DEBUG    Academic license 2680226 - for non-commercial use only - registered to an___@mail.polimi.it
Optimize a model with 27010653 rows, 20466889 columns and 66299731 nonzeros
[2025-08-23 04:43:27] DEBUG    Model fingerprint: 0x32d6a4ff
[2025-08-23 04:43:28] DEBUG    Coefficient statistics:
  Matrix range     [1e-07, 3e+02]
  Objective range  [1e+00, 1e+06]
  Bounds range     [0e+00, 0e+00]
  RHS range        [1e+00, 2e+08]
[2025-08-23 04:43:33] DEBUG    Presolve removed 19867692 rows and 11270167 columns (presolve time = 5s)...
[2025-08-23 04:43:38] DEBUG    Presolve removed 20298738 rows and 13530481 columns (presolve time = 10s)...
[2025-08-23 04:43:43] DEBUG    Presolve removed 23599570 rows and 16831254 columns (presolve time = 15s)...
[2025-08-23 04:43:48] DEBUG    Presolve removed 23599570 rows and 16831254 columns (presolve time = 21s)...
[2025-08-23 04:43:58] DEBUG    Presolve removed 24137407 rows and 17085294 columns (presolve time = 30s)...
[2025-08-23 04:44:03] DEBUG    Presolve removed 24137407 rows and 17207934 columns (presolve time = 35s)...
[2025-08-23 04:44:03] DEBUG    Presolve removed 24286310 rows and 17207934 columns
[2025-08-23 04:44:37] DEBUG    Presolve time: 70.96s
Presolved: 2724343 rows, 3407858 columns, 10988527 nonzeros

Concurrent LP optimizer: primal simplex, dual simplex, and barrier
Showing barrier log only...
[2025-08-23 04:44:41] DEBUG    Ordering time: 1.93s
[2025-08-23 04:44:43] DEBUG    Barrier statistics:
 Dense cols : 174
 AA' NZ     : 9.245e+06
 Factor NZ  : 4.108e+07 (roughly 3.0 GB of memory)
 Factor Ops : 2.774e+09 (less than 1 second per iteration)
 Threads    : 30
[2025-08-23 04:44:49] DEBUG    Objective                Residual
Iter       Primal          Dual         Primal    Dual     Compl     Time
[2025-08-23 04:44:49] DEBUG    0   9.92285522e+14 -8.82584324e+14  6.13e+10 3.48e-01  4.30e+11    82s
[2025-08-23 04:44:54] DEBUG    1   8.59575241e+14 -8.52581255e+14  5.25e+10 2.20e+01  3.23e+11    87s
[2025-08-23 04:45:01] DEBUG    2   7.19213980e+14 -7.86145838e+14  4.28e+10 9.04e+00  2.27e+11    95s
[2025-08-23 04:45:10] DEBUG    3   5.56238882e+14 -7.56436977e+14  3.16e+10 3.82e+00  1.53e+11   104s
[2025-08-23 04:45:16] DEBUG    4   3.89912752e+14 -7.05590830e+14  1.98e+10 1.20e+00  9.01e+10   109s
[2025-08-23 04:45:21] DEBUG    5   3.30041621e+14 -6.68999904e+14  1.53e+10 5.90e-01  6.85e+10   115s
[2025-08-23 04:45:26] DEBUG    6   2.40331764e+14 -6.41849356e+14  7.51e+09 2.83e-01  3.43e+10   120s
[2025-08-23 04:45:30] DEBUG    7   2.17502080e+14 -5.87915557e+14  5.84e+09 8.22e-02  2.57e+10   124s
[2025-08-23 04:45:35] DEBUG    8   2.15691321e+14 -5.59877870e+14  3.91e+09 5.40e-02  1.71e+10   129s
[2025-08-23 04:45:43] DEBUG    9   2.22930564e+14 -5.14667677e+14  2.05e+09 2.14e-02  8.95e+09   136s
[2025-08-23 04:45:50] DEBUG    10   1.96202732e+14 -4.51918037e+14  3.72e+08 9.91e-03  1.70e+09   144s
[2025-08-23 04:45:58] DEBUG    11   1.57731658e+14 -3.03812889e+14  1.87e+07 1.30e-02  1.59e+08   152s
[2025-08-23 04:46:04] DEBUG    12   1.44406864e+14 -1.89721503e+14  1.29e+07 1.49e-02  9.62e+07   157s
[2025-08-23 04:46:09] DEBUG    13   1.37216780e+14 -1.44859830e+14  1.07e+07 1.51e-02  7.27e+07   162s
[2025-08-23 04:46:13] DEBUG    14   1.27472996e+14 -1.22799942e+14  8.02e+06 1.48e-02  5.60e+07   167s
[2025-08-23 04:46:18] DEBUG    15   1.24289160e+14 -1.07945604e+14  7.34e+06 1.42e-02  4.91e+07   172s
[2025-08-23 04:46:25] DEBUG    16   1.13051771e+14 -8.72386963e+13  5.03e+06 1.48e-02  3.54e+07   178s
[2025-08-23 04:46:34] DEBUG    17   1.08119824e+14 -5.83083465e+13  4.22e+06 2.11e-02  2.47e+07   187s
[2025-08-23 04:46:45] DEBUG    18   9.23665151e+13 -3.31455548e+13  1.75e+06 2.11e-02  1.09e+07   198s
[2025-08-23 04:46:52] DEBUG    19   8.37888046e+13 -1.32052501e+13  1.04e+06 2.78e-02  4.63e+06   205s
[2025-08-23 04:47:00] DEBUG    20   7.93073057e+13 -7.74256605e+12  7.99e+05 2.09e-02  2.77e+06   214s
[2025-08-23 04:47:07] DEBUG    21   7.54051631e+13 -4.99902611e+12  6.16e+05 1.86e-02  1.79e+06   221s
[2025-08-23 04:47:12] DEBUG    22   7.26045879e+13 -4.26881297e+12  5.01e+05 1.84e-02  1.45e+06   226s
[2025-08-23 04:47:18] DEBUG    23   7.15229598e+13 -3.56923709e+12  4.62e+05 1.88e-02  1.24e+06   231s
[2025-08-23 04:47:24] DEBUG    24   6.97411230e+13 -2.54054178e+12  4.03e+05 1.98e-02  9.16e+05   238s
[2025-08-23 04:47:32] DEBUG    25   6.65094404e+13 -1.74025739e+12  3.01e+05 2.34e-02  6.14e+05   246s
[2025-08-23 04:47:44] DEBUG    26   6.39254824e+13 -1.01278522e+12  2.34e+05 2.01e-02  3.83e+05   257s
[2025-08-23 04:47:54] DEBUG    27   6.19020549e+13 -7.56674951e+11  1.90e+05 1.99e-02  2.86e+05   267s
[2025-08-23 04:48:04] DEBUG    28   5.97352855e+13 -6.10782984e+11  1.50e+05 2.01e-02  2.16e+05   278s
[2025-08-23 04:48:13] DEBUG    29   5.80056931e+13 -5.01921210e+11  1.23e+05 2.06e-02  1.71e+05   286s
[2025-08-23 04:48:20] DEBUG    30   5.68100622e+13 -4.36369350e+11  1.06e+05 2.07e-02  1.44e+05   294s
[2025-08-23 04:48:29] DEBUG    31   5.56234408e+13 -3.41439976e+11  9.02e+04 2.07e-02  1.15e+05   303s
[2025-08-23 04:48:39] DEBUG    32   5.54546370e+13 -3.05988162e+11  8.81e+04 2.00e-02  1.09e+05   312s
[2025-08-23 04:48:46] DEBUG    33   5.53437788e+13 -2.95744617e+11  8.69e+04 1.97e-02  1.07e+05   320s
[2025-08-23 04:48:53] DEBUG    34   5.51180846e+13 -2.77512142e+11  8.43e+04 1.99e-02  1.03e+05   327s
[2025-08-23 04:49:03] DEBUG    35   5.50375568e+13 -2.69006914e+11  8.34e+04 2.00e-02  1.02e+05   336s
[2025-08-23 04:49:11] DEBUG    36   5.45492731e+13 -2.50963706e+11  7.79e+04 2.01e-02  9.44e+04   344s
[2025-08-23 04:49:20] DEBUG    37   5.34988740e+13 -2.32392826e+11  6.62e+04 2.10e-02  7.98e+04   353s
[2025-08-23 04:49:28] DEBUG    38   5.26943260e+13 -2.23621890e+11  5.81e+04 2.22e-02  7.01e+04   361s
[2025-08-23 04:49:37] DEBUG    39   5.22597872e+13 -2.09800139e+11  5.41e+04 2.38e-02  6.42e+04   371s
[2025-08-23 04:49:46] DEBUG    40   5.18726257e+13 -2.04241217e+11  5.06e+04 2.39e-02  6.01e+04   379s
[2025-08-23 04:49:54] DEBUG    41   5.15007458e+13 -1.94218679e+11  4.75e+04 2.40e-02  5.56e+04   388s
[2025-08-23 04:50:01] DEBUG    42   5.14061612e+13 -1.90050582e+11  4.67e+04 2.35e-02  5.46e+04   395s
[2025-08-23 04:50:09] DEBUG    43   5.10622710e+13 -1.85676698e+11  4.38e+04 2.27e-02  5.13e+04   403s
[2025-08-23 04:50:17] DEBUG    44   5.09044646e+13 -1.81303802e+11  4.26e+04 2.18e-02  4.97e+04   411s
[2025-08-23 04:50:24] DEBUG    45   5.07627359e+13 -1.78954122e+11  4.15e+04 2.12e-02  4.84e+04   417s
[2025-08-23 04:50:31] DEBUG    46   5.03928463e+13 -1.73000863e+11  3.85e+04 2.04e-02  4.52e+04   425s
[2025-08-23 04:50:38] DEBUG    47   5.02400983e+13 -1.70641009e+11  3.74e+04 2.02e-02  4.39e+04   432s
[2025-08-23 04:50:48] DEBUG    48   5.01013687e+13 -1.67871162e+11  3.63e+04 2.01e-02  4.27e+04   441s
[2025-08-23 04:50:56] DEBUG    49   4.99371007e+13 -1.65048256e+11  3.51e+04 1.99e-02  4.13e+04   450s
[2025-08-23 04:51:04] DEBUG    50   4.96036746e+13 -1.58087751e+11  3.28e+04 1.95e-02  3.81e+04   458s
[2025-08-23 04:51:12] DEBUG    51   4.95871946e+13 -1.55627391e+11  3.27e+04 1.93e-02  3.78e+04   466s
[2025-08-23 04:51:21] DEBUG    52   4.95445400e+13 -1.51146108e+11  3.24e+04 1.89e-02  3.70e+04   474s
[2025-08-23 04:51:28] DEBUG    53   4.94714009e+13 -1.50089923e+11  3.19e+04 1.88e-02  4.50e+04   481s
[2025-08-23 04:51:38] DEBUG    54   4.91372801e+13 -1.47224281e+11  2.97e+04 1.85e-02  4.18e+04   491s
[2025-08-23 04:51:45] DEBUG    55   4.90289412e+13 -1.45381842e+11  2.91e+04 1.83e-02  4.26e+04   499s
[2025-08-23 04:51:52] DEBUG    56   4.89883840e+13 -1.43884809e+11  2.88e+04 1.81e-02  4.19e+04   506s
[2025-08-23 04:52:02] DEBUG    57   4.86661025e+13 -1.41824582e+11  2.68e+04 1.77e-02  4.01e+04   516s
[2025-08-23 04:52:10] DEBUG    58   4.85181455e+13 -1.40311804e+11  2.60e+04 1.75e-02  3.86e+04   524s
[2025-08-23 04:52:17] DEBUG    59   4.83260588e+13 -1.39222682e+11  2.49e+04 1.73e-02  3.71e+04   530s
[2025-08-23 04:52:24] DEBUG    60   4.81348041e+13 -1.37930665e+11  2.39e+04 1.71e-02  3.55e+04   538s
[2025-08-23 04:52:29] DEBUG    61   4.80957465e+13 -1.36621349e+11  2.36e+04 1.68e-02  3.48e+04   543s
[2025-08-23 04:52:38] DEBUG    62   4.77343462e+13 -1.35334349e+11  2.17e+04 1.65e-02  3.23e+04   551s
[2025-08-23 04:52:47] DEBUG    63   4.75518368e+13 -1.33907230e+11  2.08e+04 1.63e-02  3.09e+04   560s
[2025-08-23 04:52:55] DEBUG    64   4.73774989e+13 -1.33074315e+11  2.00e+04 1.62e-02  2.96e+04   568s
[2025-08-23 04:53:03] DEBUG    65   4.72215374e+13 -1.31119313e+11  1.92e+04 1.61e-02  2.81e+04   577s
[2025-08-23 04:53:12] DEBUG    66   4.70777683e+13 -1.29760952e+11  1.86e+04 1.60e-02  2.69e+04   586s
[2025-08-23 04:53:19] DEBUG    67   4.69856115e+13 -1.29373555e+11  1.82e+04 1.60e-02  2.64e+04   593s
[2025-08-23 04:53:29] DEBUG    68   4.69492932e+13 -1.28621163e+11  1.80e+04 1.60e-02  2.60e+04   602s
[2025-08-23 04:53:38] DEBUG    69   4.67025853e+13 -1.28000079e+11  1.69e+04 1.60e-02  2.46e+04   611s
[2025-08-23 04:53:46] DEBUG    70   4.66930076e+13 -1.27231915e+11  1.69e+04 1.59e-02  2.43e+04   620s
[2025-08-23 04:53:53] DEBUG    71   4.65866538e+13 -1.27018825e+11  1.64e+04 1.59e-02  2.38e+04   627s
[2025-08-23 04:54:02] DEBUG    72   4.63866143e+13 -1.26225556e+11  1.56e+04 1.59e-02  2.26e+04   635s
[2025-08-23 04:54:12] DEBUG    73   4.63112270e+13 -1.25605379e+11  1.53e+04 1.60e-02  2.21e+04   645s
[2025-08-23 04:54:18] DEBUG    74   4.62245115e+13 -1.24941738e+11  1.50e+04 1.62e-02  2.15e+04   651s
[2025-08-23 04:54:24] DEBUG    75   4.61873913e+13 -1.24626086e+11  1.48e+04 1.63e-02  2.12e+04   658s
[2025-08-23 04:54:33] DEBUG    76   4.59717427e+13 -1.23714761e+11  1.40e+04 1.66e-02  2.00e+04   667s
[2025-08-23 04:54:41] DEBUG    77   4.59417712e+13 -1.23251367e+11  1.39e+04 1.67e-02  1.97e+04   674s
[2025-08-23 04:54:50] DEBUG    78   4.57632803e+13 -1.22823873e+11  1.32e+04 1.68e-02  1.89e+04   683s
[2025-08-23 04:54:59] DEBUG    79   4.56359284e+13 -1.22159163e+11  1.28e+04 1.73e-02  1.82e+04   693s
[2025-08-23 04:55:07] DEBUG    80   4.54866970e+13 -1.21195553e+11  1.23e+04 1.79e-02  1.73e+04   701s
[2025-08-23 04:55:15] DEBUG    81   4.53527249e+13 -1.20432908e+11  1.18e+04 1.84e-02  1.65e+04   708s
[2025-08-23 04:55:23] DEBUG    82   4.52951032e+13 -1.19873686e+11  1.16e+04 1.87e-02  1.61e+04   716s
[2025-08-23 04:55:32] DEBUG    83   4.52780684e+13 -1.19316913e+11  1.16e+04 1.90e-02  1.59e+04   726s
[2025-08-23 04:55:32] DEBUG    Barrier performed 83 iterations in 725.85 seconds (210.12 work units)
Barrier solve interrupted - model solved by another algorithm
[2025-08-23 04:55:32] DEBUG    Solved with dual simplex
[2025-08-23 04:55:43] DEBUG    Iteration    Objective       Primal Inf.    Dual Inf.      Time
[2025-08-23 04:55:43] DEBUG    431210    1.1645748e+10   0.000000e+00   0.000000e+00    736s

Solved in 431210 iterations and 736.41 seconds (325.14 work units)
[2025-08-23 04:55:43] DEBUG    Optimal objective  1.164574771e+10
✅ Scenario completato: new_trasmission_CG+VRES_2030_nostorage

🚀 Lancio scenario: new_trasmission_GT+VRES_2030_PHES
[2025-08-23 05:14:40] INFO     Loading sets
[2025-08-23 05:14:40] INFO     Loading parameters
[2025-08-23 05:15:21] INFO     constraints are loaded in the following order: ['energy_balance', 'dispatch', 'costs', 'capacity', 'network', 'policy', 'conversion', 'group', 'conversion_plus', 'milp', 'export']
[2025-08-23 05:15:21] INFO     creating energy_balance constraints
[2025-08-23 05:18:51] INFO     creating dispatch constraints
[2025-08-23 05:21:15] INFO     creating costs constraints
[2025-08-23 05:32:13] INFO     creating capacity constraints
[2025-08-23 05:32:13] INFO     creating network constraints
[2025-08-23 05:32:13] INFO     creating policy constraints
[2025-08-23 05:32:13] INFO     creating conversion constraints
[2025-08-23 05:32:13] INFO     creating group constraints
[2025-08-23 05:32:13] INFO     creating conversion_plus constraints
[2025-08-23 05:32:13] INFO     creating milp constraints
[2025-08-23 05:32:13] INFO     creating export constraints
[2025-08-23 05:47:26] DEBUG    Set parameter WLSAccessID
Set parameter WLSSecret
Set parameter LicenseID to value 2680226
[2025-08-23 05:47:29] DEBUG    Academic license 2680226 - for non-commercial use only - registered to an___@mail.polimi.it
[2025-08-23 05:48:13] DEBUG    Read LP format model from file /tmp/tmp_lq48l9p.pyomo.lp
Reading time = 43.80 seconds
[2025-08-23 05:48:13] DEBUG    x21737263: 28789165 rows, 21737263 columns, 71126868 nonzeros
Set parameter NumericFocus to value 1
Gurobi Optimizer version 12.0.2 build v12.0.2rc0 (linux64 - "Debian GNU/Linux 11 (bullseye)")

CPU model: Intel(R) Xeon(R) Silver 4314 CPU @ 2.40GHz, instruction set [SSE2|AVX|AVX2|AVX512]
Thread count: 32 physical cores, 64 logical processors, using up to 32 threads

Non-default parameters:
NumericFocus  1
[2025-08-23 05:48:13] DEBUG    Academic license 2680226 - for non-commercial use only - registered to an___@mail.polimi.it
Optimize a model with 28789165 rows, 21737263 columns and 71126868 nonzeros
[2025-08-23 05:48:14] DEBUG    Model fingerprint: 0xc23633ae
[2025-08-23 05:48:14] DEBUG    Coefficient statistics:
  Matrix range     [1e-07, 3e+02]
  Objective range  [1e+00, 1e+06]
  Bounds range     [0e+00, 0e+00]
  RHS range        [1e+00, 6e+09]
Warning: Model contains large rhs
[2025-08-23 05:48:19] DEBUG    Presolve removed 20375946 rows and 11778366 columns (presolve time = 5s)...
[2025-08-23 05:48:24] DEBUG    Presolve removed 20938398 rows and 12432192 columns (presolve time = 10s)...
[2025-08-23 05:48:29] DEBUG    Presolve removed 22380960 rows and 15560000 columns (presolve time = 15s)...
[2025-08-23 05:48:34] DEBUG    Presolve removed 24467094 rows and 17600556 columns (presolve time = 20s)...
[2025-08-23 05:48:49] DEBUG    Presolve removed 25004983 rows and 17854596 columns (presolve time = 35s)...
[2025-08-23 05:48:49] DEBUG    Presolve removed 25004983 rows and 17854596 columns (presolve time = 35s)...
[2025-08-23 05:48:54] DEBUG    Presolve removed 25004983 rows and 17977236 columns (presolve time = 41s)...
[2025-08-23 05:48:55] DEBUG    Presolve removed 25153886 rows and 17977236 columns
[2025-08-23 05:49:36] DEBUG    Presolve time: 83.01s
Presolved: 3635279 rows, 3908930 columns, 14814375 nonzeros

Concurrent LP optimizer: primal simplex, dual simplex, and barrier
Showing barrier log only...
[2025-08-23 05:50:06] DEBUG    Elapsed ordering time = 28s
[2025-08-23 05:50:08] DEBUG    Elapsed ordering time = 30s
[2025-08-23 05:50:20] DEBUG    Ordering time: 41.77s
[2025-08-23 05:50:23] DEBUG    Barrier statistics:
 Dense cols : 200
 AA' NZ     : 1.548e+07
[2025-08-23 05:50:23] DEBUG    Factor NZ  : 6.593e+07 (roughly 3.6 GB of memory)
 Factor Ops : 7.598e+09 (less than 1 second per iteration)
 Threads    : 30
[2025-08-23 05:50:29] DEBUG    Objective                Residual
[2025-08-23 05:50:29] DEBUG    Iter       Primal          Dual         Primal    Dual     Compl     Time
[2025-08-23 05:50:29] DEBUG    0   1.00269189e+15 -7.74393510e+14  6.13e+10 2.78e-01  3.85e+11   136s
[2025-08-23 05:50:36] DEBUG    1   9.23996131e+14 -7.98707807e+14  5.60e+10 2.07e+01  2.96e+11   144s
[2025-08-23 05:50:44] DEBUG    2   8.70017439e+14 -2.72910035e+15  5.25e+10 1.70e+01  2.70e+11   152s
[2025-08-23 05:50:53] DEBUG    3   7.67144351e+14 -7.75026045e+15  4.56e+10 7.17e+00  2.06e+11   160s
[2025-08-23 05:51:01] DEBUG    4   5.55858888e+14 -9.63398992e+15  3.14e+10 2.55e+00  1.29e+11   168s
[2025-08-23 05:51:10] DEBUG    5   4.03973648e+14 -9.48456660e+15  2.06e+10 9.40e-01  8.21e+10   177s
[2025-08-23 05:51:17] DEBUG    6   2.85235718e+14 -8.23627357e+15  1.21e+10 2.94e-01  4.72e+10   185s
[2025-08-23 05:51:22] DEBUG    7   1.67889711e+14 -6.38229626e+15  3.29e+09 1.14e-01  1.34e+10   190s
[2025-08-23 05:51:29] DEBUG    8   1.56540371e+14 -4.14578672e+15  1.79e+09 4.26e-02  7.07e+09   196s
[2025-08-23 05:51:34] DEBUG    9   1.50531822e+14 -2.38960981e+15  9.44e+08 1.89e-02  3.62e+09   201s
[2025-08-23 05:51:40] DEBUG    10   1.42656724e+14 -1.33038962e+15  3.01e+08 1.65e-02  1.22e+09   207s
[2025-08-23 05:51:46] DEBUG    11   1.22769979e+14 -5.65526635e+14  1.62e+08 9.03e-03  6.00e+08   213s
[2025-08-23 05:51:52] DEBUG    12   1.02585656e+14 -4.16444161e+14  8.05e+07 8.98e-03  3.12e+08   219s
[2025-08-23 05:51:58] DEBUG    13   9.72822258e+13 -2.31719744e+14  6.68e+07 8.13e-03  2.35e+08   226s
[2025-08-23 05:52:05] DEBUG    14   7.91312541e+13 -1.78143512e+14  3.13e+07 9.61e-03  1.17e+08   232s
[2025-08-23 05:52:14] DEBUG    15   7.00224519e+13 -1.20273664e+14  1.95e+07 2.03e-02  7.14e+07   241s
[2025-08-23 05:52:22] DEBUG    16   6.55050323e+13 -8.83063852e+13  1.55e+07 1.39e-02  5.34e+07   250s
[2025-08-23 05:52:28] DEBUG    17   6.42457094e+13 -8.36336065e+13  1.45e+07 1.35e-02  4.97e+07   255s
[2025-08-23 05:52:34] DEBUG    18   5.93290733e+13 -6.92695257e+13  1.04e+07 1.89e-02  3.61e+07   261s
[2025-08-23 05:52:40] DEBUG    19   5.75922694e+13 -4.81518936e+13  9.24e+06 2.04e-02  2.84e+07   267s
[2025-08-23 05:52:47] DEBUG    20   5.10601359e+13 -2.79323153e+13  5.20e+06 1.93e-02  1.49e+07   274s
[2025-08-23 05:52:57] DEBUG    21   4.64718904e+13 -1.93181080e+13  2.94e+06 1.98e-02  8.46e+06   284s
[2025-08-23 05:53:05] DEBUG    22   4.51845123e+13 -1.58032728e+13  2.58e+06 1.76e-02  6.96e+06   293s
[2025-08-23 05:53:10] DEBUG    23   4.29622367e+13 -1.27945120e+13  1.94e+06 1.76e-02  5.15e+06   298s
[2025-08-23 05:53:16] DEBUG    24   4.15385099e+13 -1.08882593e+13  1.60e+06 1.72e-02  4.15e+06   304s
[2025-08-23 05:53:23] DEBUG    25   4.07318806e+13 -9.03088464e+12  1.42e+06 1.70e-02  3.46e+06   310s
[2025-08-23 05:53:30] DEBUG    26   3.97559461e+13 -7.70742217e+12  1.24e+06 1.69e-02  2.86e+06   317s
[2025-08-23 05:53:40] DEBUG    27   3.85780035e+13 -5.68211456e+12  1.03e+06 2.16e-02  2.05e+06   327s
[2025-08-23 05:53:53] DEBUG    28   3.70221938e+13 -4.29311252e+12  7.69e+05 2.56e-02  1.40e+06   340s
[2025-08-23 05:54:04] DEBUG    29   3.59740709e+13 -3.23532736e+12  6.22e+05 2.70e-02  1.01e+06   351s
[2025-08-23 05:54:17] DEBUG    30   3.50174524e+13 -2.59792127e+12  5.04e+05 2.65e-02  7.54e+05   364s
[2025-08-23 05:54:29] DEBUG    31   3.40989025e+13 -2.08121928e+12  4.05e+05 2.54e-02  5.62e+05   376s
[2025-08-23 05:54:42] DEBUG    32   3.33397840e+13 -1.66675493e+12  3.33e+05 2.41e-02  4.26e+05   390s
[2025-08-23 05:54:55] DEBUG    33   3.28284946e+13 -1.40354009e+12  2.90e+05 2.27e-02  3.49e+05   402s
[2025-08-23 05:55:05] DEBUG    34   3.22154767e+13 -1.09576698e+12  2.44e+05 2.08e-02  2.65e+05   413s
[2025-08-23 05:55:18] DEBUG    35   3.18029646e+13 -9.65280499e+11  2.17e+05 1.98e-02  2.25e+05   425s
[2025-08-23 05:55:31] DEBUG    36   3.13289513e+13 -8.06576616e+11  1.87e+05 1.84e-02  1.81e+05   438s
[2025-08-23 05:55:45] DEBUG    37   3.08367977e+13 -6.96875711e+11  1.60e+05 1.72e-02  1.49e+05   452s
[2025-08-23 05:55:57] DEBUG    38   3.03568411e+13 -5.48594931e+11  1.37e+05 1.57e-02  1.14e+05   464s
[2025-08-23 05:56:10] DEBUG    39   3.00046894e+13 -4.75859502e+11  1.21e+05 1.46e-02  9.54e+04   477s
[2025-08-23 05:56:20] DEBUG    40   2.95017831e+13 -4.12133844e+11  1.01e+05 1.37e-02  7.69e+04   488s
[2025-08-23 05:56:32] DEBUG    41   2.90884098e+13 -3.75395283e+11  8.66e+04 1.36e-02  6.56e+04   500s
[2025-08-23 05:56:44] DEBUG    42   2.90186293e+13 -3.59224137e+11  8.44e+04 1.36e-02  6.24e+04   511s
[2025-08-23 05:56:54] DEBUG    43   2.88055305e+13 -3.13271726e+11  7.79e+04 1.35e-02  5.33e+04   521s
[2025-08-23 05:57:03] DEBUG    44   2.85222651e+13 -2.93225469e+11  6.97e+04 1.38e-02  4.76e+04   530s
[2025-08-23 05:57:14] DEBUG    45   2.82375844e+13 -2.49839320e+11  6.22e+04 1.46e-02  3.88e+04   542s
[2025-08-23 05:57:24] DEBUG    46   2.81216934e+13 -2.38159422e+11  5.94e+04 1.47e-02  3.63e+04   551s
[2025-08-23 05:57:37] DEBUG    47   2.79089629e+13 -2.24545881e+11  5.45e+04 1.48e-02  3.29e+04   564s
[2025-08-23 05:57:46] DEBUG    48   2.77229103e+13 -2.08930798e+11  5.05e+04 1.49e-02  2.95e+04   573s
[2025-08-23 05:57:59] DEBUG    49   2.75741098e+13 -1.88159002e+11  4.74e+04 1.50e-02  2.58e+04   586s
[2025-08-23 05:58:11] DEBUG    50   2.73124195e+13 -1.79829907e+11  4.23e+04 1.50e-02  2.31e+04   598s
[2025-08-23 05:58:19] DEBUG    51   2.72764077e+13 -1.77640050e+11  4.17e+04 1.50e-02  2.27e+04   607s
[2025-08-23 05:58:27] DEBUG    52   2.71621599e+13 -1.73629527e+11  3.97e+04 1.49e-02  2.16e+04   614s
[2025-08-23 05:58:40] DEBUG    53   2.70067694e+13 -1.66446924e+11  3.70e+04 1.49e-02  1.99e+04   627s
[2025-08-23 05:58:52] DEBUG    54   2.68502848e+13 -1.63141858e+11  3.45e+04 1.48e-02  1.87e+04   639s
[2025-08-23 05:59:04] DEBUG    55   2.67426989e+13 -1.53953785e+11  3.28e+04 1.47e-02  1.72e+04   651s
[2025-08-23 05:59:17] DEBUG    56   2.65832260e+13 -1.49104401e+11  3.04e+04 1.45e-02  1.60e+04   664s
[2025-08-23 05:59:26] DEBUG    57   2.64828070e+13 -1.45169282e+11  2.90e+04 1.45e-02  1.51e+04   673s
[2025-08-23 05:59:38] DEBUG    58   2.63743557e+13 -1.40390335e+11  2.76e+04 1.43e-02  1.42e+04   686s
[2025-08-23 05:59:50] DEBUG    59   2.62316754e+13 -1.37135987e+11  2.57e+04 1.42e-02  1.33e+04   697s
[2025-08-23 06:00:01] DEBUG    60   2.61295181e+13 -1.32921192e+11  2.45e+04 1.41e-02  1.25e+04   709s
[2025-08-23 06:00:11] DEBUG    61   2.60520526e+13 -1.30062922e+11  2.36e+04 1.40e-02  1.19e+04   718s
[2025-08-23 06:00:22] DEBUG    62   2.59706129e+13 -1.27598271e+11  2.26e+04 1.39e-02  1.14e+04   729s
[2025-08-23 06:00:32] DEBUG    63   2.58971476e+13 -1.24145604e+11  2.18e+04 1.37e-02  1.08e+04   740s
[2025-08-23 06:00:42] DEBUG    64   2.58264548e+13 -1.22241862e+11  2.10e+04 1.36e-02  1.04e+04   749s
[2025-08-23 06:00:54] DEBUG    65   2.57325431e+13 -1.18487560e+11  2.01e+04 1.35e-02  9.77e+03   761s
[2025-08-23 06:01:05] DEBUG    66   2.56671083e+13 -1.16168619e+11  1.94e+04 1.34e-02  9.36e+03   773s
[2025-08-23 06:01:18] DEBUG    67   2.55818000e+13 -1.13757992e+11  1.86e+04 1.33e-02  8.89e+03   786s
[2025-08-23 06:01:25] DEBUG    68   2.55465380e+13 -1.12286311e+11  1.82e+04 1.32e-02  8.68e+03   792s
[2025-08-23 06:01:36] DEBUG    69   2.54371380e+13 -1.10103426e+11  1.72e+04 1.31e-02  8.18e+03   804s
[2025-08-23 06:01:50] DEBUG    70   2.53615682e+13 -1.07559507e+11  1.65e+04 1.29e-02  7.74e+03   817s
[2025-08-23 06:02:01] DEBUG    71   2.52696793e+13 -1.05606197e+11  1.57e+04 1.28e-02  7.32e+03   829s
[2025-08-23 06:02:14] DEBUG    72   2.52118691e+13 -1.03985452e+11  1.53e+04 1.27e-02  7.04e+03   841s
[2025-08-23 06:02:27] DEBUG    73   2.51541009e+13 -1.03031055e+11  1.48e+04 1.27e-02  6.82e+03   854s
[2025-08-23 06:02:39] DEBUG    74   2.50685808e+13 -1.00865592e+11  1.41e+04 1.25e-02  6.43e+03   866s
[2025-08-23 06:02:48] DEBUG    75   2.50013533e+13 -9.98301648e+10  1.36e+04 1.24e-02  6.19e+03   876s
[2025-08-23 06:02:59] DEBUG    76   2.49549362e+13 -9.84475252e+10  1.33e+04 1.23e-02  5.98e+03   886s
[2025-08-23 06:03:09] DEBUG    77   2.48944847e+13 -9.72044210e+10  1.28e+04 1.23e-02  5.74e+03   896s
[2025-08-23 06:03:20] DEBUG    78   2.48108409e+13 -9.55029972e+10  1.23e+04 1.21e-02  5.42e+03   907s
[2025-08-23 06:03:32] DEBUG    79   2.47537127e+13 -9.38575952e+10  1.19e+04 1.20e-02  5.17e+03   919s
[2025-08-23 06:03:41] DEBUG    80   2.47131064e+13 -9.32518714e+10  1.16e+04 1.19e-02  5.07e+03   928s
[2025-08-23 06:03:53] DEBUG    81   2.46493796e+13 -9.21122860e+10  1.12e+04 1.19e-02  4.86e+03   940s
[2025-08-23 06:04:06] DEBUG    82   2.46093025e+13 -9.17755697e+10  1.09e+04 1.18e-02  4.76e+03   953s
[2025-08-23 06:04:19] DEBUG    83   2.45564721e+13 -9.10537183e+10  1.06e+04 1.17e-02  4.61e+03   966s
[2025-08-23 06:04:30] DEBUG    84   2.44688512e+13 -9.00473972e+10  1.01e+04 1.16e-02  4.37e+03   977s
[2025-08-23 06:04:43] DEBUG    85   2.44245589e+13 -8.92125237e+10  9.84e+03 1.15e-02  4.23e+03   991s
[2025-08-23 06:04:56] DEBUG    86   2.43762846e+13 -8.83348430e+10  9.57e+03 1.15e-02  4.09e+03  1003s
[2025-08-23 06:05:06] DEBUG    87   2.43347957e+13 -8.72563810e+10  9.35e+03 1.13e-02  3.94e+03  1013s
[2025-08-23 06:05:19] DEBUG    88   2.42733517e+13 -8.67396289e+10  9.02e+03 1.13e-02  3.81e+03  1026s
[2025-08-23 06:05:31] DEBUG    89   2.42142196e+13 -8.60420749e+10  8.71e+03 1.12e-02  3.68e+03  1038s
[2025-08-23 06:05:41] DEBUG    90   2.41456306e+13 -8.52953154e+10  8.36e+03 1.11e-02  3.52e+03  1048s
[2025-08-23 06:05:52] DEBUG    91   2.40892690e+13 -8.43739066e+10  8.09e+03 1.10e-02  3.38e+03  1060s
[2025-08-23 06:06:06] DEBUG    92   2.40308736e+13 -8.35429733e+10  7.81e+03 1.09e-02  3.25e+03  1073s
[2025-08-23 06:06:18] DEBUG    93   2.39859192e+13 -8.28567810e+10  7.60e+03 1.08e-02  3.15e+03  1086s
[2025-08-23 06:06:29] DEBUG    94   2.39526492e+13 -8.21436341e+10  7.46e+03 1.07e-02  3.07e+03  1096s
[2025-08-23 06:06:42] DEBUG    95   2.39116320e+13 -8.16048068e+10  7.27e+03 1.07e-02  2.99e+03  1109s
[2025-08-23 06:06:54] DEBUG    96   2.38895524e+13 -8.07485456e+10  7.18e+03 1.06e-02  2.92e+03  1121s
[2025-08-23 06:07:05] DEBUG    97   2.38438160e+13 -8.02141483e+10  6.98e+03 1.05e-02  2.83e+03  1133s
[2025-08-23 06:07:17] DEBUG    98   2.37937279e+13 -7.95766521e+10  6.77e+03 1.04e-02  2.74e+03  1144s
[2025-08-23 06:07:29] DEBUG    99   2.37552439e+13 -7.92676997e+10  6.62e+03 1.04e-02  2.68e+03  1156s
[2025-08-23 06:07:38] DEBUG    100   2.37335484e+13 -7.87835707e+10  6.53e+03 1.03e-02  2.63e+03  1165s
[2025-08-23 06:07:49] DEBUG    101   2.36799539e+13 -7.82462337e+10  6.32e+03 1.02e-02  2.55e+03  1176s
[2025-08-23 06:08:01] DEBUG    102   2.36512137e+13 -7.78455854e+10  6.21e+03 1.02e-02  2.49e+03  1188s
[2025-08-23 06:08:12] DEBUG    103   2.36073577e+13 -7.73007716e+10  6.04e+03 1.01e-02  2.42e+03  1199s
[2025-08-23 06:08:19] DEBUG    104   2.35707900e+13 -7.68705934e+10  5.90e+03 1.02e-02  2.36e+03  1206s
[2025-08-23 06:08:30] DEBUG    105   2.35446782e+13 -7.63362599e+10  5.81e+03 1.03e-02  2.31e+03  1217s
[2025-08-23 06:08:42] DEBUG    106   2.35072533e+13 -7.58849553e+10  5.67e+03 1.05e-02  2.25e+03  1229s
[2025-08-23 06:08:52] DEBUG    107   2.34683912e+13 -7.53683349e+10  5.54e+03 1.06e-02  2.19e+03  1240s
[2025-08-23 06:09:03] DEBUG    108   2.34460075e+13 -7.48692020e+10  5.46e+03 1.08e-02  2.14e+03  1250s
[2025-08-23 06:09:13] DEBUG    109   2.33996668e+13 -7.42720476e+10  5.30e+03 1.09e-02  2.07e+03  1261s
[2025-08-23 06:09:25] DEBUG    110   2.33568130e+13 -7.38894898e+10  5.16e+03 1.10e-02  2.01e+03  1272s
[2025-08-23 06:09:37] DEBUG    111   2.33153380e+13 -7.34376534e+10  5.03e+03 1.12e-02  1.96e+03  1284s
[2025-08-23 06:09:49] DEBUG    112   2.32861102e+13 -7.29626722e+10  4.93e+03 1.13e-02  1.91e+03  1296s
[2025-08-23 06:10:01] DEBUG    113   2.32458459e+13 -7.26237459e+10  4.81e+03 1.13e-02  1.86e+03  1308s
[2025-08-23 06:10:13] DEBUG    114   2.32144336e+13 -7.22110702e+10  4.71e+03 1.14e-02  1.82e+03  1320s
[2025-08-23 06:10:23] DEBUG    115   2.31921350e+13 -7.18624113e+10  4.65e+03 1.15e-02  1.79e+03  1330s
[2025-08-23 06:10:33] DEBUG    116   2.31731786e+13 -7.14977405e+10  4.59e+03 1.16e-02  1.76e+03  1341s
[2025-08-23 06:10:44] DEBUG    117   2.31458253e+13 -7.11943049e+10  4.51e+03 1.16e-02  1.72e+03  1352s
[2025-08-23 06:10:54] DEBUG    118   2.31212128e+13 -7.09186999e+10  4.44e+03 1.17e-02  1.70e+03  1362s
[2025-08-23 06:11:07] DEBUG    119   2.30908788e+13 -7.05543893e+10  4.35e+03 1.17e-02  1.66e+03  1374s
[2025-08-23 06:11:20] DEBUG    120   2.30562935e+13 -7.01848317e+10  4.25e+03 1.18e-02  1.62e+03  1388s
[2025-08-23 06:11:30] DEBUG    121   2.30298433e+13 -6.98474620e+10  4.18e+03 1.18e-02  1.59e+03  1397s
[2025-08-23 06:11:41] DEBUG    122   2.30092285e+13 -6.95359146e+10  4.13e+03 1.18e-02  1.56e+03  1408s
[2025-08-23 06:11:53] DEBUG    123   2.29862385e+13 -6.91421336e+10  4.06e+03 1.19e-02  1.53e+03  1420s
[2025-08-23 06:12:03] DEBUG    124   2.29641887e+13 -6.88002561e+10  4.01e+03 1.19e-02  1.51e+03  1430s
[2025-08-23 06:12:13] DEBUG    125   2.29350248e+13 -6.85983642e+10  3.93e+03 1.19e-02  1.48e+03  1440s
[2025-08-23 06:12:25] DEBUG    126   2.29126286e+13 -6.82884182e+10  3.87e+03 1.19e-02  1.45e+03  1452s
[2025-08-23 06:12:38] DEBUG    127   2.28951779e+13 -6.80384661e+10  3.83e+03 1.19e-02  1.43e+03  1466s
[2025-08-23 06:12:51] DEBUG    128   2.28635847e+13 -6.76879708e+10  3.75e+03 1.20e-02  1.40e+03  1478s
[2025-08-23 06:12:59] DEBUG    129   2.28409946e+13 -6.74505930e+10  3.69e+03 1.20e-02  1.38e+03  1487s
[2025-08-23 06:13:08] DEBUG    130   2.28230059e+13 -6.72537156e+10  3.65e+03 1.20e-02  1.36e+03  1495s
[2025-08-23 06:13:17] DEBUG    131   2.28056071e+13 -6.70409581e+10  3.61e+03 1.20e-02  1.35e+03  1504s
[2025-08-23 06:13:26] DEBUG    132   2.27869902e+13 -6.68298238e+10  3.56e+03 1.20e-02  1.33e+03  1513s
[2025-08-23 06:13:33] DEBUG    133   2.27719268e+13 -6.65765474e+10  3.53e+03 1.20e-02  1.31e+03  1520s
[2025-08-23 06:13:44] DEBUG    134   2.27628717e+13 -6.64270902e+10  3.51e+03 1.20e-02  1.30e+03  1531s
[2025-08-23 06:13:55] DEBUG    135   2.27412011e+13 -6.62421753e+10  3.45e+03 1.20e-02  1.29e+03  1542s
[2025-08-23 06:14:05] DEBUG    136   2.27293233e+13 -6.59893088e+10  3.43e+03 1.20e-02  1.55e+03  1552s
[2025-08-23 06:14:14] DEBUG    137   2.27079001e+13 -6.57016820e+10  3.38e+03 1.20e-02  1.53e+03  1562s
[2025-08-23 06:14:23] DEBUG    138   2.26916179e+13 -6.54812743e+10  3.34e+03 1.20e-02  1.58e+03  1570s
[2025-08-23 06:14:34] DEBUG    139   2.26777463e+13 -6.52568288e+10  3.31e+03 1.20e-02  1.57e+03  1581s
[2025-08-23 06:14:45] DEBUG    140   2.26652943e+13 -6.49959911e+10  3.28e+03 1.20e-02  1.57e+03  1593s
[2025-08-23 06:14:56] DEBUG    141   2.26529163e+13 -6.47983947e+10  3.26e+03 1.20e-02  1.55e+03  1603s
[2025-08-23 06:15:07] DEBUG    142   2.26474573e+13 -6.45321004e+10  3.24e+03 1.20e-02  1.54e+03  1614s
[2025-08-23 06:15:18] DEBUG    143   2.26308698e+13 -6.43083117e+10  3.21e+03 1.20e-02  1.52e+03  1625s
[2025-08-23 06:15:28] DEBUG    144   2.26059443e+13 -6.40294738e+10  3.15e+03 1.20e-02  1.50e+03  1635s
[2025-08-23 06:15:37] DEBUG    145   2.25883490e+13 -6.37458219e+10  3.12e+03 1.20e-02  1.48e+03  1645s
[2025-08-23 06:15:48] DEBUG    146   2.25803000e+13 -6.35401841e+10  3.10e+03 1.19e-02  1.47e+03  1655s
[2025-08-23 06:15:57] DEBUG    147   2.25678870e+13 -6.33744195e+10  3.07e+03 1.19e-02  1.45e+03  1664s
[2025-08-23 06:16:08] DEBUG    148   2.25435775e+13 -6.31931108e+10  3.02e+03 1.19e-02  1.44e+03  1675s
[2025-08-23 06:16:20] DEBUG    149   2.25139940e+13 -6.28543487e+10  2.96e+03 1.19e-02  1.41e+03  1688s
[2025-08-23 06:16:32] DEBUG    150   2.24982176e+13 -6.26005444e+10  2.93e+03 1.19e-02  1.39e+03  1699s
[2025-08-23 06:16:41] DEBUG    151   2.24799164e+13 -6.23674571e+10  2.89e+03 1.19e-02  1.37e+03  1709s
[2025-08-23 06:16:50] DEBUG    152   2.24632556e+13 -6.21226735e+10  2.86e+03 1.19e-02  1.35e+03  1717s
[2025-08-23 06:16:59] DEBUG    153   2.24570114e+13 -6.19048693e+10  2.85e+03 1.19e-02  1.34e+03  1727s
[2025-08-23 06:17:09] DEBUG    154   2.24464643e+13 -6.17273569e+10  2.83e+03 1.19e-02  1.33e+03  1737s
[2025-08-23 06:17:19] DEBUG    155   2.24307388e+13 -6.15119393e+10  2.80e+03 1.18e-02  1.32e+03  1746s
[2025-08-23 06:17:32] DEBUG    156   2.24172514e+13 -6.13418092e+10  2.77e+03 1.18e-02  1.31e+03  1759s
[2025-08-23 06:17:42] DEBUG    157   2.24005689e+13 -6.11757710e+10  2.74e+03 1.18e-02  1.29e+03  1770s
[2025-08-23 06:17:52] DEBUG    158   2.23885522e+13 -6.09621785e+10  2.72e+03 1.18e-02  1.28e+03  1780s
[2025-08-23 06:18:04] DEBUG    159   2.23800106e+13 -6.07234525e+10  2.70e+03 1.18e-02  1.27e+03  1791s
[2025-08-23 06:18:14] DEBUG    160   2.23613529e+13 -6.05078618e+10  2.66e+03 1.18e-02  1.25e+03  1801s
[2025-08-23 06:18:25] DEBUG    161   2.23503155e+13 -6.03620171e+10  2.64e+03 1.18e-02  1.24e+03  1812s
[2025-08-23 06:18:36] DEBUG    162   2.23385466e+13 -6.01720931e+10  2.62e+03 1.17e-02  1.23e+03  1823s
[2025-08-23 06:18:44] DEBUG    163   2.23217096e+13 -6.00622376e+10  2.59e+03 1.17e-02  1.22e+03  1831s
[2025-08-23 06:18:51] DEBUG    164   2.23096896e+13 -5.98927789e+10  2.57e+03 1.17e-02  1.21e+03  1838s
[2025-08-23 06:19:00] DEBUG    165   2.22985096e+13 -5.97341915e+10  2.55e+03 1.17e-02  1.20e+03  1848s
[2025-08-23 06:19:11] DEBUG    166   2.22881634e+13 -5.95607831e+10  2.53e+03 1.17e-02  1.18e+03  1858s
[2025-08-23 06:19:20] DEBUG    167   2.22728279e+13 -5.94375100e+10  2.51e+03 1.17e-02  1.17e+03  1868s
[2025-08-23 06:19:28] DEBUG    168   2.22636906e+13 -5.93217965e+10  2.49e+03 1.17e-02  1.17e+03  1875s
[2025-08-23 06:19:40] DEBUG    169   2.22558987e+13 -5.92012066e+10  2.48e+03 1.17e-02  1.16e+03  1887s
[2025-08-23 06:19:47] DEBUG    170   2.22505184e+13 -5.90991616e+10  2.47e+03 1.17e-02  1.15e+03  1895s
[2025-08-23 06:19:55] DEBUG    171   2.22395992e+13 -5.90093519e+10  2.45e+03 1.16e-02  1.15e+03  1902s
[2025-08-23 06:20:05] DEBUG    172   2.22300115e+13 -5.88154897e+10  2.43e+03 1.16e-02  1.14e+03  1912s
[2025-08-23 06:20:15] DEBUG    173   2.22098476e+13 -5.86440554e+10  2.40e+03 1.16e-02  1.12e+03  1922s
[2025-08-23 06:20:25] DEBUG    174   2.21976755e+13 -5.84284235e+10  2.38e+03 1.16e-02  1.11e+03  1933s
[2025-08-23 06:20:34] DEBUG    175   2.21910998e+13 -5.82414113e+10  2.37e+03 1.16e-02  1.10e+03  1941s
[2025-08-23 06:20:35] DEBUG    Barrier performed 175 iterations in 1941.64 seconds (551.53 work units)
[2025-08-23 06:20:35] DEBUG    Barrier solve interrupted - model solved by another algorithm
[2025-08-23 06:20:35] DEBUG    Solved with dual simplex
[2025-08-23 06:20:47] DEBUG    Iteration    Objective       Primal Inf.    Dual Inf.      Time
[2025-08-23 06:20:47] DEBUG    833131    1.1645748e+10   0.000000e+00   0.000000e+00   1955s

Solved in 833131 iterations and 1954.65 seconds (804.53 work units)
[2025-08-23 06:20:47] DEBUG    Optimal objective  1.164574771e+10
✅ Scenario completato: new_trasmission_GT+VRES_2030_PHES
🏁 Tutti gli scenari sono stati processati.
