
🚀 Lancio scenario: new_trasmission_VRES_2030_BESS
[2025-08-11 18:54:37] INFO     Loading sets
[2025-08-11 18:54:37] INFO     Loading parameters
[2025-08-11 18:55:28] INFO     constraints are loaded in the following order: ['energy_balance', 'dispatch', 'costs', 'capacity', 'network', 'policy', 'conversion', 'group', 'conversion_plus', 'milp', 'export']
[2025-08-11 18:55:28] INFO     creating energy_balance constraints
[2025-08-11 18:59:51] INFO     creating dispatch constraints
[2025-08-11 19:03:33] INFO     creating costs constraints
[2025-08-11 19:15:47] INFO     creating capacity constraints
[2025-08-11 19:15:47] INFO     creating network constraints
[2025-08-11 19:15:47] INFO     creating policy constraints
[2025-08-11 19:15:47] INFO     creating conversion constraints
[2025-08-11 19:15:47] INFO     creating group constraints
[2025-08-11 19:15:47] INFO     creating conversion_plus constraints
[2025-08-11 19:15:47] INFO     creating milp constraints
[2025-08-11 19:15:47] INFO     creating export constraints
[2025-08-11 19:30:33] DEBUG    Set parameter WLSAccessID
Set parameter WLSSecret
Set parameter LicenseID to value 2680226
[2025-08-11 19:30:33] DEBUG    Academic license 2680226 - for non-commercial use only - registered to an___@mail.polimi.it
[2025-08-11 19:31:15] DEBUG    Read LP format model from file /tmp/tmptsy7db97.pyomo.lp
Reading time = 42.62 seconds
x20974998: 28026871 rows, 20974998 columns, 68586207 nonzeros
[2025-08-11 19:31:15] DEBUG    Set parameter NumericFocus to value 1
Gurobi Optimizer version 12.0.2 build v12.0.2rc0 (linux64 - "Debian GNU/Linux 11 (bullseye)")

CPU model: Intel(R) Xeon(R) Silver 4314 CPU @ 2.40GHz, instruction set [SSE2|AVX|AVX2|AVX512]
Thread count: 32 physical cores, 64 logical processors, using up to 32 threads

Non-default parameters:
NumericFocus  1
[2025-08-11 19:31:15] DEBUG    Academic license 2680226 - for non-commercial use only - registered to an___@mail.polimi.it
Optimize a model with 28026871 rows, 20974998 columns and 68586207 nonzeros
[2025-08-11 19:31:16] DEBUG    Model fingerprint: 0xb7f50fd1
[2025-08-11 19:31:17] DEBUG    Coefficient statistics:
  Matrix range     [1e-07, 3e+02]
  Objective range  [1e+00, 1e+06]
  Bounds range     [0e+00, 0e+00]
  RHS range        [1e+00, 2e+08]
[2025-08-11 19:31:22] DEBUG    Presolve removed 19867692 rows and 11270167 columns (presolve time = 5s)...
[2025-08-11 19:31:27] DEBUG    Presolve removed 20298738 rows and 13276441 columns (presolve time = 10s)...
[2025-08-11 19:31:32] DEBUG    Presolve removed 22622356 rows and 15600000 columns (presolve time = 15s)...
[2025-08-11 19:31:37] DEBUG    Presolve removed 23315802 rows and 16242667 columns (presolve time = 21s)...
[2025-08-11 19:31:49] DEBUG    Presolve removed 23315860 rows and 16496707 columns (presolve time = 32s)...
[2025-08-11 19:31:52] DEBUG    Presolve removed 23316378 rows and 16619347 columns (presolve time = 35s)...
[2025-08-11 19:31:56] DEBUG    Presolve removed 23465281 rows and 16619347 columns
[2025-08-11 19:32:38] DEBUG    Presolve time: 82.14s
Presolved: 4561590 rows, 4504554 columns, 16898457 nonzeros

Concurrent LP optimizer: primal simplex, dual simplex, and barrier
Showing barrier log only...
[2025-08-11 19:33:10] DEBUG    Elapsed ordering time = 29s
[2025-08-11 19:33:11] DEBUG    Elapsed ordering time = 30s
[2025-08-11 19:33:15] DEBUG    Elapsed ordering time = 35s
[2025-08-11 19:33:27] DEBUG    Ordering time: 46.52s
[2025-08-11 19:33:30] DEBUG    Barrier statistics:
 Dense cols : 174
 AA' NZ     : 1.785e+07
 Factor NZ  : 7.163e+07 (roughly 4.0 GB of memory)
 Factor Ops : 7.568e+09 (less than 1 second per iteration)
 Threads    : 30
[2025-08-11 19:33:36] DEBUG    Objective                Residual
[2025-08-11 19:33:36] DEBUG    Iter       Primal          Dual         Primal    Dual     Compl     Time
[2025-08-11 19:33:36] DEBUG    0   4.83195282e+18 -3.64577781e+17  1.76e+08 1.43e-11  2.71e+12   141s
[2025-08-11 19:33:44] DEBUG    1   3.80104740e+18 -3.13692314e+17  1.39e+08 3.27e+04  1.62e+12   148s
[2025-08-11 19:33:52] DEBUG    2   3.31649886e+18 -2.82875078e+17  1.22e+08 1.40e+04  1.24e+12   156s
[2025-08-11 19:34:05] DEBUG    3   2.29030444e+18 -2.63600185e+17  8.82e+07 5.36e+03  8.21e+11   169s
[2025-08-11 19:34:13] DEBUG    4   1.88493306e+18 -2.45974860e+17  7.34e+07 2.08e+03  6.42e+11   177s
[2025-08-11 19:34:19] DEBUG    5   1.43899292e+18 -2.21588725e+17  5.60e+07 9.26e+02  4.76e+11   184s
[2025-08-11 19:34:26] DEBUG    6   1.13117737e+18 -1.97604190e+17  4.40e+07 4.89e+02  3.66e+11   191s
[2025-08-11 19:34:32] DEBUG    7   7.80644633e+17 -1.70371332e+17  3.03e+07 2.63e+02  2.49e+11   196s
[2025-08-11 19:34:40] DEBUG    8   4.84112265e+17 -1.34629574e+17  1.92e+07 9.58e+01  1.49e+11   204s
[2025-08-11 19:34:47] DEBUG    9   4.10714639e+16 -7.57916159e+16  1.63e+06 1.43e+01  1.77e+10   212s
[2025-08-11 19:34:57] DEBUG    10   1.32014655e+15 -2.27919223e+16  5.12e+04 2.06e+00  2.42e+09   221s
[2025-08-11 19:35:03] DEBUG    11   1.20597594e+13 -8.62950281e+14  4.18e+02 6.30e-02  8.30e+07   227s
[2025-08-11 19:35:11] DEBUG    12   1.81967853e+12 -1.82038842e+14  3.81e+00 1.27e-02  1.76e+07   235s
[2025-08-11 19:35:22] DEBUG    13   1.42355907e+12 -3.23416759e+13  1.62e-05 1.74e-03  3.25e+06   247s
[2025-08-11 19:35:30] DEBUG    14   1.01287071e+12 -2.32357320e+13  1.68e-05 1.05e-03  2.32e+06   255s
[2025-08-11 19:35:37] DEBUG    15   8.79093618e+11 -1.55730598e+13  7.76e-06 6.07e-04  1.58e+06   261s
[2025-08-11 19:35:44] DEBUG    16   7.67430920e+11 -1.07381669e+13  7.23e-06 5.67e-04  1.10e+06   269s
[2025-08-11 19:35:51] DEBUG    17   5.93915906e+11 -6.97322561e+12  4.90e-06 2.36e-04  7.22e+05   275s
[2025-08-11 19:36:00] DEBUG    18   4.58935587e+11 -3.85240904e+12  3.43e-06 1.13e-04  4.10e+05   284s
[2025-08-11 19:36:07] DEBUG    19   3.55883623e+11 -2.67536027e+12  2.66e-06 6.93e-05  2.88e+05   291s
[2025-08-11 19:36:16] DEBUG    20   2.07294669e+11 -1.54706119e+12  1.09e-06 2.77e-05  1.67e+05   300s
[2025-08-11 19:36:23] DEBUG    21   1.38915580e+11 -9.42546665e+11  5.81e-07 6.96e-06  1.03e+05   307s
[2025-08-11 19:36:33] DEBUG    22   7.93997830e+10 -3.19876990e+11  1.28e-07 3.49e-10  3.77e+04   318s
[2025-08-11 19:36:47] DEBUG    23   4.96936132e+10 -1.89958492e+11  1.01e-07 3.49e-10  2.25e+04   332s
[2025-08-11 19:36:57] DEBUG    24   3.18420816e+10 -9.85971883e+10  1.02e-07 2.33e-10  1.22e+04   341s
[2025-08-11 19:37:04] DEBUG    25   2.47139523e+10 -4.13444359e+10  1.01e-06 3.49e-10  6.17e+03   348s
[2025-08-11 19:37:08] DEBUG    26   2.21682623e+10 -1.36232454e+10  1.88e-06 2.33e-10  3.34e+03   353s
[2025-08-11 19:37:15] DEBUG    27   2.16831409e+10 -1.13582731e+10  1.72e-06 2.33e-10  3.08e+03   360s
[2025-08-11 19:37:25] DEBUG    28   2.14406755e+10 -9.67566375e+09  1.82e-06 3.49e-10  2.90e+03   369s
[2025-08-11 19:37:34] DEBUG    29   2.04244317e+10 -6.24558560e+09  6.65e-06 3.49e-10  2.49e+03   379s
[2025-08-11 19:37:45] DEBUG    30   1.93693328e+10 -1.18431504e+09  5.70e-06 1.72e-07  1.92e+03   390s
[2025-08-11 19:37:58] DEBUG    31   1.84657704e+10 -6.96461345e+07  7.20e-06 3.49e-10  1.73e+03   403s
[2025-08-11 19:38:10] DEBUG    32   1.74564500e+10  8.32523937e+08  2.10e-05 2.93e-07  1.55e+03   415s
[2025-08-11 19:38:23] DEBUG    33   1.67868703e+10  2.16384731e+09  2.79e-05 2.09e-06  1.36e+03   427s
[2025-08-11 19:38:38] DEBUG    34   1.61863416e+10  4.04915463e+09  2.86e-05 5.74e-06  1.13e+03   443s
[2025-08-11 19:38:49] DEBUG    35   1.55077494e+10  6.48063763e+09  2.96e-05 9.71e-06  8.42e+02   454s
[2025-08-11 19:39:03] DEBUG    36   1.48430416e+10  7.14087985e+09  2.47e-05 7.96e-06  7.18e+02   467s
[2025-08-11 19:39:18] DEBUG    37   1.44591106e+10  7.37114658e+09  2.32e-05 7.49e-06  6.61e+02   483s
[2025-08-11 19:39:37] DEBUG    38   1.38983170e+10  7.87349089e+09  1.91e-05 6.49e-06  5.62e+02   501s
[2025-08-11 19:39:55] DEBUG    39   1.37776799e+10  8.05469394e+09  1.82e-05 6.13e-06  5.33e+02   520s
[2025-08-11 19:40:17] DEBUG    40   1.36199561e+10  8.48699445e+09  1.72e-05 5.02e-06  4.78e+02   541s
[2025-08-11 19:40:39] DEBUG    41   1.35048595e+10  8.75057442e+09  1.66e-05 4.51e-06  4.43e+02   564s
[2025-08-11 19:41:00] DEBUG    42   1.33373379e+10  8.91647703e+09  1.55e-05 4.19e-06  4.12e+02   585s
[2025-08-11 19:41:23] DEBUG    43   1.31731433e+10  9.06456421e+09  1.44e-05 3.90e-06  3.83e+02   607s
[2025-08-11 19:41:42] DEBUG    44   1.30435805e+10  9.18763782e+09  1.35e-05 3.67e-06  3.59e+02   626s
[2025-08-11 19:41:54] DEBUG    45   1.29717108e+10  9.24011917e+09  1.31e-05 3.56e-06  3.48e+02   638s
[2025-08-11 19:42:13] DEBUG    46   1.28622544e+10  9.38874647e+09  1.23e-05 3.26e-06  3.24e+02   657s
[2025-08-11 19:42:31] DEBUG    47   1.27128746e+10  9.48017177e+09  1.14e-05 3.08e-06  3.01e+02   675s
[2025-08-11 19:42:45] DEBUG    48   1.26932768e+10  9.50919455e+09  1.13e-05 3.02e-06  2.97e+02   690s
[2025-08-11 19:43:03] DEBUG    49   1.26572197e+10  9.56535655e+09  1.11e-05 2.90e-06  2.88e+02   707s
[2025-08-11 19:43:16] DEBUG    50   1.26256249e+10  9.59023305e+09  1.09e-05 2.85e-06  2.83e+02   721s
[2025-08-11 19:43:35] DEBUG    51   1.25913346e+10  9.62004362e+09  1.06e-05 2.79e-06  2.77e+02   739s
[2025-08-11 19:43:58] DEBUG    52   1.23888080e+10  9.79085595e+09  9.40e-06 2.45e-06  2.42e+02   762s
[2025-08-11 19:44:19] DEBUG    53   1.22225628e+10  9.94390993e+09  8.40e-06 2.14e-06  2.12e+02   784s
[2025-08-11 19:44:40] DEBUG    54   1.21100251e+10  1.01401847e+10  7.72e-06 1.73e-06  1.84e+02   805s
[2025-08-11 19:45:03] DEBUG    55   1.19403960e+10  1.02174531e+10  6.68e-06 1.57e-06  1.61e+02   828s
[2025-08-11 19:45:21] DEBUG    56   1.19150983e+10  1.03000549e+10  6.51e-06 1.40e-06  1.51e+02   845s
[2025-08-11 19:45:41] DEBUG    57   1.17458248e+10  1.03725701e+10  5.46e-06 1.24e-06  1.28e+02   865s
[2025-08-11 19:45:59] DEBUG    58   1.17205967e+10  1.04029540e+10  5.28e-06 1.17e-06  1.23e+02   883s
[2025-08-11 19:46:20] DEBUG    59   1.16688345e+10  1.04806774e+10  4.97e-06 1.01e-06  1.11e+02   905s
[2025-08-11 19:46:32] DEBUG    60   1.16432625e+10  1.05432714e+10  4.79e-06 8.64e-07  1.03e+02   916s
[2025-08-11 19:46:48] DEBUG    61   1.15597479e+10  1.05694865e+10  4.26e-06 8.06e-07  9.23e+01   933s
[2025-08-11 19:47:09] DEBUG    62   1.14947975e+10  1.06716844e+10  3.98e-06 5.80e-07  7.67e+01   953s
[2025-08-11 19:47:33] DEBUG    63   1.14504592e+10  1.07151417e+10  3.67e-06 4.82e-07  6.85e+01   978s
[2025-08-11 19:47:55] DEBUG    64   1.14151501e+10  1.07320127e+10  3.49e-06 4.44e-07  6.37e+01  1000s
[2025-08-11 19:48:22] DEBUG    65   1.13869489e+10  1.07570542e+10  3.30e-06 3.87e-07  5.87e+01  1026s
[2025-08-11 19:48:49] DEBUG    66   1.13387597e+10  1.07897143e+10  2.98e-06 3.11e-07  5.12e+01  1054s
[2025-08-11 19:49:14] DEBUG    67   1.12949513e+10  1.08194954e+10  2.66e-06 2.44e-07  4.43e+01  1079s
[2025-08-11 19:49:40] DEBUG    68   1.12448417e+10  1.08606200e+10  2.34e-06 3.01e-07  3.58e+01  1105s
[2025-08-11 19:50:10] DEBUG    69   1.11931969e+10  1.08745787e+10  2.00e-06 3.34e-07  2.97e+01  1134s
[2025-08-11 19:50:43] DEBUG    70   1.11813521e+10  1.08809418e+10  1.91e-06 3.53e-07  2.80e+01  1168s
[2025-08-11 19:51:17] DEBUG    71   1.11681923e+10  1.08855996e+10  1.82e-06 3.52e-07  2.63e+01  1202s
[2025-08-11 19:51:39] DEBUG    72   1.11549430e+10  1.08865196e+10  1.72e-06 3.52e-07  2.50e+01  1223s
[2025-08-11 19:52:17] DEBUG    73   1.11286205e+10  1.08889536e+10  1.53e-06 3.50e-07  2.23e+01  1261s
[2025-08-11 19:52:48] DEBUG    74   1.11230524e+10  1.08965012e+10  1.49e-06 3.39e-07  2.11e+01  1293s
[2025-08-11 19:53:16] DEBUG    75   1.10828312e+10  1.09036330e+10  1.19e-06 3.29e-07  1.67e+01  1321s
[2025-08-11 19:53:47] DEBUG    76   1.10811270e+10  1.09038300e+10  1.17e-06 3.28e-07  1.65e+01  1352s
[2025-08-11 19:54:25] DEBUG    77   1.10683943e+10  1.09057003e+10  1.09e-06 3.19e-07  1.52e+01  1389s
[2025-08-11 19:54:56] DEBUG    78   1.10593805e+10  1.09069003e+10  1.02e-06 3.12e-07  1.42e+01  1421s
[2025-08-11 19:55:19] DEBUG    79   1.10539738e+10  1.09104649e+10  9.77e-07 2.84e-07  1.34e+01  1443s
[2025-08-11 19:55:53] DEBUG    80   1.10475718e+10  1.09106777e+10  9.29e-07 2.82e-07  1.28e+01  1478s
[2025-08-11 19:56:22] DEBUG    81   1.10342743e+10  1.09131447e+10  8.34e-07 2.62e-07  1.13e+01  1507s
[2025-08-11 19:56:52] DEBUG    82   1.10228769e+10  1.09143841e+10  7.51e-07 2.51e-07  1.01e+01  1537s
[2025-08-11 19:57:28] DEBUG    83   1.10219982e+10  1.09146337e+10  7.45e-07 2.46e-07  1.00e+01  1573s
[2025-08-11 19:58:08] DEBUG    84   1.10011856e+10  1.09158833e+10  5.90e-07 2.33e-07  7.95e+00  1613s
[2025-08-11 19:58:41] DEBUG    85   1.09988450e+10  1.09172438e+10  5.67e-07 2.19e-07  7.60e+00  1645s
[2025-08-11 19:59:16] DEBUG    86   1.09921056e+10  1.09181551e+10  5.11e-07 2.02e-07  6.89e+00  1680s
[2025-08-11 19:59:42] DEBUG    87   1.09872643e+10  1.09194969e+10  4.76e-07 1.77e-07  6.31e+00  1706s
[2025-08-11 20:00:18] DEBUG    88   1.09785801e+10  1.09205463e+10  4.07e-07 1.59e-07  5.41e+00  1743s
[2025-08-11 20:00:54] DEBUG    89   1.09777245e+10  1.09219884e+10  4.00e-07 1.34e-07  5.19e+00  1779s
[2025-08-11 20:01:52] DEBUG    90   1.09646168e+10  1.09232284e+10  2.99e-07 1.10e-07  3.86e+00  1836s
[2025-08-11 20:02:30] DEBUG    91   1.09598637e+10  1.09243396e+10  2.55e-07 9.02e-08  3.31e+00  1875s
[2025-08-11 20:03:03] DEBUG    92   1.09594194e+10  1.09246246e+10  2.51e-07 8.66e-08  3.24e+00  1908s
[2025-08-11 20:03:47] DEBUG    93   1.09549538e+10  1.09256012e+10  2.17e-07 7.14e-08  2.74e+00  1952s
[2025-08-11 20:04:35] DEBUG    94   1.09472713e+10  1.09265325e+10  1.52e-07 5.65e-08  1.93e+00  2000s
[2025-08-11 20:05:14] DEBUG    95   1.09460923e+10  1.09274495e+10  1.42e-07 4.27e-08  1.74e+00  2039s
[2025-08-11 20:05:58] DEBUG    96   1.09424259e+10  1.09278097e+10  1.14e-07 3.73e-08  1.36e+00  2083s
[2025-08-11 20:06:36] DEBUG    97   1.09393098e+10  1.09285144e+10  8.75e-08 2.67e-08  1.01e+00  2121s
[2025-08-11 20:07:10] DEBUG    98   1.09377760e+10  1.09289190e+10  7.08e-08 2.06e-08  8.25e-01  2154s
[2025-08-11 20:07:57] DEBUG    99   1.09368914e+10  1.09289533e+10  6.24e-08 1.97e-08  7.40e-01  2202s
[2025-08-11 20:08:32] DEBUG    100   1.09366447e+10  1.09291156e+10  5.96e-08 1.72e-08  7.02e-01  2237s
[2025-08-11 20:09:14] DEBUG    101   1.09346708e+10  1.09292845e+10  4.38e-08 1.45e-08  5.02e-01  2278s
[2025-08-11 20:09:50] DEBUG    102   1.09346347e+10  1.09293588e+10  5.22e-08 1.34e-08  4.92e-01  2315s
[2025-08-11 20:10:29] DEBUG    103   1.09342069e+10  1.09294784e+10  4.19e-08 1.15e-08  4.41e-01  2353s
[2025-08-11 20:11:12] DEBUG    104   1.09329518e+10  1.09296319e+10  2.98e-08 9.15e-09  3.09e-01  2396s
[2025-08-11 20:11:53] DEBUG    105   1.09325102e+10  1.09297927e+10  2.98e-08 6.63e-09  2.53e-01  2438s
[2025-08-11 20:12:30] DEBUG    106   1.09321073e+10  1.09298063e+10  3.35e-08 6.42e-09  2.14e-01  2475s
[2025-08-11 20:13:06] DEBUG    107   1.09317781e+10  1.09299337e+10  3.73e-08 4.72e-09  1.72e-01  2511s
[2025-08-11 20:13:50] DEBUG    108   1.09314435e+10  1.09299549e+10  3.73e-08 4.49e-09  1.39e-01  2554s
[2025-08-11 20:14:27] DEBUG    109   1.09312520e+10  1.09299822e+10  2.98e-08 4.56e-09  1.18e-01  2591s
[2025-08-11 20:14:56] DEBUG    110   1.09311970e+10  1.09300048e+10  2.98e-08 4.83e-09  1.11e-01  2620s
[2025-08-11 20:15:31] DEBUG    111   1.09309992e+10  1.09300246e+10  2.61e-08 5.37e-09  9.08e-02  2655s
[2025-08-11 20:16:00] DEBUG    112   1.09308395e+10  1.09300419e+10  4.47e-08 5.88e-09  7.43e-02  2684s
[2025-08-11 20:16:25] DEBUG    113   1.09306960e+10  1.09300558e+10  3.35e-08 6.18e-09  5.97e-02  2710s
[2025-08-11 20:17:04] DEBUG    114   1.09306301e+10  1.09300712e+10  2.98e-08 6.36e-09  5.21e-02  2749s
[2025-08-11 20:17:43] DEBUG    115   1.09305654e+10  1.09300835e+10  3.73e-08 6.39e-09  4.49e-02  2787s
[2025-08-11 20:18:20] DEBUG    116   1.09305164e+10  1.09300940e+10  3.35e-08 6.46e-09  3.94e-02  2825s
[2025-08-11 20:18:58] DEBUG    117   1.09304762e+10  1.09301103e+10  3.73e-08 6.77e-09  3.41e-02  2862s
[2025-08-11 20:19:30] DEBUG    118   1.09304370e+10  1.09301190e+10  4.10e-08 6.84e-09  2.96e-02  2894s
[2025-08-11 20:20:07] DEBUG    119   1.09303969e+10  1.09301320e+10  3.73e-08 6.77e-09  2.47e-02  2932s
[2025-08-11 20:20:40] DEBUG    120   1.09303755e+10  1.09301367e+10  4.10e-08 6.68e-09  2.22e-02  2964s
[2025-08-11 20:21:08] DEBUG    121   1.09303672e+10  1.09301388e+10  2.61e-08 6.64e-09  2.13e-02  2993s
[2025-08-11 20:21:36] DEBUG    122   1.09303571e+10  1.09301423e+10  4.47e-08 6.57e-09  2.00e-02  3020s
[2025-08-11 20:22:21] DEBUG    123   1.09303475e+10  1.09301483e+10  2.98e-08 6.41e-09  1.86e-02  3065s
[2025-08-11 20:22:57] DEBUG    124   1.09303044e+10  1.09301608e+10  3.35e-08 5.98e-09  1.34e-02  3101s
[2025-08-11 20:23:50] DEBUG    125   1.09302761e+10  1.09301662e+10  3.35e-08 5.60e-09  1.02e-02  3155s
[2025-08-11 20:24:37] DEBUG    126   1.09302593e+10  1.09301720e+10  4.10e-08 5.15e-09  8.13e-03  3202s
[2025-08-11 20:25:20] DEBUG    127   1.09302497e+10  1.09301818e+10  3.35e-08 4.36e-09  6.32e-03  3244s
[2025-08-11 20:25:39] DEBUG    128   1.09302404e+10  1.09301896e+10  3.35e-08 3.67e-09  4.73e-03  3264s
[2025-08-11 20:26:09] DEBUG    129   1.09302330e+10  1.09301981e+10  2.61e-08 3.12e-09  3.25e-03  3294s
[2025-08-11 20:26:57] DEBUG    130   1.09302279e+10  1.09302001e+10  3.35e-08 2.95e-09  2.59e-03  3341s
[2025-08-11 20:27:17] DEBUG    131   1.09302274e+10  1.09302032e+10  3.35e-08 2.56e-09  2.26e-03  3361s
[2025-08-11 20:27:37] DEBUG    132   1.09302257e+10  1.09302090e+10  4.84e-08 1.81e-09  1.56e-03  3382s
[2025-08-11 20:28:13] DEBUG    133   1.09302242e+10  1.09302101e+10  5.22e-08 1.68e-09  1.32e-03  3417s
[2025-08-11 20:28:34] DEBUG    134   1.09302236e+10  1.09302111e+10  4.47e-08 1.54e-09  1.17e-03  3439s
[2025-08-11 20:29:16] DEBUG    135   1.09302230e+10  1.09302119e+10  4.47e-08 1.42e-09  1.03e-03  3481s
[2025-08-11 20:29:49] DEBUG    136   1.09302226e+10  1.09302143e+10  2.98e-08 1.37e-09  7.73e-04  3513s
[2025-08-11 20:30:08] DEBUG    137   1.09302223e+10  1.09302170e+10  5.22e-08 8.96e-10  5.00e-04  3532s
[2025-08-11 20:30:29] DEBUG    138   1.09302223e+10  1.09302192e+10  4.10e-08 1.20e-09  2.84e-04  3553s
[2025-08-11 20:30:59] DEBUG    139   1.09302223e+10  1.09302198e+10  3.35e-08 1.22e-09  2.32e-04  3584s
[2025-08-11 20:31:29] DEBUG    140   1.09302221e+10  1.09302198e+10  4.10e-08 1.29e-09  2.15e-04  3614s
[2025-08-11 20:31:38] DEBUG    141   1.09302221e+10  1.09302217e+10  3.73e-08 5.61e-09  4.06e-05  3623s
[2025-08-11 20:31:45] DEBUG    142   1.09302220e+10  1.09302218e+10  3.73e-08 1.12e-08  2.36e-05  3629s
[2025-08-11 20:31:55] DEBUG    143   1.09302220e+10  1.09302219e+10  4.84e-08 5.43e-09  1.21e-05  3639s
[2025-08-11 20:32:03] DEBUG    144   1.09302220e+10  1.09302220e+10  5.59e-08 1.01e-09  2.31e-06  3648s
[2025-08-11 20:32:10] DEBUG    145   1.09302220e+10  1.09302220e+10  4.47e-08 2.53e-08  6.34e-07  3655s
[2025-08-11 20:32:17] DEBUG    146   1.09302220e+10  1.09302220e+10  5.22e-08 1.79e-08  8.36e-09  3661s
[2025-08-11 20:32:17] DEBUG    Barrier solved model in 146 iterations and 3661.14 seconds (843.59 work units)
[2025-08-11 20:32:17] DEBUG    Optimal objective 1.09302220e+10
[2025-08-11 20:32:18] DEBUG    Crossover log...
[2025-08-11 20:32:19] DEBUG    540818 DPushes remaining with DInf 0.0000000e+00              3663s
[2025-08-11 20:32:21] DEBUG    257020 DPushes remaining with DInf 0.0000000e+00              3665s
[2025-08-11 20:32:26] DEBUG    213715 DPushes remaining with DInf 0.0000000e+00              3671s
[2025-08-11 20:32:31] DEBUG    206246 DPushes remaining with DInf 0.0000000e+00              3676s
[2025-08-11 20:32:36] DEBUG    198737 DPushes remaining with DInf 0.0000000e+00              3681s
[2025-08-11 20:32:42] DEBUG    193572 DPushes remaining with DInf 0.0000000e+00              3686s
[2025-08-11 20:32:46] DEBUG    188668 DPushes remaining with DInf 0.0000000e+00              3690s
[2025-08-11 20:32:51] DEBUG    183751 DPushes remaining with DInf 0.0000000e+00              3696s
[2025-08-11 20:32:55] DEBUG    175815 DPushes remaining with DInf 0.0000000e+00              3700s
[2025-08-11 20:33:01] DEBUG    160774 DPushes remaining with DInf 0.0000000e+00              3705s
[2025-08-11 20:33:06] DEBUG    153528 DPushes remaining with DInf 0.0000000e+00              3710s
[2025-08-11 20:33:11] DEBUG    148263 DPushes remaining with DInf 0.0000000e+00              3715s
[2025-08-11 20:33:16] DEBUG    141610 DPushes remaining with DInf 0.0000000e+00              3721s
[2025-08-11 20:33:21] DEBUG    136068 DPushes remaining with DInf 0.0000000e+00              3726s
[2025-08-11 20:33:26] DEBUG    129493 DPushes remaining with DInf 0.0000000e+00              3731s
[2025-08-11 20:33:32] DEBUG    122005 DPushes remaining with DInf 0.0000000e+00              3736s
[2025-08-11 20:33:36] DEBUG    115904 DPushes remaining with DInf 0.0000000e+00              3741s
[2025-08-11 20:33:41] DEBUG    108222 DPushes remaining with DInf 0.0000000e+00              3746s
[2025-08-11 20:33:46] DEBUG    102884 DPushes remaining with DInf 0.0000000e+00              3750s
[2025-08-11 20:33:51] DEBUG    96358 DPushes remaining with DInf 0.0000000e+00              3755s
[2025-08-11 20:33:57] DEBUG    90086 DPushes remaining with DInf 0.0000000e+00              3761s
[2025-08-11 20:34:01] DEBUG    85119 DPushes remaining with DInf 0.0000000e+00              3766s
[2025-08-11 20:34:06] DEBUG    81720 DPushes remaining with DInf 0.0000000e+00              3770s
[2025-08-11 20:34:11] DEBUG    75907 DPushes remaining with DInf 0.0000000e+00              3775s
[2025-08-11 20:34:16] DEBUG    68612 DPushes remaining with DInf 0.0000000e+00              3781s
[2025-08-11 20:34:21] DEBUG    64096 DPushes remaining with DInf 0.0000000e+00              3786s
[2025-08-11 20:34:26] DEBUG    60985 DPushes remaining with DInf 0.0000000e+00              3791s
[2025-08-11 20:34:32] DEBUG    57626 DPushes remaining with DInf 0.0000000e+00              3796s
[2025-08-11 20:34:37] DEBUG    54121 DPushes remaining with DInf 0.0000000e+00              3802s
[2025-08-11 20:34:41] DEBUG    51927 DPushes remaining with DInf 0.0000000e+00              3806s
[2025-08-11 20:34:47] DEBUG    48140 DPushes remaining with DInf 0.0000000e+00              3812s
[2025-08-11 20:34:51] DEBUG    45653 DPushes remaining with DInf 0.0000000e+00              3815s
[2025-08-11 20:34:57] DEBUG    39874 DPushes remaining with DInf 0.0000000e+00              3822s
[2025-08-11 20:35:02] DEBUG    36052 DPushes remaining with DInf 0.0000000e+00              3827s
[2025-08-11 20:35:07] DEBUG    32005 DPushes remaining with DInf 0.0000000e+00              3831s
[2025-08-11 20:35:11] DEBUG    27217 DPushes remaining with DInf 0.0000000e+00              3836s
[2025-08-11 20:35:16] DEBUG    24027 DPushes remaining with DInf 0.0000000e+00              3840s
[2025-08-11 20:35:21] DEBUG    20855 DPushes remaining with DInf 0.0000000e+00              3846s
[2025-08-11 20:35:26] DEBUG    17682 DPushes remaining with DInf 0.0000000e+00              3851s
[2025-08-11 20:35:31] DEBUG    12923 DPushes remaining with DInf 0.0000000e+00              3856s
[2025-08-11 20:35:36] DEBUG    8523 DPushes remaining with DInf 0.0000000e+00              3861s
[2025-08-11 20:35:41] DEBUG    5544 DPushes remaining with DInf 0.0000000e+00              3866s
[2025-08-11 20:35:46] DEBUG    1572 DPushes remaining with DInf 0.0000000e+00              3870s
[2025-08-11 20:35:48] DEBUG    0 DPushes remaining with DInf 0.0000000e+00              3872s
[2025-08-11 20:35:48] DEBUG    2353984 PPushes remaining with PInf 2.9479151e-02              3873s
[2025-08-11 20:35:52] DEBUG    348426 PPushes remaining with PInf 2.0634534e-01              3876s
[2025-08-11 20:35:56] DEBUG    37804 PPushes remaining with PInf 2.7797552e-01              3880s
[2025-08-11 20:36:00] DEBUG    0 PPushes remaining with PInf 0.0000000e+00              3884s
[2025-08-11 20:36:00] DEBUG    Push phase complete: Pinf 0.0000000e+00, Dinf 3.2622780e-01   3885s
[2025-08-11 20:36:01] DEBUG    Iteration    Objective       Primal Inf.    Dual Inf.      Time
 2791626    1.0930222e+10   0.000000e+00   3.262278e-01   3886s
[2025-08-11 20:36:05] DEBUG    Solved with barrier
[2025-08-11 20:36:21] DEBUG    2797319    1.0930222e+10   0.000000e+00   0.000000e+00   3906s
[2025-08-11 20:36:21] DEBUG    Solved in 2797319 iterations and 3905.78 seconds (1058.61 work units)
[2025-08-11 20:36:21] DEBUG    Optimal objective  1.093022201e+10
✅ Scenario completato: new_trasmission_VRES_2030_BESS

🚀 Lancio scenario: new_trasmission_VRES_2030_PHES
[2025-08-11 20:44:54] INFO     Loading sets
[2025-08-11 20:44:54] INFO     Loading parameters
[2025-08-11 20:45:32] INFO     constraints are loaded in the following order: ['energy_balance', 'dispatch', 'costs', 'capacity', 'network', 'policy', 'conversion', 'group', 'conversion_plus', 'milp', 'export']
[2025-08-11 20:45:32] INFO     creating energy_balance constraints
[2025-08-11 20:50:51] INFO     creating dispatch constraints
[2025-08-11 20:55:15] INFO     creating costs constraints
[2025-08-11 21:07:44] INFO     creating capacity constraints
[2025-08-11 21:07:44] INFO     creating network constraints
[2025-08-11 21:07:44] INFO     creating policy constraints
[2025-08-11 21:07:44] INFO     creating conversion constraints
[2025-08-11 21:07:44] INFO     creating group constraints
[2025-08-11 21:07:44] INFO     creating conversion_plus constraints
[2025-08-11 21:07:44] INFO     creating milp constraints
[2025-08-11 21:07:44] INFO     creating export constraints
[2025-08-11 21:22:27] DEBUG    Set parameter WLSAccessID
Set parameter WLSSecret
Set parameter LicenseID to value 2680226
[2025-08-11 21:22:28] DEBUG    Academic license 2680226 - for non-commercial use only - registered to an___@mail.polimi.it
[2025-08-11 21:23:10] DEBUG    Read LP format model from file /tmp/tmpoo8k3100.pyomo.lp
[2025-08-11 21:23:10] DEBUG    Reading time = 42.92 seconds
x20974998: 28026929 rows, 20974998 columns, 68840305 nonzeros
[2025-08-11 21:23:10] DEBUG    Set parameter NumericFocus to value 1
[2025-08-11 21:23:10] DEBUG    Gurobi Optimizer version 12.0.2 build v12.0.2rc0 (linux64 - "Debian GNU/Linux 11 (bullseye)")

CPU model: Intel(R) Xeon(R) Silver 4314 CPU @ 2.40GHz, instruction set [SSE2|AVX|AVX2|AVX512]
Thread count: 32 physical cores, 64 logical processors, using up to 32 threads
[2025-08-11 21:23:10] DEBUG    Non-default parameters:
NumericFocus  1
[2025-08-11 21:23:11] DEBUG    Academic license 2680226 - for non-commercial use only - registered to an___@mail.polimi.it
[2025-08-11 21:23:11] DEBUG    Optimize a model with 28026929 rows, 20974998 columns and 68840305 nonzeros
[2025-08-11 21:23:11] DEBUG    Model fingerprint: 0xaa4b18ea
[2025-08-11 21:23:12] DEBUG    Coefficient statistics:
  Matrix range     [1e-07, 3e+02]
  Objective range  [1e+00, 1e+06]
[2025-08-11 21:23:12] DEBUG    Bounds range     [0e+00, 0e+00]
  RHS range        [1e+00, 6e+09]
Warning: Model contains large rhs
[2025-08-11 21:23:17] DEBUG    Presolve removed 19867750 rows and 11270170 columns (presolve time = 5s)...
[2025-08-11 21:23:22] DEBUG    Presolve removed 20430202 rows and 13355287 columns (presolve time = 10s)...
[2025-08-11 21:23:27] DEBUG    Presolve removed 23085000 rows and 16010000 columns (presolve time = 15s)...
[2025-08-11 21:23:32] DEBUG    Presolve removed 23421061 rows and 16300483 columns (presolve time = 20s)...
[2025-08-11 21:23:43] DEBUG    Presolve removed 23421113 rows and 16554523 columns (presolve time = 32s)...
[2025-08-11 21:23:47] DEBUG    Presolve removed 23421631 rows and 16677163 columns (presolve time = 35s)...
[2025-08-11 21:23:51] DEBUG    Presolve removed 23570534 rows and 16677163 columns
[2025-08-11 21:24:31] DEBUG    Presolve time: 80.62s
Presolved: 4456395 rows, 4446738 columns, 16456607 nonzeros

Concurrent LP optimizer: primal simplex, dual simplex, and barrier
Showing barrier log only...
[2025-08-11 21:25:00] DEBUG    Elapsed ordering time = 25s
[2025-08-11 21:25:04] DEBUG    Elapsed ordering time = 30s
[2025-08-11 21:25:11] DEBUG    Ordering time: 37.00s
[2025-08-11 21:25:14] DEBUG    Barrier statistics:
 Dense cols : 171
[2025-08-11 21:25:14] DEBUG    AA' NZ     : 1.713e+07
 Factor NZ  : 6.864e+07 (roughly 4.0 GB of memory)
 Factor Ops : 7.020e+09 (less than 1 second per iteration)
 Threads    : 30
[2025-08-11 21:25:21] DEBUG    Objective                Residual
Iter       Primal          Dual         Primal    Dual     Compl     Time
[2025-08-11 21:25:21] DEBUG    0   4.21577221e+18 -3.49612286e+17  1.45e+08 1.43e-11  2.30e+12   131s
[2025-08-11 21:25:28] DEBUG    1   3.34444945e+18 -2.99218704e+17  1.16e+08 3.82e+04  1.42e+12   138s
[2025-08-11 21:25:37] DEBUG    2   2.94081956e+18 -2.61752477e+17  1.02e+08 1.63e+04  1.09e+12   146s
[2025-08-11 21:25:49] DEBUG    3   1.97795740e+18 -2.38413958e+17  7.18e+07 5.73e+03  7.01e+11   158s
[2025-08-11 21:25:58] DEBUG    4   1.53716645e+18 -2.19508145e+17  5.61e+07 2.32e+03  5.19e+11   168s
[2025-08-11 21:26:05] DEBUG    5   1.29680464e+18 -1.98732733e+17  4.73e+07 1.13e+03  4.23e+11   174s
[2025-08-11 21:26:09] DEBUG    6   9.13688484e+17 -1.71559404e+17  3.33e+07 5.42e+02  2.91e+11   179s
[2025-08-11 21:26:16] DEBUG    7   6.89767609e+17 -1.47747376e+17  2.51e+07 2.97e+02  2.15e+11   185s
[2025-08-11 21:26:25] DEBUG    8   5.12021123e+17 -1.19949581e+17  1.86e+07 1.26e+02  1.54e+11   195s
[2025-08-11 21:26:33] DEBUG    9   3.68284396e+17 -9.96446861e+16  1.34e+07 7.58e+01  1.09e+11   202s
[2025-08-11 21:26:42] DEBUG    10   1.58036961e+17 -6.98258178e+16  5.86e+06 2.47e+01  4.64e+10   211s
[2025-08-11 21:26:48] DEBUG    11   9.40698067e+15 -3.58081104e+16  3.47e+05 3.99e+00  5.53e+09   218s
[2025-08-11 21:26:56] DEBUG    12   2.22580181e+14 -4.33992823e+15  7.84e+03 2.46e-01  4.45e+08   226s
[2025-08-11 21:27:07] DEBUG    13   2.60708063e+12 -4.07379158e+14  3.54e+01 2.16e-02  3.93e+07   237s
[2025-08-11 21:27:16] DEBUG    14   1.54779496e+12 -2.24317563e+14  1.57e+00 1.17e-02  2.18e+07   246s
[2025-08-11 21:27:23] DEBUG    15   1.36121538e+12 -1.47025166e+14  6.40e-01 7.53e-03  1.43e+07   252s
[2025-08-11 21:27:30] DEBUG    16   1.19578579e+12 -6.14990740e+13  2.53e-05 2.99e-03  6.08e+06   260s
[2025-08-11 21:27:37] DEBUG    17   1.10743365e+12 -4.46830734e+13  9.86e-06 2.07e-03  4.47e+06   267s
[2025-08-11 21:27:46] DEBUG    18   9.10005355e+11 -2.32858781e+13  4.02e-06 8.19e-04  2.37e+06   275s
[2025-08-11 21:27:53] DEBUG    19   7.45955416e+11 -1.42030930e+13  4.06e-06 4.35e-04  1.46e+06   283s
[2025-08-11 21:28:01] DEBUG    20   5.33286002e+11 -8.03934564e+12  4.06e-06 2.28e-04  8.37e+05   291s
[2025-08-11 21:28:09] DEBUG    21   4.38450520e+11 -5.02960397e+12  3.66e-06 1.37e-04  5.32e+05   298s
[2025-08-11 21:28:18] DEBUG    22   3.22740965e+11 -2.76006132e+12  1.79e-06 6.55e-05  3.00e+05   307s
[2025-08-11 21:28:27] DEBUG    23   1.69277693e+11 -1.07486917e+12  5.42e-07 1.37e-05  1.20e+05   316s
[2025-08-11 21:28:41] DEBUG    24   9.40455236e+10 -3.51644352e+11  1.21e-07 4.66e-10  4.27e+04   330s
[2025-08-11 21:28:54] DEBUG    25   5.85941311e+10 -2.40925394e+11  5.01e-08 3.49e-10  2.85e+04   344s
[2025-08-11 21:29:08] DEBUG    26   3.99577340e+10 -1.18183234e+11  4.10e-08 3.49e-10  1.50e+04   357s
[2025-08-11 21:29:27] DEBUG    27   2.43438596e+10 -4.91441354e+10  1.59e-07 2.33e-10  6.96e+03   376s
[2025-08-11 21:29:43] DEBUG    28   2.09425270e+10 -9.47765483e+09  9.53e-07 3.49e-10  2.88e+03   393s
[2025-08-11 21:29:57] DEBUG    29   2.04742377e+10 -7.90953367e+09  8.96e-07 3.49e-10  2.69e+03   406s
[2025-08-11 21:30:07] DEBUG    30   2.00829910e+10 -7.23600799e+09  8.47e-07 3.49e-10  2.59e+03   417s
[2025-08-11 21:30:19] DEBUG    31   1.93269818e+10 -4.42578806e+09  7.45e-07 3.49e-10  2.25e+03   429s
[2025-08-11 21:30:34] DEBUG    32   1.88453157e+10 -3.02343900e+09  6.99e-07 3.49e-10  2.07e+03   443s
[2025-08-11 21:30:52] DEBUG    33   1.82356749e+10 -1.84781083e+09  2.01e-06 3.49e-10  1.90e+03   461s
[2025-08-11 21:31:08] DEBUG    34   1.72135267e+10  8.66204824e+08  1.64e-06 3.49e-10  1.55e+03   477s
[2025-08-11 21:31:25] DEBUG    35   1.67254003e+10  2.14599255e+09  1.44e-06 3.49e-10  1.38e+03   495s
[2025-08-11 21:31:41] DEBUG    36   1.61900716e+10  2.84956427e+09  3.85e-06 3.49e-10  1.26e+03   510s
[2025-08-11 21:31:50] DEBUG    37   1.59331520e+10  3.65960779e+09  3.65e-06 1.52e-06  1.16e+03   520s
[2025-08-11 21:32:08] DEBUG    38   1.51671266e+10  5.45446200e+09  2.87e-06 1.61e-06  9.19e+02   537s
[2025-08-11 21:32:25] DEBUG    39   1.48724189e+10  6.09065135e+09  2.66e-06 1.46e-06  8.31e+02   555s
[2025-08-11 21:32:44] DEBUG    40   1.44253511e+10  6.42130521e+09  3.35e-06 1.37e-06  7.57e+02   573s
[2025-08-11 21:33:03] DEBUG    41   1.39202201e+10  6.67816409e+09  2.48e-06 1.30e-06  6.85e+02   593s
[2025-08-11 21:33:23] DEBUG    42   1.37436029e+10  7.29110933e+09  2.28e-06 1.05e-06  6.10e+02   612s
[2025-08-11 21:33:41] DEBUG    43   1.36043430e+10  7.64050535e+09  2.17e-06 9.65e-07  5.64e+02   631s
[2025-08-11 21:33:55] DEBUG    44   1.35347970e+10  7.86827273e+09  2.11e-06 9.03e-07  5.36e+02   645s
[2025-08-11 21:34:16] DEBUG    45   1.33393903e+10  8.01885123e+09  1.94e-06 8.63e-07  5.03e+02   666s
[2025-08-11 21:34:37] DEBUG    46   1.31697419e+10  8.20426072e+09  1.80e-06 8.13e-07  4.70e+02   687s
[2025-08-11 21:34:55] DEBUG    47   1.30976494e+10  8.33205723e+09  1.73e-06 7.77e-07  4.51e+02   705s
[2025-08-11 21:35:13] DEBUG    48   1.29123931e+10  8.48362016e+09  1.59e-06 7.36e-07  4.19e+02   723s
[2025-08-11 21:35:32] DEBUG    49   1.28153506e+10  8.79502983e+09  1.52e-06 6.50e-07  3.80e+02   741s
[2025-08-11 21:35:50] DEBUG    50   1.27670356e+10  8.96761331e+09  1.48e-06 6.00e-07  3.59e+02   759s
[2025-08-11 21:36:03] DEBUG    51   1.26589220e+10  9.06214149e+09  1.38e-06 5.72e-07  3.40e+02   773s
[2025-08-11 21:36:24] DEBUG    52   1.25649300e+10  9.17469846e+09  1.31e-06 5.39e-07  3.21e+02   793s
[2025-08-11 21:36:43] DEBUG    53   1.24467918e+10  9.36317343e+09  1.22e-06 4.86e-07  2.92e+02   812s
[2025-08-11 21:37:02] DEBUG    54   1.22459618e+10  9.64983989e+09  1.05e-06 4.02e-07  2.46e+02   832s
[2025-08-11 21:37:24] DEBUG    55   1.21179292e+10  9.75982830e+09  9.49e-07 3.69e-07  2.23e+02   854s
[2025-08-11 21:37:43] DEBUG    56   1.20105942e+10  1.00180652e+10  8.75e-07 2.92e-07  1.88e+02   873s
[2025-08-11 21:37:59] DEBUG    57   1.19746552e+10  1.01464709e+10  8.41e-07 2.52e-07  1.73e+02   889s
[2025-08-11 21:38:18] DEBUG    58   1.18510346e+10  1.03332902e+10  7.47e-07 1.95e-07  1.44e+02   908s
[2025-08-11 21:38:31] DEBUG    59   1.18301372e+10  1.03981967e+10  7.30e-07 1.74e-07  1.35e+02   921s
[2025-08-11 21:38:49] DEBUG    60   1.17073540e+10  1.05147602e+10  6.39e-07 1.36e-07  1.13e+02   939s
[2025-08-11 21:39:04] DEBUG    61   1.16765063e+10  1.05394573e+10  6.40e-07 1.28e-07  1.08e+02   954s
[2025-08-11 21:39:18] DEBUG    62   1.16036629e+10  1.05713311e+10  5.15e-07 1.17e-07  9.76e+01   968s
[2025-08-11 21:39:39] DEBUG    63   1.15812600e+10  1.06301662e+10  4.93e-07 9.82e-08  8.99e+01   989s
[2025-08-11 21:40:09] DEBUG    64   1.14893707e+10  1.06616837e+10  6.24e-07 8.80e-08  7.83e+01  1019s
[2025-08-11 21:40:33] DEBUG    65   1.14397887e+10  1.07250664e+10  5.89e-07 6.76e-08  6.76e+01  1042s
[2025-08-11 21:40:54] DEBUG    66   1.14210641e+10  1.07389666e+10  5.64e-07 6.68e-08  6.45e+01  1063s
[2025-08-11 21:41:19] DEBUG    67   1.13752666e+10  1.07702417e+10  5.25e-07 7.04e-08  5.72e+01  1088s
[2025-08-11 21:41:40] DEBUG    68   1.13344917e+10  1.07876723e+10  4.75e-07 8.02e-08  5.17e+01  1110s
[2025-08-11 21:42:05] DEBUG    69   1.12788713e+10  1.08228405e+10  4.40e-07 1.05e-07  4.31e+01  1135s
[2025-08-11 21:42:35] DEBUG    70   1.12449505e+10  1.08513667e+10  3.74e-07 1.56e-07  3.72e+01  1164s
[2025-08-11 21:42:56] DEBUG    71   1.12176442e+10  1.08621625e+10  3.46e-07 1.92e-07  3.36e+01  1185s
[2025-08-11 21:43:20] DEBUG    72   1.11888753e+10  1.08778023e+10  3.19e-07 2.38e-07  2.94e+01  1209s
[2025-08-11 21:43:49] DEBUG    73   1.11655076e+10  1.08829554e+10  2.89e-07 2.43e-07  2.67e+01  1238s
[2025-08-11 21:44:18] DEBUG    74   1.11376966e+10  1.08894455e+10  2.51e-07 2.47e-07  2.35e+01  1267s
[2025-08-11 21:44:49] DEBUG    75   1.11105519e+10  1.08941342e+10  2.20e-07 2.48e-07  2.05e+01  1298s
[2025-08-11 21:45:29] DEBUG    76   1.10862867e+10  1.08966288e+10  1.96e-07 2.46e-07  1.79e+01  1338s
[2025-08-11 21:45:56] DEBUG    77   1.10779816e+10  1.08980118e+10  1.84e-07 2.42e-07  1.70e+01  1366s
[2025-08-11 21:46:25] DEBUG    78   1.10631289e+10  1.08988603e+10  1.70e-07 2.39e-07  1.55e+01  1395s
[2025-08-11 21:46:57] DEBUG    79   1.10598371e+10  1.09031624e+10  1.69e-07 2.34e-07  1.48e+01  1427s
[2025-08-11 21:47:36] DEBUG    80   1.10455700e+10  1.09050745e+10  1.54e-07 2.26e-07  1.33e+01  1466s
[2025-08-11 21:48:00] DEBUG    81   1.10306649e+10  1.09086652e+10  1.35e-07 2.13e-07  1.15e+01  1490s
[2025-08-11 21:48:38] DEBUG    82   1.10252347e+10  1.09097410e+10  1.30e-07 2.07e-07  1.09e+01  1528s
[2025-08-11 21:49:17] DEBUG    83   1.10132355e+10  1.09109119e+10  1.10e-07 2.00e-07  9.68e+00  1566s
[2025-08-11 21:49:51] DEBUG    84   1.10105495e+10  1.09126983e+10  1.06e-07 1.86e-07  9.25e+00  1600s
[2025-08-11 21:50:27] DEBUG    85   1.10012890e+10  1.09163587e+10  9.87e-08 1.58e-07  8.03e+00  1637s
[2025-08-11 21:50:57] DEBUG    86   1.09843402e+10  1.09181757e+10  7.73e-08 1.36e-07  6.26e+00  1667s
[2025-08-11 21:51:35] DEBUG    87   1.09779745e+10  1.09204422e+10  6.89e-08 1.06e-07  5.44e+00  1704s
[2025-08-11 21:52:19] DEBUG    88   1.09727777e+10  1.09218535e+10  5.87e-08 8.92e-08  4.82e+00  1748s
[2025-08-11 21:53:09] DEBUG    89   1.09705487e+10  1.09219304e+10  5.68e-08 8.81e-08  4.60e+00  1799s
[2025-08-11 21:54:04] DEBUG    90   1.09662173e+10  1.09237557e+10  4.94e-08 6.67e-08  4.02e+00  1853s
[2025-08-11 21:54:54] DEBUG    91   1.09613046e+10  1.09250502e+10  4.19e-08 5.11e-08  3.43e+00  1904s
[2025-08-11 21:55:32] DEBUG    92   1.09573279e+10  1.09257042e+10  3.45e-08 4.44e-08  2.99e+00  1941s
[2025-08-11 21:56:10] DEBUG    93   1.09540890e+10  1.09265605e+10  3.73e-08 3.54e-08  2.60e+00  1979s
[2025-08-11 21:56:45] DEBUG    94   1.09484722e+10  1.09272884e+10  3.73e-08 2.83e-08  2.00e+00  2015s
[2025-08-11 21:57:18] DEBUG    95   1.09456876e+10  1.09279816e+10  2.61e-08 2.15e-08  1.67e+00  2047s
[2025-08-11 21:57:56] DEBUG    96   1.09417367e+10  1.09287800e+10  2.98e-08 1.39e-08  1.23e+00  2085s
[2025-08-11 21:58:40] DEBUG    97   1.09385511e+10  1.09290397e+10  3.35e-08 1.12e-08  8.99e-01  2129s
[2025-08-11 21:59:16] DEBUG    98   1.09375355e+10  1.09292271e+10  3.35e-08 9.48e-09  7.86e-01  2165s
[2025-08-11 21:59:42] DEBUG    99   1.09371354e+10  1.09292832e+10  2.61e-08 8.80e-09  7.43e-01  2191s
[2025-08-11 22:00:16] DEBUG    100   1.09370026e+10  1.09293100e+10  3.35e-08 8.50e-09  7.27e-01  2226s
[2025-08-11 22:01:10] DEBUG    101   1.09356013e+10  1.09294818e+10  3.35e-08 6.89e-09  5.79e-01  2280s
[2025-08-11 22:01:49] DEBUG    102   1.09344003e+10  1.09295986e+10  3.73e-08 6.02e-09  4.54e-01  2319s
[2025-08-11 22:02:33] DEBUG    103   1.09337757e+10  1.09296197e+10  4.10e-08 5.95e-09  3.93e-01  2362s
[2025-08-11 22:03:11] DEBUG    104   1.09330142e+10  1.09298661e+10  4.10e-08 5.21e-09  2.98e-01  2400s
[2025-08-11 22:03:43] DEBUG    105   1.09325295e+10  1.09299056e+10  3.35e-08 4.80e-09  2.48e-01  2433s
[2025-08-11 22:04:21] DEBUG    106   1.09321405e+10  1.09299662e+10  3.35e-08 4.52e-09  2.06e-01  2471s
[2025-08-11 22:04:54] DEBUG    107   1.09316429e+10  1.09299984e+10  3.73e-08 5.33e-09  1.56e-01  2504s
[2025-08-11 22:05:33] DEBUG    108   1.09314142e+10  1.09300297e+10  4.10e-08 6.18e-09  1.31e-01  2542s
[2025-08-11 22:06:07] DEBUG    109   1.09313784e+10  1.09300416e+10  2.61e-08 6.42e-09  1.26e-01  2577s
[2025-08-11 22:06:40] DEBUG    110   1.09310507e+10  1.09300660e+10  2.98e-08 6.82e-09  9.31e-02  2609s
[2025-08-11 22:07:10] DEBUG    111   1.09309065e+10  1.09300851e+10  3.73e-08 6.87e-09  7.77e-02  2639s
[2025-08-11 22:07:45] DEBUG    112   1.09307500e+10  1.09301084e+10  2.98e-08 6.67e-09  6.07e-02  2675s
[2025-08-11 22:08:21] DEBUG    113   1.09306782e+10  1.09301226e+10  3.73e-08 6.35e-09  5.25e-02  2711s
[2025-08-11 22:08:53] DEBUG    114   1.09305400e+10  1.09301325e+10  4.10e-08 6.37e-09  3.85e-02  2743s
[2025-08-11 22:09:24] DEBUG    115   1.09304922e+10  1.09301474e+10  2.98e-08 6.18e-09  3.26e-02  2773s
[2025-08-11 22:09:59] DEBUG    116   1.09303327e+10  1.09301640e+10  3.35e-08 5.91e-09  1.60e-02  2808s
[2025-08-11 22:10:41] DEBUG    117   1.09303096e+10  1.09301718e+10  4.47e-08 5.39e-09  1.30e-02  2850s
[2025-08-11 22:11:20] DEBUG    118   1.09302726e+10  1.09301877e+10  3.35e-08 4.08e-09  8.03e-03  2890s
[2025-08-11 22:11:50] DEBUG    119   1.09302485e+10  1.09301974e+10  4.10e-08 3.10e-09  4.83e-03  2919s
[2025-08-11 22:12:22] DEBUG    120   1.09302408e+10  1.09302005e+10  4.10e-08 2.75e-09  3.81e-03  2951s
[2025-08-11 22:12:41] DEBUG    121   1.09302313e+10  1.09302073e+10  4.10e-08 1.91e-09  2.27e-03  2971s
[2025-08-11 22:12:52] DEBUG    122   1.09302310e+10  1.09302075e+10  3.73e-08 1.88e-09  2.22e-03  2981s
[2025-08-11 22:13:01] DEBUG    123   1.09302297e+10  1.09302083e+10  4.10e-08 1.78e-09  2.03e-03  2991s
[2025-08-11 22:13:11] DEBUG    124   1.09302272e+10  1.09302143e+10  4.10e-08 1.02e-09  1.21e-03  3001s
[2025-08-11 22:13:21] DEBUG    125   1.09302256e+10  1.09302174e+10  3.35e-08 6.18e-10  7.68e-04  3011s
[2025-08-11 22:13:32] DEBUG    126   1.09302251e+10  1.09302179e+10  2.98e-08 5.61e-10  6.85e-04  3022s
[2025-08-11 22:13:42] DEBUG    127   1.09302245e+10  1.09302184e+10  3.73e-08 4.89e-10  5.79e-04  3032s
[2025-08-11 22:13:53] DEBUG    128   1.09302240e+10  1.09302193e+10  4.10e-08 4.72e-10  4.43e-04  3043s
[2025-08-11 22:14:11] DEBUG    129   1.09302236e+10  1.09302194e+10  4.10e-08 5.07e-10  3.99e-04  3060s
[2025-08-11 22:14:32] DEBUG    130   1.09302235e+10  1.09302202e+10  2.98e-08 2.99e-09  3.11e-04  3082s
[2025-08-11 22:14:41] DEBUG    131   1.09302227e+10  1.09302209e+10  4.47e-08 1.73e-09  1.76e-04  3091s
[2025-08-11 22:14:52] DEBUG    132   1.09302222e+10  1.09302213e+10  5.59e-08 1.02e-09  8.33e-05  3102s
[2025-08-11 22:14:59] DEBUG    133   1.09302221e+10  1.09302217e+10  4.84e-08 3.08e-08  3.66e-05  3109s
[2025-08-11 22:15:06] DEBUG    134   1.09302220e+10  1.09302220e+10  5.59e-08 1.04e-08  3.41e-06  3116s
[2025-08-11 22:15:12] DEBUG    135   1.09302220e+10  1.09302220e+10  5.59e-08 1.64e-09  4.67e-08  3122s
[2025-08-11 22:15:20] DEBUG    136   1.09302220e+10  1.09302220e+10  4.47e-08 2.64e-10  6.44e-12  3130s
[2025-08-11 22:15:20] DEBUG    Barrier solved model in 136 iterations and 3129.63 seconds (715.16 work units)
[2025-08-11 22:15:20] DEBUG    Optimal objective 1.09302220e+10
[2025-08-11 22:15:22] DEBUG    Crossover log...
[2025-08-11 22:15:23] DEBUG    501839 DPushes remaining with DInf 0.0000000e+00              3132s
[2025-08-11 22:15:26] DEBUG    45982 DPushes remaining with DInf 3.2312161e-06              3135s
[2025-08-11 22:15:31] DEBUG    2792 DPushes remaining with DInf 0.0000000e+00              3140s
[2025-08-11 22:15:32] DEBUG    0 DPushes remaining with DInf 0.0000000e+00              3141s
[2025-08-11 22:15:32] DEBUG    226613 PPushes remaining with PInf 8.0819073e-05              3142s
[2025-08-11 22:15:35] DEBUG    0 PPushes remaining with PInf 0.0000000e+00              3145s
[2025-08-11 22:15:36] DEBUG    Push phase complete: Pinf 0.0000000e+00, Dinf 8.0866187e-14   3145s
[2025-08-11 22:15:37] DEBUG    Solved with barrier
[2025-08-11 22:15:53] DEBUG    Iteration    Objective       Primal Inf.    Dual Inf.      Time
[2025-08-11 22:15:53] DEBUG    507700    1.0930222e+10   0.000000e+00   0.000000e+00   3163s

Solved in 507700 iterations and 3162.57 seconds (742.53 work units)
[2025-08-11 22:15:53] DEBUG    Optimal objective  1.093022201e+10
✅ Scenario completato: new_trasmission_VRES_2030_PHES

🚀 Lancio scenario: new_trasmission_VRES_2030_nostorage
[2025-08-11 22:27:39] INFO     Loading sets
[2025-08-11 22:27:39] INFO     Loading parameters
[2025-08-11 22:28:16] INFO     constraints are loaded in the following order: ['energy_balance', 'dispatch', 'costs', 'capacity', 'network', 'policy', 'conversion', 'group', 'conversion_plus', 'milp', 'export']
[2025-08-11 22:28:16] INFO     creating energy_balance constraints
[2025-08-11 22:31:35] INFO     creating dispatch constraints
[2025-08-11 22:37:24] INFO     creating costs constraints
[2025-08-11 22:47:10] INFO     creating capacity constraints
[2025-08-11 22:47:11] INFO     creating network constraints
[2025-08-11 22:47:11] INFO     creating policy constraints
[2025-08-11 22:47:11] INFO     creating conversion constraints
[2025-08-11 22:47:11] INFO     creating group constraints
[2025-08-11 22:47:11] INFO     creating conversion_plus constraints
[2025-08-11 22:47:11] INFO     creating milp constraints
[2025-08-11 22:47:11] INFO     creating export constraints
[2025-08-11 23:01:02] DEBUG    Set parameter WLSAccessID
Set parameter WLSSecret
Set parameter LicenseID to value 2680226
[2025-08-11 23:01:02] DEBUG    Academic license 2680226 - for non-commercial use only - registered to an___@mail.polimi.it
[2025-08-11 23:01:42] DEBUG    Read LP format model from file /tmp/tmpoac71uzj.pyomo.lp
[2025-08-11 23:01:42] DEBUG    Reading time = 39.89 seconds
x19704624: 26248417 rows, 19704624 columns, 64013168 nonzeros
[2025-08-11 23:01:42] DEBUG    Set parameter NumericFocus to value 1
[2025-08-11 23:01:42] DEBUG    Gurobi Optimizer version 12.0.2 build v12.0.2rc0 (linux64 - "Debian GNU/Linux 11 (bullseye)")

CPU model: Intel(R) Xeon(R) Silver 4314 CPU @ 2.40GHz, instruction set [SSE2|AVX|AVX2|AVX512]
Thread count: 32 physical cores, 64 logical processors, using up to 32 threads
[2025-08-11 23:01:42] DEBUG    Non-default parameters:
NumericFocus  1
[2025-08-11 23:01:42] DEBUG    Academic license 2680226 - for non-commercial use only - registered to an___@mail.polimi.it
[2025-08-11 23:01:42] DEBUG    Optimize a model with 26248417 rows, 19704624 columns and 64013168 nonzeros
[2025-08-11 23:01:43] DEBUG    Model fingerprint: 0x880c725b
[2025-08-11 23:01:43] DEBUG    Coefficient statistics:
  Matrix range     [1e-07, 3e+02]
[2025-08-11 23:01:43] DEBUG    Objective range  [1e+00, 1e+06]
  Bounds range     [0e+00, 0e+00]
  RHS range        [1e+00, 2e+08]
[2025-08-11 23:01:48] DEBUG    Presolve removed 19790542 rows and 10761971 columns (presolve time = 5s)...
[2025-08-11 23:01:54] DEBUG    Presolve removed 19790601 rows and 12768245 columns (presolve time = 11s)...
[2025-08-11 23:01:59] DEBUG    Presolve removed 22553537 rows and 15531181 columns (presolve time = 16s)...
[2025-08-11 23:02:03] DEBUG    Presolve removed 22553537 rows and 15531181 columns (presolve time = 20s)...
[2025-08-11 23:02:11] DEBUG    Presolve removed 22553537 rows and 15785221 columns (presolve time = 28s)...
[2025-08-11 23:02:14] DEBUG    Presolve removed 22554055 rows and 15907861 columns (presolve time = 31s)...
[2025-08-11 23:02:17] DEBUG    Presolve removed 22702958 rows and 15907861 columns
[2025-08-11 23:02:53] DEBUG    Presolve time: 70.72s
[2025-08-11 23:02:53] DEBUG    Presolved: 3545459 rows, 3945666 columns, 12630759 nonzeros

Concurrent LP optimizer: primal simplex, dual simplex, and barrier
Showing barrier log only...
[2025-08-11 23:02:58] DEBUG    Ordering time: 3.02s
[2025-08-11 23:03:00] DEBUG    Barrier statistics:
 Dense cols : 145
[2025-08-11 23:03:00] DEBUG    AA' NZ     : 1.089e+07
 Factor NZ  : 4.657e+07 (roughly 3.4 GB of memory)
 Factor Ops : 3.138e+09 (less than 1 second per iteration)
 Threads    : 30
[2025-08-11 23:03:05] DEBUG    Objective                Residual
Iter       Primal          Dual         Primal    Dual     Compl     Time
[2025-08-11 23:03:06] DEBUG    0   5.40641671e+18 -3.89907903e+17  1.94e+08 1.43e-11  3.29e+12    84s
[2025-08-11 23:03:13] DEBUG    1   4.29842252e+18 -3.36779341e+17  1.55e+08 2.88e+04  2.01e+12    91s
[2025-08-11 23:03:22] DEBUG    2   3.64381702e+18 -3.09410304e+17  1.33e+08 1.24e+04  1.57e+12   100s
[2025-08-11 23:03:32] DEBUG    3   2.66904945e+18 -2.94266982e+17  1.00e+08 5.39e+03  1.13e+12   110s
[2025-08-11 23:03:41] DEBUG    4   2.07054464e+18 -2.78074567e+17  7.89e+07 2.26e+03  8.57e+11   119s
[2025-08-11 23:03:47] DEBUG    5   1.66472341e+18 -2.57464173e+17  6.34e+07 1.21e+03  6.75e+11   125s
[2025-08-11 23:03:53] DEBUG    6   1.20682706e+18 -2.32169711e+17  4.59e+07 6.63e+02  4.83e+11   131s
[2025-08-11 23:03:59] DEBUG    7   9.85283019e+17 -2.07371549e+17  3.74e+07 3.91e+02  3.87e+11   137s
[2025-08-11 23:04:07] DEBUG    8   1.29432169e+17 -1.60821585e+17  5.19e+06 1.62e+02  6.71e+10   145s
[2025-08-11 23:04:13] DEBUG    9   5.44122681e+15 -5.04030848e+16  2.15e+05 1.59e+01  7.29e+09   151s
[2025-08-11 23:04:21] DEBUG    10   3.27332348e+13 -2.02238995e+15  1.05e+03 1.98e-01  2.28e+08   159s
[2025-08-11 23:04:27] DEBUG    11   8.01795401e+11 -1.34393095e+14  4.56e-06 1.21e-02  1.49e+07   165s
[2025-08-11 23:04:35] DEBUG    12   6.93906924e+11 -6.16981288e+13  3.51e-06 5.91e-03  6.88e+06   173s
[2025-08-11 23:04:45] DEBUG    13   6.87012454e+11 -3.35063136e+13  4.24e-06 2.48e-03  3.80e+06   183s
[2025-08-11 23:04:53] DEBUG    14   6.08816047e+11 -1.98193351e+13  4.60e-06 1.26e-03  2.28e+06   191s
[2025-08-11 23:05:00] DEBUG    15   5.30680301e+11 -1.08085258e+13  2.77e-06 5.64e-04  1.27e+06   198s
[2025-08-11 23:05:06] DEBUG    16   4.62971139e+11 -5.67647602e+12  1.89e-06 3.85e-04  6.86e+05   204s
[2025-08-11 23:05:13] DEBUG    17   3.89369684e+11 -3.27188235e+12  1.15e-06 1.33e-04  4.09e+05   211s
[2025-08-11 23:05:19] DEBUG    18   3.52191995e+11 -2.85315250e+12  9.95e-07 1.11e-04  3.57e+05   217s
[2025-08-11 23:05:26] DEBUG    19   2.61177058e+11 -1.59042333e+12  8.74e-07 4.85e-05  2.06e+05   224s
[2025-08-11 23:05:35] DEBUG    20   1.34986407e+11 -7.17114772e+11  3.51e-07 5.66e-06  9.41e+04   233s
[2025-08-11 23:05:44] DEBUG    21   6.69489588e+10 -3.13572510e+11  6.64e-08 2.09e-09  4.18e+04   242s
[2025-08-11 23:05:53] DEBUG    22   5.42568364e+10 -1.82299615e+11  4.49e-08 1.21e-09  2.59e+04   251s
[2025-08-11 23:06:01] DEBUG    23   3.52419662e+10 -1.47523259e+11  3.73e-08 9.99e-10  2.00e+04   259s
[2025-08-11 23:06:07] DEBUG    24   3.04275506e+10 -8.40754441e+10  1.36e-07 5.99e-10  1.25e+04   265s
[2025-08-11 23:06:15] DEBUG    25   2.27809123e+10 -4.55560438e+10  9.75e-07 3.62e-10  7.44e+03   272s
[2025-08-11 23:06:21] DEBUG    26   2.22871607e+10 -3.87988682e+10  8.20e-07 3.49e-10  6.65e+03   279s
[2025-08-11 23:06:30] DEBUG    27   2.19588469e+10 -3.50727985e+10  7.56e-07 3.49e-10  6.21e+03   287s
[2025-08-11 23:06:39] DEBUG    28   2.12106217e+10 -2.50000245e+10  1.13e-06 2.40e-10  5.03e+03   297s
[2025-08-11 23:06:51] DEBUG    29   1.96489772e+10 -7.52733754e+09  1.60e-06 3.49e-10  2.96e+03   309s
[2025-08-11 23:07:04] DEBUG    30   1.92308985e+10 -6.12902152e+09  3.97e-06 5.65e-07  2.76e+03   322s
[2025-08-11 23:07:16] DEBUG    31   1.85949248e+10 -2.88830172e+09  3.63e-06 4.78e-06  2.34e+03   334s
[2025-08-11 23:07:27] DEBUG    32   1.73579021e+10 -9.09221488e+08  1.20e-05 6.81e-06  1.99e+03   345s
[2025-08-11 23:07:39] DEBUG    33   1.64675064e+10  1.17682359e+09  1.67e-05 7.48e-06  1.66e+03   357s
[2025-08-11 23:07:54] DEBUG    34   1.59800580e+10  1.93474131e+09  1.51e-05 6.99e-06  1.53e+03   372s
[2025-08-11 23:08:07] DEBUG    35   1.55206791e+10  3.44349327e+09  1.86e-05 6.42e-06  1.31e+03   385s
[2025-08-11 23:08:19] DEBUG    36   1.50712499e+10  4.38599791e+09  1.34e-05 5.76e-06  1.16e+03   397s
[2025-08-11 23:08:35] DEBUG    37   1.44341165e+10  5.07896245e+09  1.13e-05 5.21e-06  1.02e+03   413s
[2025-08-11 23:08:48] DEBUG    38   1.43153300e+10  5.33384554e+09  1.09e-05 5.00e-06  9.76e+02   426s
[2025-08-11 23:09:01] DEBUG    39   1.40465354e+10  6.31543220e+09  1.18e-05 4.19e-06  8.40e+02   439s
[2025-08-11 23:09:15] DEBUG    40   1.38144543e+10  6.40152595e+09  1.08e-05 4.11e-06  8.05e+02   453s
[2025-08-11 23:09:33] DEBUG    41   1.36562706e+10  6.92302352e+09  1.02e-05 3.67e-06  7.32e+02   471s
[2025-08-11 23:09:46] DEBUG    42   1.34650761e+10  7.27916165e+09  9.46e-06 3.37e-06  6.72e+02   483s
[2025-08-11 23:10:04] DEBUG    43   1.33598125e+10  7.71514923e+09  9.22e-06 2.99e-06  6.13e+02   501s
[2025-08-11 23:10:16] DEBUG    44   1.32770967e+10  7.89895042e+09  8.88e-06 2.82e-06  5.84e+02   513s
[2025-08-11 23:10:31] DEBUG    45   1.29744244e+10  8.08786220e+09  7.75e-06 2.66e-06  5.31e+02   529s
[2025-08-11 23:10:46] DEBUG    46   1.28808336e+10  8.30690294e+09  7.38e-06 2.47e-06  4.97e+02   544s
[2025-08-11 23:11:02] DEBUG    47   1.28016740e+10  8.46481230e+09  7.05e-06 2.33e-06  4.71e+02   560s
[2025-08-11 23:11:21] DEBUG    48   1.27063116e+10  8.64622860e+09  6.67e-06 2.17e-06  4.41e+02   579s
[2025-08-11 23:11:33] DEBUG    49   1.26947016e+10  8.72551314e+09  6.62e-06 2.10e-06  4.31e+02   590s
[2025-08-11 23:11:44] DEBUG    50   1.26294037e+10  8.83363533e+09  6.37e-06 2.00e-06  4.12e+02   602s
[2025-08-11 23:12:00] DEBUG    51   1.24413166e+10  9.19826897e+09  6.39e-06 1.68e-06  3.52e+02   618s
[2025-08-11 23:12:20] DEBUG    52   1.21793593e+10  9.46516011e+09  5.28e-06 1.43e-06  2.95e+02   638s
[2025-08-11 23:12:33] DEBUG    53   1.21725253e+10  9.56669300e+09  5.25e-06 1.33e-06  2.83e+02   651s
[2025-08-11 23:12:50] DEBUG    54   1.20417021e+10  9.77029770e+09  4.65e-06 1.15e-06  2.47e+02   668s
[2025-08-11 23:13:09] DEBUG    55   1.20327350e+10  9.84719166e+09  4.61e-06 1.08e-06  2.37e+02   687s
[2025-08-11 23:13:26] DEBUG    56   1.19184938e+10  9.97903683e+09  4.19e-06 9.50e-07  2.11e+02   704s
[2025-08-11 23:13:42] DEBUG    57   1.17914116e+10  1.01819210e+10  3.65e-06 7.59e-07  1.75e+02   720s
[2025-08-11 23:14:02] DEBUG    58   1.17379367e+10  1.02448231e+10  3.45e-06 6.96e-07  1.62e+02   740s
[2025-08-11 23:14:20] DEBUG    59   1.16686765e+10  1.03478502e+10  3.14e-06 5.95e-07  1.43e+02   757s
[2025-08-11 23:14:38] DEBUG    60   1.16185634e+10  1.03993198e+10  2.97e-06 5.45e-07  1.32e+02   776s
[2025-08-11 23:14:58] DEBUG    61   1.15382549e+10  1.04864759e+10  2.66e-06 4.56e-07  1.14e+02   796s
[2025-08-11 23:15:19] DEBUG    62   1.15202243e+10  1.05359853e+10  2.58e-06 4.07e-07  1.07e+02   817s
[2025-08-11 23:15:31] DEBUG    63   1.15067271e+10  1.05563132e+10  2.52e-06 3.86e-07  1.03e+02   829s
[2025-08-11 23:15:51] DEBUG    64   1.14265984e+10  1.05709877e+10  2.18e-06 3.71e-07  9.29e+01   849s
[2025-08-11 23:16:05] DEBUG    65   1.13349143e+10  1.06211983e+10  1.78e-06 3.19e-07  7.75e+01   863s
[2025-08-11 23:16:18] DEBUG    66   1.13233760e+10  1.06619413e+10  1.73e-06 2.76e-07  7.18e+01   876s
[2025-08-11 23:16:37] DEBUG    67   1.12811424e+10  1.07031059e+10  1.55e-06 2.34e-07  6.28e+01   894s
[2025-08-11 23:16:55] DEBUG    68   1.12246114e+10  1.07487522e+10  1.31e-06 1.87e-07  5.17e+01   913s
[2025-08-11 23:17:18] DEBUG    69   1.12105200e+10  1.07721424e+10  1.25e-06 1.63e-07  4.76e+01   936s
[2025-08-11 23:17:35] DEBUG    70   1.11875024e+10  1.07820817e+10  1.15e-06 1.53e-07  4.40e+01   953s
[2025-08-11 23:17:52] DEBUG    71   1.11859300e+10  1.07825226e+10  1.14e-06 1.53e-07  4.38e+01   970s
[2025-08-11 23:18:13] DEBUG    72   1.11800601e+10  1.07842502e+10  1.11e-06 1.51e-07  4.30e+01   991s
[2025-08-11 23:18:33] DEBUG    73   1.11709678e+10  1.07875230e+10  1.08e-06 1.47e-07  4.16e+01  1011s
[2025-08-11 23:18:56] DEBUG    74   1.11559887e+10  1.07925914e+10  1.01e-06 1.42e-07  3.95e+01  1034s
[2025-08-11 23:19:12] DEBUG    75   1.11447200e+10  1.07972660e+10  9.61e-07 1.37e-07  3.77e+01  1050s
[2025-08-11 23:19:33] DEBUG    76   1.11368385e+10  1.07975657e+10  9.26e-07 1.37e-07  3.68e+01  1071s
[2025-08-11 23:19:53] DEBUG    77   1.11273890e+10  1.08114169e+10  8.86e-07 1.22e-07  3.43e+01  1091s
[2025-08-11 23:20:22] DEBUG    78   1.11094335e+10  1.08149032e+10  8.07e-07 1.19e-07  3.20e+01  1120s
[2025-08-11 23:20:38] DEBUG    79   1.11037819e+10  1.08155438e+10  7.82e-07 1.18e-07  3.13e+01  1136s
[2025-08-11 23:21:00] DEBUG    80   1.10861615e+10  1.08330945e+10  7.06e-07 9.97e-08  2.75e+01  1158s
[2025-08-11 23:21:14] DEBUG    81   1.10837436e+10  1.08360559e+10  6.95e-07 1.07e-07  2.69e+01  1172s
[2025-08-11 23:21:38] DEBUG    82   1.10781511e+10  1.08399206e+10  6.71e-07 1.18e-07  2.59e+01  1196s
[2025-08-11 23:22:02] DEBUG    83   1.10702416e+10  1.08448033e+10  6.38e-07 1.32e-07  2.45e+01  1219s
[2025-08-11 23:22:24] DEBUG    84   1.10596274e+10  1.08543688e+10  5.91e-07 1.57e-07  2.23e+01  1242s
[2025-08-11 23:22:43] DEBUG    85   1.10338346e+10  1.08590494e+10  4.82e-07 1.72e-07  1.90e+01  1261s
[2025-08-11 23:22:56] DEBUG    86   1.10296633e+10  1.08609941e+10  4.62e-07 1.78e-07  1.83e+01  1274s
[2025-08-11 23:23:14] DEBUG    87   1.10267899e+10  1.08634229e+10  4.50e-07 1.86e-07  1.77e+01  1292s
[2025-08-11 23:23:36] DEBUG    88   1.10163495e+10  1.08668655e+10  4.02e-07 1.95e-07  1.62e+01  1314s
[2025-08-11 23:23:55] DEBUG    89   1.10140774e+10  1.08763713e+10  3.93e-07 2.20e-07  1.50e+01  1333s
[2025-08-11 23:24:13] DEBUG    90   1.10056064e+10  1.08781970e+10  3.52e-07 2.26e-07  1.38e+01  1351s
[2025-08-11 23:24:36] DEBUG    91   1.09878363e+10  1.08830538e+10  2.68e-07 2.24e-07  1.14e+01  1373s
[2025-08-11 23:24:57] DEBUG    92   1.09806565e+10  1.08884799e+10  2.35e-07 2.32e-07  1.00e+01  1395s
[2025-08-11 23:25:20] DEBUG    93   1.09799770e+10  1.08945316e+10  2.31e-07 2.36e-07  9.28e+00  1418s
[2025-08-11 23:25:47] DEBUG    94   1.09770434e+10  1.09050488e+10  2.18e-07 2.49e-07  7.82e+00  1444s
[2025-08-11 23:26:12] DEBUG    95   1.09688053e+10  1.09057948e+10  1.80e-07 2.45e-07  6.84e+00  1470s
[2025-08-11 23:26:34] DEBUG    96   1.09644688e+10  1.09077528e+10  1.63e-07 2.32e-07  6.16e+00  1492s
[2025-08-11 23:27:06] DEBUG    97   1.09619450e+10  1.09118976e+10  1.50e-07 1.97e-07  5.44e+00  1524s
[2025-08-11 23:27:26] DEBUG    98   1.09598923e+10  1.09131170e+10  1.41e-07 1.85e-07  5.08e+00  1544s
[2025-08-11 23:27:53] DEBUG    99   1.09554910e+10  1.09174339e+10  1.22e-07 1.39e-07  4.13e+00  1571s
[2025-08-11 23:28:27] DEBUG    100   1.09469955e+10  1.09204279e+10  8.20e-08 1.06e-07  2.89e+00  1605s
[2025-08-11 23:29:16] DEBUG    101   1.09430985e+10  1.09235668e+10  6.19e-08 7.24e-08  2.12e+00  1654s
[2025-08-11 23:29:50] DEBUG    102   1.09410643e+10  1.09252060e+10  5.45e-08 5.40e-08  1.72e+00  1688s
[2025-08-11 23:29:50] DEBUG    Barrier performed 102 iterations in 1687.73 seconds (393.54 work units)
Barrier solve interrupted - model solved by another algorithm
[2025-08-11 23:29:50] DEBUG    Solved with dual simplex
[2025-08-11 23:30:01] DEBUG    Iteration    Objective       Primal Inf.    Dual Inf.      Time
[2025-08-11 23:30:01] DEBUG    765295    1.0930222e+10   0.000000e+00   0.000000e+00   1699s

Solved in 765295 iterations and 1698.99 seconds (724.66 work units)
[2025-08-11 23:30:01] DEBUG    Optimal objective  1.093022201e+10
✅ Scenario completato: new_trasmission_VRES_2030_nostorage

🚀 Lancio scenario: new_trasmission_CG+VRES_2030_BESS
[2025-08-11 23:44:47] INFO     Loading sets
[2025-08-11 23:44:48] INFO     Loading parameters
[2025-08-11 23:45:26] INFO     constraints are loaded in the following order: ['energy_balance', 'dispatch', 'costs', 'capacity', 'network', 'policy', 'conversion', 'group', 'conversion_plus', 'milp', 'export']
[2025-08-11 23:45:26] INFO     creating energy_balance constraints
[2025-08-11 23:48:58] INFO     creating dispatch constraints
[2025-08-11 23:51:23] INFO     creating costs constraints
[2025-08-12 00:07:36] INFO     creating capacity constraints
[2025-08-12 00:07:36] INFO     creating network constraints
[2025-08-12 00:07:36] INFO     creating policy constraints
[2025-08-12 00:07:36] INFO     creating conversion constraints
[2025-08-12 00:07:36] INFO     creating group constraints
[2025-08-12 00:07:36] INFO     creating conversion_plus constraints
[2025-08-12 00:07:36] INFO     creating milp constraints
[2025-08-12 00:07:36] INFO     creating export constraints
[2025-08-12 00:22:56] DEBUG    Set parameter WLSAccessID
Set parameter WLSSecret
Set parameter LicenseID to value 2680226
[2025-08-12 00:22:56] DEBUG    Academic license 2680226 - for non-commercial use only - registered to an___@mail.polimi.it
[2025-08-12 00:23:40] DEBUG    Read LP format model from file /tmp/tmpgqo4ph3d.pyomo.lp
Reading time = 43.74 seconds
x21737263: 28789107 rows, 21737263 columns, 70872770 nonzeros
[2025-08-12 00:23:40] DEBUG    Set parameter NumericFocus to value 1
Gurobi Optimizer version 12.0.2 build v12.0.2rc0 (linux64 - "Debian GNU/Linux 11 (bullseye)")

CPU model: Intel(R) Xeon(R) Silver 4314 CPU @ 2.40GHz, instruction set [SSE2|AVX|AVX2|AVX512]
Thread count: 32 physical cores, 64 logical processors, using up to 32 threads

Non-default parameters:
NumericFocus  1
[2025-08-12 00:23:40] DEBUG    Academic license 2680226 - for non-commercial use only - registered to an___@mail.polimi.it
Optimize a model with 28789107 rows, 21737263 columns and 70872770 nonzeros
[2025-08-12 00:23:41] DEBUG    Model fingerprint: 0x87b4992f
[2025-08-12 00:23:41] DEBUG    Coefficient statistics:
  Matrix range     [1e-07, 3e+02]
  Objective range  [1e+00, 1e+06]
  Bounds range     [0e+00, 0e+00]
  RHS range        [1e+00, 2e+08]
[2025-08-12 00:23:46] DEBUG    Presolve removed 20375888 rows and 11778363 columns (presolve time = 5s)...
[2025-08-12 00:23:51] DEBUG    Presolve removed 20806934 rows and 12838221 columns (presolve time = 10s)...
[2025-08-12 00:23:56] DEBUG    Presolve removed 22598316 rows and 15830000 columns (presolve time = 15s)...
[2025-08-12 00:24:01] DEBUG    Presolve removed 23823998 rows and 17004903 columns (presolve time = 20s)...
[2025-08-12 00:24:14] DEBUG    Presolve removed 23824056 rows and 17258943 columns (presolve time = 33s)...
[2025-08-12 00:24:17] DEBUG    Presolve removed 23824574 rows and 17381583 columns (presolve time = 36s)...
[2025-08-12 00:24:21] DEBUG    Presolve removed 23824574 rows and 17381583 columns (presolve time = 40s)...
[2025-08-12 00:24:22] DEBUG    Presolve removed 23973477 rows and 17381583 columns
[2025-08-12 00:25:04] DEBUG    Presolve time: 83.80s
[2025-08-12 00:25:04] DEBUG    Presolved: 4815630 rows, 4504583 columns, 17406537 nonzeros

Concurrent LP optimizer: primal simplex, dual simplex, and barrier
Showing barrier log only...
[2025-08-12 00:25:48] DEBUG    Elapsed ordering time = 41s
[2025-08-12 00:25:51] DEBUG    Elapsed ordering time = 45s
[2025-08-12 00:25:56] DEBUG    Elapsed ordering time = 50s
[2025-08-12 00:26:25] DEBUG    Ordering time: 78.97s
[2025-08-12 00:26:29] DEBUG    Barrier statistics:
 Dense cols : 203
 AA' NZ     : 1.835e+07
 Factor NZ  : 7.378e+07 (roughly 4.0 GB of memory)
 Factor Ops : 8.221e+09 (less than 1 second per iteration)
 Threads    : 30
[2025-08-12 00:26:34] DEBUG    Objective                Residual
[2025-08-12 00:26:34] DEBUG    Iter       Primal          Dual         Primal    Dual     Compl     Time
[2025-08-12 00:26:35] DEBUG    0   2.64980169e+12 -5.89909176e+13  1.69e+08 1.04e-01  3.73e+08   175s
[2025-08-12 00:26:42] DEBUG    1   2.28706875e+12 -5.06385053e+13  1.32e+08 5.42e+00  2.04e+08   183s
[2025-08-12 00:26:52] DEBUG    2   2.17986014e+12 -4.47027158e+13  1.17e+08 2.29e+00  1.44e+08   192s
[2025-08-12 00:27:04] DEBUG    3   1.91429570e+12 -4.13447915e+13  8.12e+07 1.07e+00  9.29e+07   204s
[2025-08-12 00:27:14] DEBUG    4   1.76107660e+12 -3.81877790e+13  6.30e+07 4.50e-01  6.54e+07   214s
[2025-08-12 00:27:21] DEBUG    5   1.61935982e+12 -3.04389785e+13  4.55e+07 1.02e-01  4.26e+07   221s
[2025-08-12 00:27:28] DEBUG    6   1.42200438e+12 -2.40615404e+13  2.93e+07 3.38e-02  2.59e+07   228s
[2025-08-12 00:27:36] DEBUG    7   8.64525352e+11 -1.90916650e+13  2.59e+06 1.61e-02  4.00e+06   236s
[2025-08-12 00:27:46] DEBUG    8   8.30258851e+11 -1.55504577e+13  1.53e+06 1.21e-02  2.74e+06   246s
[2025-08-12 00:27:53] DEBUG    9   7.85637353e+11 -9.35347474e+12  1.19e+06 5.69e-03  1.67e+06   253s
[2025-08-12 00:28:04] DEBUG    10   5.18956900e+11 -7.15305117e+12  5.77e+04 4.08e-03  7.96e+05   264s
[2025-08-12 00:28:16] DEBUG    11   3.63169930e+11 -2.26025365e+12  7.98e+02 9.84e-04  2.59e+05   277s
[2025-08-12 00:28:27] DEBUG    12   2.40038786e+11 -8.37800775e+11  2.62e+02 3.09e-04  1.05e+05   287s
[2025-08-12 00:28:35] DEBUG    13   1.57851924e+11 -5.93385912e+11  1.12e+02 2.10e-04  7.24e+04   295s
[2025-08-12 00:28:41] DEBUG    14   1.24808807e+11 -3.39651985e+11  7.43e+01 1.61e-04  4.46e+04   302s
[2025-08-12 00:28:48] DEBUG    15   8.13264910e+10 -1.93190409e+11  3.70e+01 1.01e-04  2.62e+04   308s
[2025-08-12 00:28:56] DEBUG    16   5.68394345e+10 -1.13428974e+11  2.00e+01 5.67e-05  1.61e+04   316s
[2025-08-12 00:29:05] DEBUG    17   3.73090955e+10 -6.72239385e+10  8.54e+00 4.63e-05  9.81e+03   325s
[2025-08-12 00:29:18] DEBUG    18   2.50046765e+10 -1.69007796e+10  3.42e+00 1.69e-05  3.89e+03   338s
[2025-08-12 00:29:27] DEBUG    19   2.24912269e+10  1.14724883e+09  2.71e+00 4.28e-06  1.96e+03   347s
[2025-08-12 00:29:34] DEBUG    20   2.18859774e+10  1.81546453e+09  2.55e+00 3.94e-06  1.85e+03   355s
[2025-08-12 00:29:42] DEBUG    21   2.16461098e+10  2.09791574e+09  2.49e+00 3.65e-06  1.80e+03   362s
[2025-08-12 00:29:49] DEBUG    22   2.13987193e+10  2.38392000e+09  2.42e+00 3.28e-06  1.75e+03   369s
[2025-08-12 00:29:57] DEBUG    23   2.09519769e+10  2.56697573e+09  2.31e+00 2.02e-06  1.69e+03   377s
[2025-08-12 00:30:08] DEBUG    24   1.97594073e+10  3.60738545e+09  2.01e+00 7.44e-06  1.48e+03   388s
[2025-08-12 00:30:20] DEBUG    25   1.86453420e+10  4.32416261e+09  1.75e+00 8.42e-06  1.31e+03   401s
[2025-08-12 00:30:34] DEBUG    26   1.73615979e+10  5.74805104e+09  1.46e+00 1.45e-05  1.06e+03   414s
[2025-08-12 00:30:50] DEBUG    27   1.67848613e+10  6.26398172e+09  1.33e+00 1.68e-05  9.63e+02   430s
[2025-08-12 00:31:04] DEBUG    28   1.58068784e+10  7.29180575e+09  1.11e+00 1.96e-05  7.79e+02   445s
[2025-08-12 00:31:16] DEBUG    29   1.55877578e+10  7.44485026e+09  1.06e+00 1.83e-05  7.45e+02   456s
[2025-08-12 00:31:26] DEBUG    30   1.54547765e+10  7.45587941e+09  1.02e+00 1.93e-05  7.32e+02   466s
[2025-08-12 00:31:38] DEBUG    31   1.48376446e+10  8.12083930e+09  8.92e-01 2.33e-05  6.14e+02   479s
[2025-08-12 00:31:54] DEBUG    32   1.45056416e+10  8.35849494e+09  8.17e-01 2.32e-05  5.62e+02   494s
[2025-08-12 00:32:07] DEBUG    33   1.41018007e+10  8.56344684e+09  7.28e-01 2.26e-05  5.06e+02   508s
[2025-08-12 00:32:20] DEBUG    34   1.38295443e+10  8.72325641e+09  6.66e-01 2.22e-05  4.66e+02   520s
[2025-08-12 00:32:35] DEBUG    35   1.37412215e+10  8.91997833e+09  6.47e-01 2.19e-05  4.40e+02   536s
[2025-08-12 00:32:49] DEBUG    36   1.34569439e+10  9.14671707e+09  5.80e-01 2.11e-05  3.94e+02   549s
[2025-08-12 00:33:05] DEBUG    37   1.32573030e+10  9.22198304e+09  5.35e-01 2.05e-05  3.68e+02   565s
[2025-08-12 00:33:18] DEBUG    38   1.30551236e+10  9.33358949e+09  4.88e-01 1.98e-05  3.40e+02   578s
[2025-08-12 00:33:32] DEBUG    39   1.29764236e+10  9.41863744e+09  4.72e-01 1.93e-05  3.25e+02   592s
[2025-08-12 00:33:43] DEBUG    40   1.28190609e+10  9.52217947e+09  4.36e-01 1.86e-05  3.01e+02   604s
[2025-08-12 00:33:56] DEBUG    41   1.27164864e+10  9.62710927e+09  4.14e-01 1.82e-05  2.82e+02   617s
[2025-08-12 00:34:12] DEBUG    42   1.25976622e+10  9.72033119e+09  3.87e-01 1.74e-05  2.63e+02   632s
[2025-08-12 00:34:24] DEBUG    43   1.25266017e+10  9.75067361e+09  3.70e-01 1.73e-05  2.53e+02   644s
[2025-08-12 00:34:38] DEBUG    44   1.24168279e+10  9.85344441e+09  3.46e-01 1.63e-05  2.34e+02   658s
[2025-08-12 00:34:54] DEBUG    45   1.23243592e+10  9.91036402e+09  3.25e-01 1.57e-05  2.20e+02   674s
[2025-08-12 00:35:09] DEBUG    46   1.20662400e+10  1.00307278e+10  2.65e-01 1.44e-05  1.86e+02   689s
[2025-08-12 00:35:23] DEBUG    47   1.20378631e+10  1.01486903e+10  2.58e-01 1.31e-05  1.72e+02   703s
[2025-08-12 00:35:38] DEBUG    48   1.19122975e+10  1.02627696e+10  2.29e-01 1.17e-05  1.50e+02   719s
[2025-08-12 00:35:48] DEBUG    49   1.18529065e+10  1.02976407e+10  2.15e-01 1.11e-05  1.42e+02   728s
[2025-08-12 00:36:03] DEBUG    50   1.18465690e+10  1.03251689e+10  2.13e-01 1.08e-05  1.39e+02   743s
[2025-08-12 00:36:18] DEBUG    51   1.17666439e+10  1.03716805e+10  1.95e-01 1.01e-05  1.27e+02   758s
[2025-08-12 00:36:33] DEBUG    52   1.17183683e+10  1.04229210e+10  1.85e-01 9.42e-06  1.18e+02   773s
[2025-08-12 00:36:48] DEBUG    53   1.16307458e+10  1.05896995e+10  1.65e-01 7.61e-06  9.49e+01   788s
[2025-08-12 00:37:00] DEBUG    54   1.15513742e+10  1.06226972e+10  1.47e-01 7.09e-06  8.46e+01   800s
[2025-08-12 00:37:10] DEBUG    55   1.15399910e+10  1.06354630e+10  1.45e-01 6.89e-06  8.24e+01   810s
[2025-08-12 00:37:25] DEBUG    56   1.15117783e+10  1.06626268e+10  1.38e-01 6.49e-06  7.74e+01   825s
[2025-08-12 00:37:37] DEBUG    57   1.14373181e+10  1.07255303e+10  1.23e-01 5.53e-06  6.48e+01   837s
[2025-08-12 00:37:49] DEBUG    58   1.13901057e+10  1.07368265e+10  1.12e-01 5.31e-06  5.95e+01   849s
[2025-08-12 00:38:01] DEBUG    59   1.13680486e+10  1.07552921e+10  1.07e-01 4.90e-06  5.58e+01   861s
[2025-08-12 00:38:14] DEBUG    60   1.13427817e+10  1.07728317e+10  1.02e-01 4.52e-06  5.19e+01   874s
[2025-08-12 00:38:27] DEBUG    61   1.12894884e+10  1.08024835e+10  8.94e-02 3.66e-06  4.44e+01   888s
[2025-08-12 00:38:43] DEBUG    62   1.12469500e+10  1.08268157e+10  7.96e-02 3.08e-06  3.83e+01   903s
[2025-08-12 00:38:56] DEBUG    63   1.12353978e+10  1.08310223e+10  7.68e-02 2.97e-06  3.69e+01   916s
[2025-08-12 00:39:09] DEBUG    64   1.12120655e+10  1.08429130e+10  7.10e-02 2.66e-06  3.37e+01   930s
[2025-08-12 00:39:22] DEBUG    65   1.11954604e+10  1.08572243e+10  6.73e-02 2.33e-06  3.08e+01   942s
[2025-08-12 00:39:37] DEBUG    66   1.11677911e+10  1.08724261e+10  6.04e-02 2.17e-06  2.69e+01   957s
[2025-08-12 00:39:51] DEBUG    67   1.11344131e+10  1.08828540e+10  5.27e-02 2.01e-06  2.30e+01   971s
[2025-08-12 00:40:05] DEBUG    68   1.11253904e+10  1.08914915e+10  5.05e-02 2.12e-06  2.13e+01   985s
[2025-08-12 00:40:20] DEBUG    69   1.10860420e+10  1.08959855e+10  4.09e-02 2.22e-06  1.74e+01  1000s
[2025-08-12 00:40:34] DEBUG    70   1.10802277e+10  1.08993215e+10  3.95e-02 2.28e-06  1.65e+01  1015s
[2025-08-12 00:40:49] DEBUG    71   1.10747542e+10  1.09025238e+10  3.82e-02 2.34e-06  1.57e+01  1029s
[2025-08-12 00:41:00] DEBUG    72   1.10717262e+10  1.09064735e+10  3.74e-02 2.41e-06  1.51e+01  1040s
[2025-08-12 00:41:14] DEBUG    73   1.10479542e+10  1.09084246e+10  3.16e-02 2.45e-06  1.27e+01  1055s
[2025-08-12 00:41:28] DEBUG    74   1.10426333e+10  1.09088505e+10  3.03e-02 2.45e-06  1.22e+01  1068s
[2025-08-12 00:41:37] DEBUG    75   1.10423513e+10  1.09092804e+10  3.02e-02 2.45e-06  1.22e+01  1078s
[2025-08-12 00:41:52] DEBUG    76   1.10238827e+10  1.09114132e+10  2.55e-02 2.47e-06  1.03e+01  1093s
[2025-08-12 00:42:08] DEBUG    77   1.10183991e+10  1.09125438e+10  2.40e-02 2.22e-06  9.68e+00  1108s
[2025-08-12 00:42:20] DEBUG    78   1.10067907e+10  1.09140545e+10  2.12e-02 2.24e-06  8.48e+00  1121s
[2025-08-12 00:42:32] DEBUG    79   1.10021406e+10  1.09165916e+10  1.99e-02 2.26e-06  7.83e+00  1132s
[2025-08-12 00:42:46] DEBUG    80   1.09935521e+10  1.09181033e+10  1.76e-02 2.27e-06  6.91e+00  1146s
[2025-08-12 00:43:01] DEBUG    81   1.09888629e+10  1.09194482e+10  1.64e-02 2.27e-06  6.36e+00  1161s
[2025-08-12 00:43:15] DEBUG    82   1.09851629e+10  1.09208559e+10  1.55e-02 2.30e-06  5.89e+00  1175s
[2025-08-12 00:43:28] DEBUG    83   1.09800736e+10  1.09213038e+10  1.42e-02 2.35e-06  5.39e+00  1188s
[2025-08-12 00:43:38] DEBUG    84   1.09790029e+10  1.09216293e+10  1.39e-02 2.33e-06  5.26e+00  1198s
[2025-08-12 00:43:52] DEBUG    85   1.09763922e+10  1.09225193e+10  1.32e-02 2.28e-06  4.94e+00  1212s
[2025-08-12 00:44:05] DEBUG    86   1.09683001e+10  1.09237218e+10  1.12e-02 2.40e-06  4.09e+00  1226s
[2025-08-12 00:44:19] DEBUG    87   1.09617533e+10  1.09242579e+10  9.31e-03 2.28e-06  3.45e+00  1240s
[2025-08-12 00:44:31] DEBUG    88   1.09560572e+10  1.09248608e+10  7.71e-03 2.26e-06  2.87e+00  1251s
[2025-08-12 00:44:44] DEBUG    89   1.09533405e+10  1.09256549e+10  6.97e-03 2.24e-06  2.55e+00  1264s
[2025-08-12 00:44:57] DEBUG    90   1.09500229e+10  1.09264871e+10  5.99e-03 2.21e-06  2.16e+00  1278s
[2025-08-12 00:45:11] DEBUG    91   1.09480834e+10  1.09270739e+10  5.43e-03 2.19e-06  1.93e+00  1291s
[2025-08-12 00:45:26] DEBUG    92   1.09469504e+10  1.09272778e+10  5.11e-03 2.18e-06  1.81e+00  1306s
[2025-08-12 00:45:40] DEBUG    93   1.09435930e+10  1.09278813e+10  4.08e-03 2.15e-06  1.44e+00  1321s
[2025-08-12 00:45:51] DEBUG    94   1.09423187e+10  1.09281363e+10  3.70e-03 2.13e-06  1.30e+00  1332s
[2025-08-12 00:46:05] DEBUG    95   1.09397880e+10  1.09286800e+10  2.91e-03 2.09e-06  1.02e+00  1345s
[2025-08-12 00:46:20] DEBUG    96   1.09363817e+10  1.09290023e+10  1.90e-03 2.07e-06  6.76e-01  1360s
[2025-08-12 00:46:33] DEBUG    97   1.09359675e+10  1.09291005e+10  1.77e-03 2.05e-06  6.29e-01  1374s
[2025-08-12 00:46:43] DEBUG    98   1.09354474e+10  1.09292103e+10  1.61e-03 2.04e-06  5.70e-01  1384s
[2025-08-12 00:46:53] DEBUG    99   1.09354280e+10  1.09292528e+10  1.60e-03 2.03e-06  5.64e-01  1394s
[2025-08-12 00:47:07] DEBUG    100   1.09343166e+10  1.09293828e+10  1.27e-03 2.01e-06  4.51e-01  1407s
[2025-08-12 00:47:21] DEBUG    101   1.09337706e+10  1.09294573e+10  1.11e-03 2.00e-06  3.94e-01  1421s
[2025-08-12 00:47:34] DEBUG    102   1.09332545e+10  1.09296153e+10  9.49e-04 1.96e-06  3.33e-01  1434s
[2025-08-12 00:47:48] DEBUG    103   1.09325996e+10  1.09297800e+10  7.38e-04 1.88e-06  2.58e-01  1449s
[2025-08-12 00:48:02] DEBUG    104   1.09324291e+10  1.09297901e+10  6.88e-04 1.86e-06  2.42e-01  1463s
[2025-08-12 00:48:10] DEBUG    105   1.09322879e+10  1.09298022e+10  6.43e-04 1.84e-06  2.28e-01  1471s
[2025-08-12 00:48:25] DEBUG    106   1.09322319e+10  1.09298318e+10  6.27e-04 1.78e-06  2.20e-01  1485s
[2025-08-12 00:48:37] DEBUG    107   1.09318632e+10  1.09299184e+10  5.13e-04 1.56e-06  1.78e-01  1498s
[2025-08-12 00:48:52] DEBUG    108   1.09314425e+10  1.09299699e+10  3.81e-04 1.37e-06  1.35e-01  1512s
[2025-08-12 00:49:07] DEBUG    109   1.09313099e+10  1.09299935e+10  3.40e-04 1.25e-06  1.21e-01  1527s
[2025-08-12 00:49:19] DEBUG    110   1.09311348e+10  1.09300142e+10  2.84e-04 1.14e-06  1.03e-01  1539s
[2025-08-12 00:49:32] DEBUG    111   1.09310000e+10  1.09300469e+10  2.44e-04 9.83e-07  8.74e-02  1552s
[2025-08-12 00:49:46] DEBUG    112   1.09309378e+10  1.09300654e+10  2.26e-04 8.88e-07  7.99e-02  1566s
[2025-08-12 00:49:57] DEBUG    113   1.09308717e+10  1.09300780e+10  2.05e-04 8.21e-07  7.27e-02  1577s
[2025-08-12 00:50:11] DEBUG    114   1.09307755e+10  1.09300966e+10  1.75e-04 7.22e-07  6.22e-02  1591s
[2025-08-12 00:50:26] DEBUG    115   1.09306794e+10  1.09301079e+10  1.45e-04 6.48e-07  5.24e-02  1607s
[2025-08-12 00:50:41] DEBUG    116   1.09306226e+10  1.09301229e+10  1.27e-04 5.67e-07  4.58e-02  1621s
[2025-08-12 00:50:52] DEBUG    117   1.09305996e+10  1.09301253e+10  1.20e-04 5.54e-07  4.35e-02  1633s
[2025-08-12 00:51:07] DEBUG    118   1.09305363e+10  1.09301365e+10  9.92e-05 4.93e-07  3.66e-02  1647s
[2025-08-12 00:51:20] DEBUG    119   1.09305035e+10  1.09301469e+10  8.87e-05 4.35e-07  3.26e-02  1660s
[2025-08-12 00:51:32] DEBUG    120   1.09304879e+10  1.09301493e+10  8.40e-05 4.21e-07  3.10e-02  1672s
[2025-08-12 00:51:47] DEBUG    121   1.09303904e+10  1.09301626e+10  5.24e-05 3.47e-07  2.09e-02  1687s
[2025-08-12 00:52:02] DEBUG    122   1.09303497e+10  1.09301804e+10  3.94e-05 2.47e-07  1.55e-02  1702s
[2025-08-12 00:52:16] DEBUG    123   1.09302781e+10  1.09301923e+10  1.66e-05 1.76e-07  7.86e-03  1716s
[2025-08-12 00:52:26] DEBUG    124   1.09302542e+10  1.09302029e+10  9.48e-06 1.15e-07  4.70e-03  1726s
[2025-08-12 00:52:34] DEBUG    125   1.09302437e+10  1.09302060e+10  6.11e-06 9.58e-08  3.45e-03  1735s
[2025-08-12 00:52:45] DEBUG    126   1.09302394e+10  1.09302084e+10  4.83e-06 8.12e-08  2.83e-03  1745s
[2025-08-12 00:52:52] DEBUG    127   1.09302346e+10  1.09302144e+10  3.39e-06 4.49e-08  1.85e-03  1752s
[2025-08-12 00:52:59] DEBUG    128   1.09302305e+10  1.09302177e+10  2.23e-06 2.51e-08  1.17e-03  1759s
[2025-08-12 00:53:05] DEBUG    129   1.09302255e+10  1.09302189e+10  8.61e-07 1.86e-08  6.00e-04  1765s
[2025-08-12 00:53:12] DEBUG    130   1.09302246e+10  1.09302195e+10  6.53e-07 1.50e-08  4.64e-04  1772s
[2025-08-12 00:53:19] DEBUG    131   1.09302242e+10  1.09302201e+10  5.56e-07 1.62e-08  3.83e-04  1780s
[2025-08-12 00:53:27] DEBUG    132   1.09302241e+10  1.09302203e+10  5.10e-07 1.50e-08  3.53e-04  1787s
[2025-08-12 00:53:34] DEBUG    133   1.09302236e+10  1.09302207e+10  3.91e-07 1.43e-08  2.70e-04  1794s
[2025-08-12 00:53:42] DEBUG    134   1.09302229e+10  1.09302210e+10  2.01e-07 9.63e-09  1.72e-04  1802s
[2025-08-12 00:53:49] DEBUG    135   1.09302222e+10  1.09302218e+10  6.71e-08 4.77e-09  4.01e-05  1810s
[2025-08-12 00:53:57] DEBUG    136   1.09302221e+10  1.09302220e+10  4.47e-08 4.33e-08  7.06e-06  1817s
[2025-08-12 00:54:04] DEBUG    137   1.09302220e+10  1.09302220e+10  4.84e-08 2.13e-08  1.07e-06  1825s
[2025-08-12 00:54:12] DEBUG    138   1.09302220e+10  1.09302220e+10  4.84e-08 6.39e-09  8.34e-08  1832s
[2025-08-12 00:54:20] DEBUG    139   1.09302220e+10  1.09302220e+10  4.47e-08 2.87e-10  1.06e-10  1841s
[2025-08-12 00:54:21] DEBUG    Barrier solved model in 139 iterations and 1840.67 seconds (517.77 work units)
Optimal objective 1.09302220e+10
[2025-08-12 00:54:22] DEBUG    Crossover log...
[2025-08-12 00:54:23] DEBUG    559096 DPushes remaining with DInf 0.0000000e+00              1843s
[2025-08-12 00:54:25] DEBUG    125244 DPushes remaining with DInf 3.1235696e-06              1845s
[2025-08-12 00:54:29] DEBUG    0 DPushes remaining with DInf 0.0000000e+00              1849s
[2025-08-12 00:54:29] DEBUG    331354 PPushes remaining with PInf 0.0000000e+00              1849s
[2025-08-12 00:54:30] DEBUG    102859 PPushes remaining with PInf 7.7071144e-02              1850s
[2025-08-12 00:54:33] DEBUG    0 PPushes remaining with PInf 0.0000000e+00              1853s
[2025-08-12 00:54:33] DEBUG    Push phase complete: Pinf 0.0000000e+00, Dinf 3.4116661e-05   1853s
[2025-08-12 00:54:34] DEBUG    Iteration    Objective       Primal Inf.    Dual Inf.      Time
[2025-08-12 00:54:34] DEBUG    648989    1.0930222e+10   0.000000e+00   3.411666e-05   1854s
[2025-08-12 00:54:35] DEBUG    Solved with barrier
[2025-08-12 00:54:51] DEBUG    648990    1.0930222e+10   0.000000e+00   0.000000e+00   1871s
[2025-08-12 00:54:51] DEBUG    Solved in 648990 iterations and 1871.21 seconds (545.09 work units)
[2025-08-12 00:54:51] DEBUG    Optimal objective  1.093022201e+10
✅ Scenario completato: new_trasmission_CG+VRES_2030_BESS

🚀 Lancio scenario: new_trasmission_CG+VRES_2030_nostorage
[2025-08-12 01:07:49] INFO     Loading sets
[2025-08-12 01:07:49] INFO     Loading parameters
[2025-08-12 01:08:27] INFO     constraints are loaded in the following order: ['energy_balance', 'dispatch', 'costs', 'capacity', 'network', 'policy', 'conversion', 'group', 'conversion_plus', 'milp', 'export']
[2025-08-12 01:08:27] INFO     creating energy_balance constraints
[2025-08-12 01:11:48] INFO     creating dispatch constraints
[2025-08-12 01:14:03] INFO     creating costs constraints
[2025-08-12 01:31:43] INFO     creating capacity constraints
[2025-08-12 01:31:43] INFO     creating network constraints
[2025-08-12 01:31:43] INFO     creating policy constraints
[2025-08-12 01:31:43] INFO     creating conversion constraints
[2025-08-12 01:31:43] INFO     creating group constraints
[2025-08-12 01:31:43] INFO     creating conversion_plus constraints
[2025-08-12 01:31:43] INFO     creating milp constraints
[2025-08-12 01:31:43] INFO     creating export constraints
[2025-08-12 01:46:12] DEBUG    Set parameter WLSAccessID
Set parameter WLSSecret
Set parameter LicenseID to value 2680226
[2025-08-12 01:46:13] DEBUG    Academic license 2680226 - for non-commercial use only - registered to an___@mail.polimi.it
[2025-08-12 01:46:54] DEBUG    Read LP format model from file /tmp/tmp6khp8k4m.pyomo.lp
[2025-08-12 01:46:54] DEBUG    Reading time = 41.47 seconds
x20466889: 27010653 rows, 20466889 columns, 66299731 nonzeros
[2025-08-12 01:46:54] DEBUG    Set parameter NumericFocus to value 1
[2025-08-12 01:46:54] DEBUG    Gurobi Optimizer version 12.0.2 build v12.0.2rc0 (linux64 - "Debian GNU/Linux 11 (bullseye)")

CPU model: Intel(R) Xeon(R) Silver 4314 CPU @ 2.40GHz, instruction set [SSE2|AVX|AVX2|AVX512]
Thread count: 32 physical cores, 64 logical processors, using up to 32 threads
[2025-08-12 01:46:54] DEBUG    Non-default parameters:
NumericFocus  1
[2025-08-12 01:46:54] DEBUG    Academic license 2680226 - for non-commercial use only - registered to an___@mail.polimi.it
[2025-08-12 01:46:54] DEBUG    Optimize a model with 27010653 rows, 20466889 columns and 66299731 nonzeros
[2025-08-12 01:46:55] DEBUG    Model fingerprint: 0x9f88782c
[2025-08-12 01:46:55] DEBUG    Coefficient statistics:
  Matrix range     [1e-07, 3e+02]
[2025-08-12 01:46:55] DEBUG    Objective range  [1e+00, 1e+06]
  Bounds range     [0e+00, 0e+00]
  RHS range        [1e+00, 2e+08]
[2025-08-12 01:47:00] DEBUG    Presolve removed 19867692 rows and 11270167 columns (presolve time = 5s)...
[2025-08-12 01:47:05] DEBUG    Presolve removed 20298738 rows and 13530481 columns (presolve time = 10s)...
[2025-08-12 01:47:10] DEBUG    Presolve removed 23061733 rows and 16293417 columns (presolve time = 15s)...
[2025-08-12 01:47:16] DEBUG    Presolve removed 23061733 rows and 16293417 columns (presolve time = 21s)...
[2025-08-12 01:47:24] DEBUG    Presolve removed 23061733 rows and 16547457 columns (presolve time = 29s)...
[2025-08-12 01:47:25] DEBUG    Presolve removed 23062251 rows and 16670097 columns (presolve time = 30s)...
[2025-08-12 01:47:30] DEBUG    Presolve removed 23211154 rows and 16670097 columns
[2025-08-12 01:48:07] DEBUG    Presolve time: 73.34s
[2025-08-12 01:48:07] DEBUG    Presolved: 3799499 rows, 3945695 columns, 13138839 nonzeros

Concurrent LP optimizer: primal simplex, dual simplex, and barrier
Showing barrier log only...
[2025-08-12 01:48:12] DEBUG    Ordering time: 2.59s
[2025-08-12 01:48:14] DEBUG    Barrier statistics:
 Dense cols : 174
 AA' NZ     : 1.140e+07
[2025-08-12 01:48:14] DEBUG    Factor NZ  : 4.809e+07 (roughly 3.5 GB of memory)
 Factor Ops : 3.025e+09 (less than 1 second per iteration)
 Threads    : 30
[2025-08-12 01:48:21] DEBUG    Objective                Residual
[2025-08-12 01:48:21] DEBUG    Iter       Primal          Dual         Primal    Dual     Compl     Time
[2025-08-12 01:48:21] DEBUG    0   2.90214467e+12 -5.82872729e+13  1.86e+08 1.04e-01  4.12e+08    87s
[2025-08-12 01:48:29] DEBUG    1   2.49514188e+12 -5.00272284e+13  1.47e+08 4.29e+00  2.26e+08    94s
[2025-08-12 01:48:38] DEBUG    2   2.39355101e+12 -4.60178971e+13  1.30e+08 2.19e+00  1.79e+08   104s
[2025-08-12 01:48:49] DEBUG    3   2.07789343e+12 -4.35676522e+13  9.37e+07 1.16e+00  1.24e+08   115s
[2025-08-12 01:48:57] DEBUG    4   1.91045008e+12 -4.06829987e+13  7.50e+07 3.96e-01  8.95e+07   123s
[2025-08-12 01:49:04] DEBUG    5   1.73845577e+12 -3.61398129e+13  5.75e+07 1.62e-01  6.54e+07   130s
[2025-08-12 01:49:11] DEBUG    6   1.58327252e+12 -3.05008772e+13  4.22e+07 5.68e-02  4.59e+07   137s
[2025-08-12 01:49:18] DEBUG    7   1.28781074e+12 -2.36540969e+13  2.25e+07 1.79e-02  2.38e+07   144s
[2025-08-12 01:49:26] DEBUG    8   7.00293640e+11 -2.03582281e+13  5.93e+05 1.15e-02  2.95e+06   152s
[2025-08-12 01:49:33] DEBUG    9   5.76771345e+11 -1.25799843e+13  1.00e+05 6.53e-03  1.58e+06   159s
[2025-08-12 01:49:42] DEBUG    10   4.62622702e+11 -5.81716806e+12  2.54e+04 2.51e-03  7.22e+05   168s
[2025-08-12 01:49:49] DEBUG    11   3.88032395e+11 -3.79412343e+12  1.22e+04 1.56e-03  4.75e+05   175s
[2025-08-12 01:49:59] DEBUG    12   2.58290515e+11 -1.91498502e+12  1.80e+03 7.32e-04  2.45e+05   185s
[2025-08-12 01:50:11] DEBUG    13   1.74072923e+11 -8.44230898e+11  5.65e+02 3.32e-04  1.14e+05   197s
[2025-08-12 01:50:19] DEBUG    14   1.17650851e+11 -4.34364638e+11  2.64e+02 1.67e-04  6.14e+04   205s
[2025-08-12 01:50:27] DEBUG    15   8.60250079e+10 -2.34736067e+11  1.50e+02 6.77e-05  3.54e+04   213s
[2025-08-12 01:50:34] DEBUG    16   6.17021234e+10 -1.13662475e+11  8.48e+01 2.02e-05  1.92e+04   220s
[2025-08-12 01:50:40] DEBUG    17   4.61039151e+10 -6.27214974e+10  4.98e+01 2.38e-06  1.18e+04   226s
[2025-08-12 01:50:47] DEBUG    18   3.30641540e+10 -3.24627393e+10  2.65e+01 6.54e-12  7.07e+03   233s
[2025-08-12 01:50:56] DEBUG    19   2.51412881e+10 -9.42005365e+09  1.48e+01 8.21e-12  3.70e+03   242s
[2025-08-12 01:51:08] DEBUG    20   2.41348469e+10 -4.14834822e+09  1.37e+01 6.68e-12  3.02e+03   254s
[2025-08-12 01:51:16] DEBUG    21   2.29171835e+10 -1.50631844e+09  1.22e+01 4.80e-12  2.61e+03   262s
[2025-08-12 01:51:22] DEBUG    22   2.20781077e+10 -6.96122347e+08  1.13e+01 3.98e-12  2.43e+03   268s
[2025-08-12 01:51:31] DEBUG    23   2.07245432e+10  1.48679338e+08  9.78e+00 5.66e-12  2.19e+03   277s
[2025-08-12 01:51:42] DEBUG    24   2.01284292e+10  1.69547940e+09  9.16e+00 3.47e-12  1.96e+03   288s
[2025-08-12 01:51:56] DEBUG    25   1.86057720e+10  3.47057981e+09  7.63e+00 7.77e-06  1.61e+03   302s
[2025-08-12 01:52:10] DEBUG    26   1.70354738e+10  5.40449230e+09  5.92e+00 3.34e-05  1.24e+03   315s
[2025-08-12 01:52:21] DEBUG    27   1.64691091e+10  5.84882014e+09  5.39e+00 3.08e-05  1.13e+03   327s
[2025-08-12 01:52:34] DEBUG    28   1.57917836e+10  6.76097973e+09  4.74e+00 2.59e-05  9.59e+02   340s
[2025-08-12 01:52:48] DEBUG    29   1.51684322e+10  7.07843248e+09  4.09e+00 2.53e-05  8.59e+02   354s
[2025-08-12 01:53:02] DEBUG    30   1.49213759e+10  7.32729774e+09  3.85e+00 2.38e-05  8.06e+02   368s
[2025-08-12 01:53:16] DEBUG    31   1.44196580e+10  7.91619335e+09  3.36e+00 2.02e-05  6.90e+02   382s
[2025-08-12 01:53:27] DEBUG    32   1.41769757e+10  8.06087709e+09  3.11e+00 1.92e-05  6.49e+02   393s
[2025-08-12 01:53:42] DEBUG    33   1.38471015e+10  8.60423891e+09  2.81e+00 1.58e-05  5.56e+02   408s
[2025-08-12 01:53:56] DEBUG    34   1.37365656e+10  8.78465975e+09  2.71e+00 1.46e-05  5.25e+02   422s
[2025-08-12 01:54:08] DEBUG    35   1.35056145e+10  9.02551382e+09  2.49e+00 1.30e-05  4.75e+02   434s
[2025-08-12 01:54:20] DEBUG    36   1.32602096e+10  9.21336126e+09  2.26e+00 1.18e-05  4.29e+02   446s
[2025-08-12 01:54:30] DEBUG    37   1.32047323e+10  9.26015867e+09  2.20e+00 1.15e-05  4.18e+02   456s
[2025-08-12 01:54:44] DEBUG    38   1.30512193e+10  9.44918434e+09  2.06e+00 1.02e-05  3.82e+02   469s
[2025-08-12 01:54:58] DEBUG    39   1.28158305e+10  9.58872377e+09  1.84e+00 9.29e-06  3.42e+02   483s
[2025-08-12 01:55:08] DEBUG    40   1.26562572e+10  9.63587968e+09  1.68e+00 8.97e-06  3.20e+02   494s
[2025-08-12 01:55:23] DEBUG    41   1.25437994e+10  9.72969348e+09  1.58e+00 8.35e-06  2.98e+02   509s
[2025-08-12 01:55:32] DEBUG    42   1.24192012e+10  9.85773107e+09  1.47e+00 7.50e-06  2.71e+02   518s
[2025-08-12 01:55:46] DEBUG    43   1.23483480e+10  9.90087159e+09  1.41e+00 7.21e-06  2.59e+02   532s
[2025-08-12 01:55:56] DEBUG    44   1.21687001e+10  1.00926269e+10  1.24e+00 5.85e-06  2.20e+02   542s
[2025-08-12 01:56:10] DEBUG    45   1.19572365e+10  1.02176307e+10  1.03e+00 4.99e-06  1.84e+02   556s
[2025-08-12 01:56:22] DEBUG    46   1.19359765e+10  1.02536303e+10  1.01e+00 4.74e-06  1.78e+02   568s
[2025-08-12 01:56:32] DEBUG    47   1.19113452e+10  1.03621107e+10  9.82e-01 3.98e-06  1.64e+02   578s
[2025-08-12 01:56:42] DEBUG    48   1.18489611e+10  1.04027187e+10  9.19e-01 3.70e-06  1.53e+02   588s
[2025-08-12 01:56:54] DEBUG    49   1.18065731e+10  1.04235662e+10  8.82e-01 3.55e-06  1.46e+02   600s
[2025-08-12 01:57:05] DEBUG    50   1.17295069e+10  1.04711049e+10  8.06e-01 3.22e-06  1.33e+02   611s
[2025-08-12 01:57:18] DEBUG    51   1.16432201e+10  1.05880512e+10  7.32e-01 2.39e-06  1.12e+02   624s
[2025-08-12 01:57:27] DEBUG    52   1.16235864e+10  1.06083447e+10  7.12e-01 2.23e-06  1.07e+02   633s
[2025-08-12 01:57:39] DEBUG    53   1.15538591e+10  1.06659534e+10  6.45e-01 1.83e-06  9.39e+01   645s
[2025-08-12 01:57:52] DEBUG    54   1.14949886e+10  1.06866659e+10  5.89e-01 1.68e-06  8.55e+01   658s
[2025-08-12 01:58:02] DEBUG    55   1.14694303e+10  1.07168728e+10  5.62e-01 1.68e-06  7.96e+01   668s
[2025-08-12 01:58:12] DEBUG    56   1.14627488e+10  1.07209524e+10  5.56e-01 1.69e-06  7.85e+01   678s
[2025-08-12 01:58:24] DEBUG    57   1.14245218e+10  1.07288897e+10  5.17e-01 1.71e-06  7.36e+01   690s
[2025-08-12 01:58:37] DEBUG    58   1.13908907e+10  1.07451504e+10  4.88e-01 1.74e-06  6.83e+01   703s
[2025-08-12 01:58:46] DEBUG    59   1.13734378e+10  1.07509846e+10  4.69e-01 1.75e-06  6.58e+01   712s
[2025-08-12 01:58:58] DEBUG    60   1.13160651e+10  1.07748906e+10  4.08e-01 1.86e-06  5.73e+01   724s
[2025-08-12 01:59:10] DEBUG    61   1.13059598e+10  1.07947017e+10  3.98e-01 1.99e-06  5.41e+01   736s
[2025-08-12 01:59:24] DEBUG    62   1.12453627e+10  1.08130374e+10  3.35e-01 2.01e-06  4.57e+01   750s
[2025-08-12 01:59:33] DEBUG    63   1.12300102e+10  1.08288974e+10  3.19e-01 1.95e-06  4.24e+01   759s
[2025-08-12 01:59:46] DEBUG    64   1.11833311e+10  1.08353974e+10  2.73e-01 1.95e-06  3.68e+01   772s
[2025-08-12 02:00:00] DEBUG    65   1.11663650e+10  1.08459310e+10  2.56e-01 1.90e-06  3.39e+01   786s
[2025-08-12 02:00:11] DEBUG    66   1.11566083e+10  1.08517427e+10  2.46e-01 1.86e-06  3.23e+01   796s
[2025-08-12 02:00:24] DEBUG    67   1.11411753e+10  1.08545323e+10  2.31e-01 1.84e-06  3.04e+01   809s
[2025-08-12 02:00:37] DEBUG    68   1.11227570e+10  1.08589334e+10  2.13e-01 1.81e-06  2.79e+01   823s
[2025-08-12 02:00:47] DEBUG    69   1.11182666e+10  1.08616480e+10  2.08e-01 1.76e-06  2.72e+01   833s
[2025-08-12 02:00:58] DEBUG    70   1.11123963e+10  1.08674363e+10  2.02e-01 1.70e-06  2.59e+01   844s
[2025-08-12 02:01:11] DEBUG    71   1.11016555e+10  1.08769995e+10  1.91e-01 1.69e-06  2.38e+01   857s
[2025-08-12 02:01:25] DEBUG    72   1.10933626e+10  1.08825994e+10  1.84e-01 1.79e-06  2.23e+01   871s
[2025-08-12 02:01:38] DEBUG    73   1.10813538e+10  1.08922435e+10  1.70e-01 2.00e-06  2.00e+01   884s
[2025-08-12 02:01:47] DEBUG    74   1.10748571e+10  1.08972673e+10  1.63e-01 2.09e-06  1.88e+01   893s
[2025-08-12 02:01:58] DEBUG    75   1.10610396e+10  1.08998756e+10  1.51e-01 2.15e-06  1.71e+01   904s
[2025-08-12 02:02:12] DEBUG    76   1.10513196e+10  1.09031790e+10  1.41e-01 2.21e-06  1.57e+01   918s
[2025-08-12 02:02:23] DEBUG    77   1.10459263e+10  1.09038993e+10  1.35e-01 2.22e-06  1.50e+01   929s
[2025-08-12 02:02:38] DEBUG    78   1.10372203e+10  1.09059920e+10  1.25e-01 2.25e-06  1.39e+01   943s
[2025-08-12 02:02:51] DEBUG    79   1.10304773e+10  1.09075008e+10  1.17e-01 2.28e-06  1.30e+01   957s
[2025-08-12 02:03:03] DEBUG    80   1.10248613e+10  1.09099183e+10  1.11e-01 2.31e-06  1.22e+01   968s
[2025-08-12 02:03:14] DEBUG    81   1.10202320e+10  1.09118300e+10  1.06e-01 2.34e-06  1.15e+01   980s
[2025-08-12 02:03:28] DEBUG    82   1.10048802e+10  1.09137862e+10  8.96e-02 2.37e-06  9.66e+00   994s
[2025-08-12 02:03:41] DEBUG    83   1.09928561e+10  1.09157542e+10  7.65e-02 2.40e-06  8.19e+00  1007s
[2025-08-12 02:03:49] DEBUG    84   1.09926603e+10  1.09160878e+10  7.61e-02 2.40e-06  8.13e+00  1015s
[2025-08-12 02:04:04] DEBUG    85   1.09817345e+10  1.09184863e+10  6.42e-02 2.41e-06  6.72e+00  1030s
[2025-08-12 02:04:19] DEBUG    86   1.09719228e+10  1.09203132e+10  5.32e-02 2.21e-06  5.49e+00  1045s
[2025-08-12 02:04:33] DEBUG    87   1.09695461e+10  1.09214460e+10  5.08e-02 2.22e-06  5.12e+00  1059s
[2025-08-12 02:04:46] DEBUG    88   1.09605554e+10  1.09229291e+10  3.99e-02 2.23e-06  4.00e+00  1072s
[2025-08-12 02:04:59] DEBUG    89   1.09537920e+10  1.09244016e+10  3.09e-02 2.22e-06  3.13e+00  1085s
[2025-08-12 02:05:13] DEBUG    90   1.09515489e+10  1.09256327e+10  2.81e-02 2.20e-06  2.76e+00  1099s
[2025-08-12 02:05:27] DEBUG    91   1.09482443e+10  1.09263718e+10  2.40e-02 2.19e-06  2.33e+00  1113s
[2025-08-12 02:05:40] DEBUG    92   1.09448975e+10  1.09271712e+10  1.97e-02 2.17e-06  1.88e+00  1125s
[2025-08-12 02:05:51] DEBUG    93   1.09412724e+10  1.09275441e+10  1.47e-02 2.15e-06  1.46e+00  1137s
[2025-08-12 02:06:05] DEBUG    94   1.09401071e+10  1.09281166e+10  1.34e-02 2.12e-06  1.27e+00  1151s
[2025-08-12 02:06:16] DEBUG    95   1.09395978e+10  1.09282596e+10  1.27e-02 2.11e-06  1.20e+00  1162s
[2025-08-12 02:06:26] DEBUG    96   1.09389108e+10  1.09285597e+10  1.17e-02 2.09e-06  1.10e+00  1172s
[2025-08-12 02:06:39] DEBUG    97   1.09364590e+10  1.09287597e+10  8.58e-03 2.07e-06  8.15e-01  1185s
[2025-08-12 02:06:48] DEBUG    98   1.09363996e+10  1.09288463e+10  8.50e-03 2.06e-06  8.00e-01  1194s
[2025-08-12 02:06:57] DEBUG    99   1.09360968e+10  1.09288762e+10  8.08e-03 2.06e-06  7.64e-01  1203s
[2025-08-12 02:07:11] DEBUG    100   1.09357621e+10  1.09291177e+10  7.66e-03 2.03e-06  7.02e-01  1217s
[2025-08-12 02:07:23] DEBUG    101   1.09351518e+10  1.09291300e+10  6.87e-03 2.03e-06  6.36e-01  1229s
[2025-08-12 02:07:36] DEBUG    102   1.09340663e+10  1.09293981e+10  5.36e-03 2.00e-06  4.94e-01  1242s
[2025-08-12 02:07:48] DEBUG    103   1.09335357e+10  1.09294682e+10  4.60e-03 1.99e-06  4.30e-01  1254s
[2025-08-12 02:08:02] DEBUG    104   1.09333685e+10  1.09294884e+10  4.38e-03 1.98e-06  4.10e-01  1268s
[2025-08-12 02:08:09] DEBUG    105   1.09332659e+10  1.09294949e+10  4.23e-03 1.98e-06  3.99e-01  1275s
[2025-08-12 02:08:18] DEBUG    106   1.09331763e+10  1.09295018e+10  4.11e-03 1.98e-06  3.89e-01  1283s
[2025-08-12 02:08:27] DEBUG    107   1.09331296e+10  1.09295080e+10  4.05e-03 1.98e-06  3.83e-01  1293s
[2025-08-12 02:08:39] DEBUG    108   1.09330651e+10  1.09295292e+10  3.97e-03 1.97e-06  3.74e-01  1305s
[2025-08-12 02:08:53] DEBUG    109   1.09325888e+10  1.09295998e+10  3.33e-03 1.94e-06  3.16e-01  1319s
[2025-08-12 02:09:07] DEBUG    110   1.09324426e+10  1.09296396e+10  3.15e-03 1.92e-06  2.96e-01  1333s
[2025-08-12 02:09:21] DEBUG    111   1.09321934e+10  1.09296610e+10  2.79e-03 1.90e-06  2.68e-01  1347s
[2025-08-12 02:09:32] DEBUG    112   1.09320392e+10  1.09296729e+10  2.58e-03 1.88e-06  2.50e-01  1358s
[2025-08-12 02:09:45] DEBUG    113   1.09317194e+10  1.09297356e+10  2.11e-03 1.78e-06  2.10e-01  1371s
[2025-08-12 02:09:59] DEBUG    114   1.09316154e+10  1.09298390e+10  1.97e-03 1.57e-06  1.88e-01  1385s
[2025-08-12 02:10:12] DEBUG    115   1.09314900e+10  1.09298785e+10  1.80e-03 1.44e-06  1.70e-01  1398s
[2025-08-12 02:10:23] DEBUG    116   1.09312122e+10  1.09298883e+10  1.40e-03 1.41e-06  1.40e-01  1409s
[2025-08-12 02:10:23] DEBUG    Barrier performed 116 iterations in 1408.84 seconds (363.57 work units)
[2025-08-12 02:10:23] DEBUG    Barrier solve interrupted - model solved by another algorithm
[2025-08-12 02:10:23] DEBUG    Solved with dual simplex
[2025-08-12 02:10:35] DEBUG    Iteration    Objective       Primal Inf.    Dual Inf.      Time
[2025-08-12 02:10:35] DEBUG    742157    1.0930222e+10   0.000000e+00   0.000000e+00   1421s

Solved in 742157 iterations and 1421.04 seconds (819.75 work units)
[2025-08-12 02:10:35] DEBUG    Optimal objective  1.093022201e+10
✅ Scenario completato: new_trasmission_CG+VRES_2030_nostorage

🚀 Lancio scenario: new_trasmission_GT+VRES_2030_PHES
[2025-08-12 02:25:02] INFO     Loading sets
[2025-08-12 02:25:02] INFO     Loading parameters
[2025-08-12 02:25:41] INFO     constraints are loaded in the following order: ['energy_balance', 'dispatch', 'costs', 'capacity', 'network', 'policy', 'conversion', 'group', 'conversion_plus', 'milp', 'export']
[2025-08-12 02:25:41] INFO     creating energy_balance constraints
[2025-08-12 02:29:12] INFO     creating dispatch constraints
[2025-08-12 02:31:38] INFO     creating costs constraints
[2025-08-12 02:42:35] INFO     creating capacity constraints
[2025-08-12 02:42:35] INFO     creating network constraints
[2025-08-12 02:42:35] INFO     creating policy constraints
[2025-08-12 02:42:35] INFO     creating conversion constraints
[2025-08-12 02:42:35] INFO     creating group constraints
[2025-08-12 02:42:35] INFO     creating conversion_plus constraints
[2025-08-12 02:42:35] INFO     creating milp constraints
[2025-08-12 02:42:35] INFO     creating export constraints
[2025-08-12 02:58:00] DEBUG    Set parameter WLSAccessID
Set parameter WLSSecret
Set parameter LicenseID to value 2680226
[2025-08-12 02:58:00] DEBUG    Academic license 2680226 - for non-commercial use only - registered to an___@mail.polimi.it
[2025-08-12 02:58:44] DEBUG    Read LP format model from file /tmp/tmpozkswo7y.pyomo.lp
Reading time = 43.82 seconds
x21737263: 28789165 rows, 21737263 columns, 71126868 nonzeros
[2025-08-12 02:58:44] DEBUG    Set parameter NumericFocus to value 1
Gurobi Optimizer version 12.0.2 build v12.0.2rc0 (linux64 - "Debian GNU/Linux 11 (bullseye)")

CPU model: Intel(R) Xeon(R) Silver 4314 CPU @ 2.40GHz, instruction set [SSE2|AVX|AVX2|AVX512]
Thread count: 32 physical cores, 64 logical processors, using up to 32 threads

Non-default parameters:
NumericFocus  1
[2025-08-12 02:58:44] DEBUG    Academic license 2680226 - for non-commercial use only - registered to an___@mail.polimi.it
Optimize a model with 28789165 rows, 21737263 columns and 71126868 nonzeros
[2025-08-12 02:58:45] DEBUG    Model fingerprint: 0x632d5cc4
[2025-08-12 02:58:45] DEBUG    Coefficient statistics:
  Matrix range     [1e-07, 3e+02]
  Objective range  [1e+00, 1e+06]
  Bounds range     [0e+00, 0e+00]
  RHS range        [1e+00, 6e+09]
Warning: Model contains large rhs
[2025-08-12 02:58:51] DEBUG    Presolve removed 20375946 rows and 11778366 columns (presolve time = 6s)...
[2025-08-12 02:58:55] DEBUG    Presolve removed 20938398 rows and 12326772 columns (presolve time = 10s)...
[2025-08-12 02:59:00] DEBUG    Presolve removed 21900960 rows and 15080000 columns (presolve time = 15s)...
[2025-08-12 02:59:06] DEBUG    Presolve removed 23929257 rows and 17062719 columns (presolve time = 20s)...
[2025-08-12 02:59:19] DEBUG    Presolve removed 23929309 rows and 17316759 columns (presolve time = 33s)...
[2025-08-12 02:59:21] DEBUG    Presolve removed 23929827 rows and 17439399 columns (presolve time = 35s)...
[2025-08-12 02:59:26] DEBUG    Presolve removed 23929827 rows and 17439399 columns (presolve time = 40s)...
[2025-08-12 02:59:26] DEBUG    Presolve removed 24078730 rows and 17439399 columns
[2025-08-12 03:00:08] DEBUG    Presolve time: 83.83s
Presolved: 4710435 rows, 4446767 columns, 16964687 nonzeros
[2025-08-12 03:00:08] DEBUG    Concurrent LP optimizer: primal simplex, dual simplex, and barrier
Showing barrier log only...
[2025-08-12 03:00:47] DEBUG    Elapsed ordering time = 36s
[2025-08-12 03:00:51] DEBUG    Elapsed ordering time = 40s
[2025-08-12 03:00:56] DEBUG    Elapsed ordering time = 45s
[2025-08-12 03:01:20] DEBUG    Ordering time: 69.42s
[2025-08-12 03:01:23] DEBUG    Barrier statistics:
 Dense cols : 200
 AA' NZ     : 1.763e+07
 Factor NZ  : 7.081e+07 (roughly 4.0 GB of memory)
 Factor Ops : 7.609e+09 (less than 1 second per iteration)
 Threads    : 30
[2025-08-12 03:01:30] DEBUG    Objective                Residual
Iter       Primal          Dual         Primal    Dual     Compl     Time
[2025-08-12 03:01:30] DEBUG    0   2.30847995e+12 -7.57008055e+13  1.40e+08 1.44e-01  4.21e+08   166s
[2025-08-12 03:01:39] DEBUG    1   1.99866021e+12 -6.44754989e+13  1.11e+08 8.19e+00  2.37e+08   174s
[2025-08-12 03:01:48] DEBUG    2   1.89743841e+12 -5.59168397e+13  9.68e+07 3.29e+00  1.65e+08   184s
[2025-08-12 03:02:01] DEBUG    3   1.63268356e+12 -5.06291168e+13  6.46e+07 1.55e+00  1.04e+08   197s
[2025-08-12 03:02:10] DEBUG    4   1.48067315e+12 -4.47830809e+13  4.60e+07 5.52e-01  6.56e+07   206s
[2025-08-12 03:02:17] DEBUG    5   1.38929264e+12 -3.51117367e+13  3.58e+07 1.59e-01  4.58e+07   213s
[2025-08-12 03:02:25] DEBUG    6   1.17668041e+12 -2.36363634e+13  1.78e+07 2.61e-02  2.11e+07   220s
[2025-08-12 03:02:32] DEBUG    7   7.23589274e+11 -1.94868339e+13  1.30e+06 1.37e-02  3.32e+06   228s
[2025-08-12 03:02:41] DEBUG    8   5.92268863e+11 -1.37152000e+13  1.79e+05 8.55e-03  1.58e+06   237s
[2025-08-12 03:02:49] DEBUG    9   5.07432118e+11 -5.29730363e+12  5.74e+04 2.56e-03  6.02e+05   245s
[2025-08-12 03:02:59] DEBUG    10   3.43167447e+11 -3.38111415e+12  8.93e+03 1.55e-03  3.68e+05   254s
[2025-08-12 03:03:12] DEBUG    11   2.04468525e+11 -1.42063093e+12  5.50e+02 5.71e-04  1.58e+05   268s
[2025-08-12 03:03:22] DEBUG    12   1.26690507e+11 -6.00029032e+11  1.59e+02 2.16e-04  7.06e+04   277s
[2025-08-12 03:03:29] DEBUG    13   8.27466427e+10 -2.77029409e+11  5.99e+01 8.73e-05  3.48e+04   285s
[2025-08-12 03:03:37] DEBUG    14   5.94978511e+10 -1.75680812e+11  3.20e+01 1.08e-04  2.26e+04   292s
[2025-08-12 03:03:44] DEBUG    15   4.52297041e+10 -9.01505729e+10  1.84e+01 1.71e-05  1.29e+04   299s
[2025-08-12 03:03:51] DEBUG    16   3.12973884e+10 -4.68578157e+10  8.12e+00 2.57e-07  7.40e+03   306s
[2025-08-12 03:04:00] DEBUG    17   2.43999037e+10 -1.11395822e+10  4.42e+00 7.19e-12  3.34e+03   316s
[2025-08-12 03:04:13] DEBUG    18   2.31375933e+10 -7.59326240e+09  3.97e+00 1.06e-06  2.88e+03   329s
[2025-08-12 03:04:21] DEBUG    19   2.21283565e+10 -4.85002573e+09  3.57e+00 4.75e-12  2.53e+03   337s
[2025-08-12 03:04:28] DEBUG    20   2.16230807e+10 -3.80846530e+09  3.38e+00 9.08e-06  2.38e+03   344s
[2025-08-12 03:04:36] DEBUG    21   2.11555745e+10 -3.03262366e+09  3.20e+00 9.72e-06  2.26e+03   352s
[2025-08-12 03:04:46] DEBUG    22   2.02781392e+10 -5.16720336e+08  2.91e+00 9.08e-06  1.94e+03   361s
[2025-08-12 03:04:57] DEBUG    23   1.91674445e+10  1.41530567e+08  2.53e+00 9.62e-06  1.78e+03   373s
[2025-08-12 03:05:13] DEBUG    24   1.85480482e+10  2.93336287e+09  2.33e+00 1.27e-05  1.46e+03   389s
[2025-08-12 03:05:28] DEBUG    25   1.73309370e+10  5.31986004e+09  1.94e+00 1.98e-05  1.12e+03   404s
[2025-08-12 03:05:40] DEBUG    26   1.66501394e+10  6.56228408e+09  1.72e+00 2.34e-05  9.38e+02   415s
[2025-08-12 03:05:55] DEBUG    27   1.61140156e+10  6.96672829e+09  1.56e+00 2.39e-05  8.50e+02   431s
[2025-08-12 03:06:07] DEBUG    28   1.57476643e+10  7.28643781e+09  1.46e+00 2.32e-05  7.86e+02   443s
[2025-08-12 03:06:23] DEBUG    29   1.53145788e+10  7.48524104e+09  1.33e+00 1.86e-05  7.27e+02   458s
[2025-08-12 03:06:38] DEBUG    30   1.49790578e+10  7.90191364e+09  1.23e+00 1.70e-05  6.57e+02   474s
[2025-08-12 03:06:48] DEBUG    31   1.48833853e+10  7.99411729e+09  1.20e+00 1.62e-05  6.39e+02   484s
[2025-08-12 03:07:03] DEBUG    32   1.45888377e+10  8.19088494e+09  1.11e+00 1.48e-05  5.94e+02   498s
[2025-08-12 03:07:15] DEBUG    33   1.44387363e+10  8.37058574e+09  1.06e+00 1.34e-05  5.63e+02   510s
[2025-08-12 03:07:25] DEBUG    34   1.43804823e+10  8.45230726e+09  1.04e+00 1.26e-05  5.50e+02   521s
[2025-08-12 03:07:38] DEBUG    35   1.40995944e+10  8.55521395e+09  9.54e-01 9.49e-06  5.14e+02   534s
[2025-08-12 03:07:52] DEBUG    36   1.39255312e+10  9.06342905e+09  9.04e-01 6.98e-06  4.51e+02   548s
[2025-08-12 03:08:04] DEBUG    37   1.35879972e+10  9.13791221e+09  7.97e-01 6.23e-06  4.12e+02   560s
[2025-08-12 03:08:19] DEBUG    38   1.33998701e+10  9.26515717e+09  7.45e-01 5.43e-06  3.83e+02   575s
[2025-08-12 03:08:33] DEBUG    39   1.32277375e+10  9.39815806e+09  6.95e-01 5.23e-06  3.55e+02   589s
[2025-08-12 03:08:46] DEBUG    40   1.30850899e+10  9.48352065e+09  6.54e-01 5.10e-06  3.34e+02   602s
[2025-08-12 03:09:01] DEBUG    41   1.29553982e+10  9.58645790e+09  6.17e-01 4.95e-06  3.12e+02   617s
[2025-08-12 03:09:17] DEBUG    42   1.28387300e+10  9.72591330e+09  5.85e-01 4.75e-06  2.88e+02   633s
[2025-08-12 03:09:32] DEBUG    43   1.27028211e+10  9.80112790e+09  5.45e-01 4.59e-06  2.69e+02   648s
[2025-08-12 03:09:47] DEBUG    44   1.26191545e+10  9.91595400e+09  5.20e-01 4.33e-06  2.50e+02   663s
[2025-08-12 03:10:02] DEBUG    45   1.25176628e+10  9.98520828e+09  4.91e-01 4.15e-06  2.34e+02   678s
[2025-08-12 03:10:18] DEBUG    46   1.23876836e+10  1.00806556e+10  4.54e-01 3.85e-06  2.14e+02   694s
[2025-08-12 03:10:32] DEBUG    47   1.22113916e+10  1.01441158e+10  4.01e-01 3.61e-06  1.91e+02   708s
[2025-08-12 03:10:47] DEBUG    48   1.21167733e+10  1.02986907e+10  3.76e-01 4.32e-06  1.68e+02   722s
[2025-08-12 03:11:02] DEBUG    49   1.20003474e+10  1.03765338e+10  3.43e-01 4.69e-06  1.50e+02   738s
[2025-08-12 03:11:13] DEBUG    50   1.19243374e+10  1.04018887e+10  3.19e-01 4.77e-06  1.41e+02   748s
[2025-08-12 03:11:27] DEBUG    51   1.19052931e+10  1.05548963e+10  3.13e-01 5.56e-06  1.25e+02   762s
[2025-08-12 03:11:39] DEBUG    52   1.18465527e+10  1.05827843e+10  2.95e-01 5.54e-06  1.17e+02   775s
[2025-08-12 03:11:52] DEBUG    53   1.18031702e+10  1.06131489e+10  2.82e-01 5.52e-06  1.10e+02   788s
[2025-08-12 03:12:08] DEBUG    54   1.17379353e+10  1.06417938e+10  2.63e-01 5.50e-06  1.01e+02   804s
[2025-08-12 03:12:22] DEBUG    55   1.17039853e+10  1.06615848e+10  2.54e-01 5.52e-06  9.64e+01   818s
[2025-08-12 03:12:34] DEBUG    56   1.16253481e+10  1.06930621e+10  2.30e-01 5.70e-06  8.62e+01   830s
[2025-08-12 03:12:48] DEBUG    57   1.15733218e+10  1.07174807e+10  2.13e-01 5.61e-06  7.91e+01   844s
[2025-08-12 03:13:00] DEBUG    58   1.15482131e+10  1.07305988e+10  2.05e-01 5.59e-06  7.56e+01   856s
[2025-08-12 03:13:15] DEBUG    59   1.14666315e+10  1.07564690e+10  1.82e-01 5.56e-06  6.56e+01   870s
[2025-08-12 03:13:30] DEBUG    60   1.14368956e+10  1.08001140e+10  1.73e-01 5.36e-06  5.89e+01   886s
[2025-08-12 03:13:45] DEBUG    61   1.14040651e+10  1.08073905e+10  1.63e-01 5.23e-06  5.52e+01   901s
[2025-08-12 03:14:00] DEBUG    62   1.13941223e+10  1.08106069e+10  1.60e-01 5.24e-06  5.39e+01   916s
[2025-08-12 03:14:12] DEBUG    63   1.13668555e+10  1.08201028e+10  1.51e-01 4.99e-06  5.05e+01   927s
[2025-08-12 03:14:21] DEBUG    64   1.13489007e+10  1.08296929e+10  1.45e-01 4.56e-06  4.80e+01   936s
[2025-08-12 03:14:35] DEBUG    65   1.13230113e+10  1.08445501e+10  1.36e-01 3.89e-06  4.42e+01   951s
[2025-08-12 03:14:49] DEBUG    66   1.12693685e+10  1.08613622e+10  1.19e-01 3.36e-06  3.77e+01   965s
[2025-08-12 03:15:04] DEBUG    67   1.12392715e+10  1.08781531e+10  1.08e-01 2.98e-06  3.34e+01   980s
[2025-08-12 03:15:16] DEBUG    68   1.12184972e+10  1.08830026e+10  1.01e-01 2.89e-06  3.10e+01   992s
[2025-08-12 03:15:29] DEBUG    69   1.11999147e+10  1.08940074e+10  9.62e-02 2.61e-06  2.83e+01  1005s
[2025-08-12 03:15:41] DEBUG    70   1.11702746e+10  1.09009292e+10  8.56e-02 2.61e-06  2.49e+01  1017s
[2025-08-12 03:15:55] DEBUG    71   1.11480186e+10  1.09020777e+10  7.80e-02 2.62e-06  2.28e+01  1031s
[2025-08-12 03:16:10] DEBUG    72   1.11290777e+10  1.09053330e+10  7.19e-02 2.65e-06  2.07e+01  1046s
[2025-08-12 03:16:25] DEBUG    73   1.11013660e+10  1.09091821e+10  6.37e-02 2.68e-06  1.78e+01  1061s
[2025-08-12 03:16:39] DEBUG    74   1.10810169e+10  1.09139339e+10  5.73e-02 2.74e-06  1.55e+01  1075s
[2025-08-12 03:16:53] DEBUG    75   1.10720737e+10  1.09146794e+10  5.45e-02 2.75e-06  1.46e+01  1088s
[2025-08-12 03:17:02] DEBUG    76   1.10571026e+10  1.09147001e+10  4.88e-02 2.75e-06  1.32e+01  1098s
[2025-08-12 03:17:17] DEBUG    77   1.10458331e+10  1.09172817e+10  4.48e-02 2.73e-06  1.19e+01  1113s
[2025-08-12 03:17:31] DEBUG    78   1.10335559e+10  1.09188592e+10  4.05e-02 2.72e-06  1.06e+01  1127s
[2025-08-12 03:17:46] DEBUG    79   1.10261376e+10  1.09197138e+10  3.80e-02 2.70e-06  9.87e+00  1142s
[2025-08-12 03:18:01] DEBUG    80   1.10211858e+10  1.09209336e+10  3.63e-02 2.67e-06  9.29e+00  1157s
[2025-08-12 03:18:11] DEBUG    81   1.10191190e+10  1.09212189e+10  3.54e-02 2.66e-06  9.07e+00  1167s
[2025-08-12 03:18:26] DEBUG    82   1.10141931e+10  1.09216695e+10  3.35e-02 2.65e-06  8.58e+00  1182s
[2025-08-12 03:18:38] DEBUG    83   1.10078020e+10  1.09224896e+10  3.11e-02 2.62e-06  7.91e+00  1193s
[2025-08-12 03:18:53] DEBUG    84   1.10038467e+10  1.09229653e+10  2.96e-02 2.60e-06  7.50e+00  1208s
[2025-08-12 03:19:07] DEBUG    85   1.09900225e+10  1.09237881e+10  2.42e-02 2.56e-06  6.15e+00  1222s
[2025-08-12 03:19:22] DEBUG    86   1.09829298e+10  1.09251509e+10  2.17e-02 2.48e-06  5.37e+00  1238s
[2025-08-12 03:19:34] DEBUG    87   1.09805857e+10  1.09255541e+10  2.08e-02 2.46e-06  5.12e+00  1250s
[2025-08-12 03:19:49] DEBUG    88   1.09735767e+10  1.09263172e+10  1.80e-02 2.41e-06  4.40e+00  1265s
[2025-08-12 03:20:04] DEBUG    89   1.09667510e+10  1.09272477e+10  1.56e-02 2.34e-06  3.68e+00  1280s
[2025-08-12 03:20:13] DEBUG    90   1.09661129e+10  1.09275045e+10  1.53e-02 2.33e-06  3.60e+00  1289s
[2025-08-12 03:20:28] DEBUG    91   1.09580733e+10  1.09278917e+10  1.21e-02 2.30e-06  2.81e+00  1303s
[2025-08-12 03:20:37] DEBUG    92   1.09571707e+10  1.09279729e+10  1.17e-02 2.29e-06  2.72e+00  1313s
[2025-08-12 03:20:51] DEBUG    93   1.09505159e+10  1.09284634e+10  8.80e-03 2.24e-06  2.06e+00  1327s
[2025-08-12 03:21:06] DEBUG    94   1.09490429e+10  1.09287336e+10  8.21e-03 2.20e-06  1.89e+00  1342s
[2025-08-12 03:21:20] DEBUG    95   1.09478927e+10  1.09289078e+10  7.72e-03 2.17e-06  1.77e+00  1356s
[2025-08-12 03:21:36] DEBUG    96   1.09445395e+10  1.09290532e+10  6.33e-03 2.14e-06  1.44e+00  1372s
[2025-08-12 03:21:51] DEBUG    97   1.09419490e+10  1.09293487e+10  5.27e-03 2.08e-06  1.17e+00  1387s
[2025-08-12 03:22:07] DEBUG    98   1.09406731e+10  1.09295843e+10  4.71e-03 2.02e-06  1.03e+00  1402s
[2025-08-12 03:22:17] DEBUG    99   1.09395115e+10  1.09296808e+10  4.18e-03 1.97e-06  9.10e-01  1412s
[2025-08-12 03:22:29] DEBUG    100   1.09376019e+10  1.09297637e+10  3.30e-03 1.93e-06  7.25e-01  1425s
[2025-08-12 03:22:43] DEBUG    101   1.09371060e+10  1.09297891e+10  3.10e-03 1.91e-06  6.78e-01  1439s
[2025-08-12 03:22:56] DEBUG    102   1.09368969e+10  1.09298477e+10  3.01e-03 1.83e-06  6.52e-01  1452s
[2025-08-12 03:23:05] DEBUG    103   1.09363051e+10  1.09298578e+10  2.74e-03 1.82e-06  5.97e-01  1461s
[2025-08-12 03:23:21] DEBUG    104   1.09355068e+10  1.09298994e+10  2.41e-03 1.74e-06  5.19e-01  1477s
[2025-08-12 03:23:36] DEBUG    105   1.09344702e+10  1.09299948e+10  1.94e-03 1.71e-06  4.14e-01  1492s
[2025-08-12 03:23:47] DEBUG    106   1.09336111e+10  1.09300028e+10  1.54e-03 1.68e-06  3.34e-01  1503s
[2025-08-12 03:24:02] DEBUG    107   1.09334199e+10  1.09300107e+10  1.46e-03 1.63e-06  3.15e-01  1518s
[2025-08-12 03:24:17] DEBUG    108   1.09328518e+10  1.09300265e+10  1.21e-03 1.54e-06  2.61e-01  1533s
[2025-08-12 03:24:31] DEBUG    109   1.09324253e+10  1.09300787e+10  1.02e-03 1.20e-06  2.17e-01  1547s
[2025-08-12 03:24:46] DEBUG    110   1.09321242e+10  1.09300998e+10  8.86e-04 1.03e-06  1.87e-01  1562s
[2025-08-12 03:24:59] DEBUG    111   1.09317588e+10  1.09301248e+10  7.18e-04 8.29e-07  1.51e-01  1575s
[2025-08-12 03:25:14] DEBUG    112   1.09314392e+10  1.09301295e+10  5.66e-04 7.70e-07  1.21e-01  1589s
[2025-08-12 03:25:29] DEBUG    113   1.09312767e+10  1.09301391e+10  4.93e-04 6.90e-07  1.05e-01  1605s
[2025-08-12 03:25:44] DEBUG    114   1.09310335e+10  1.09301565e+10  3.84e-04 5.46e-07  8.10e-02  1619s
[2025-08-12 03:25:58] DEBUG    115   1.09309807e+10  1.09301580e+10  3.60e-04 5.32e-07  7.60e-02  1634s
[2025-08-12 03:26:12] DEBUG    116   1.09308118e+10  1.09301673e+10  2.79e-04 4.53e-07  5.95e-02  1648s
[2025-08-12 03:26:28] DEBUG    117   1.09307186e+10  1.09301746e+10  2.34e-04 3.90e-07  5.02e-02  1663s
[2025-08-12 03:26:42] DEBUG    118   1.09306477e+10  1.09301793e+10  2.01e-04 3.52e-07  4.32e-02  1678s
[2025-08-12 03:26:52] DEBUG    119   1.09305431e+10  1.09301822e+10  1.49e-04 3.28e-07  3.33e-02  1688s
[2025-08-12 03:27:06] DEBUG    120   1.09304959e+10  1.09301948e+10  1.27e-04 2.24e-07  2.78e-02  1702s
[2025-08-12 03:27:18] DEBUG    121   1.09304841e+10  1.09301965e+10  1.21e-04 2.09e-07  2.65e-02  1714s
[2025-08-12 03:27:30] DEBUG    122   1.09304307e+10  1.09301997e+10  9.61e-05 1.80e-07  2.13e-02  1726s
[2025-08-12 03:27:42] DEBUG    123   1.09303711e+10  1.09302029e+10  6.85e-05 1.54e-07  1.55e-02  1738s
[2025-08-12 03:27:56] DEBUG    124   1.09303161e+10  1.09302085e+10  4.24e-05 1.17e-07  9.90e-03  1752s
[2025-08-12 03:28:11] DEBUG    125   1.09302780e+10  1.09302124e+10  2.47e-05 9.40e-08  6.02e-03  1767s
[2025-08-12 03:28:25] DEBUG    126   1.09302487e+10  1.09302164e+10  1.14e-05 6.40e-08  2.96e-03  1780s
[2025-08-12 03:28:34] DEBUG    127   1.09302431e+10  1.09302174e+10  8.93e-06 5.38e-08  2.35e-03  1789s
[2025-08-12 03:28:45] DEBUG    128   1.09302318e+10  1.09302187e+10  3.87e-06 4.14e-08  1.20e-03  1801s
[2025-08-12 03:28:55] DEBUG    129   1.09302313e+10  1.09302192e+10  3.67e-06 3.53e-08  1.11e-03  1811s
[2025-08-12 03:29:02] DEBUG    130   1.09302270e+10  1.09302203e+10  1.92e-06 2.25e-08  6.11e-04  1818s
[2025-08-12 03:29:09] DEBUG    131   1.09302264e+10  1.09302215e+10  1.67e-06 3.41e-08  4.62e-04  1825s
[2025-08-12 03:29:17] DEBUG    132   1.09302247e+10  1.09302217e+10  1.04e-06 2.75e-08  2.91e-04  1832s
[2025-08-12 03:29:24] DEBUG    133   1.09302230e+10  1.09302218e+10  3.43e-07 1.36e-08  1.11e-04  1839s
[2025-08-12 03:29:31] DEBUG    134   1.09302224e+10  1.09302220e+10  1.42e-07 5.63e-09  4.41e-05  1846s
[2025-08-12 03:29:37] DEBUG    135   1.09302221e+10  1.09302220e+10  4.84e-08 3.46e-09  8.08e-06  1853s
[2025-08-12 03:29:44] DEBUG    136   1.09302220e+10  1.09302220e+10  3.35e-08 1.25e-09  2.00e-06  1859s
[2025-08-12 03:29:51] DEBUG    137   1.09302220e+10  1.09302220e+10  4.10e-08 1.47e-09  4.41e-07  1867s
[2025-08-12 03:29:59] DEBUG    138   1.09302220e+10  1.09302220e+10  4.84e-08 2.42e-10  1.67e-09  1874s
[2025-08-12 03:29:59] DEBUG    Barrier solved model in 138 iterations and 1874.42 seconds (504.67 work units)
[2025-08-12 03:29:59] DEBUG    Optimal objective 1.09302220e+10
[2025-08-12 03:30:00] DEBUG    Crossover log...
[2025-08-12 03:30:01] DEBUG    513595 DPushes remaining with DInf 0.0000000e+00              1876s
[2025-08-12 03:30:05] DEBUG    373521 DPushes remaining with DInf 0.0000000e+00              1881s
[2025-08-12 03:30:10] DEBUG    338600 DPushes remaining with DInf 0.0000000e+00              1885s
[2025-08-12 03:30:15] DEBUG    327141 DPushes remaining with DInf 0.0000000e+00              1890s
[2025-08-12 03:30:20] DEBUG    311830 DPushes remaining with DInf 0.0000000e+00              1895s
[2025-08-12 03:30:25] DEBUG    291408 DPushes remaining with DInf 0.0000000e+00              1900s
[2025-08-12 03:30:29] DEBUG    263331 DPushes remaining with DInf 0.0000000e+00              1905s
[2025-08-12 03:30:35] DEBUG    227499 DPushes remaining with DInf 0.0000000e+00              1910s
[2025-08-12 03:30:40] DEBUG    199094 DPushes remaining with DInf 0.0000000e+00              1915s
[2025-08-12 03:30:44] DEBUG    175147 DPushes remaining with DInf 0.0000000e+00              1920s
[2025-08-12 03:30:50] DEBUG    149582 DPushes remaining with DInf 0.0000000e+00              1925s
[2025-08-12 03:30:54] DEBUG    123368 DPushes remaining with DInf 0.0000000e+00              1930s
[2025-08-12 03:31:00] DEBUG    101224 DPushes remaining with DInf 0.0000000e+00              1935s
[2025-08-12 03:31:04] DEBUG    82489 DPushes remaining with DInf 0.0000000e+00              1940s
[2025-08-12 03:31:10] DEBUG    61705 DPushes remaining with DInf 0.0000000e+00              1946s
[2025-08-12 03:31:15] DEBUG    39603 DPushes remaining with DInf 0.0000000e+00              1950s
[2025-08-12 03:31:20] DEBUG    24872 DPushes remaining with DInf 0.0000000e+00              1955s
[2025-08-12 03:31:24] DEBUG    15846 DPushes remaining with DInf 0.0000000e+00              1960s
[2025-08-12 03:31:30] DEBUG    5836 DPushes remaining with DInf 0.0000000e+00              1965s
[2025-08-12 03:31:33] DEBUG    0 DPushes remaining with DInf 0.0000000e+00              1969s
[2025-08-12 03:31:33] DEBUG    487043 PPushes remaining with PInf 4.4803330e-06              1969s
[2025-08-12 03:31:34] DEBUG    103611 PPushes remaining with PInf 3.6903985e-01              1970s
[2025-08-12 03:31:37] DEBUG    0 PPushes remaining with PInf 0.0000000e+00              1973s
[2025-08-12 03:31:38] DEBUG    Push phase complete: Pinf 0.0000000e+00, Dinf 3.1817895e-04   1973s
[2025-08-12 03:31:38] DEBUG    Iteration    Objective       Primal Inf.    Dual Inf.      Time
[2025-08-12 03:31:38] DEBUG    771304    1.0930222e+10   0.000000e+00   3.181789e-04   1974s
[2025-08-12 03:31:40] DEBUG    Solved with barrier
[2025-08-12 03:31:56] DEBUG    771305    1.0930222e+10   0.000000e+00   0.000000e+00   1992s
[2025-08-12 03:31:56] DEBUG    Solved in 771305 iterations and 1991.66 seconds (625.45 work units)
[2025-08-12 03:31:56] DEBUG    Optimal objective  1.093022201e+10
✅ Scenario completato: new_trasmission_GT+VRES_2030_PHES
🏁 Tutti gli scenari sono stati processati.
