
🚀 Lancio scenario: existing_VRES_2030_BESS
[2025-09-17 02:30:52] INFO     Loading sets
[2025-09-17 02:30:52] INFO     Loading parameters
[2025-09-17 02:31:40] INFO     constraints are loaded in the following order: ['energy_balance', 'dispatch', 'costs', 'capacity', 'network', 'policy', 'conversion', 'group', 'conversion_plus', 'milp', 'export']
[2025-09-17 02:31:40] INFO     creating energy_balance constraints
[2025-09-17 02:35:39] INFO     creating dispatch constraints
[2025-09-17 02:38:30] INFO     creating costs constraints
[2025-09-17 02:48:48] INFO     creating capacity constraints
[2025-09-17 02:48:48] INFO     creating network constraints
[2025-09-17 02:48:48] INFO     creating policy constraints
[2025-09-17 02:48:48] INFO     creating conversion constraints
[2025-09-17 02:48:48] INFO     creating group constraints
[2025-09-17 02:48:48] INFO     creating conversion_plus constraints
[2025-09-17 02:48:48] INFO     creating milp constraints
[2025-09-17 02:48:48] INFO     creating export constraints
[2025-09-17 03:01:31] DEBUG    Set parameter WLSAccessID
Set parameter WLSSecret
Set parameter LicenseID to value 2680226
[2025-09-17 03:01:31] DEBUG    Academic license 2680226 - for non-commercial use only - registered to an___@mail.polimi.it
[2025-09-17 03:02:07] DEBUG    Read LP format model from file /tmp/tmpxs20pu3r.pyomo.lp
Reading time = 36.00 seconds
x17505524: 23839073 rows, 17505524 columns, 57417137 nonzeros
[2025-09-17 03:02:07] DEBUG    Set parameter NumericFocus to value 1
Gurobi Optimizer version 12.0.2 build v12.0.2rc0 (linux64 - "Debian GNU/Linux 11 (bullseye)")

CPU model: Intel(R) Xeon(R) Silver 4314 CPU @ 2.40GHz, instruction set [SSE2|AVX|AVX2|AVX512]
Thread count: 32 physical cores, 64 logical processors, using up to 32 threads

Non-default parameters:
NumericFocus  1
[2025-09-17 03:02:07] DEBUG    Academic license 2680226 - for non-commercial use only - registered to an___@mail.polimi.it
Optimize a model with 23839073 rows, 17505524 columns and 57417137 nonzeros
[2025-09-17 03:02:08] DEBUG    Model fingerprint: 0xefacfb31
[2025-09-17 03:02:08] DEBUG    Coefficient statistics:
  Matrix range     [1e-07, 3e+02]
  Objective range  [1e+00, 1e+06]
  Bounds range     [0e+00, 0e+00]
  RHS range        [1e+00, 2e+08]
[2025-09-17 03:02:14] DEBUG    Presolve removed 19220535 rows and 9996207 columns (presolve time = 6s)...
[2025-09-17 03:02:18] DEBUG    Presolve removed 19220591 rows and 11690000 columns (presolve time = 10s)...
[2025-09-17 03:02:23] DEBUG    Presolve removed 21689292 rows and 14107922 columns (presolve time = 15s)...
[2025-09-17 03:02:28] DEBUG    Presolve removed 22201014 rows and 14213042 columns (presolve time = 20s)...
[2025-09-17 03:02:30] DEBUG    Presolve removed 22341158 rows and 14213042 columns
[2025-09-17 03:02:30] DEBUG    Presolve time: 22.54s
Presolved: 1497915 rows, 3432626 columns, 9282335 nonzeros

Concurrent LP optimizer: primal simplex, dual simplex, and barrier
Showing barrier log only...
[2025-09-17 03:02:46] DEBUG    Elapsed ordering time = 15s
[2025-09-17 03:02:46] DEBUG    Elapsed ordering time = 15s
[2025-09-17 03:02:51] DEBUG    Ordering time: 19.82s
[2025-09-17 03:02:53] DEBUG    Barrier statistics:
 Dense cols : 112
 AA' NZ     : 8.531e+06
 Factor NZ  : 4.635e+07 (roughly 2.4 GB of memory)
 Factor Ops : 5.521e+09 (less than 1 second per iteration)
[2025-09-17 03:02:53] DEBUG    Threads    : 30
[2025-09-17 03:02:56] DEBUG    Objective                Residual
[2025-09-17 03:02:56] DEBUG    Iter       Primal          Dual         Primal    Dual     Compl     Time
[2025-09-17 03:02:57] DEBUG    0   3.59076552e+21 -1.14728926e+19  8.47e+10 1.24e-01  4.89e+15    49s
[2025-09-17 03:03:01] DEBUG    1   1.29407858e+21 -1.14580103e+19  2.73e+10 2.65e+05  1.85e+15    53s
[2025-09-17 03:03:06] DEBUG    2   6.66170792e+20 -9.20291213e+18  1.31e+10 4.69e+04  7.25e+14    59s
[2025-09-17 03:03:13] DEBUG    3   3.80292235e+20 -8.41859379e+18  7.37e+09 1.12e+04  3.79e+14    66s
[2025-09-17 03:03:19] DEBUG    4   2.74257552e+20 -7.96713024e+18  5.33e+09 5.01e+03  2.66e+14    71s
[2025-09-17 03:03:22] DEBUG    5   2.10502303e+20 -7.65013279e+18  4.05e+09 1.91e+03  2.02e+14    75s
[2025-09-17 03:03:25] DEBUG    6   1.47967489e+20 -7.38267403e+18  2.81e+09 7.79e+02  1.41e+14    78s
[2025-09-17 03:03:29] DEBUG    7   1.20329748e+20 -7.04138722e+18  2.28e+09 3.81e+02  1.14e+14    82s
[2025-09-17 03:03:33] DEBUG    8   1.08795100e+20 -6.73479735e+18  2.06e+09 2.17e+02  1.02e+14    85s
[2025-09-17 03:03:38] DEBUG    9   5.10395793e+19 -6.19758899e+18  9.93e+08 6.00e+01  4.93e+13    91s
[2025-09-17 03:03:42] DEBUG    10   2.12821120e+19 -5.61647299e+18  4.14e+08 3.16e+01  2.09e+13    95s
[2025-09-17 03:03:47] DEBUG    11   8.99836393e+18 -4.53390951e+18  1.73e+08 1.17e+01  8.89e+12   100s
[2025-09-17 03:03:51] DEBUG    12   7.34499344e+18 -3.67500691e+18  1.41e+08 6.08e+00  7.05e+12   103s
[2025-09-17 03:03:56] DEBUG    13   2.39750663e+18 -2.86261140e+18  4.45e+07 2.73e+00  2.43e+12   109s
[2025-09-17 03:04:02] DEBUG    14   1.59836997e+18 -1.33284023e+18  3.17e+07 5.78e-01  1.33e+12   115s
[2025-09-17 03:04:08] DEBUG    15   4.01781265e+17 -8.92618417e+17  7.80e+06 5.16e-01  3.95e+11   120s
[2025-09-17 03:04:11] DEBUG    16   3.64275328e+17 -7.81600911e+17  7.08e+06 5.12e-01  3.46e+11   124s
[2025-09-17 03:04:15] DEBUG    17   1.49751114e+17 -5.48306265e+17  2.86e+06 5.95e-01  1.68e+11   128s
[2025-09-17 03:04:19] DEBUG    18   3.92693245e+16 -2.82523456e+17  7.30e+05 3.44e-01  6.09e+10   132s
[2025-09-17 03:04:22] DEBUG    19   2.55772032e+15 -5.60602374e+16  3.44e+04 1.04e-01  9.14e+09   135s
[2025-09-17 03:04:27] DEBUG    20   1.93651345e+14 -1.24303617e+15  9.40e+01 1.39e-02  1.93e+08   140s
[2025-09-17 03:04:31] DEBUG    21   1.71369087e+14 -3.68824498e+14  4.26e+00 1.49e-02  5.72e+07   144s
[2025-09-17 03:04:36] DEBUG    22   1.64091303e+14 -7.61808602e+13  1.40e-03 2.55e-02  1.21e+07   149s
[2025-09-17 03:04:46] DEBUG    23   1.58880609e+14 -7.41549699e+13  6.71e-04 2.49e-02  1.17e+07   159s
[2025-09-17 03:04:58] DEBUG    24   1.58134796e+14 -6.84418087e+13  6.10e-04 2.30e-02  1.08e+07   171s
[2025-09-17 03:05:10] DEBUG    25   1.55300201e+14 -3.97737252e+13  4.58e-04 1.53e-02  6.27e+06   183s
[2025-09-17 03:05:21] DEBUG    26   1.54380920e+14 -3.11388287e+13  4.27e-04 1.54e-02  4.92e+06   194s
[2025-09-17 03:05:38] DEBUG    27   1.50119307e+14 -2.42267079e+13  2.75e-04 1.54e-02  3.79e+06   211s
[2025-09-17 03:05:54] DEBUG    28   1.49820586e+14 -1.96003778e+13  2.75e-04 1.54e-02  3.07e+06   227s
[2025-09-17 03:06:09] DEBUG    29   1.43669796e+14 -1.67134491e+13  2.44e-04 1.55e-02  2.54e+06   242s
[2025-09-17 03:06:22] DEBUG    30   1.41485971e+14 -1.09812097e+13  3.05e-04 1.55e-02  1.62e+06   254s
[2025-09-17 03:06:39] DEBUG    31   1.38362980e+14 -9.27607468e+12  3.20e-04 1.56e-02  1.32e+06   272s
[2025-09-17 03:06:56] DEBUG    32   1.35972566e+14 -6.60816199e+12  2.44e-04 1.59e-02  8.69e+05   289s
[2025-09-17 03:07:12] DEBUG    33   1.34484009e+14 -5.00164154e+12  2.14e-04 1.63e-02  6.03e+05   304s
[2025-09-17 03:07:23] DEBUG    34   1.33388986e+14 -3.58545160e+12  1.83e-04 1.68e-02  3.84e+05   316s
[2025-09-17 03:07:31] DEBUG    35   1.33072372e+14 -2.90503846e+12  1.98e-04 1.71e-02  2.86e+05   324s
[2025-09-17 03:07:43] DEBUG    36   1.30433675e+14 -2.76527405e+12  1.98e-04 1.71e-02  2.40e+05   336s
[2025-09-17 03:07:51] DEBUG    37   1.29296767e+14 -2.03687374e+12  2.90e-04 1.77e-02  1.43e+05   344s
[2025-09-17 03:08:01] DEBUG    38   1.28915238e+14 -1.97974837e+12  2.90e-04 1.77e-02  1.34e+05   354s
[2025-09-17 03:08:13] DEBUG    39   1.27917635e+14 -1.71934425e+12  4.12e-04 1.78e-02  9.87e+04   366s
[2025-09-17 03:08:23] DEBUG    40   1.26878437e+14 -1.59632123e+12  4.27e-04 1.78e-02  7.78e+04   376s
[2025-09-17 03:08:40] DEBUG    41   1.26051593e+14 -1.52248093e+12  4.12e-04 1.78e-02  6.61e+04   392s
[2025-09-17 03:08:50] DEBUG    42   1.25317199e+14 -1.41662113e+12  3.66e-04 1.78e-02  4.90e+04   403s
[2025-09-17 03:08:59] DEBUG    43   1.24746673e+14 -1.30324375e+12  3.66e-04 1.79e-02  3.60e+04   412s
[2025-09-17 03:09:09] DEBUG    44   1.24460434e+14 -1.22040354e+12  3.20e-04 1.79e-02  2.74e+04   422s
[2025-09-17 03:09:19] DEBUG    45   1.24075015e+14 -1.19334668e+12  2.59e-04 1.79e-02  2.32e+04   431s
[2025-09-17 03:09:24] DEBUG    46   1.23830409e+14 -1.17997380e+12  2.29e-04 1.79e-02  2.11e+04   436s
[2025-09-17 03:09:32] DEBUG    47   1.23536696e+14 -1.16046758e+12  2.14e-04 1.79e-02  1.78e+04   444s
[2025-09-17 03:09:39] DEBUG    48   1.23460154e+14 -1.15865106e+12  1.98e-04 1.79e-02  1.73e+04   451s
[2025-09-17 03:09:46] DEBUG    49   1.23228905e+14 -1.14808718e+12  1.98e-04 1.79e-02  1.50e+04   459s
[2025-09-17 03:09:55] DEBUG    50   1.23006515e+14 -1.13899991e+12  1.83e-04 1.78e-02  1.24e+04   468s
[2025-09-17 03:10:05] DEBUG    51   1.22737154e+14 -1.13482196e+12  1.83e-04 1.78e-02  1.08e+04   478s
[2025-09-17 03:10:16] DEBUG    52   1.22626371e+14 -1.13347647e+12  1.68e-04 1.78e-02  1.03e+04   489s
[2025-09-17 03:10:25] DEBUG    53   1.22427348e+14 -1.13385470e+12  1.83e-04 1.78e-02  8.97e+03   498s
[2025-09-17 03:10:33] DEBUG    54   1.22262757e+14 -1.13408777e+12  1.83e-04 1.77e-02  8.21e+03   506s
[2025-09-17 03:10:43] DEBUG    55   1.22208099e+14 -1.13487799e+12  2.44e-04 1.77e-02  7.90e+03   515s
[2025-09-17 03:10:54] DEBUG    56   1.22142436e+14 -1.13578963e+12  2.44e-04 1.77e-02  7.44e+03   527s
[2025-09-17 03:11:03] DEBUG    57   1.21937397e+14 -1.13584471e+12  2.44e-04 1.77e-02  6.61e+03   536s
[2025-09-17 03:11:13] DEBUG    58   1.21838017e+14 -1.13684707e+12  2.44e-04 1.77e-02  6.37e+03   545s
[2025-09-17 03:11:22] DEBUG    59   1.21668963e+14 -1.13935441e+12  2.44e-04 1.76e-02  5.75e+03   555s
[2025-09-17 03:11:32] DEBUG    60   1.21551958e+14 -1.14200591e+12  2.44e-04 1.76e-02  5.31e+03   565s
[2025-09-17 03:11:39] DEBUG    61   1.21426155e+14 -1.14437989e+12  2.44e-04 1.76e-02  4.94e+03   572s
[2025-09-17 03:11:47] DEBUG    62   1.21280216e+14 -1.14708549e+12  2.44e-04 1.75e-02  4.54e+03   580s
[2025-09-17 03:11:57] DEBUG    63   1.21149835e+14 -1.14915956e+12  2.44e-04 1.75e-02  4.24e+03   590s
[2025-09-17 03:12:05] DEBUG    64   1.21010684e+14 -1.15164461e+12  2.44e-04 1.74e-02  3.95e+03   597s
[2025-09-17 03:12:13] DEBUG    65   1.20904383e+14 -1.15439243e+12  2.44e-04 1.74e-02  3.70e+03   606s
[2025-09-17 03:12:22] DEBUG    66   1.20796758e+14 -1.15660848e+12  1.83e-04 1.73e-02  3.48e+03   615s
[2025-09-17 03:12:32] DEBUG    67   1.20691832e+14 -1.15912797e+12  1.83e-04 1.72e-02  3.29e+03   625s
[2025-09-17 03:12:43] DEBUG    68   1.20580076e+14 -1.16168639e+12  2.44e-04 1.72e-02  3.08e+03   636s
[2025-09-17 03:12:54] DEBUG    69   1.20491490e+14 -1.16440723e+12  1.83e-04 1.72e-02  2.91e+03   646s
[2025-09-17 03:13:03] DEBUG    70   1.20400056e+14 -1.16652575e+12  1.83e-04 1.71e-02  2.77e+03   656s
[2025-09-17 03:13:12] DEBUG    71   1.20306799e+14 -1.16818921e+12  2.44e-04 1.71e-02  2.64e+03   665s
[2025-09-17 03:13:20] DEBUG    72   1.20225524e+14 -1.16987995e+12  2.44e-04 1.71e-02  2.52e+03   673s
[2025-09-17 03:13:28] DEBUG    73   1.20164138e+14 -1.17152571e+12  2.44e-04 1.71e-02  2.42e+03   680s
[2025-09-17 03:13:38] DEBUG    74   1.20072109e+14 -1.17349936e+12  3.05e-04 1.71e-02  2.30e+03   691s
[2025-09-17 03:13:50] DEBUG    75   1.20005473e+14 -1.17505287e+12  2.44e-04 1.71e-02  2.21e+03   702s
[2025-09-17 03:13:58] DEBUG    76   1.19975105e+14 -1.17597822e+12  3.05e-04 1.71e-02  2.17e+03   711s
[2025-09-17 03:14:08] DEBUG    77   1.19893183e+14 -1.17716420e+12  3.05e-04 1.71e-02  2.08e+03   721s
[2025-09-17 03:14:15] DEBUG    78   1.19828880e+14 -1.17838379e+12  3.05e-04 1.71e-02  2.00e+03   728s
[2025-09-17 03:14:26] DEBUG    79   1.19753617e+14 -1.17955473e+12  3.05e-04 1.70e-02  1.93e+03   739s
[2025-09-17 03:14:36] DEBUG    80   1.19683146e+14 -1.18050940e+12  3.05e-04 1.70e-02  1.85e+03   749s
[2025-09-17 03:14:46] DEBUG    81   1.19636711e+14 -1.18163168e+12  3.05e-04 1.70e-02  1.80e+03   759s
[2025-09-17 03:14:54] DEBUG    82   1.19577586e+14 -1.18221096e+12  3.05e-04 1.70e-02  1.74e+03   766s
[2025-09-17 03:15:02] DEBUG    83   1.19502354e+14 -1.18284074e+12  3.05e-04 1.70e-02  1.68e+03   774s
[2025-09-17 03:15:11] DEBUG    84   1.19454617e+14 -1.18356441e+12  3.05e-04 1.70e-02  1.62e+03   784s
[2025-09-17 03:15:21] DEBUG    85   1.19394766e+14 -1.18452818e+12  3.05e-04 1.69e-02  1.57e+03   794s
[2025-09-17 03:15:30] DEBUG    86   1.19366017e+14 -1.18508405e+12  3.05e-04 1.69e-02  1.54e+03   803s
[2025-09-17 03:15:38] DEBUG    87   1.19329508e+14 -1.18555996e+12  3.05e-04 1.69e-02  1.50e+03   811s
[2025-09-17 03:15:45] DEBUG    88   1.19253342e+14 -1.18604214e+12  3.05e-04 1.69e-02  1.45e+03   818s
[2025-09-17 03:15:51] DEBUG    89   1.19207583e+14 -1.18640580e+12  3.05e-04 1.69e-02  1.41e+03   824s
[2025-09-17 03:16:01] DEBUG    90   1.19168272e+14 -1.18682873e+12  3.05e-04 1.69e-02  1.38e+03   833s
[2025-09-17 03:16:10] DEBUG    91   1.19133936e+14 -1.18707874e+12  3.05e-04 1.69e-02  1.36e+03   843s
[2025-09-17 03:16:20] DEBUG    92   1.19068729e+14 -1.18729967e+12  3.05e-04 1.69e-02  1.31e+03   853s
[2025-09-17 03:16:27] DEBUG    93   1.19053396e+14 -1.18755445e+12  3.66e-04 1.68e-02  1.30e+03   859s
[2025-09-17 03:16:37] DEBUG    94   1.19020775e+14 -1.18791949e+12  3.66e-04 1.68e-02  1.27e+03   869s
[2025-09-17 03:16:45] DEBUG    95   1.18985358e+14 -1.18822712e+12  3.66e-04 1.68e-02  1.24e+03   878s
[2025-09-17 03:16:55] DEBUG    96   1.18928245e+14 -1.18858560e+12  3.66e-04 1.68e-02  1.20e+03   887s
[2025-09-17 03:17:03] DEBUG    97   1.18902210e+14 -1.18873461e+12  3.66e-04 1.68e-02  1.18e+03   895s
[2025-09-17 03:17:11] DEBUG    98   1.18881207e+14 -1.18885858e+12  4.27e-04 1.68e-02  1.17e+03   904s
[2025-09-17 03:17:19] DEBUG    99   1.18853019e+14 -1.18898629e+12  4.27e-04 1.68e-02  1.15e+03   912s
[2025-09-17 03:17:29] DEBUG    100   1.18799998e+14 -1.18928086e+12  4.27e-04 1.68e-02  1.12e+03   921s
[2025-09-17 03:17:36] DEBUG    101   1.18768552e+14 -1.18956051e+12  3.66e-04 1.67e-02  1.09e+03   929s
[2025-09-17 03:17:45] DEBUG    102   1.18723194e+14 -1.18991874e+12  3.66e-04 1.67e-02  1.06e+03   938s
[2025-09-17 03:17:54] DEBUG    103   1.18674462e+14 -1.19007145e+12  3.66e-04 1.67e-02  1.04e+03   947s
[2025-09-17 03:18:01] DEBUG    104   1.18652023e+14 -1.19014477e+12  3.66e-04 1.67e-02  1.02e+03   954s
[2025-09-17 03:18:09] DEBUG    105   1.18632281e+14 -1.19024212e+12  4.27e-04 1.67e-02  1.01e+03   962s
[2025-09-17 03:18:17] DEBUG    106   1.18608090e+14 -1.19031249e+12  4.27e-04 1.67e-02  9.97e+02   970s
[2025-09-17 03:18:25] DEBUG    107   1.18585475e+14 -1.19042119e+12  4.27e-04 1.67e-02  9.82e+02   977s
[2025-09-17 03:18:32] DEBUG    108   1.18548623e+14 -1.19059212e+12  4.27e-04 1.67e-02  9.65e+02   984s
[2025-09-17 03:18:37] DEBUG    109   1.18519214e+14 -1.19088078e+12  4.27e-04 1.66e-02  9.46e+02   990s
[2025-09-17 03:18:47] DEBUG    110   1.18487823e+14 -1.19116580e+12  4.27e-04 1.66e-02  9.29e+02  1000s
[2025-09-17 03:18:57] DEBUG    111   1.18455851e+14 -1.19134777e+12  4.27e-04 1.66e-02  9.13e+02  1010s
[2025-09-17 03:19:06] DEBUG    112   1.18428902e+14 -1.19152150e+12  4.27e-04 1.66e-02  9.00e+02  1019s
[2025-09-17 03:19:15] DEBUG    113   1.18392873e+14 -1.19161667e+12  4.88e-04 1.66e-02  8.84e+02  1028s
[2025-09-17 03:19:25] DEBUG    114   1.18365616e+14 -1.19168962e+12  4.88e-04 1.66e-02  8.71e+02  1038s
[2025-09-17 03:19:34] DEBUG    115   1.18351055e+14 -1.19171165e+12  4.88e-04 1.66e-02  8.61e+02  1047s
[2025-09-17 03:19:43] DEBUG    116   1.18314154e+14 -1.19182849e+12  4.88e-04 1.66e-02  8.42e+02  1055s
[2025-09-17 03:19:48] DEBUG    117   1.18289920e+14 -1.19190590e+12  4.27e-04 1.65e-02  8.32e+02  1061s
[2025-09-17 03:19:56] DEBUG    118   1.18257767e+14 -1.19215159e+12  4.27e-04 1.65e-02  8.15e+02  1068s
[2025-09-17 03:20:03] DEBUG    119   1.18238041e+14 -1.19227090e+12  4.27e-04 1.65e-02  8.07e+02  1076s
[2025-09-17 03:20:13] DEBUG    120   1.18220543e+14 -1.19238828e+12  4.88e-04 1.65e-02  7.98e+02  1086s
[2025-09-17 03:20:20] DEBUG    121   1.18201837e+14 -1.19253887e+12  4.27e-04 1.65e-02  8.69e+02  1092s
[2025-09-17 03:20:20] DEBUG    Barrier performed 121 iterations in 1092.46 seconds (276.52 work units)
[2025-09-17 03:20:20] DEBUG    Numerical trouble encountered
[2025-09-17 03:20:20] DEBUG    Model may be infeasible or unbounded.  Consider using the
[2025-09-17 03:20:20] DEBUG    homogeneous algorithm (through parameter 'BarHomogeneous')
[2025-09-17 03:21:24] DEBUG    Waiting for other threads to finish...        1157s
[2025-09-17 03:22:28] DEBUG    Waiting for other threads to finish...        1221s
[2025-09-17 03:23:33] DEBUG    Waiting for other threads to finish...        1285s
[2025-09-17 03:24:37] DEBUG    Waiting for other threads to finish...        1350s
[2025-09-17 03:25:42] DEBUG    Waiting for other threads to finish...        1414s
[2025-09-17 03:26:46] DEBUG    Waiting for other threads to finish...        1479s
[2025-09-17 03:27:51] DEBUG    Waiting for other threads to finish...        1544s
[2025-09-17 03:28:56] DEBUG    Waiting for other threads to finish...        1609s
[2025-09-17 03:30:00] DEBUG    Waiting for other threads to finish...        1673s
[2025-09-17 03:31:05] DEBUG    Waiting for other threads to finish...        1737s
[2025-09-17 03:32:09] DEBUG    Waiting for other threads to finish...        1802s
[2025-09-17 03:33:14] DEBUG    Waiting for other threads to finish...        1867s
[2025-09-17 03:34:18] DEBUG    Waiting for other threads to finish...        1931s
[2025-09-17 03:35:23] DEBUG    Waiting for other threads to finish...        1996s
[2025-09-17 03:36:27] DEBUG    Waiting for other threads to finish...        2060s
[2025-09-17 03:37:31] DEBUG    Waiting for other threads to finish...        2124s
[2025-09-17 03:38:36] DEBUG    Waiting for other threads to finish...        2189s
[2025-09-17 03:39:40] DEBUG    Waiting for other threads to finish...        2253s
[2025-09-17 03:40:45] DEBUG    Waiting for other threads to finish...        2318s
[2025-09-17 03:41:49] DEBUG    Waiting for other threads to finish...        2382s
[2025-09-17 03:42:54] DEBUG    Waiting for other threads to finish...        2447s
[2025-09-17 03:43:58] DEBUG    Waiting for other threads to finish...        2511s
[2025-09-17 03:45:03] DEBUG    Waiting for other threads to finish...        2576s
[2025-09-17 03:46:07] DEBUG    Waiting for other threads to finish...        2640s
[2025-09-17 03:47:12] DEBUG    Waiting for other threads to finish...        2705s
[2025-09-17 03:48:17] DEBUG    Waiting for other threads to finish...        2769s
[2025-09-17 03:49:21] DEBUG    Waiting for other threads to finish...        2834s
[2025-09-17 03:50:25] DEBUG    Waiting for other threads to finish...        2898s
[2025-09-17 03:51:30] DEBUG    Waiting for other threads to finish...        2963s
[2025-09-17 03:52:34] DEBUG    Waiting for other threads to finish...        3027s
[2025-09-17 03:53:39] DEBUG    Waiting for other threads to finish...        3092s
[2025-09-17 03:54:43] DEBUG    Waiting for other threads to finish...        3156s
[2025-09-17 03:55:48] DEBUG    Waiting for other threads to finish...        3221s
[2025-09-17 03:56:52] DEBUG    Waiting for other threads to finish...        3285s
[2025-09-17 03:57:57] DEBUG    Waiting for other threads to finish...        3350s
[2025-09-17 03:59:02] DEBUG    Waiting for other threads to finish...        3414s
[2025-09-17 04:00:06] DEBUG    Waiting for other threads to finish...        3479s
[2025-09-17 04:01:10] DEBUG    Waiting for other threads to finish...        3543s
[2025-09-17 04:02:15] DEBUG    Waiting for other threads to finish...        3607s
[2025-09-17 04:03:19] DEBUG    Waiting for other threads to finish...        3672s
[2025-09-17 04:03:35] DEBUG    Solved with dual simplex
[2025-09-17 04:03:47] DEBUG    Iteration    Objective       Primal Inf.    Dual Inf.      Time
[2025-09-17 04:03:47] DEBUG    2723595    2.9809996e+10   0.000000e+00   0.000000e+00   3700s

Solved in 2723595 iterations and 3700.17 seconds (2294.39 work units)
[2025-09-17 04:03:47] DEBUG    Optimal objective  2.980999616e+10
✅ Scenario completato: existing_VRES_2030_BESS

🚀 Lancio scenario: existing_VRES_2030_PHES
[2025-09-17 04:11:21] INFO     Loading sets
[2025-09-17 04:11:21] INFO     Loading parameters
[2025-09-17 04:11:56] INFO     constraints are loaded in the following order: ['energy_balance', 'dispatch', 'costs', 'capacity', 'network', 'policy', 'conversion', 'group', 'conversion_plus', 'milp', 'export']
[2025-09-17 04:11:56] INFO     creating energy_balance constraints
[2025-09-17 04:16:46] INFO     creating dispatch constraints
[2025-09-17 04:20:36] INFO     creating costs constraints
[2025-09-17 04:31:23] INFO     creating capacity constraints
[2025-09-17 04:31:23] INFO     creating network constraints
[2025-09-17 04:31:23] INFO     creating policy constraints
[2025-09-17 04:31:23] INFO     creating conversion constraints
[2025-09-17 04:31:23] INFO     creating group constraints
[2025-09-17 04:31:23] INFO     creating conversion_plus constraints
[2025-09-17 04:31:23] INFO     creating milp constraints
[2025-09-17 04:31:23] INFO     creating export constraints
[2025-09-17 04:44:08] DEBUG    Set parameter WLSAccessID
Set parameter WLSSecret
Set parameter LicenseID to value 2680226
[2025-09-17 04:44:08] DEBUG    Academic license 2680226 - for non-commercial use only - registered to an___@mail.polimi.it
[2025-09-17 04:44:44] DEBUG    Read LP format model from file /tmp/tmp9j2jf5tj.pyomo.lp
[2025-09-17 04:44:44] DEBUG    Reading time = 35.86 seconds
x17523050: 23874172 rows, 17523050 columns, 57767582 nonzeros
[2025-09-17 04:44:44] DEBUG    Set parameter NumericFocus to value 1
[2025-09-17 04:44:44] DEBUG    Gurobi Optimizer version 12.0.2 build v12.0.2rc0 (linux64 - "Debian GNU/Linux 11 (bullseye)")

CPU model: Intel(R) Xeon(R) Silver 4314 CPU @ 2.40GHz, instruction set [SSE2|AVX|AVX2|AVX512]
Thread count: 32 physical cores, 64 logical processors, using up to 32 threads
[2025-09-17 04:44:44] DEBUG    Non-default parameters:
NumericFocus  1
[2025-09-17 04:44:44] DEBUG    Academic license 2680226 - for non-commercial use only - registered to an___@mail.polimi.it
[2025-09-17 04:44:44] DEBUG    Optimize a model with 23874172 rows, 17523050 columns and 57767582 nonzeros
[2025-09-17 04:44:45] DEBUG    Model fingerprint: 0xa882c29f
[2025-09-17 04:44:45] DEBUG    Coefficient statistics:
  Matrix range     [1e-07, 3e+02]
[2025-09-17 04:44:45] DEBUG    Objective range  [1e+00, 1e+06]
  Bounds range     [0e+00, 0e+00]
  RHS range        [1e+00, 6e+09]
Warning: Model contains large rhs
[2025-09-17 04:44:51] DEBUG    Presolve removed 19404560 rows and 10145137 columns (presolve time = 6s)...
[2025-09-17 04:44:55] DEBUG    Presolve removed 19405712 rows and 11840000 columns (presolve time = 10s)...
[2025-09-17 04:45:00] DEBUG    Presolve removed 21847112 rows and 14235822 columns (presolve time = 15s)...
[2025-09-17 04:45:06] DEBUG    Presolve removed 22358828 rows and 14340942 columns (presolve time = 21s)...
[2025-09-17 04:45:06] DEBUG    Presolve removed 22498972 rows and 14340942 columns
[2025-09-17 04:45:06] DEBUG    Presolve time: 22.02s
Presolved: 1375200 rows, 3322252 columns, 8735369 nonzeros
[2025-09-17 04:45:06] DEBUG    Concurrent LP optimizer: primal simplex, dual simplex, and barrier
Showing barrier log only...
[2025-09-17 04:45:41] DEBUG    Elapsed ordering time = 34s
[2025-09-17 04:45:42] DEBUG    Elapsed ordering time = 35s
[2025-09-17 04:45:46] DEBUG    Ordering time: 38.43s
[2025-09-17 04:45:47] DEBUG    Barrier statistics:
[2025-09-17 04:45:47] DEBUG    Dense cols : 109
 AA' NZ     : 7.776e+06
 Factor NZ  : 4.314e+07 (roughly 2.2 GB of memory)
 Factor Ops : 5.233e+09 (less than 1 second per iteration)
 Threads    : 30
[2025-09-17 04:45:50] DEBUG    Objective                Residual
[2025-09-17 04:45:50] DEBUG    Iter       Primal          Dual         Primal    Dual     Compl     Time
[2025-09-17 04:45:51] DEBUG    0   3.91722434e+21 -1.17067960e+19  8.47e+10 1.55e-01  5.24e+15    67s
[2025-09-17 04:45:55] DEBUG    1   3.54750579e+21 -1.40731452e+19  7.61e+10 2.43e+05  4.43e+15    71s
[2025-09-17 04:45:59] DEBUG    2   3.41544500e+21 -5.78147885e+19  7.33e+10 1.75e+05  4.35e+15    75s
[2025-09-17 04:46:06] DEBUG    3   2.89338036e+21 -1.92897851e+20  6.15e+10 3.98e+04  3.78e+15    82s
[2025-09-17 04:46:11] DEBUG    4   4.53444171e+20 -2.15092656e+20  8.80e+09 1.60e+04  5.82e+14    87s
[2025-09-17 04:46:17] DEBUG    5   1.63164951e+20 -1.08717126e+20  3.07e+09 1.75e+03  2.03e+14    93s
[2025-09-17 04:46:23] DEBUG    6   9.24799153e+19 -5.50372561e+19  1.71e+09 4.11e+02  1.12e+14    99s
[2025-09-17 04:46:26] DEBUG    7   3.50175809e+19 -2.76866047e+19  6.17e+08 7.08e+01  4.09e+13   103s
[2025-09-17 04:46:30] DEBUG    8   2.39134376e+19 -1.73047201e+19  4.16e+08 1.45e+00  2.74e+13   106s
[2025-09-17 04:46:34] DEBUG    9   1.48830190e+19 -1.08992040e+19  2.55e+08 1.04e+01  1.66e+13   110s
[2025-09-17 04:46:37] DEBUG    10   1.07374059e+19 -8.03520193e+18  1.82e+08 5.48e+00  1.18e+13   113s
[2025-09-17 04:46:41] DEBUG    11   9.99120980e+18 -4.59106217e+18  1.69e+08 3.54e-05  1.03e+13   117s
[2025-09-17 04:46:46] DEBUG    12   4.75278841e+18 -2.78045301e+18  7.88e+07 1.61e-01  4.77e+12   122s
[2025-09-17 04:46:49] DEBUG    13   3.42169154e+18 -2.13179377e+18  5.63e+07 1.03e-04  3.35e+12   125s
[2025-09-17 04:46:53] DEBUG    14   1.66787566e+18 -1.56412389e+18  2.68e+07 3.46e-04  1.63e+12   129s
[2025-09-17 04:46:58] DEBUG    15   5.56964507e+17 -9.24076155e+17  8.10e+06 8.27e-05  5.38e+11   135s
[2025-09-17 04:47:02] DEBUG    16   2.32092827e+17 -6.16832150e+17  3.33e+06 2.65e-04  2.45e+11   138s
[2025-09-17 04:47:08] DEBUG    17   1.14612467e+17 -3.58422872e+17  1.70e+06 2.13e-04  1.21e+11   144s
[2025-09-17 04:47:11] DEBUG    18   5.37425493e+16 -1.43425374e+17  7.78e+05 1.73e-03  4.59e+10   147s
[2025-09-17 04:47:17] DEBUG    19   1.23864951e+16 -5.13180324e+16  1.71e+05 8.73e-04  1.21e+10   153s
[2025-09-17 04:47:24] DEBUG    20   9.42360691e+14 -1.19968875e+16  8.44e+03 8.30e-04  2.05e+09   160s
[2025-09-17 04:47:29] DEBUG    21   8.16196488e+14 -7.61030989e+15  7.35e+03 3.23e-03  1.33e+09   165s
[2025-09-17 04:47:33] DEBUG    22   6.38537013e+14 -6.45352897e+15  5.68e+03 3.93e-03  1.11e+09   169s
[2025-09-17 04:47:36] DEBUG    23   6.07192392e+14 -4.36961908e+15  5.40e+03 3.86e-03  7.81e+08   172s
[2025-09-17 04:47:40] DEBUG    24   5.75663177e+14 -3.10930329e+15  5.11e+03 3.19e-03  5.78e+08   176s
[2025-09-17 04:47:44] DEBUG    25   2.52092115e+14 -1.30548024e+15  2.09e+03 1.93e-03  2.42e+08   180s
[2025-09-17 04:47:51] DEBUG    26   9.71248064e+13 -4.53348020e+14  7.63e+02 2.68e-03  8.50e+07   187s
[2025-09-17 04:47:56] DEBUG    27   6.15612608e+13 -2.54695718e+14  4.64e+02 4.07e-03  4.86e+07   192s
[2025-09-17 04:47:59] DEBUG    28   6.01372548e+13 -2.48624988e+14  4.52e+02 4.11e-03  4.75e+07   195s
[2025-09-17 04:48:02] DEBUG    29   3.92235537e+13 -1.72270493e+14  2.74e+02 4.63e-03  3.24e+07   199s
[2025-09-17 04:48:05] DEBUG    30   3.66189900e+13 -1.32462017e+14  2.53e+02 4.84e-03  2.58e+07   201s
[2025-09-17 04:48:09] DEBUG    31   3.32619684e+13 -1.17375697e+14  2.24e+02 4.91e-03  2.30e+07   205s
[2025-09-17 04:48:14] DEBUG    32   1.88673722e+13 -8.06440659e+13  1.08e+02 6.85e-03  1.51e+07   210s
[2025-09-17 04:48:21] DEBUG    33   1.38844811e+13 -4.21664704e+13  6.62e+01 7.60e-03  8.36e+06   217s
[2025-09-17 04:48:28] DEBUG    34   8.29955916e+12 -3.30701763e+13  2.30e+01 7.70e-03  6.12e+06   224s
[2025-09-17 04:48:35] DEBUG    35   7.81699076e+12 -1.95634069e+13  1.98e+01 8.18e-03  3.96e+06   231s
[2025-09-17 04:48:40] DEBUG    36   7.20329279e+12 -1.52184595e+13  1.60e+01 9.91e-03  3.21e+06   236s
[2025-09-17 04:48:44] DEBUG    37   7.12373120e+12 -1.48169508e+13  1.55e+01 9.97e-03  3.13e+06   240s
[2025-09-17 04:48:50] DEBUG    38   6.92447168e+12 -1.40149180e+13  1.43e+01 1.01e-02  2.98e+06   246s
[2025-09-17 04:48:56] DEBUG    39   6.42112681e+12 -9.30135287e+12  1.15e+01 1.59e-02  2.18e+06   252s
[2025-09-17 04:49:04] DEBUG    40   6.07029907e+12 -7.17189206e+12  9.77e+00 1.98e-02  1.80e+06   260s
[2025-09-17 04:49:13] DEBUG    41   5.83268472e+12 -5.08604971e+12  8.59e+00 2.70e-02  1.44e+06   269s
[2025-09-17 04:49:21] DEBUG    42   5.30713861e+12 -3.33324525e+12  6.10e+00 3.25e-02  1.10e+06   277s
[2025-09-17 04:49:29] DEBUG    43   5.01347197e+12 -1.06751795e+12  4.80e+00 3.75e-02  7.07e+05   285s
[2025-09-17 04:49:38] DEBUG    44   4.70191426e+12 -4.81895225e+11  3.51e+00 3.73e-02  5.77e+05   294s
[2025-09-17 04:49:46] DEBUG    45   4.49142110e+12  2.57770809e+11  2.68e+00 3.04e-02  4.35e+05   302s
[2025-09-17 04:49:54] DEBUG    46   4.33576827e+12  9.58154508e+11  2.12e+00 2.30e-02  3.08e+05   310s
[2025-09-17 04:50:02] DEBUG    47   4.15620046e+12  1.44087500e+12  1.54e+00 1.80e-02  2.13e+05   318s
[2025-09-17 04:50:12] DEBUG    48   4.01459962e+12  1.84199944e+12  1.14e+00 1.99e-02  1.37e+05   328s
[2025-09-17 04:50:21] DEBUG    49   3.90390767e+12  1.99443893e+12  8.75e-01 2.10e-02  1.05e+05   337s
[2025-09-17 04:50:28] DEBUG    50   3.81294664e+12  2.12322930e+12  6.85e-01 2.19e-02  7.81e+04   344s
[2025-09-17 04:50:36] DEBUG    51   3.79343461e+12  2.12498071e+12  6.50e-01 2.19e-02  7.67e+04   352s
[2025-09-17 04:50:44] DEBUG    52   3.74723728e+12  2.25021437e+12  5.70e-01 2.27e-02  5.43e+04   360s
[2025-09-17 04:50:51] DEBUG    53   3.67555816e+12  2.30822357e+12  4.58e-01 2.31e-02  4.11e+04   367s
[2025-09-17 04:51:00] DEBUG    54   3.64168566e+12  2.32710648e+12  4.13e-01 2.32e-02  3.66e+04   376s
[2025-09-17 04:51:10] DEBUG    55   3.62240388e+12  2.35745806e+12  3.88e-01 2.33e-02  3.08e+04   386s
[2025-09-17 04:51:18] DEBUG    56   3.58021493e+12  2.37365222e+12  3.37e-01 2.33e-02  2.65e+04   394s
[2025-09-17 04:51:27] DEBUG    57   3.56818934e+12  2.38336655e+12  3.23e-01 2.33e-02  2.45e+04   403s
[2025-09-17 04:51:32] DEBUG    58   3.55549576e+12  2.38883923e+12  3.09e-01 2.33e-02  2.32e+04   408s
[2025-09-17 04:51:38] DEBUG    59   3.53344642e+12  2.39588082e+12  2.86e-01 2.33e-02  2.13e+04   414s
[2025-09-17 04:51:43] DEBUG    60   3.52556333e+12  2.39911897e+12  2.78e-01 2.33e-02  2.05e+04   419s
[2025-09-17 04:51:49] DEBUG    61   3.50164458e+12  2.40975175e+12  2.54e-01 2.32e-02  1.81e+04   425s
[2025-09-17 04:51:53] DEBUG    62   3.48926770e+12  2.41302385e+12  2.43e-01 2.32e-02  1.72e+04   429s
[2025-09-17 04:52:00] DEBUG    63   3.46952453e+12  2.41624657e+12  2.25e-01 2.31e-02  1.61e+04   436s
[2025-09-17 04:52:06] DEBUG    64   3.46107354e+12  2.41993580e+12  2.18e-01 2.30e-02  1.52e+04   442s
[2025-09-17 04:52:14] DEBUG    65   3.44464966e+12  2.42110437e+12  2.04e-01 2.30e-02  1.46e+04   450s
[2025-09-17 04:52:23] DEBUG    66   3.42155777e+12  2.42539337e+12  1.86e-01 2.28e-02  1.33e+04   459s
[2025-09-17 04:52:28] DEBUG    67   3.41958522e+12  2.42612680e+12  1.85e-01 2.28e-02  1.31e+04   464s
[2025-09-17 04:52:34] DEBUG    68   3.41386083e+12  2.42871485e+12  1.80e-01 2.26e-02  1.26e+04   470s
[2025-09-17 04:52:40] DEBUG    69   3.40845792e+12  2.42978485e+12  1.76e-01 2.26e-02  1.23e+04   477s
[2025-09-17 04:52:48] DEBUG    70   3.38308401e+12  2.43521377e+12  1.58e-01 2.22e-02  1.08e+04   484s
[2025-09-17 04:52:55] DEBUG    71   3.37432610e+12  2.43718887e+12  1.52e-01 2.20e-02  1.03e+04   491s
[2025-09-17 04:53:03] DEBUG    72   3.36307284e+12  2.43927080e+12  1.45e-01 2.18e-02  9.70e+03   499s
[2025-09-17 04:53:08] DEBUG    73   3.36207696e+12  2.43995218e+12  1.44e-01 2.17e-02  9.57e+03   504s
[2025-09-17 04:53:16] DEBUG    74   3.35278483e+12  2.44277073e+12  1.38e-01 2.13e-02  8.92e+03   512s
[2025-09-17 04:53:22] DEBUG    75   3.34994597e+12  2.44330213e+12  1.36e-01 2.12e-02  8.78e+03   518s
[2025-09-17 04:53:28] DEBUG    76   3.34640661e+12  2.44389898e+12  1.34e-01 2.11e-02  8.62e+03   524s
[2025-09-17 04:53:33] DEBUG    77   3.34314865e+12  2.44441514e+12  1.32e-01 2.09e-02  8.47e+03   529s
[2025-09-17 04:53:41] DEBUG    78   3.33207469e+12  2.44527425e+12  1.25e-01 2.07e-02  8.10e+03   537s
[2025-09-17 04:53:47] DEBUG    79   3.32995009e+12  2.44707764e+12  1.24e-01 2.03e-02  7.78e+03   543s
[2025-09-17 04:53:52] DEBUG    80   3.32636276e+12  2.44821604e+12  1.22e-01 1.99e-02  7.54e+03   548s
[2025-09-17 04:53:58] DEBUG    81   3.31476868e+12  2.44921259e+12  1.15e-01 1.95e-02  7.14e+03   554s
[2025-09-17 04:54:03] DEBUG    82   3.30920679e+12  2.45024199e+12  1.12e-01 1.91e-02  6.88e+03   559s
[2025-09-17 04:54:09] DEBUG    83   3.29673665e+12  2.45140897e+12  1.05e-01 1.86e-02  6.44e+03   565s
[2025-09-17 04:54:14] DEBUG    84   3.29076227e+12  2.45267548e+12  1.01e-01 1.80e-02  6.14e+03   570s
[2025-09-17 04:54:23] DEBUG    85   3.28785446e+12  2.45314008e+12  9.99e-02 1.78e-02  6.01e+03   579s
[2025-09-17 04:54:29] DEBUG    86   3.28141010e+12  2.45361676e+12  9.66e-02 1.75e-02  5.81e+03   586s
[2025-09-17 04:54:36] DEBUG    87   3.27713174e+12  2.45393007e+12  9.44e-02 1.74e-02  5.69e+03   593s
[2025-09-17 04:54:42] DEBUG    88   3.27402472e+12  2.45417562e+12  9.29e-02 1.72e-02  5.60e+03   598s
[2025-09-17 04:54:49] DEBUG    89   3.27207961e+12  2.45496960e+12  9.19e-02 1.67e-02  5.45e+03   605s
[2025-09-17 04:54:55] DEBUG    90   3.26767346e+12  2.45526605e+12  8.98e-02 1.65e-02  5.33e+03   611s
[2025-09-17 04:55:00] DEBUG    91   3.26566572e+12  2.45546307e+12  8.88e-02 1.64e-02  5.26e+03   616s
[2025-09-17 04:55:05] DEBUG    92   3.26080140e+12  2.45589417e+12  8.65e-02 1.60e-02  5.12e+03   621s
[2025-09-17 04:55:09] DEBUG    93   3.25608636e+12  2.45626518e+12  8.43e-02 1.60e-02  4.99e+03   625s
[2025-09-17 04:55:15] DEBUG    94   3.24699136e+12  2.45668970e+12  8.01e-02 1.60e-02  4.77e+03   631s
[2025-09-17 04:55:22] DEBUG    95   3.24328550e+12  2.45744479e+12  7.85e-02 1.60e-02  4.59e+03   638s
[2025-09-17 04:55:30] DEBUG    96   3.23710410e+12  2.45813615e+12  7.58e-02 1.60e-02  4.39e+03   646s
[2025-09-17 04:55:37] DEBUG    97   3.23135211e+12  2.45854710e+12  7.34e-02 1.59e-02  4.24e+03   653s
[2025-09-17 04:55:43] DEBUG    98   3.22720730e+12  2.45906122e+12  7.17e-02 1.59e-02  4.10e+03   659s
[2025-09-17 04:55:50] DEBUG    99   3.22344727e+12  2.45932655e+12  7.02e-02 1.59e-02  4.00e+03   666s
[2025-09-17 04:55:57] DEBUG    100   3.21987575e+12  2.45971092e+12  6.88e-02 1.59e-02  3.89e+03   673s
[2025-09-17 04:56:02] DEBUG    101   3.21578152e+12  2.45990750e+12  6.72e-02 1.59e-02  3.80e+03   678s
[2025-09-17 04:56:07] DEBUG    102   3.21121916e+12  2.46013959e+12  6.54e-02 1.59e-02  3.71e+03   683s
[2025-09-17 04:56:15] DEBUG    103   3.20110436e+12  2.46062228e+12  6.16e-02 1.58e-02  3.49e+03   691s
[2025-09-17 04:56:21] DEBUG    104   3.19823588e+12  2.46084096e+12  6.06e-02 1.58e-02  3.42e+03   697s
[2025-09-17 04:56:28] DEBUG    105   3.19474376e+12  2.46114123e+12  5.93e-02 1.58e-02  3.33e+03   704s
[2025-09-17 04:56:35] DEBUG    106   3.19157035e+12  2.46136827e+12  5.82e-02 1.58e-02  3.26e+03   711s
[2025-09-17 04:56:42] DEBUG    107   3.18762623e+12  2.46161978e+12  5.69e-02 1.58e-02  3.17e+03   718s
[2025-09-17 04:56:49] DEBUG    108   3.18507231e+12  2.46185529e+12  5.60e-02 1.58e-02  3.11e+03   725s
[2025-09-17 04:56:58] DEBUG    109   3.18069607e+12  2.46215762e+12  5.46e-02 1.57e-02  3.01e+03   734s
[2025-09-17 04:57:03] DEBUG    110   3.17898777e+12  2.46241008e+12  5.40e-02 1.57e-02  2.95e+03   739s
[2025-09-17 04:57:09] DEBUG    111   3.17600979e+12  2.46254953e+12  5.30e-02 1.57e-02  2.90e+03   745s
[2025-09-17 04:57:14] DEBUG    112   3.17045666e+12  2.46264249e+12  5.13e-02 1.57e-02  2.82e+03   750s
[2025-09-17 04:57:21] DEBUG    113   3.16694287e+12  2.46277540e+12  5.02e-02 1.57e-02  2.76e+03   757s
[2025-09-17 04:57:29] DEBUG    114   3.16123096e+12  2.46298115e+12  4.85e-02 1.57e-02  2.66e+03   765s
[2025-09-17 04:57:35] DEBUG    115   3.15818120e+12  2.46316991e+12  4.76e-02 1.56e-02  2.60e+03   771s
[2025-09-17 04:57:39] DEBUG    116   3.15664845e+12  2.46324252e+12  4.71e-02 1.56e-02  2.58e+03   775s
[2025-09-17 04:57:48] DEBUG    117   3.15215851e+12  2.46357201e+12  4.58e-02 1.56e-02  2.48e+03   784s
[2025-09-17 04:57:54] DEBUG    118   3.15024418e+12  2.46369843e+12  4.53e-02 1.56e-02  2.49e+03   790s
[2025-09-17 04:58:00] DEBUG    119   3.14095890e+12  2.46381032e+12  4.27e-02 1.55e-02  2.37e+03   796s
[2025-09-17 04:58:08] DEBUG    120   3.13864187e+12  2.46399767e+12  4.21e-02 1.55e-02  2.32e+03   804s
[2025-09-17 04:58:13] DEBUG    121   3.13683122e+12  2.46409619e+12  4.16e-02 1.55e-02  2.29e+03   809s
[2025-09-17 04:58:19] DEBUG    122   3.13581038e+12  2.46416225e+12  4.13e-02 1.55e-02  2.27e+03   815s
[2025-09-17 04:58:26] DEBUG    123   3.13350011e+12  2.46421415e+12  4.07e-02 1.55e-02  2.24e+03   822s
[2025-09-17 04:58:31] DEBUG    124   3.13120997e+12  2.46428121e+12  4.01e-02 1.54e-02  2.21e+03   827s
[2025-09-17 04:58:37] DEBUG    125   3.12894773e+12  2.46441009e+12  3.96e-02 1.54e-02  2.17e+03   833s
[2025-09-17 04:58:43] DEBUG    126   3.12758982e+12  2.46454006e+12  3.92e-02 1.54e-02  2.14e+03   839s
[2025-09-17 04:58:48] DEBUG    127   3.12512961e+12  2.46468335e+12  3.86e-02 1.54e-02  2.09e+03   844s
[2025-09-17 04:58:55] DEBUG    128   3.12144952e+12  2.46478048e+12  3.77e-02 1.53e-02  2.04e+03   851s
[2025-09-17 04:59:01] DEBUG    129   3.11982901e+12  2.46488851e+12  3.73e-02 1.53e-02  2.01e+03   857s
[2025-09-17 04:59:08] DEBUG    130   3.11806107e+12  2.46498584e+12  3.69e-02 1.53e-02  1.98e+03   864s
[2025-09-17 04:59:15] DEBUG    131   3.11730610e+12  2.46505266e+12  3.67e-02 1.54e-02  1.97e+03   871s
[2025-09-17 04:59:20] DEBUG    132   3.11630599e+12  2.46509495e+12  3.65e-02 1.56e-02  1.95e+03   876s
[2025-09-17 04:59:26] DEBUG    133   3.11564631e+12  2.46515640e+12  3.63e-02 1.58e-02  1.94e+03   882s
[2025-09-17 04:59:33] DEBUG    134   3.11386868e+12  2.46527991e+12  3.59e-02 1.61e-02  1.90e+03   889s
[2025-09-17 04:59:39] DEBUG    135   3.11276394e+12  2.46532426e+12  3.57e-02 1.63e-02  1.89e+03   895s
[2025-09-17 04:59:47] DEBUG    136   3.11191012e+12  2.46536486e+12  3.55e-02 1.64e-02  1.87e+03   903s
[2025-09-17 04:59:54] DEBUG    137   3.11022573e+12  2.46539827e+12  3.51e-02 1.65e-02  1.86e+03   910s
[2025-09-17 05:00:06] DEBUG    138   3.10895624e+12  2.46546566e+12  3.48e-02 1.67e-02  1.83e+03   922s
[2025-09-17 05:00:16] DEBUG    139   3.10780491e+12  2.46553509e+12  3.45e-02 1.69e-02  1.81e+03   932s
[2025-09-17 05:00:24] DEBUG    140   3.10555547e+12  2.46560777e+12  3.40e-02 1.71e-02  1.78e+03   940s
[2025-09-17 05:00:30] DEBUG    141   3.10500619e+12  2.46564645e+12  3.39e-02 1.73e-02  1.77e+03   946s
[2025-09-17 05:00:38] DEBUG    142   3.10133051e+12  2.46575742e+12  3.30e-02 1.76e-02  1.72e+03   954s
[2025-09-17 05:00:42] DEBUG    143   3.09822371e+12  2.46579611e+12  3.24e-02 1.78e-02  1.69e+03   958s
[2025-09-17 05:00:50] DEBUG    144   3.09348808e+12  2.46589129e+12  3.13e-02 1.81e-02  1.64e+03   967s
[2025-09-17 05:00:57] DEBUG    145   3.09132656e+12  2.46596926e+12  3.09e-02 1.83e-02  1.61e+03   973s
[2025-09-17 05:01:04] DEBUG    146   3.09001647e+12  2.46602537e+12  3.06e-02 1.85e-02  1.59e+03   980s
[2025-09-17 05:01:11] DEBUG    147   3.08838471e+12  2.46606138e+12  3.02e-02 1.86e-02  1.57e+03   987s
[2025-09-17 05:01:17] DEBUG    148   3.08589257e+12  2.46613012e+12  2.97e-02 1.88e-02  1.54e+03   993s
[2025-09-17 05:01:25] DEBUG    149   3.08293192e+12  2.46618456e+12  2.91e-02 1.90e-02  1.50e+03  1001s
[2025-09-17 05:01:34] DEBUG    150   3.08059285e+12  2.46623225e+12  2.86e-02 1.92e-02  1.48e+03  1010s
[2025-09-17 05:01:38] DEBUG    151   3.07955828e+12  2.46627919e+12  2.84e-02 1.93e-02  1.46e+03  1014s
[2025-09-17 05:01:47] DEBUG    152   3.07895241e+12  2.46629635e+12  2.83e-02 1.94e-02  1.46e+03  1023s
[2025-09-17 05:01:53] DEBUG    153   3.07624682e+12  2.46635096e+12  2.78e-02 1.96e-02  1.43e+03  1029s
[2025-09-17 05:01:58] DEBUG    154   3.07500012e+12  2.46637141e+12  2.75e-02 1.96e-02  1.42e+03  1034s
[2025-09-17 05:02:05] DEBUG    155   3.07429598e+12  2.46638253e+12  2.74e-02 1.97e-02  1.41e+03  1041s
[2025-09-17 05:02:12] DEBUG    156   3.07374342e+12  2.46641192e+12  2.73e-02 1.98e-02  1.40e+03  1048s
[2025-09-17 05:02:21] DEBUG    157   3.07092065e+12  2.46645546e+12  2.68e-02 1.99e-02  1.37e+03  1057s
[2025-09-17 05:02:26] DEBUG    158   3.06880012e+12  2.46647481e+12  2.64e-02 2.00e-02  1.36e+03  1062s
[2025-09-17 05:02:36] DEBUG    159   3.06828722e+12  2.46649050e+12  2.63e-02 2.00e-02  1.35e+03  1072s
[2025-09-17 05:02:45] DEBUG    160   3.06514476e+12  2.46655882e+12  2.57e-02 2.03e-02  1.32e+03  1081s
[2025-09-17 05:02:53] DEBUG    161   3.06245792e+12  2.46664440e+12  2.52e-02 2.05e-02  1.28e+03  1089s
[2025-09-17 05:03:00] DEBUG    162   3.06103507e+12  2.46667624e+12  2.49e-02 2.07e-02  1.27e+03  1096s
[2025-09-17 05:03:05] DEBUG    163   3.05957473e+12  2.46670044e+12  2.47e-02 2.07e-02  1.26e+03  1101s
[2025-09-17 05:03:13] DEBUG    164   3.05862045e+12  2.46674349e+12  2.45e-02 2.09e-02  1.24e+03  1109s
[2025-09-17 05:03:17] DEBUG    165   3.05719745e+12  2.46677304e+12  2.43e-02 2.10e-02  1.23e+03  1113s
[2025-09-17 05:03:24] DEBUG    166   3.05705772e+12  2.46677662e+12  2.42e-02 2.10e-02  1.23e+03  1120s
[2025-09-17 05:03:31] DEBUG    167   3.05651028e+12  2.46679195e+12  2.41e-02 2.10e-02  1.22e+03  1127s
[2025-09-17 05:03:44] DEBUG    168   3.05225355e+12  2.46683110e+12  2.34e-02 2.12e-02  1.19e+03  1140s
[2025-09-17 05:03:55] DEBUG    169   3.04807295e+12  2.46691018e+12  2.27e-02 2.14e-02  1.14e+03  1152s
[2025-09-17 05:04:06] DEBUG    170   3.04555288e+12  2.46693935e+12  2.23e-02 2.15e-02  1.12e+03  1162s
[2025-09-17 05:04:20] DEBUG    171   3.04046941e+12  2.46703256e+12  2.14e-02 2.18e-02  1.07e+03  1176s
[2025-09-17 05:04:32] DEBUG    172   3.03881399e+12  2.46710431e+12  2.11e-02 2.22e-02  1.05e+03  1188s
[2025-09-17 05:04:39] DEBUG    173   3.03761872e+12  2.46711293e+12  2.09e-02 2.23e-02  1.04e+03  1195s
[2025-09-17 05:04:44] DEBUG    174   3.03732982e+12  2.46712085e+12  2.09e-02 2.24e-02  1.04e+03  1200s
[2025-09-17 05:04:50] DEBUG    175   3.03725024e+12  2.46712329e+12  2.09e-02 2.24e-02  1.04e+03  1206s
[2025-09-17 05:05:01] DEBUG    176   3.03516938e+12  2.46715350e+12  2.05e-02 2.27e-02  1.02e+03  1217s
[2025-09-17 05:05:10] DEBUG    177   3.03413309e+12  2.46720108e+12  2.04e-02 2.31e-02  1.01e+03  1226s
[2025-09-17 05:05:31] DEBUG    178   3.03257975e+12  2.46721734e+12  2.01e-02 2.33e-02  9.94e+02  1247s
[2025-09-17 05:05:43] DEBUG    179   3.03256733e+12  2.46723990e+12  2.01e-02 2.35e-02  9.90e+02  1259s
[2025-09-17 05:05:49] DEBUG    180   3.02980383e+12  2.46725370e+12  1.96e-02 2.36e-02  9.71e+02  1265s
[2025-09-17 05:05:54] DEBUG    181   3.02868672e+12  2.46725957e+12  1.95e-02 2.36e-02  9.64e+02  1270s
[2025-09-17 05:06:01] DEBUG    182   3.02859012e+12  2.46726466e+12  1.94e-02 2.36e-02  9.62e+02  1277s
[2025-09-17 05:06:01] DEBUG    Barrier performed 182 iterations in 1276.70 seconds (329.97 work units)
[2025-09-17 05:06:01] DEBUG    Numerical trouble encountered
[2025-09-17 05:06:01] DEBUG    Model may be infeasible or unbounded.  Consider using the
[2025-09-17 05:06:01] DEBUG    homogeneous algorithm (through parameter 'BarHomogeneous')
[2025-09-17 05:07:05] DEBUG    Waiting for other threads to finish...        1341s
[2025-09-17 05:08:10] DEBUG    Waiting for other threads to finish...        1406s
[2025-09-17 05:09:15] DEBUG    Waiting for other threads to finish...        1471s
[2025-09-17 05:10:19] DEBUG    Waiting for other threads to finish...        1536s
[2025-09-17 05:11:24] DEBUG    Waiting for other threads to finish...        1600s
[2025-09-17 05:12:29] DEBUG    Waiting for other threads to finish...        1665s
[2025-09-17 05:13:33] DEBUG    Waiting for other threads to finish...        1729s
[2025-09-17 05:14:38] DEBUG    Waiting for other threads to finish...        1794s
[2025-09-17 05:15:42] DEBUG    Waiting for other threads to finish...        1858s
[2025-09-17 05:16:47] DEBUG    Waiting for other threads to finish...        1923s
[2025-09-17 05:17:51] DEBUG    Waiting for other threads to finish...        1987s
[2025-09-17 05:18:55] DEBUG    Waiting for other threads to finish...        2051s
[2025-09-17 05:20:00] DEBUG    Waiting for other threads to finish...        2116s
[2025-09-17 05:21:04] DEBUG    Waiting for other threads to finish...        2180s
[2025-09-17 05:22:09] DEBUG    Waiting for other threads to finish...        2245s
[2025-09-17 05:22:59] DEBUG    Solved with dual simplex
[2025-09-17 05:23:10] DEBUG    Iteration    Objective       Primal Inf.    Dual Inf.      Time
[2025-09-17 05:23:10] DEBUG    1976888    2.4710058e+12   0.000000e+00   0.000000e+00   2306s

Solved in 1976888 iterations and 2306.01 seconds (1156.49 work units)
[2025-09-17 05:23:10] DEBUG    Optimal objective  2.471005751e+12
✅ Scenario completato: existing_VRES_2030_PHES

🚀 Lancio scenario: existing_VRES_2030_nostorage
[2025-09-17 05:33:41] INFO     Loading sets
[2025-09-17 05:33:41] INFO     Loading parameters
[2025-09-17 05:34:15] INFO     constraints are loaded in the following order: ['energy_balance', 'dispatch', 'costs', 'capacity', 'network', 'policy', 'conversion', 'group', 'conversion_plus', 'milp', 'export']
[2025-09-17 05:34:15] INFO     creating energy_balance constraints
[2025-09-17 05:37:11] INFO     creating dispatch constraints
[2025-09-17 05:42:17] INFO     creating costs constraints
[2025-09-17 05:50:29] INFO     creating capacity constraints
[2025-09-17 05:50:29] INFO     creating network constraints
[2025-09-17 05:50:29] INFO     creating policy constraints
[2025-09-17 05:50:29] INFO     creating conversion constraints
[2025-09-17 05:50:29] INFO     creating group constraints
[2025-09-17 05:50:29] INFO     creating conversion_plus constraints
[2025-09-17 05:50:29] INFO     creating milp constraints
[2025-09-17 05:50:29] INFO     creating export constraints
[2025-09-17 06:02:10] DEBUG    Set parameter WLSAccessID
Set parameter WLSSecret
Set parameter LicenseID to value 2680226
[2025-09-17 06:02:11] DEBUG    Academic license 2680226 - for non-commercial use only - registered to an___@mail.polimi.it
[2025-09-17 06:02:43] DEBUG    Read LP format model from file /tmp/tmpa2jqhp0w.pyomo.lp
[2025-09-17 06:02:43] DEBUG    Reading time = 32.07 seconds
x16007366: 21762739 rows, 16007366 columns, 51938520 nonzeros
[2025-09-17 06:02:43] DEBUG    Set parameter NumericFocus to value 1
[2025-09-17 06:02:43] DEBUG    Gurobi Optimizer version 12.0.2 build v12.0.2rc0 (linux64 - "Debian GNU/Linux 11 (bullseye)")

CPU model: Intel(R) Xeon(R) Silver 4314 CPU @ 2.40GHz, instruction set [SSE2|AVX|AVX2|AVX512]
Thread count: 32 physical cores, 64 logical processors, using up to 32 threads
[2025-09-17 06:02:43] DEBUG    Non-default parameters:
NumericFocus  1
[2025-09-17 06:02:43] DEBUG    Academic license 2680226 - for non-commercial use only - registered to an___@mail.polimi.it
[2025-09-17 06:02:43] DEBUG    Optimize a model with 21762739 rows, 16007366 columns and 51938520 nonzeros
[2025-09-17 06:02:43] DEBUG    Model fingerprint: 0x3171b332
[2025-09-17 06:02:43] DEBUG    Coefficient statistics:
  Matrix range     [1e-07, 3e+02]
[2025-09-17 06:02:43] DEBUG    Objective range  [1e+00, 1e+06]
  Bounds range     [0e+00, 0e+00]
  RHS range        [1e+00, 2e+08]
[2025-09-17 06:02:49] DEBUG    Presolve removed 18554665 rows and 9558237 columns (presolve time = 5s)...
[2025-09-17 06:02:53] DEBUG    Presolve removed 20734278 rows and 13431509 columns (presolve time = 10s)...
[2025-09-17 06:02:59] DEBUG    Presolve removed 21229340 rows and 13542164 columns (presolve time = 15s)...
[2025-09-17 06:03:00] DEBUG    Presolve removed 21369484 rows and 13542164 columns
[2025-09-17 06:03:00] DEBUG    Presolve time: 17.69s
Presolved: 393255 rows, 2605346 columns, 4461590 nonzeros
[2025-09-17 06:03:00] DEBUG    Concurrent LP optimizer: primal simplex, dual simplex, and barrier
Showing barrier log only...
[2025-09-17 06:03:09] DEBUG    Elapsed ordering time = 8s
[2025-09-17 06:03:10] DEBUG    Ordering time: 8.42s
[2025-09-17 06:03:10] DEBUG    Barrier statistics:
 Dense cols : 81
 AA' NZ     : 1.376e+06
[2025-09-17 06:03:10] DEBUG    Factor NZ  : 1.392e+07 (roughly 1.3 GB of memory)
 Factor Ops : 1.136e+09 (less than 1 second per iteration)
 Threads    : 30
[2025-09-17 06:03:12] DEBUG    Objective                Residual
[2025-09-17 06:03:12] DEBUG    Iter       Primal          Dual         Primal    Dual     Compl     Time
[2025-09-17 06:03:13] DEBUG    0   3.89721202e+21 -1.17653058e+20  6.34e+10 9.87e+02  5.15e+16    30s
[2025-09-17 06:03:15] DEBUG    1   2.83652399e+21 -1.25974183e+20  2.40e+10 1.30e+06  1.94e+16    32s
[2025-09-17 06:03:18] DEBUG    2   1.30088150e+21 -9.11887158e+19  4.74e+09 7.47e+04  3.88e+15    35s
[2025-09-17 06:03:22] DEBUG    3   4.43787161e+19 -6.64956995e+19  6.96e+07 9.61e+02  7.53e+13    40s
[2025-09-17 06:03:25] DEBUG    4   1.22814244e+19 -3.03481002e+19  1.80e+07 5.40e+00  2.10e+13    42s
[2025-09-17 06:03:27] DEBUG    5   4.25629381e+18 -1.06273860e+19  5.62e+06 6.77e-06  6.19e+12    44s
[2025-09-17 06:03:29] DEBUG    6   1.36386104e+18 -4.53519824e+18  1.57e+06 3.23e-06  1.95e+12    46s
[2025-09-17 06:03:31] DEBUG    7   8.71168733e+17 -2.79055654e+18  9.84e+05 3.22e-06  1.15e+12    48s
[2025-09-17 06:03:33] DEBUG    8   5.63306415e+17 -1.49541825e+18  6.17e+05 5.96e-06  6.19e+11    50s
[2025-09-17 06:03:35] DEBUG    9   3.33646971e+17 -8.14933179e+17  3.58e+05 5.12e-06  3.26e+11    52s
[2025-09-17 06:03:38] DEBUG    10   1.53916138e+17 -3.14513451e+17  1.56e+05 7.68e-06  1.24e+11    55s
[2025-09-17 06:03:40] DEBUG    11   7.92015580e+16 -1.58668230e+17  7.95e+04 7.09e-06  5.92e+10    57s
[2025-09-17 06:03:42] DEBUG    12   3.04174475e+16 -7.26874388e+16  2.78e+04 1.08e-06  2.39e+10    60s
[2025-09-17 06:03:44] DEBUG    13   1.80154113e+16 -4.43267209e+16  1.56e+04 8.72e-07  1.41e+10    62s
[2025-09-17 06:03:47] DEBUG    14   1.23308887e+16 -1.83307909e+16  9.93e+03 1.31e-07  6.84e+09    64s
[2025-09-17 06:03:49] DEBUG    15   8.86674131e+15 -1.17603163e+16  6.46e+03 1.42e-07  4.54e+09    66s
[2025-09-17 06:03:51] DEBUG    16   5.90540388e+15 -6.56839213e+15  3.44e+03 5.29e-08  2.71e+09    68s
[2025-09-17 06:03:52] DEBUG    17   4.91445312e+15 -3.91589404e+15  2.47e+03 5.01e-08  1.91e+09    70s
[2025-09-17 06:03:56] DEBUG    18   3.82787921e+15 -1.66125892e+15  1.44e+03 4.61e-08  1.18e+09    73s
[2025-09-17 06:03:58] DEBUG    19   3.29610812e+15 -8.17034039e+14  9.13e+02 4.49e-08  8.82e+08    75s
[2025-09-17 06:04:01] DEBUG    20   2.97174586e+15  1.33420235e+14  6.01e+02 4.03e-08  6.07e+08    78s
[2025-09-17 06:04:03] DEBUG    21   2.78459636e+15  4.91878723e+14  4.15e+02 4.77e-08  4.90e+08    80s
[2025-09-17 06:04:05] DEBUG    22   2.68533979e+15  9.79588008e+14  3.17e+02 1.43e-08  3.64e+08    82s
[2025-09-17 06:04:08] DEBUG    23   2.46127456e+15  1.64873322e+15  1.01e+02 2.87e-08  1.73e+08    86s
[2025-09-17 06:04:11] DEBUG    24   2.40750174e+15  1.88148198e+15  4.88e+01 1.33e-07  1.12e+08    88s
[2025-09-17 06:04:12] DEBUG    25   2.39716983e+15  1.98165592e+15  3.91e+01 1.15e-07  8.84e+07    90s
[2025-09-17 06:04:14] DEBUG    26   2.37812578e+15  2.10134555e+15  2.12e+01 2.71e-07  5.89e+07    92s
[2025-09-17 06:04:16] DEBUG    27   2.37493385e+15  2.13036906e+15  1.83e+01 3.57e-07  5.20e+07    94s
[2025-09-17 06:04:18] DEBUG    28   2.37009159e+15  2.17384493e+15  1.41e+01 5.76e-07  4.17e+07    96s
[2025-09-17 06:04:21] DEBUG    29   2.36638105e+15  2.21640283e+15  1.07e+01 7.74e-07  3.19e+07    98s
[2025-09-17 06:04:24] DEBUG    30   2.35913317e+15  2.27536607e+15  4.32e+00 2.87e-06  1.78e+07   101s
[2025-09-17 06:04:29] DEBUG    31   2.35713248e+15  2.31615996e+15  2.65e+00 5.30e-06  8.71e+06   106s
[2025-09-17 06:04:33] DEBUG    32   2.35543345e+15  2.33334550e+15  1.26e+00 9.01e-06  4.70e+06   110s
[2025-09-17 06:04:36] DEBUG    33   2.35441160e+15  2.34709410e+15  4.24e-01 9.73e-06  1.56e+06   113s
[2025-09-17 06:04:38] DEBUG    34   2.35384128e+15  2.35265510e+15  4.89e-02 1.33e-04  2.52e+05   115s
[2025-09-17 06:04:40] DEBUG    35   2.35378559e+15  2.35343657e+15  1.57e-02 2.76e-04  7.42e+04   117s
[2025-09-17 06:04:42] DEBUG    36   2.35377624e+15  2.35360784e+15  1.07e-02 3.23e-04  3.58e+04   119s
[2025-09-17 06:04:44] DEBUG    37   2.35377401e+15  2.35367533e+15  9.66e-03 3.31e-04  2.10e+04   121s
[2025-09-17 06:04:46] DEBUG    38   2.35376782e+15  2.35369744e+15  6.86e-03 3.46e-04  1.50e+04   123s
[2025-09-17 06:04:48] DEBUG    39   2.35376629e+15  2.35370463e+15  6.22e-03 2.74e-04  1.31e+04   125s
[2025-09-17 06:04:50] DEBUG    40   2.35376310e+15  2.35372272e+15  4.95e-03 2.69e-04  8.59e+03   127s
[2025-09-17 06:04:52] DEBUG    41   2.35376217e+15  2.35372416e+15  4.60e-03 2.69e-04  8.09e+03   130s
[2025-09-17 06:04:57] DEBUG    42   2.35375628e+15  2.35373304e+15  2.43e-03 2.75e-04  4.95e+03   134s
[2025-09-17 06:05:00] DEBUG    43   2.35375337e+15  2.35374003e+15  1.46e-03 2.74e-04  2.84e+03   138s
[2025-09-17 06:05:03] DEBUG    44   2.35375199e+15  2.35374375e+15  1.06e-03 2.71e-04  1.76e+03   140s
[2025-09-17 06:05:06] DEBUG    45   2.35375142e+15  2.35374534e+15  9.16e-04 2.65e-04  1.30e+03   143s
[2025-09-17 06:05:07] DEBUG    46   2.35375101e+15  2.35374605e+15  8.10e-04 2.61e-04  1.06e+03   145s
[2025-09-17 06:05:09] DEBUG    47   2.35375076e+15  2.35374624e+15  7.46e-04 2.60e-04  9.67e+02   147s
[2025-09-17 06:05:12] DEBUG    48   2.35374985e+15  2.35374684e+15  5.18e-04 2.56e-04  6.46e+02   149s
[2025-09-17 06:05:16] DEBUG    49   2.35374925e+15  2.35374701e+15  3.75e-04 2.55e-04  4.83e+02   153s
[2025-09-17 06:05:20] DEBUG    50   2.35374851e+15  2.35374732e+15  1.96e-04 2.58e-04  2.59e+02   158s
[2025-09-17 06:05:25] DEBUG    51   2.35374829e+15  2.35374751e+15  1.49e-04 2.49e-04  1.71e+02   162s
[2025-09-17 06:05:28] DEBUG    52   2.35374807e+15  2.35374757e+15  9.68e-05 2.48e-04  1.11e+02   165s
[2025-09-17 06:05:31] DEBUG    53   2.35374796e+15  2.35374758e+15  7.09e-05 2.44e-04  8.41e+01   168s
[2025-09-17 06:05:33] DEBUG    54   2.35374793e+15  2.35374760e+15  6.35e-05 2.02e-04  7.41e+01   170s
[2025-09-17 06:05:35] DEBUG    55   2.35374787e+15  2.35374762e+15  4.99e-05 1.55e-04  5.81e+01   172s
[2025-09-17 06:05:39] DEBUG    56   2.35374783e+15  2.35374763e+15  4.19e-05 1.02e-04  4.58e+01   176s
[2025-09-17 06:05:46] DEBUG    57   2.35374780e+15  2.35374764e+15  3.57e-05 7.79e-05  3.73e+01   183s
[2025-09-17 06:05:53] DEBUG    58   2.35374776e+15  2.35374765e+15  2.80e-05 6.37e-05  2.75e+01   191s
[2025-09-17 06:06:00] DEBUG    59   2.35374773e+15  2.35374765e+15  2.08e-05 4.31e-05  2.01e+01   197s
[2025-09-17 06:06:06] DEBUG    60   2.35374771e+15  2.35374765e+15  1.61e-05 3.70e-05  1.48e+01   204s
[2025-09-17 06:06:13] DEBUG    61   2.35374769e+15  2.35374765e+15  1.18e-05 3.43e-05  1.05e+01   210s
[2025-09-17 06:06:21] DEBUG    62   2.35374768e+15  2.35374765e+15  9.12e-06 3.25e-05  7.93e+00   218s
[2025-09-17 06:06:26] DEBUG    63   2.35374768e+15  2.35374765e+15  7.25e-06 3.17e-05  6.07e+00   223s
[2025-09-17 06:06:33] DEBUG    64   2.35374767e+15  2.35374765e+15  6.80e-06 3.11e-05  5.64e+00   231s
[2025-09-17 06:06:40] DEBUG    65   2.35374767e+15  2.35374765e+15  5.94e-06 2.96e-05  4.91e+00   237s
[2025-09-17 06:06:46] DEBUG    66   2.35374767e+15  2.35374765e+15  4.75e-06 2.96e-05  3.85e+00   244s
[2025-09-17 06:06:54] DEBUG    67   2.35374766e+15  2.35374765e+15  3.98e-06 2.94e-05  3.08e+00   252s
[2025-09-17 06:07:03] DEBUG    68   2.35374766e+15  2.35374765e+15  3.36e-06 2.91e-05  2.50e+00   260s
[2025-09-17 06:07:03] DEBUG    Barrier solved model in 68 iterations and 260.34 seconds (73.52 work units)
Optimal objective 2.35374766e+15
[2025-09-17 06:07:03] DEBUG    Crossover log...
[2025-09-17 06:07:03] DEBUG    31188 DPushes remaining with DInf 0.0000000e+00               261s
[2025-09-17 06:07:07] DEBUG    0 DPushes remaining with DInf 0.0000000e+00               265s
[2025-09-17 06:07:07] DEBUG    2210905 PPushes remaining with PInf 0.0000000e+00               265s
[2025-09-17 06:07:10] DEBUG    307433 PPushes remaining with PInf 3.3994438e-06               267s
[2025-09-17 06:07:11] DEBUG    0 PPushes remaining with PInf 0.0000000e+00               268s
[2025-09-17 06:07:11] DEBUG    Push phase complete: Pinf 0.0000000e+00, Dinf 2.5238881e+05    268s
[2025-09-17 06:07:11] DEBUG    Iteration    Objective       Primal Inf.    Dual Inf.      Time
 2242096    2.3537476e+15   0.000000e+00   2.523888e+05    268s
[2025-09-17 06:07:14] DEBUG    2245289    2.3537476e+15   0.000000e+00   9.560270e+00    272s
[2025-09-17 06:07:18] DEBUG    Solved with barrier
[2025-09-17 06:07:27] DEBUG    2245547    2.3537476e+15   0.000000e+00   8.065664e-03    285s
[2025-09-17 06:07:32] DEBUG    Extra simplex iterations after uncrush: 145
 2245692    2.3537476e+15   0.000000e+00   0.000000e+00    290s
[2025-09-17 06:07:32] DEBUG    Solved in 2245692 iterations and 289.89 seconds (103.53 work units)
[2025-09-17 06:07:32] DEBUG    Optimal objective  2.353747648e+15
✅ Scenario completato: existing_VRES_2030_nostorage

🚀 Lancio scenario: existing_CG+VRES_2030_BESS
[2025-09-17 06:20:32] INFO     Loading sets
[2025-09-17 06:20:32] INFO     Loading parameters
[2025-09-17 06:21:08] INFO     constraints are loaded in the following order: ['energy_balance', 'dispatch', 'costs', 'capacity', 'network', 'policy', 'conversion', 'group', 'conversion_plus', 'milp', 'export']
[2025-09-17 06:21:08] INFO     creating energy_balance constraints
[2025-09-17 06:24:12] INFO     creating dispatch constraints
[2025-09-17 06:26:13] INFO     creating costs constraints
[2025-09-17 06:40:22] INFO     creating capacity constraints
[2025-09-17 06:40:22] INFO     creating network constraints
[2025-09-17 06:40:22] INFO     creating policy constraints
[2025-09-17 06:40:22] INFO     creating conversion constraints
[2025-09-17 06:40:22] INFO     creating group constraints
[2025-09-17 06:40:22] INFO     creating conversion_plus constraints
[2025-09-17 06:40:22] INFO     creating milp constraints
[2025-09-17 06:40:22] INFO     creating export constraints
[2025-09-17 06:53:28] DEBUG    Set parameter WLSAccessID
Set parameter WLSSecret
Set parameter LicenseID to value 2680226
[2025-09-17 06:53:32] DEBUG    Academic license 2680226 - for non-commercial use only - registered to an___@mail.polimi.it
[2025-09-17 06:54:08] DEBUG    Read LP format model from file /tmp/tmpkldr0x20.pyomo.lp
Reading time = 36.22 seconds
x17961158: 24014354 rows, 17961158 columns, 58484778 nonzeros
[2025-09-17 06:54:08] DEBUG    Set parameter NumericFocus to value 1
Gurobi Optimizer version 12.0.2 build v12.0.2rc0 (linux64 - "Debian GNU/Linux 11 (bullseye)")

CPU model: Intel(R) Xeon(R) Silver 4314 CPU @ 2.40GHz, instruction set [SSE2|AVX|AVX2|AVX512]
Thread count: 32 physical cores, 64 logical processors, using up to 32 threads

Non-default parameters:
NumericFocus  1
[2025-09-17 06:54:08] DEBUG    Academic license 2680226 - for non-commercial use only - registered to an___@mail.polimi.it
Optimize a model with 24014354 rows, 17961158 columns and 58484778 nonzeros
[2025-09-17 06:54:09] DEBUG    Model fingerprint: 0xa12b7057
[2025-09-17 06:54:09] DEBUG    Coefficient statistics:
  Matrix range     [1e-07, 3e+02]
  Objective range  [1e+00, 1e+06]
  Bounds range     [0e+00, 0e+00]
  RHS range        [1e+00, 2e+08]
[2025-09-17 06:54:15] DEBUG    Presolve removed 19150857 rows and 10548373 columns (presolve time = 6s)...
[2025-09-17 06:54:19] DEBUG    Presolve removed 19154947 rows and 12290000 columns (presolve time = 11s)...
[2025-09-17 06:54:24] DEBUG    Presolve removed 21671960 rows and 14756234 columns (presolve time = 15s)...
[2025-09-17 06:54:29] DEBUG    Presolve removed 22209855 rows and 14861354 columns (presolve time = 20s)...
[2025-09-17 06:54:31] DEBUG    Presolve removed 22349999 rows and 14861354 columns
[2025-09-17 06:54:31] DEBUG    Presolve time: 22.93s
Presolved: 1664355 rows, 3239948 columns, 9361088 nonzeros

Concurrent LP optimizer: primal simplex, dual simplex, and barrier
Showing barrier log only...
[2025-09-17 06:54:44] DEBUG    Elapsed ordering time = 12s
[2025-09-17 06:54:49] DEBUG    Ordering time: 16.41s
[2025-09-17 06:54:50] DEBUG    Barrier statistics:
 Dense cols : 144
[2025-09-17 06:54:50] DEBUG    AA' NZ     : 8.891e+06
 Factor NZ  : 4.661e+07 (roughly 2.4 GB of memory)
 Factor Ops : 5.193e+09 (less than 1 second per iteration)
 Threads    : 30
[2025-09-17 06:54:53] DEBUG    Objective                Residual
[2025-09-17 06:54:53] DEBUG    Iter       Primal          Dual         Primal    Dual     Compl     Time
[2025-09-17 06:54:53] DEBUG    0   2.12647672e+21 -8.17288918e+18  6.97e+10 2.89e-11  3.84e+15    46s
[2025-09-17 06:54:58] DEBUG    1   1.71807190e+21 -8.17509511e+18  5.57e+10 2.29e+05  2.91e+15    50s
[2025-09-17 06:55:04] DEBUG    2   1.43002136e+21 -7.54703701e+18  4.57e+10 9.44e+04  2.16e+15    56s
[2025-09-17 06:55:09] DEBUG    3   1.06260864e+21 -6.75170295e+18  3.40e+10 2.85e+04  1.49e+15    61s
[2025-09-17 06:55:13] DEBUG    4   7.81303177e+20 -6.40827819e+18  2.53e+10 1.23e+04  1.09e+15    65s
[2025-09-17 06:55:17] DEBUG    5   6.08107672e+20 -6.19887356e+18  1.95e+10 5.64e+03  8.43e+14    70s
[2025-09-17 06:55:22] DEBUG    6   3.16523203e+20 -6.01503970e+18  1.01e+10 3.77e+03  4.44e+14    74s
[2025-09-17 06:55:26] DEBUG    7   1.02027042e+20 -5.56582074e+18  3.32e+09 1.79e+03  1.49e+14    78s
[2025-09-17 06:55:30] DEBUG    8   2.45422242e+19 -4.88227913e+18  8.63e+08 7.98e+02  4.08e+13    82s
[2025-09-17 06:55:36] DEBUG    9   1.38227186e+19 -3.62152659e+18  4.84e+08 8.52e+01  2.12e+13    88s
[2025-09-17 06:55:40] DEBUG    10   8.54432841e+18 -3.08229799e+18  3.00e+08 3.10e+01  1.30e+13    92s
[2025-09-17 06:55:45] DEBUG    11   4.76299972e+18 -2.52840247e+18  1.72e+08 8.59e+00  7.40e+12    97s
[2025-09-17 06:55:52] DEBUG    12   2.07064358e+18 -1.86143634e+18  7.36e+07 6.88e-01  3.16e+12   104s
[2025-09-17 06:55:59] DEBUG    13   2.46446934e+17 -1.10848119e+18  8.67e+06 2.01e-01  4.78e+11   111s
[2025-09-17 06:56:03] DEBUG    14   2.21315034e+16 -3.81148570e+17  7.63e+05 6.46e-02  7.88e+10   115s
[2025-09-17 06:56:06] DEBUG    15   4.59701397e+14 -5.06527057e+16  5.20e+03 1.08e-02  7.80e+09   118s
[2025-09-17 06:56:10] DEBUG    16   2.77721451e+14 -9.71298074e+15  1.99e+02 1.05e-02  1.49e+09   122s
[2025-09-17 06:56:15] DEBUG    17   2.55303754e+14 -3.33918247e+15  3.30e+01 1.35e-02  5.16e+08   127s
[2025-09-17 06:56:20] DEBUG    18   2.47846318e+14 -9.51681302e+14  1.61e+01 1.34e-02  1.52e+08   133s
[2025-09-17 06:56:24] DEBUG    19   2.40688735e+14 -6.34614844e+14  8.81e+00 1.61e-02  1.02e+08   137s
[2025-09-17 06:56:30] DEBUG    20   2.38299573e+14 -3.46797535e+14  7.20e+00 1.38e-02  5.70e+07   142s
[2025-09-17 06:56:35] DEBUG    21   2.33846128e+14 -2.41777146e+14  4.79e+00 1.40e-02  4.01e+07   147s
[2025-09-17 06:56:41] DEBUG    22   2.33367661e+14 -1.93777676e+14  4.62e+00 1.42e-02  3.23e+07   153s
[2025-09-17 06:56:46] DEBUG    23   2.29376124e+14 -3.42103012e+13  3.26e+00 1.47e-02  6.45e+06   158s
[2025-09-17 06:56:52] DEBUG    24   2.20758757e+14 -1.08214310e+13  1.10e+00 2.04e-02  2.10e+06   164s
[2025-09-17 06:57:00] DEBUG    25   2.18689362e+14 -2.33061592e+12  9.16e-01 1.54e-02  5.14e+05   172s
[2025-09-17 06:57:05] DEBUG    26   2.14575368e+14 -7.32120198e+11  6.09e-01 1.49e-02  1.87e+05   177s
[2025-09-17 06:57:09] DEBUG    27   2.12764071e+14 -5.96115770e+11  5.14e-01 1.48e-02  1.54e+05   181s
[2025-09-17 06:57:13] DEBUG    28   2.11810685e+14 -4.56215172e+11  4.72e-01 1.48e-02  1.26e+05   186s
[2025-09-17 06:57:18] DEBUG    29   2.10375764e+14 -3.72000691e+11  4.13e-01 1.48e-02  1.06e+05   190s
[2025-09-17 06:57:23] DEBUG    30   2.09822153e+14 -3.15532759e+11  3.93e-01 1.48e-02  9.42e+04   195s
[2025-09-17 06:57:31] DEBUG    31   2.07656029e+14 -2.17419782e+11  3.19e-01 1.47e-02  6.86e+04   203s
[2025-09-17 06:57:40] DEBUG    32   2.05589904e+14 -1.51847035e+11  2.61e-01 1.46e-02  4.88e+04   212s
[2025-09-17 06:57:50] DEBUG    33   2.04871611e+14 -1.43791797e+11  2.45e-01 1.46e-02  4.54e+04   222s
[2025-09-17 06:57:57] DEBUG    34   2.04515474e+14 -1.39706610e+11  2.37e-01 1.46e-02  4.37e+04   229s
[2025-09-17 06:58:06] DEBUG    35   2.03718570e+14 -1.33948495e+11  2.20e-01 1.46e-02  4.07e+04   238s
[2025-09-17 06:58:15] DEBUG    36   2.03135528e+14 -1.27104479e+11  2.09e-01 1.46e-02  3.81e+04   247s
[2025-09-17 06:58:23] DEBUG    37   2.02790092e+14 -1.21638171e+11  2.02e-01 1.46e-02  3.63e+04   256s
[2025-09-17 06:58:33] DEBUG    38   2.02387177e+14 -1.18104763e+11  1.95e-01 1.46e-02  3.47e+04   265s
[2025-09-17 06:58:42] DEBUG    39   2.01843303e+14 -1.12755271e+11  1.85e-01 1.49e-02  3.26e+04   274s
[2025-09-17 06:58:50] DEBUG    40   2.01550204e+14 -1.09590495e+11  1.80e-01 1.58e-02  3.14e+04   282s
[2025-09-17 06:58:56] DEBUG    41   2.01322794e+14 -1.08440683e+11  1.77e-01 1.62e-02  3.07e+04   289s
[2025-09-17 06:59:04] DEBUG    42   2.01169648e+14 -1.06759933e+11  1.74e-01 1.66e-02  3.01e+04   296s
[2025-09-17 06:59:12] DEBUG    43   2.00980505e+14 -1.04616406e+11  1.71e-01 1.72e-02  2.93e+04   304s
[2025-09-17 06:59:22] DEBUG    44   2.00789873e+14 -1.01209277e+11  1.68e-01 1.82e-02  2.83e+04   314s
[2025-09-17 06:59:27] DEBUG    45   2.00337971e+14 -1.00195380e+11  1.61e-01 1.84e-02  2.73e+04   319s
[2025-09-17 06:59:34] DEBUG    46   2.00063354e+14 -9.85668686e+10  1.57e-01 1.88e-02  2.65e+04   326s
[2025-09-17 06:59:40] DEBUG    47   1.99884320e+14 -9.74921471e+10  1.54e-01 1.90e-02  2.60e+04   332s
[2025-09-17 06:59:50] DEBUG    48   1.99823679e+14 -9.65902905e+10  1.53e-01 1.94e-02  2.57e+04   342s
[2025-09-17 06:59:58] DEBUG    49   1.99725097e+14 -9.56806441e+10  1.51e-01 1.99e-02  2.53e+04   350s
[2025-09-17 07:00:08] DEBUG    50   1.99625226e+14 -9.46418292e+10  1.50e-01 2.05e-02  2.50e+04   360s
[2025-09-17 07:00:17] DEBUG    51   1.99503016e+14 -9.42557232e+10  1.48e-01 2.07e-02  2.47e+04   369s
[2025-09-17 07:00:24] DEBUG    52   1.99319915e+14 -9.31710564e+10  1.46e-01 2.13e-02  2.42e+04   376s
[2025-09-17 07:00:32] DEBUG    53   1.99089783e+14 -9.16090946e+10  1.42e-01 2.20e-02  2.35e+04   384s
[2025-09-17 07:00:40] DEBUG    54   1.98744827e+14 -9.02703651e+10  1.37e-01 2.26e-02  2.26e+04   392s
[2025-09-17 07:00:49] DEBUG    55   1.98457742e+14 -8.87984823e+10  1.33e-01 2.33e-02  2.19e+04   401s
[2025-09-17 07:00:57] DEBUG    56   1.98305139e+14 -8.79229823e+10  1.31e-01 2.36e-02  2.15e+04   409s
[2025-09-17 07:01:05] DEBUG    57   1.98022684e+14 -8.63477989e+10  1.28e-01 2.42e-02  2.07e+04   417s
[2025-09-17 07:01:12] DEBUG    58   1.97842835e+14 -8.50802785e+10  1.25e-01 2.52e-02  2.02e+04   424s
[2025-09-17 07:01:20] DEBUG    59   1.97701477e+14 -8.42711417e+10  1.24e-01 2.59e-02  1.98e+04   432s
[2025-09-17 07:01:24] DEBUG    60   1.97647631e+14 -8.35891935e+10  1.23e-01 2.64e-02  1.96e+04   437s
[2025-09-17 07:01:31] DEBUG    61   1.97464880e+14 -8.32253261e+10  1.21e-01 2.67e-02  1.93e+04   443s
[2025-09-17 07:01:37] DEBUG    62   1.97155923e+14 -8.27975219e+10  1.17e-01 2.69e-02  1.87e+04   449s
[2025-09-17 07:01:43] DEBUG    63   1.96994516e+14 -8.18770213e+10  1.15e-01 2.74e-02  1.83e+04   456s
[2025-09-17 07:01:53] DEBUG    64   1.96642826e+14 -8.06028330e+10  1.11e-01 2.82e-02  1.76e+04   465s
[2025-09-17 07:02:01] DEBUG    65   1.96412195e+14 -7.95808541e+10  1.08e-01 2.88e-02  1.70e+04   473s
[2025-09-17 07:02:10] DEBUG    66   1.96255670e+14 -7.91136344e+10  1.06e-01 2.90e-02  1.67e+04   482s
[2025-09-17 07:02:19] DEBUG    67   1.96114921e+14 -7.85887015e+10  1.05e-01 2.93e-02  1.64e+04   491s
[2025-09-17 07:02:25] DEBUG    68   1.95940935e+14 -7.81425178e+10  1.03e-01 2.94e-02  1.61e+04   497s
[2025-09-17 07:02:32] DEBUG    69   1.95851411e+14 -7.76920654e+10  1.02e-01 2.96e-02  1.59e+04   505s
[2025-09-17 07:02:42] DEBUG    70   1.95768915e+14 -7.76293762e+10  1.01e-01 2.96e-02  1.58e+04   514s
[2025-09-17 07:02:49] DEBUG    71   1.95536234e+14 -7.91546481e+10  9.84e-02 2.99e-02  1.53e+04   521s
[2025-09-17 07:02:55] DEBUG    72   1.95491377e+14 -7.94891472e+10  9.79e-02 3.00e-02  1.81e+04   528s
[2025-09-17 07:03:04] DEBUG    73   1.95444902e+14 -7.96999664e+10  9.74e-02 3.02e-02  1.78e+04   536s
[2025-09-17 07:03:12] DEBUG    74   1.95286400e+14 -7.99863329e+10  9.58e-02 3.03e-02  1.84e+04   544s
[2025-09-17 07:03:19] DEBUG    75   1.94944682e+14 -8.02622375e+10  9.23e-02 3.03e-02  1.77e+04   551s
[2025-09-17 07:03:25] DEBUG    76   1.94579627e+14 -8.04895396e+10  8.87e-02 3.04e-02  1.75e+04   557s
[2025-09-17 07:03:32] DEBUG    77   1.94272426e+14 -8.06498322e+10  8.58e-02 3.04e-02  1.69e+04   564s
[2025-09-17 07:03:38] DEBUG    78   1.94138258e+14 -8.08356790e+10  8.45e-02 3.03e-02  1.66e+04   570s
[2025-09-17 07:03:45] DEBUG    79   1.93991638e+14 -8.10184665e+10  8.32e-02 3.02e-02  1.63e+04   577s
[2025-09-17 07:03:51] DEBUG    80   1.93830805e+14 -8.12314324e+10  8.18e-02 3.01e-02  1.60e+04   584s
[2025-09-17 07:03:58] DEBUG    81   1.93550655e+14 -8.14429105e+10  7.93e-02 3.00e-02  1.55e+04   590s
[2025-09-17 07:03:58] DEBUG    Barrier performed 81 iterations in 590.02 seconds (148.33 work units)
[2025-09-17 07:03:58] DEBUG    Numerical trouble encountered
[2025-09-17 07:03:58] DEBUG    Model may be infeasible or unbounded.  Consider using the
[2025-09-17 07:03:58] DEBUG    homogeneous algorithm (through parameter 'BarHomogeneous')
[2025-09-17 07:05:03] DEBUG    Waiting for other threads to finish...         655s
[2025-09-17 07:06:07] DEBUG    Waiting for other threads to finish...         719s
[2025-09-17 07:07:12] DEBUG    Waiting for other threads to finish...         784s
[2025-09-17 07:08:17] DEBUG    Waiting for other threads to finish...         849s
[2025-09-17 07:09:21] DEBUG    Waiting for other threads to finish...         913s
[2025-09-17 07:10:25] DEBUG    Waiting for other threads to finish...         977s
[2025-09-17 07:11:30] DEBUG    Waiting for other threads to finish...        1042s
[2025-09-17 07:12:34] DEBUG    Waiting for other threads to finish...        1106s
[2025-09-17 07:13:38] DEBUG    Waiting for other threads to finish...        1170s
[2025-09-17 07:14:43] DEBUG    Waiting for other threads to finish...        1235s
[2025-09-17 07:15:48] DEBUG    Waiting for other threads to finish...        1300s
[2025-09-17 07:16:52] DEBUG    Waiting for other threads to finish...        1364s
[2025-09-17 07:17:57] DEBUG    Waiting for other threads to finish...        1429s
[2025-09-17 07:19:01] DEBUG    Waiting for other threads to finish...        1494s
[2025-09-17 07:20:06] DEBUG    Waiting for other threads to finish...        1558s
[2025-09-17 07:21:10] DEBUG    Waiting for other threads to finish...        1623s
[2025-09-17 07:22:15] DEBUG    Waiting for other threads to finish...        1687s
[2025-09-17 07:23:20] DEBUG    Waiting for other threads to finish...        1752s
[2025-09-17 07:24:24] DEBUG    Waiting for other threads to finish...        1816s
[2025-09-17 07:25:28] DEBUG    Waiting for other threads to finish...        1880s
[2025-09-17 07:26:33] DEBUG    Waiting for other threads to finish...        1945s
[2025-09-17 07:27:15] DEBUG    Solved with dual simplex
[2025-09-17 07:27:26] DEBUG    Iteration    Objective       Primal Inf.    Dual Inf.      Time
 1647388    1.9003420e+10   0.000000e+00   0.000000e+00   1998s
[2025-09-17 07:27:26] DEBUG    Solved in 1647388 iterations and 1998.00 seconds (1331.12 work units)
[2025-09-17 07:27:26] DEBUG    Optimal objective  1.900341958e+10
✅ Scenario completato: existing_CG+VRES_2030_BESS

🚀 Lancio scenario: existing_CG+VRES_2030_nostorage
[2025-09-17 07:38:48] INFO     Loading sets
[2025-09-17 07:38:48] INFO     Loading parameters
[2025-09-17 07:39:23] INFO     constraints are loaded in the following order: ['energy_balance', 'dispatch', 'costs', 'capacity', 'network', 'policy', 'conversion', 'group', 'conversion_plus', 'milp', 'export']
[2025-09-17 07:39:23] INFO     creating energy_balance constraints
[2025-09-17 07:42:15] INFO     creating dispatch constraints
[2025-09-17 07:44:06] INFO     creating costs constraints
[2025-09-17 07:59:24] INFO     creating capacity constraints
[2025-09-17 07:59:24] INFO     creating network constraints
[2025-09-17 07:59:24] INFO     creating policy constraints
[2025-09-17 07:59:24] INFO     creating conversion constraints
[2025-09-17 07:59:24] INFO     creating group constraints
[2025-09-17 07:59:24] INFO     creating conversion_plus constraints
[2025-09-17 07:59:24] INFO     creating milp constraints
[2025-09-17 07:59:24] INFO     creating export constraints
[2025-09-17 08:11:33] DEBUG    Set parameter WLSAccessID
Set parameter WLSSecret
Set parameter LicenseID to value 2680226
[2025-09-17 08:11:33] DEBUG    Academic license 2680226 - for non-commercial use only - registered to an___@mail.polimi.it
[2025-09-17 08:12:06] DEBUG    Read LP format model from file /tmp/tmpz7_yop0d.pyomo.lp
Reading time = 33.65 seconds
[2025-09-17 08:12:06] DEBUG    x16690784: 22235900 rows, 16690784 columns, 53911739 nonzeros
Set parameter NumericFocus to value 1
Gurobi Optimizer version 12.0.2 build v12.0.2rc0 (linux64 - "Debian GNU/Linux 11 (bullseye)")

CPU model: Intel(R) Xeon(R) Silver 4314 CPU @ 2.40GHz, instruction set [SSE2|AVX|AVX2|AVX512]
Thread count: 32 physical cores, 64 logical processors, using up to 32 threads

Non-default parameters:
NumericFocus  1
[2025-09-17 08:12:06] DEBUG    Academic license 2680226 - for non-commercial use only - registered to an___@mail.polimi.it
Optimize a model with 22235900 rows, 16690784 columns and 53911739 nonzeros
[2025-09-17 08:12:07] DEBUG    Model fingerprint: 0x57434a17
[2025-09-17 08:12:07] DEBUG    Coefficient statistics:
  Matrix range     [1e-07, 3e+02]
  Objective range  [1e+00, 1e+06]
  Bounds range     [0e+00, 0e+00]
  RHS range        [1e+00, 2e+08]
[2025-09-17 08:12:13] DEBUG    Presolve removed 18642661 rows and 10040177 columns (presolve time = 6s)...
[2025-09-17 08:12:17] DEBUG    Presolve removed 19804947 rows and 12940000 columns (presolve time = 10s)...
[2025-09-17 08:12:22] DEBUG    Presolve removed 21447616 rows and 14044748 columns (presolve time = 15s)...
[2025-09-17 08:12:26] DEBUG    Presolve removed 21587760 rows and 14150120 columns
[2025-09-17 08:12:26] DEBUG    Presolve time: 19.58s
Presolved: 648140 rows, 2680808 columns, 5093054 nonzeros

Concurrent LP optimizer: primal simplex, dual simplex, and barrier
Showing barrier log only...
[2025-09-17 08:12:27] DEBUG    Ordering time: 0.32s
[2025-09-17 08:12:28] DEBUG    Barrier statistics:
[2025-09-17 08:12:28] DEBUG    Dense cols : 115
 AA' NZ     : 1.931e+06
 Factor NZ  : 1.953e+07 (roughly 1.5 GB of memory)
 Factor Ops : 1.973e+09 (less than 1 second per iteration)
 Threads    : 30
[2025-09-17 08:12:30] DEBUG    Objective                Residual
[2025-09-17 08:12:30] DEBUG    Iter       Primal          Dual         Primal    Dual     Compl     Time
[2025-09-17 08:12:31] DEBUG    0   2.19009457e+21 -9.48589323e+18  6.97e+10 3.27e-03  4.46e+15    24s
[2025-09-17 08:12:34] DEBUG    1   1.76348392e+21 -9.58446907e+18  5.54e+10 3.67e+05  3.58e+15    28s
[2025-09-17 08:12:38] DEBUG    2   1.43692071e+21 -9.16857985e+18  4.52e+10 2.72e+05  2.92e+15    32s
[2025-09-17 08:12:43] DEBUG    3   1.24467677e+21 -8.36853714e+18  3.91e+10 1.52e+05  2.47e+15    37s
[2025-09-17 08:12:46] DEBUG    4   8.89127341e+20 -7.94275053e+18  2.70e+10 8.57e+04  1.71e+15    40s
[2025-09-17 08:12:53] DEBUG    5   6.49518940e+20 -7.36392810e+18  1.95e+10 2.12e+04  1.22e+15    46s
[2025-09-17 08:12:58] DEBUG    6   2.38804442e+20 -6.87431171e+18  6.50e+09 4.11e+03  4.17e+14    52s
[2025-09-17 08:13:02] DEBUG    7   4.85259053e+19 -5.99594339e+18  1.24e+09 3.52e+02  8.11e+13    56s
[2025-09-17 08:13:04] DEBUG    8   4.51310092e+18 -4.42498001e+18  1.14e+08 4.45e+01  8.09e+12    58s
[2025-09-17 08:13:07] DEBUG    9   8.87306913e+17 -2.52720075e+18  2.07e+07 9.85e+00  1.75e+12    61s
[2025-09-17 08:13:10] DEBUG    10   2.96725656e+17 -9.31580415e+17  7.17e+06 1.65e+00  5.42e+11    63s
[2025-09-17 08:13:12] DEBUG    11   7.73421606e+16 -3.53686071e+17  1.90e+06 1.05e+00  1.47e+11    66s
[2025-09-17 08:13:15] DEBUG    12   1.74818782e+16 -1.01277999e+17  4.40e+05 5.14e-01  3.29e+10    69s
[2025-09-17 08:13:18] DEBUG    13   4.13122540e+15 -1.85850242e+16  1.04e+05 1.61e-01  5.54e+09    71s
[2025-09-17 08:13:20] DEBUG    14   8.28462582e+14 -2.51453200e+15  1.97e+04 5.85e-03  7.34e+08    74s
[2025-09-17 08:13:23] DEBUG    15   7.65759611e+13 -6.92558668e+14  6.27e+02 1.75e-03  1.43e+08    76s
[2025-09-17 08:13:25] DEBUG    16   4.31780520e+13 -2.84328095e+13  1.52e+00 2.97e-03  5.70e+06    79s
[2025-09-17 08:13:28] DEBUG    17   3.50737529e+13 -3.96520857e+12  1.35e-02 3.18e-03  8.04e+05    81s
[2025-09-17 08:13:31] DEBUG    18   3.02479527e+13 -1.15743683e+12  5.28e-03 4.80e-03  2.42e+05    84s
[2025-09-17 08:13:33] DEBUG    19   2.82782191e+13 -1.05424295e+12  3.29e-03 4.86e-03  2.36e+05    87s
[2025-09-17 08:13:43] DEBUG    20   2.43500247e+13 -3.85025186e+11  2.89e-03 5.15e-03  1.81e+05    97s
[2025-09-17 08:13:51] DEBUG    21   1.92326564e+13 -1.42086224e+11  2.10e-03 5.26e-03  4.51e+05   105s
[2025-09-17 08:14:03] DEBUG    22   1.83598899e+13 -1.47781817e+11  1.73e-03 2.05e-02  1.36e+06   117s
[2025-09-17 08:14:11] DEBUG    23   1.18658140e+13 -7.97003820e+10  1.10e-03 5.11e-03  7.12e+05   125s
[2025-09-17 08:14:19] DEBUG    24   9.18409269e+12 -9.18758345e+10  6.74e-04 5.08e-03  8.56e+05   132s
[2025-09-17 08:14:30] DEBUG    25   5.93496669e+12 -7.87492146e+10  6.11e-04 5.06e-03  6.76e+05   143s
[2025-09-17 08:14:41] DEBUG    26   3.63577283e+12 -1.88595998e+11  8.54e-04 5.03e-03  6.09e+05   154s
[2025-09-17 08:14:48] DEBUG    27   2.58859018e+12 -8.47197945e+10  4.30e-04 5.03e-03  3.69e+05   161s
[2025-09-17 08:14:53] DEBUG    28   1.33189519e+12 -1.46056995e+10  3.65e-04 5.03e-03  1.64e+05   167s
[2025-09-17 08:14:59] DEBUG    29   7.03031050e+11 -1.00055170e+10  7.86e-04 5.02e-03  7.19e+04   173s
[2025-09-17 08:15:05] DEBUG    30   4.83022973e+11  7.30082175e+09  1.10e-03 5.02e-03  3.56e+04   178s
[2025-09-17 08:15:09] DEBUG    31   3.11067794e+11  1.28148091e+10  8.54e-04 5.03e-03  1.01e+04   183s
[2025-09-17 08:15:14] DEBUG    32   2.91753906e+11  1.49715889e+10  1.23e-04 5.06e-03  7.46e+03   187s
[2025-09-17 08:15:17] DEBUG    33   2.73514017e+11  1.57340861e+10  8.54e-04 5.06e-03  5.44e+03   191s
[2025-09-17 08:15:20] DEBUG    34   2.53638372e+11  1.59983277e+10  1.91e-04 5.06e-03  3.67e+03   194s
[2025-09-17 08:15:23] DEBUG    35   2.41347246e+11  1.66159821e+10  3.65e-04 5.06e-03  2.72e+03   197s
[2025-09-17 08:15:28] DEBUG    36   2.37217852e+11  1.68655867e+10  4.30e-04 5.05e-03  2.44e+03   201s
[2025-09-17 08:15:34] DEBUG    37   2.36324546e+11  1.69982121e+10  3.65e-04 5.05e-03  2.37e+03   207s
[2025-09-17 08:15:41] DEBUG    38   2.35338342e+11  1.72380042e+10  8.54e-04 5.05e-03  2.27e+03   215s
[2025-09-17 08:15:47] DEBUG    39   2.29842422e+11  1.73994083e+10  3.46e-04 5.05e-03  1.99e+03   220s
[2025-09-17 08:15:53] DEBUG    40   2.24448952e+11  1.75700549e+10  8.54e-04 5.05e-03  1.73e+03   226s
[2025-09-17 08:15:59] DEBUG    41   2.21785771e+11  1.76968194e+10  5.20e-04 5.05e-03  1.60e+03   233s
[2025-09-17 08:16:05] DEBUG    42   2.19912106e+11  1.78178660e+10  4.93e-04 5.05e-03  1.51e+03   239s
[2025-09-17 08:16:12] DEBUG    43   2.08005356e+11  1.80419926e+10  8.54e-04 5.04e-03  1.07e+03   246s
[2025-09-17 08:16:19] DEBUG    44   1.98950808e+11  1.83153103e+10  6.11e-04 5.04e-03  7.90e+02   253s
[2025-09-17 08:16:27] DEBUG    45   1.93722446e+11  1.84986530e+10  7.58e-04 5.03e-03  6.59e+02   260s
[2025-09-17 08:16:33] DEBUG    46   1.85767461e+11  1.85986662e+10  1.13e-03 5.03e-03  5.09e+02   267s
[2025-09-17 08:16:44] DEBUG    47   1.93018478e+11  1.86156859e+10  1.11e-03 5.03e-03  6.39e+02   278s
[2025-09-17 08:16:55] DEBUG    48   2.01596805e+11  1.87049973e+10  9.75e-04 5.02e-03  1.24e+03   289s
[2025-09-17 08:17:10] DEBUG    49   1.95711109e+11  1.87091480e+10  8.59e-04 5.02e-03  1.02e+03   304s
[2025-09-17 08:17:20] DEBUG    50   1.94418875e+11  1.87588724e+10  7.94e-04 5.02e-03  1.13e+03   313s
[2025-09-17 08:17:30] DEBUG    51   1.94052827e+11  1.87891812e+10  7.67e-04 5.02e-03  1.22e+03   323s
[2025-09-17 08:17:38] DEBUG    52   1.91955789e+11  1.88060606e+10  1.34e-03 5.02e-03  1.11e+03   332s
[2025-09-17 08:17:46] DEBUG    53   1.90014657e+11  1.88174741e+10  5.90e-04 5.02e-03  9.35e+02   340s
[2025-09-17 08:17:54] DEBUG    54   1.89081768e+11  1.88271923e+10  8.54e-04 5.02e-03  8.44e+02   347s
[2025-09-17 08:18:02] DEBUG    55   1.88519798e+11  1.88400384e+10  8.54e-04 5.02e-03  7.97e+02   356s
[2025-09-17 08:18:08] DEBUG    56   1.88156460e+11  1.88488910e+10  1.34e-03 5.02e-03  7.65e+02   361s
[2025-09-17 08:18:15] DEBUG    57   1.87745995e+11  1.88570626e+10  8.54e-04 5.02e-03  7.23e+02   369s
[2025-09-17 08:18:23] DEBUG    58   1.87546440e+11  1.88647197e+10  4.49e-04 5.02e-03  7.08e+02   376s
[2025-09-17 08:18:28] DEBUG    59   1.87163836e+11  1.88679129e+10  8.54e-04 5.02e-03  6.61e+02   382s
[2025-09-17 08:18:36] DEBUG    60   1.86871944e+11  1.88777453e+10  2.32e-03 5.02e-03  6.32e+02   389s
[2025-09-17 08:18:42] DEBUG    61   1.86650739e+11  1.88812904e+10  4.35e-04 5.02e-03  6.07e+02   396s
[2025-09-17 08:18:49] DEBUG    62   1.86315736e+11  1.88848746e+10  1.34e-03 5.02e-03  5.60e+02   402s
[2025-09-17 08:18:55] DEBUG    63   1.86072771e+11  1.88968717e+10  9.18e-04 5.02e-03  5.33e+02   409s
[2025-09-17 08:19:00] DEBUG    64   1.85870190e+11  1.89020475e+10  3.65e-04 5.02e-03  5.06e+02   414s
[2025-09-17 08:19:07] DEBUG    65   1.85757779e+11  1.89046625e+10  1.34e-03 5.02e-03  4.91e+02   420s
[2025-09-17 08:19:13] DEBUG    66   1.85626297e+11  1.89084053e+10  4.30e-04 5.02e-03  4.73e+02   427s
[2025-09-17 08:19:21] DEBUG    67   1.85482586e+11  1.89106038e+10  8.54e-04 5.02e-03  4.52e+02   434s
[2025-09-17 08:19:27] DEBUG    68   1.85380055e+11  1.89147968e+10  8.54e-04 5.02e-03  4.38e+02   441s
[2025-09-17 08:19:33] DEBUG    69   1.85364776e+11  1.89179894e+10  5.46e-04 5.02e-03  4.38e+02   447s
[2025-09-17 08:19:39] DEBUG    70   1.85196333e+11  1.89213451e+10  2.98e-04 5.02e-03  4.13e+02   453s
[2025-09-17 08:19:46] DEBUG    71   1.85153213e+11  1.89225593e+10  3.65e-04 5.02e-03  4.07e+02   459s
[2025-09-17 08:19:54] DEBUG    72   1.84981033e+11  1.89258489e+10  6.11e-04 5.02e-03  3.82e+02   467s
[2025-09-17 08:20:01] DEBUG    73   1.84870384e+11  1.89285295e+10  1.34e-03 5.02e-03  3.66e+02   474s
[2025-09-17 08:20:09] DEBUG    74   1.84756177e+11  1.89311537e+10  5.42e-04 5.02e-03  3.48e+02   482s
[2025-09-17 08:20:17] DEBUG    75   1.84655585e+11  1.89331025e+10  3.65e-04 5.02e-03  3.34e+02   490s
[2025-09-17 08:20:24] DEBUG    76   1.84567389e+11  1.89350884e+10  1.34e-03 5.02e-03  3.21e+02   498s
[2025-09-17 08:20:30] DEBUG    77   1.84529839e+11  1.89370156e+10  8.54e-04 5.01e-03  3.16e+02   504s
[2025-09-17 08:20:37] DEBUG    78   1.84431121e+11  1.89385007e+10  6.11e-04 5.01e-03  3.00e+02   511s
[2025-09-17 08:20:45] DEBUG    79   1.84332590e+11  1.89404939e+10  4.30e-04 5.01e-03  2.85e+02   518s
[2025-09-17 08:20:53] DEBUG    80   1.84266371e+11  1.89415032e+10  7.86e-04 5.01e-03  2.75e+02   526s
[2025-09-17 08:20:59] DEBUG    81   1.84210268e+11  1.89434543e+10  8.54e-04 5.01e-03  2.67e+02   533s
[2025-09-17 08:21:06] DEBUG    82   1.84135694e+11  1.89447213e+10  6.74e-04 5.01e-03  2.56e+02   540s
[2025-09-17 08:21:12] DEBUG    83   1.84061801e+11  1.89459077e+10  5.42e-04 5.01e-03  2.45e+02   546s
[2025-09-17 08:21:20] DEBUG    84   1.83995489e+11  1.89474540e+10  6.74e-04 5.01e-03  2.34e+02   554s
[2025-09-17 08:21:27] DEBUG    85   1.83928649e+11  1.89484345e+10  8.54e-04 5.01e-03  2.25e+02   560s
[2025-09-17 08:21:32] DEBUG    86   1.83868634e+11  1.89494139e+10  3.65e-04 5.01e-03  2.16e+02   566s
[2025-09-17 08:21:39] DEBUG    87   1.83831571e+11  1.89505090e+10  1.10e-03 5.01e-03  2.11e+02   572s
[2025-09-17 08:21:47] DEBUG    88   1.83735371e+11  1.89520195e+10  6.11e-04 5.01e-03  1.95e+02   581s
[2025-09-17 08:21:53] DEBUG    89   1.83690093e+11  1.89535516e+10  4.35e-04 5.01e-03  1.88e+02   587s
[2025-09-17 08:22:00] DEBUG    90   1.83637213e+11  1.89555859e+10  6.11e-04 5.01e-03  1.79e+02   593s
[2025-09-17 08:22:08] DEBUG    91   1.83556557e+11  1.89571897e+10  1.91e-04 5.01e-03  1.66e+02   602s
[2025-09-17 08:22:12] DEBUG    92   1.83533817e+11  1.89580425e+10  1.91e-04 5.01e-03  1.62e+02   606s
[2025-09-17 08:22:19] DEBUG    93   1.83481117e+11  1.89607654e+10  1.23e-04 5.01e-03  1.54e+02   613s
[2025-09-17 08:22:26] DEBUG    94   1.83420956e+11  1.89613085e+10  8.54e-04 5.01e-03  1.44e+02   620s
[2025-09-17 08:22:34] DEBUG    95   1.83389225e+11  1.89622557e+10  4.30e-04 5.01e-03  1.40e+02   627s
[2025-09-17 08:22:41] DEBUG    96   1.83366607e+11  1.89629379e+10  4.35e-04 5.01e-03  1.37e+02   635s
[2025-09-17 08:22:49] DEBUG    97   1.83326221e+11  1.89636504e+10  1.91e-04 5.01e-03  1.31e+02   643s
[2025-09-17 08:22:58] DEBUG    98   1.83290638e+11  1.89646830e+10  8.54e-04 5.01e-03  1.25e+02   652s
[2025-09-17 08:23:07] DEBUG    99   1.83230267e+11  1.89656701e+10  1.34e-03 5.01e-03  1.15e+02   660s
[2025-09-17 08:23:15] DEBUG    100   1.83188052e+11  1.89662968e+10  3.65e-04 5.01e-03  1.09e+02   668s
[2025-09-17 08:23:22] DEBUG    101   1.83150078e+11  1.89671434e+10  1.03e-03 5.01e-03  1.04e+02   675s
[2025-09-17 08:23:28] DEBUG    102   1.83107657e+11  1.89676109e+10  7.86e-04 5.01e-03  9.85e+01   682s
[2025-09-17 08:23:35] DEBUG    103   1.83080116e+11  1.89681201e+10  7.86e-04 5.01e-03  9.51e+01   689s
[2025-09-17 08:23:43] DEBUG    104   1.83047475e+11  1.89685219e+10  8.54e-04 5.01e-03  9.10e+01   696s
[2025-09-17 08:23:50] DEBUG    105   1.83013230e+11  1.89687221e+10  7.86e-04 5.01e-03  8.69e+01   703s
[2025-09-17 08:23:58] DEBUG    106   1.82976622e+11  1.89691037e+10  6.11e-04 5.01e-03  8.24e+01   711s
[2025-09-17 08:24:06] DEBUG    107   1.82950163e+11  1.89695341e+10  6.11e-04 5.01e-03  7.93e+01   719s
[2025-09-17 08:24:13] DEBUG    108   1.82922904e+11  1.89697734e+10  7.86e-04 5.01e-03  7.61e+01   727s
[2025-09-17 08:24:20] DEBUG    109   1.82902025e+11  1.89700746e+10  6.11e-04 5.01e-03  7.37e+01   734s
[2025-09-17 08:24:25] DEBUG    110   1.82883224e+11  1.89701876e+10  8.54e-04 5.01e-03  7.16e+01   739s
[2025-09-17 08:24:32] DEBUG    111   1.82831435e+11  1.89706539e+10  3.65e-04 5.01e-03  6.58e+01   745s
[2025-09-17 08:24:36] DEBUG    112   1.82802707e+11  1.89708111e+10  3.65e-04 5.01e-03  6.18e+01   750s
[2025-09-17 08:24:42] DEBUG    113   1.82777072e+11  1.89710787e+10  2.98e-04 5.01e-03  5.83e+01   756s
[2025-09-17 08:24:48] DEBUG    114   1.82751533e+11  1.89715134e+10  3.65e-04 5.01e-03  5.49e+01   762s
[2025-09-17 08:24:53] DEBUG    115   1.82725462e+11  1.89717898e+10  5.42e-04 5.01e-03  5.14e+01   766s
[2025-09-17 08:25:00] DEBUG    116   1.82706780e+11  1.89719872e+10  4.02e-04 5.01e-03  4.90e+01   773s
[2025-09-17 08:25:05] DEBUG    117   1.82693912e+11  1.89721170e+10  6.11e-04 5.01e-03  4.73e+01   779s
[2025-09-17 08:25:12] DEBUG    118   1.82675472e+11  1.89723267e+10  7.86e-04 5.01e-03  4.50e+01   786s
[2025-09-17 08:25:17] DEBUG    119   1.82663772e+11  1.89724468e+10  1.03e-03 5.01e-03  4.35e+01   790s
[2025-09-17 08:25:24] DEBUG    120   1.82634796e+11  1.89725876e+10  7.86e-04 5.01e-03  4.00e+01   797s
[2025-09-17 08:25:29] DEBUG    121   1.82624330e+11  1.89726684e+10  2.98e-04 5.01e-03  3.88e+01   802s
[2025-09-17 08:25:33] DEBUG    122   1.82615797e+11  1.89727308e+10  5.46e-04 5.01e-03  3.78e+01   806s
[2025-09-17 08:25:38] DEBUG    123   1.82604146e+11  1.89728394e+10  7.86e-04 5.01e-03  3.64e+01   812s
[2025-09-17 08:25:49] DEBUG    124   1.82591128e+11  1.89728524e+10  7.86e-04 5.01e-03  3.50e+01   823s
[2025-09-17 08:25:55] DEBUG    125   1.82579135e+11  1.89730029e+10  5.42e-04 5.01e-03  3.36e+01   828s
[2025-09-17 08:26:01] DEBUG    126   1.82559483e+11  1.89730805e+10  6.11e-04 5.01e-03  3.14e+01   835s
[2025-09-17 08:26:06] DEBUG    127   1.82545356e+11  1.89731480e+10  5.42e-04 5.01e-03  2.99e+01   840s
[2025-09-17 08:26:11] DEBUG    128   1.82534394e+11  1.89732098e+10  2.98e-04 5.01e-03  2.88e+01   844s
[2025-09-17 08:26:17] DEBUG    129   1.82522264e+11  1.89732895e+10  6.11e-04 5.01e-03  2.75e+01   851s
[2025-09-17 08:26:24] DEBUG    130   1.82507893e+11  1.89733751e+10  8.54e-04 5.01e-03  2.61e+01   858s
[2025-09-17 08:26:31] DEBUG    131   1.82497653e+11  1.89734306e+10  7.86e-04 5.01e-03  2.51e+01   864s
[2025-09-17 08:26:37] DEBUG    132   1.82490729e+11  1.89734697e+10  7.86e-04 5.01e-03  2.44e+01   870s
[2025-09-17 08:26:44] DEBUG    133   1.82485660e+11  1.89735159e+10  7.86e-04 5.01e-03  2.39e+01   877s
[2025-09-17 08:26:51] DEBUG    134   1.82473829e+11  1.89735960e+10  1.34e-03 5.01e-03  2.28e+01   885s
[2025-09-17 08:26:59] DEBUG    135   1.82470240e+11  1.89736724e+10  1.34e-03 5.01e-03  2.25e+01   892s
[2025-09-17 08:27:05] DEBUG    136   1.82468126e+11  1.89737019e+10  1.34e-03 5.01e-03  2.23e+01   899s
[2025-09-17 08:27:11] DEBUG    137   1.82454901e+11  1.89738193e+10  8.54e-04 5.01e-03  2.11e+01   904s
[2025-09-17 08:27:17] DEBUG    138   1.82448040e+11  1.89737191e+10  1.34e-03 5.01e-03  2.06e+01   911s
[2025-09-17 08:27:22] DEBUG    139   1.82443760e+11  1.89738084e+10  8.54e-04 5.01e-03  2.02e+01   915s
[2025-09-17 08:27:28] DEBUG    140   1.82440253e+11  1.89738768e+10  8.54e-04 5.01e-03  1.99e+01   921s
[2025-09-17 08:27:35] DEBUG    141   1.82436645e+11  1.89739059e+10  7.86e-04 5.01e-03  1.96e+01   929s
[2025-09-17 08:27:39] DEBUG    142   1.82433968e+11  1.89739875e+10  7.86e-04 5.01e-03  1.93e+01   933s
[2025-09-17 08:27:47] DEBUG    143   1.82425879e+11  1.89740574e+10  5.46e-04 5.01e-03  1.87e+01   941s
[2025-09-17 08:27:54] DEBUG    144   1.82418326e+11  1.89741874e+10  8.54e-04 5.01e-03  1.80e+01   948s
[2025-09-17 08:27:58] DEBUG    145   1.82413398e+11  1.89743054e+10  8.54e-04 5.01e-03  1.76e+01   952s
[2025-09-17 08:28:05] DEBUG    146   1.82407749e+11  1.89743675e+10  1.34e-03 5.01e-03  1.72e+01   959s
[2025-09-17 08:28:10] DEBUG    147   1.82404614e+11  1.89744996e+10  8.54e-04 5.01e-03  1.69e+01   963s
[2025-09-17 08:28:16] DEBUG    148   1.82397226e+11  1.89745860e+10  1.34e-03 5.01e-03  1.64e+01   970s
[2025-09-17 08:28:23] DEBUG    149   1.82395820e+11  1.89746722e+10  8.54e-04 5.01e-03  1.62e+01   977s
[2025-09-17 08:28:29] DEBUG    150   1.82393801e+11  1.89747585e+10  8.54e-04 5.01e-03  1.61e+01   983s
[2025-09-17 08:28:37] DEBUG    151   1.82388104e+11  1.89748176e+10  5.42e-04 5.01e-03  1.57e+01   991s
[2025-09-17 08:28:45] DEBUG    152   1.82384292e+11  1.89748870e+10  1.03e-03 5.01e-03  1.54e+01   999s
[2025-09-17 08:28:53] DEBUG    153   1.82378153e+11  1.89749552e+10  3.65e-04 5.01e-03  1.49e+01  1007s
[2025-09-17 08:29:01] DEBUG    154   1.82373189e+11  1.89751315e+10  3.65e-04 5.01e-03  1.46e+01  1015s
[2025-09-17 08:29:08] DEBUG    155   1.82368534e+11  1.89751569e+10  8.54e-04 5.01e-03  1.43e+01  1022s
[2025-09-17 08:29:16] DEBUG    156   1.82365385e+11  1.89752931e+10  8.54e-04 5.01e-03  1.40e+01  1030s
[2025-09-17 08:29:24] DEBUG    157   1.82359717e+11  1.89753110e+10  5.42e-04 5.01e-03  1.37e+01  1037s
[2025-09-17 08:29:32] DEBUG    158   1.82356295e+11  1.89754767e+10  8.54e-04 5.01e-03  1.34e+01  1046s
[2025-09-17 08:29:40] DEBUG    159   1.82353467e+11  1.89755861e+10  8.54e-04 5.01e-03  1.32e+01  1054s
[2025-09-17 08:29:46] DEBUG    160   1.82350289e+11  1.89756623e+10  1.34e-03 5.01e-03  1.30e+01  1059s
[2025-09-17 08:29:52] DEBUG    161   1.82345296e+11  1.89757162e+10  5.42e-04 5.01e-03  1.27e+01  1066s
[2025-09-17 08:30:00] DEBUG    162   1.82343316e+11  1.89758220e+10  6.74e-04 5.01e-03  1.25e+01  1074s
[2025-09-17 08:30:08] DEBUG    163   1.82340088e+11  1.89758754e+10  5.42e-04 5.01e-03  1.23e+01  1081s
[2025-09-17 08:30:14] DEBUG    164   1.82336237e+11  1.89759446e+10  7.86e-04 5.01e-03  1.21e+01  1088s
[2025-09-17 08:30:20] DEBUG    165   1.82330729e+11  1.89760119e+10  7.86e-04 5.01e-03  1.19e+01  1094s
[2025-09-17 08:30:30] DEBUG    166   1.82327546e+11  1.89760549e+10  7.86e-04 5.01e-03  1.18e+01  1104s
[2025-09-17 08:30:40] DEBUG    167   1.82319614e+11  1.89761426e+10  5.42e-04 5.01e-03  1.15e+01  1113s
[2025-09-17 08:30:48] DEBUG    168   1.82314115e+11  1.89762132e+10  1.10e-03 5.01e-03  1.13e+01  1122s
[2025-09-17 08:30:56] DEBUG    169   1.82309105e+11  1.89762961e+10  1.59e-03 5.01e-03  1.11e+01  1130s
[2025-09-17 08:31:04] DEBUG    170   1.82303982e+11  1.89763268e+10  1.27e-03 5.01e-03  1.10e+01  1138s
[2025-09-17 08:31:12] DEBUG    171   1.82301232e+11  1.89763923e+10  1.03e-03 5.01e-03  1.09e+01  1145s
[2025-09-17 08:31:18] DEBUG    172   1.82298733e+11  1.89764374e+10  1.59e-03 5.01e-03  1.08e+01  1151s
[2025-09-17 08:31:25] DEBUG    173   1.82291085e+11  1.89764529e+10  6.11e-04 5.01e-03  1.05e+01  1159s
[2025-09-17 08:31:34] DEBUG    174   1.82286591e+11  1.89764933e+10  8.54e-04 5.01e-03  1.04e+01  1167s
[2025-09-17 08:31:44] DEBUG    175   1.82282122e+11  1.89764995e+10  1.03e-03 5.01e-03  1.03e+01  1178s
[2025-09-17 08:31:53] DEBUG    176   1.82274871e+11  1.89765820e+10  1.03e-03 5.01e-03  1.00e+01  1187s
[2025-09-17 08:32:05] DEBUG    177   1.82271966e+11  1.89765715e+10  1.10e-03 5.01e-03  9.94e+00  1199s
[2025-09-17 08:32:12] DEBUG    178   1.82269615e+11  1.89765852e+10  1.10e-03 5.01e-03  9.87e+00  1205s
[2025-09-17 08:32:19] DEBUG    179   1.82266540e+11  1.89766318e+10  1.03e-03 5.01e-03  9.77e+00  1213s
[2025-09-17 08:32:25] DEBUG    180   1.82265410e+11  1.89766526e+10  1.10e-03 5.01e-03  9.73e+00  1218s
[2025-09-17 08:32:34] DEBUG    181   1.82261438e+11  1.89766763e+10  1.27e-03 5.01e-03  9.61e+00  1227s
[2025-09-17 08:32:40] DEBUG    182   1.82256947e+11  1.89767072e+10  1.27e-03 5.01e-03  9.48e+00  1234s
[2025-09-17 08:32:49] DEBUG    183   1.82249839e+11  1.89767566e+10  1.03e-03 5.01e-03  9.28e+00  1243s
[2025-09-17 08:32:57] DEBUG    184   1.82244286e+11  1.89767904e+10  1.59e-03 5.01e-03  9.13e+00  1250s
[2025-09-17 08:33:05] DEBUG    185   1.82241071e+11  1.89768514e+10  1.27e-03 5.01e-03  9.02e+00  1259s
[2025-09-17 08:33:12] DEBUG    186   1.82233176e+11  1.89769122e+10  1.27e-03 5.01e-03  8.80e+00  1265s
[2025-09-17 08:33:18] DEBUG    187   1.82228102e+11  1.89769278e+10  1.27e-03 5.01e-03  8.67e+00  1272s
[2025-09-17 08:33:26] DEBUG    188   1.82223093e+11  1.89769735e+10  1.59e-03 5.01e-03  8.53e+00  1279s
[2025-09-17 08:33:31] DEBUG    189   1.82221919e+11  1.89770064e+10  1.59e-03 5.01e-03  8.47e+00  1285s
[2025-09-17 08:33:37] DEBUG    190   1.82220160e+11  1.89770131e+10  1.59e-03 5.01e-03  8.42e+00  1290s
[2025-09-17 08:33:43] DEBUG    191   1.82217733e+11  1.89770246e+10  1.27e-03 5.01e-03  8.36e+00  1297s
[2025-09-17 08:33:49] DEBUG    192   1.82214974e+11  1.89770413e+10  1.59e-03 5.01e-03  8.29e+00  1303s
[2025-09-17 08:33:57] DEBUG    193   1.82212799e+11  1.89770848e+10  1.59e-03 5.01e-03  8.18e+00  1311s
[2025-09-17 08:34:03] DEBUG    194   1.82210565e+11  1.89771406e+10  2.08e-03 5.01e-03  8.08e+00  1317s
[2025-09-17 08:34:10] DEBUG    195   1.82208785e+11  1.89771464e+10  1.59e-03 5.01e-03  8.00e+00  1323s
[2025-09-17 08:34:16] DEBUG    196   1.82207243e+11  1.89771799e+10  1.59e-03 5.01e-03  7.95e+00  1330s
[2025-09-17 08:34:17] DEBUG    Barrier performed 196 iterations in 1330.11 seconds (282.82 work units)
[2025-09-17 08:34:17] DEBUG    Numerical trouble encountered
[2025-09-17 08:34:17] DEBUG    Model may be infeasible or unbounded.  Consider using the
[2025-09-17 08:34:17] DEBUG    homogeneous algorithm (through parameter 'BarHomogeneous')
[2025-09-17 08:35:21] DEBUG    Waiting for other threads to finish...        1395s
[2025-09-17 08:35:54] DEBUG    Solved with dual simplex
[2025-09-17 08:36:04] DEBUG    Iteration    Objective       Primal Inf.    Dual Inf.      Time
[2025-09-17 08:36:04] DEBUG    517205    1.9003420e+10   0.000000e+00   0.000000e+00   1437s

Solved in 517205 iterations and 1437.48 seconds (430.82 work units)
Optimal objective  1.900341958e+10
✅ Scenario completato: existing_CG+VRES_2030_nostorage

🚀 Lancio scenario: existing_GT+VRES_2030_PHES
[2025-09-17 08:48:41] INFO     Loading sets
[2025-09-17 08:48:41] INFO     Loading parameters
[2025-09-17 08:49:17] INFO     constraints are loaded in the following order: ['energy_balance', 'dispatch', 'costs', 'capacity', 'network', 'policy', 'conversion', 'group', 'conversion_plus', 'milp', 'export']
[2025-09-17 08:49:17] INFO     creating energy_balance constraints
[2025-09-17 08:52:21] INFO     creating dispatch constraints
[2025-09-17 08:54:22] INFO     creating costs constraints
[2025-09-17 09:03:46] INFO     creating capacity constraints
[2025-09-17 09:03:46] INFO     creating network constraints
[2025-09-17 09:03:46] INFO     creating policy constraints
[2025-09-17 09:03:46] INFO     creating conversion constraints
[2025-09-17 09:03:46] INFO     creating group constraints
[2025-09-17 09:03:46] INFO     creating conversion_plus constraints
[2025-09-17 09:03:46] INFO     creating milp constraints
[2025-09-17 09:03:46] INFO     creating export constraints
[2025-09-17 09:17:36] DEBUG    Set parameter WLSAccessID
Set parameter WLSSecret
Set parameter LicenseID to value 2680226
[2025-09-17 09:17:36] DEBUG    Academic license 2680226 - for non-commercial use only - registered to an___@mail.polimi.it
[2025-09-17 09:18:12] DEBUG    Read LP format model from file /tmp/tmpzzfkghv7.pyomo.lp
[2025-09-17 09:18:12] DEBUG    Reading time = 36.44 seconds
x17961158: 24014412 rows, 17961158 columns, 58738876 nonzeros
Set parameter NumericFocus to value 1
Gurobi Optimizer version 12.0.2 build v12.0.2rc0 (linux64 - "Debian GNU/Linux 11 (bullseye)")

CPU model: Intel(R) Xeon(R) Silver 4314 CPU @ 2.40GHz, instruction set [SSE2|AVX|AVX2|AVX512]
Thread count: 32 physical cores, 64 logical processors, using up to 32 threads

Non-default parameters:
NumericFocus  1
[2025-09-17 09:18:12] DEBUG    Academic license 2680226 - for non-commercial use only - registered to an___@mail.polimi.it
Optimize a model with 24014412 rows, 17961158 columns and 58738876 nonzeros
[2025-09-17 09:18:13] DEBUG    Model fingerprint: 0x01367c51
[2025-09-17 09:18:13] DEBUG    Coefficient statistics:
  Matrix range     [1e-07, 3e+02]
  Objective range  [1e+00, 1e+06]
  Bounds range     [0e+00, 0e+00]
  RHS range        [1e+00, 6e+09]
Warning: Model contains large rhs
[2025-09-17 09:18:20] DEBUG    Presolve removed 19282321 rows and 10627219 columns (presolve time = 6s)...
[2025-09-17 09:18:24] DEBUG    Presolve removed 19287591 rows and 12370000 columns (presolve time = 10s)...
[2025-09-17 09:18:28] DEBUG    Presolve removed 21777219 rows and 14814050 columns (presolve time = 15s)...
[2025-09-17 09:18:33] DEBUG    Presolve removed 22315108 rows and 14919170 columns (presolve time = 20s)...
[2025-09-17 09:18:35] DEBUG    Presolve removed 22455252 rows and 14919170 columns
[2025-09-17 09:18:35] DEBUG    Presolve time: 22.80s
Presolved: 1559160 rows, 3182132 columns, 8919238 nonzeros

Concurrent LP optimizer: primal simplex, dual simplex, and barrier
Showing barrier log only...
[2025-09-17 09:19:07] DEBUG    Elapsed ordering time = 31s
[2025-09-17 09:19:11] DEBUG    Elapsed ordering time = 35s
[2025-09-17 09:19:17] DEBUG    Ordering time: 40.33s
[2025-09-17 09:19:18] DEBUG    Barrier statistics:
 Dense cols : 141
 AA' NZ     : 8.170e+06
 Factor NZ  : 4.460e+07 (roughly 2.3 GB of memory)
 Factor Ops : 5.111e+09 (less than 1 second per iteration)
 Threads    : 30
[2025-09-17 09:19:22] DEBUG    Objective                Residual
[2025-09-17 09:19:22] DEBUG    Iter       Primal          Dual         Primal    Dual     Compl     Time
[2025-09-17 09:19:22] DEBUG    0   2.27017630e+21 -8.29903687e+18  6.97e+10 2.89e-11  4.03e+15    70s
[2025-09-17 09:19:26] DEBUG    1   2.06846851e+21 -9.62348554e+18  6.32e+10 2.38e+05  3.44e+15    74s
[2025-09-17 09:19:32] DEBUG    2   1.97073102e+21 -3.77457431e+19  6.03e+10 1.66e+05  3.28e+15    80s
[2025-09-17 09:19:38] DEBUG    3   1.67295323e+21 -1.34608664e+20  5.06e+10 6.14e+04  2.77e+15    86s
[2025-09-17 09:19:43] DEBUG    4   1.16534893e+21 -1.53131305e+20  3.44e+10 2.06e+04  1.91e+15    91s
[2025-09-17 09:19:51] DEBUG    5   7.67401490e+20 -1.32567148e+20  2.28e+10 4.53e+03  1.28e+15    99s
[2025-09-17 09:19:57] DEBUG    6   2.38622185e+20 -1.12904115e+20  6.46e+09 1.49e+03  3.84e+14   105s
[2025-09-17 09:20:01] DEBUG    7   4.90129750e+19 -6.14370384e+19  1.32e+09 2.92e+02  8.20e+13   109s
[2025-09-17 09:20:06] DEBUG    8   1.38210022e+19 -3.08583571e+19  3.54e+08 8.61e+01  2.36e+13   114s
[2025-09-17 09:20:10] DEBUG    9   5.84526511e+18 -1.19713268e+19  1.53e+08 2.31e+01  9.46e+12   118s
[2025-09-17 09:20:15] DEBUG    10   2.56250415e+18 -5.92177535e+18  6.76e+07 8.08e+00  4.12e+12   123s
[2025-09-17 09:20:19] DEBUG    11   1.22270866e+18 -2.70321130e+18  3.25e+07 2.26e+00  1.86e+12   127s
[2025-09-17 09:20:23] DEBUG    12   3.20979096e+17 -1.33867208e+18  8.28e+06 6.11e-01  5.45e+11   131s
[2025-09-17 09:20:27] DEBUG    13   4.49985336e+16 -3.30803973e+17  1.09e+06 1.32e-01  8.63e+10   135s
[2025-09-17 09:20:31] DEBUG    14   5.71097109e+14 -4.82930066e+16  8.03e+03 3.64e-03  7.66e+09   139s
[2025-09-17 09:20:36] DEBUG    15   1.27413021e+14 -1.28420465e+15  2.88e-03 6.75e-04  2.00e+08   144s
[2025-09-17 09:20:41] DEBUG    16   1.19421636e+14 -2.35822454e+14  2.85e-04 3.90e-03  3.72e+07   149s
[2025-09-17 09:20:47] DEBUG    17   1.11682967e+14 -9.73094369e+13  1.35e-04 4.64e-03  1.56e+07   155s
[2025-09-17 09:20:56] DEBUG    18   1.08565965e+14 -4.62003612e+13  7.56e-05 1.59e-02  7.54e+06   164s
[2025-09-17 09:21:02] DEBUG    19   1.05728283e+14 -2.15387314e+13  5.60e-05 1.63e-02  3.64e+06   170s
[2025-09-17 09:21:07] DEBUG    20   1.03842489e+14 -1.33922350e+13  4.64e-05 1.56e-02  2.33e+06   175s
[2025-09-17 09:21:11] DEBUG    21   1.02172126e+14 -1.22016044e+13  3.87e-05 1.54e-02  2.11e+06   179s
[2025-09-17 09:21:17] DEBUG    22   1.01918822e+14 -9.80034381e+12  3.79e-05 1.48e-02  1.73e+06   185s
[2025-09-17 09:21:24] DEBUG    23   1.00676696e+14 -5.22654902e+12  4.01e-05 3.17e-02  9.88e+05   192s
[2025-09-17 09:21:32] DEBUG    24   9.76472166e+13 -2.28576829e+12  3.47e-05 5.35e-02  4.74e+05   200s
[2025-09-17 09:21:41] DEBUG    25   9.48921256e+13 -1.37792201e+12  2.39e-05 4.92e-02  3.02e+05   209s
[2025-09-17 09:21:48] DEBUG    26   9.31332356e+13 -9.77942101e+11  4.26e-05 4.59e-02  2.24e+05   216s
[2025-09-17 09:21:56] DEBUG    27   9.11257725e+13 -7.77128071e+11  4.93e-05 4.21e-02  1.79e+05   224s
[2025-09-17 09:22:03] DEBUG    28   9.04806161e+13 -6.77055030e+11  1.96e-05 3.95e-02  1.59e+05   231s
[2025-09-17 09:22:10] DEBUG    29   8.83065304e+13 -3.99894532e+11  2.90e-05 3.20e-02  1.04e+05   238s
[2025-09-17 09:22:20] DEBUG    30   8.75098582e+13 -2.78546125e+11  2.29e-05 3.11e-02  8.14e+04   248s
[2025-09-17 09:22:31] DEBUG    31   8.40011797e+13 -8.14728219e+10  2.29e-05 2.71e-02  3.70e+04   258s
[2025-09-17 09:22:40] DEBUG    32   8.21388630e+13 -3.49645510e+10  4.57e-05 2.32e-02  2.46e+04   268s
[2025-09-17 09:22:48] DEBUG    33   8.17585925e+13 -2.84934616e+10  5.31e-05 2.19e-02  2.29e+04   275s
[2025-09-17 09:22:54] DEBUG    34   8.08535576e+13 -2.59581962e+10  5.78e-05 2.13e-02  2.07e+04   282s
[2025-09-17 09:23:00] DEBUG    35   8.07988430e+13 -2.42182170e+10  5.63e-05 2.08e-02  2.03e+04   287s
[2025-09-17 09:23:06] DEBUG    36   8.03683269e+13 -2.23436862e+10  5.06e-05 2.04e-02  1.94e+04   294s
[2025-09-17 09:23:12] DEBUG    37   8.01967341e+13 -2.02325680e+10  4.23e-05 2.02e-02  1.88e+04   300s
[2025-09-17 09:23:21] DEBUG    38   8.01356375e+13 -1.82632064e+10  9.15e-05 2.39e-02  1.84e+04   309s
[2025-09-17 09:23:28] DEBUG    39   7.96741689e+13 -1.13007306e+10  2.75e-05 3.83e-02  1.67e+04   315s
[2025-09-17 09:23:34] DEBUG    40   7.93911143e+13 -9.32879561e+09  2.89e-05 4.24e-02  1.60e+04   322s
[2025-09-17 09:23:44] DEBUG    41   7.70764016e+13 -4.20992385e+09  2.60e-05 5.36e-02  1.20e+04   331s
[2025-09-17 09:23:54] DEBUG    42   7.56369096e+13  3.80852864e+07  2.12e-05 6.17e-02  9.65e+03   342s
[2025-09-17 09:24:04] DEBUG    43   7.43465828e+13  3.63358404e+09  3.71e-05 6.90e-02  7.91e+03   351s
[2025-09-17 09:24:14] DEBUG    44   7.37711190e+13  4.50445572e+09  2.26e-05 7.07e-02  7.38e+03   361s
[2025-09-17 09:24:24] DEBUG    45   7.30197716e+13  5.82089306e+09  5.79e-05 7.30e-02  6.63e+03   371s
[2025-09-17 09:24:32] DEBUG    46   7.23826458e+13  6.73720082e+09  2.66e-05 7.44e-02  6.06e+03   380s
[2025-09-17 09:24:40] DEBUG    47   7.23053812e+13  7.28091284e+09  2.57e-05 7.53e-02  5.95e+03   388s
[2025-09-17 09:24:47] DEBUG    48   7.20296429e+13  7.73296128e+09  2.92e-05 7.58e-02  5.74e+03   395s
[2025-09-17 09:24:57] DEBUG    49   7.11689714e+13  8.71983640e+09  4.13e-05 7.62e-02  5.13e+03   405s
[2025-09-17 09:25:04] DEBUG    50   7.09677457e+13  8.84522326e+09  3.95e-05 7.62e-02  5.02e+03   412s
[2025-09-17 09:25:16] DEBUG    51   7.07308170e+13  9.08573056e+09  2.82e-05 7.64e-02  4.88e+03   423s
[2025-09-17 09:25:25] DEBUG    52   7.04720005e+13  9.33115599e+09  3.32e-05 7.65e-02  4.72e+03   433s
[2025-09-17 09:25:34] DEBUG    53   7.03228556e+13  9.56603713e+09  3.15e-05 7.65e-02  4.63e+03   442s
[2025-09-17 09:25:40] DEBUG    54   7.01531846e+13  9.67515908e+09  2.98e-05 7.65e-02  4.55e+03   448s
[2025-09-17 09:25:47] DEBUG    55   6.99714949e+13  9.82432351e+09  3.44e-05 7.64e-02  4.45e+03   455s
[2025-09-17 09:25:56] DEBUG    56   6.98606002e+13  1.00495031e+10  4.23e-05 7.63e-02  4.38e+03   464s
[2025-09-17 09:26:03] DEBUG    57   6.96055745e+13  1.01485094e+10  4.41e-05 7.63e-02  4.26e+03   471s
[2025-09-17 09:26:13] DEBUG    58   6.92907393e+13  1.03879884e+10  3.91e-05 7.62e-02  4.10e+03   481s
[2025-09-17 09:26:20] DEBUG    59   6.91172742e+13  1.06046681e+10  3.61e-05 7.61e-02  4.01e+03   488s
[2025-09-17 09:26:31] DEBUG    60   6.88073401e+13  1.08992097e+10  3.97e-05 7.59e-02  3.85e+03   498s
[2025-09-17 09:26:40] DEBUG    61   6.84415786e+13  1.10580120e+10  4.12e-05 7.58e-02  3.69e+03   508s
[2025-09-17 09:26:50] DEBUG    62   6.82847846e+13  1.11806792e+10  5.94e-05 7.57e-02  3.63e+03   518s
[2025-09-17 09:27:00] DEBUG    63   6.81089247e+13  1.12826978e+10  4.58e-05 7.56e-02  3.55e+03   527s
[2025-09-17 09:27:08] DEBUG    64   6.79000752e+13  1.14169381e+10  7.59e-05 7.55e-02  3.47e+03   536s
[2025-09-17 09:27:15] DEBUG    65   6.77234588e+13  1.15344705e+10  5.20e-05 7.54e-02  3.40e+03   542s
[2025-09-17 09:27:25] DEBUG    66   6.75958427e+13  1.16613270e+10  7.33e-05 7.52e-02  3.34e+03   553s
[2025-09-17 09:27:33] DEBUG    67   6.74978652e+13  1.17702839e+10  5.55e-05 7.51e-02  3.29e+03   561s
[2025-09-17 09:27:41] DEBUG    68   6.73796721e+13  1.18845786e+10  8.28e-05 7.50e-02  3.24e+03   569s
[2025-09-17 09:27:48] DEBUG    69   6.72567496e+13  1.20129046e+10  7.88e-05 7.48e-02  3.19e+03   576s
[2025-09-17 09:27:59] DEBUG    70   6.72512574e+13  1.20485377e+10  5.03e-05 7.48e-02  3.18e+03   586s
[2025-09-17 09:28:07] DEBUG    71   6.71303558e+13  1.20759004e+10  5.22e-05 7.47e-02  3.15e+03   595s
[2025-09-17 09:28:17] DEBUG    72   6.69101860e+13  1.22528516e+10  7.61e-05 7.44e-02  3.21e+03   605s
[2025-09-17 09:28:25] DEBUG    73   6.68118553e+13  1.23808036e+10  1.07e-04 7.43e-02  3.16e+03   613s
[2025-09-17 09:28:32] DEBUG    74   6.65368426e+13  1.24466280e+10  9.13e-05 7.42e-02  3.09e+03   620s
[2025-09-17 09:28:42] DEBUG    75   6.58940195e+13  1.26828722e+10  1.08e-04 7.38e-02  2.85e+03   629s
[2025-09-17 09:28:50] DEBUG    76   6.55130787e+13  1.29651169e+10  9.95e-05 7.33e-02  2.70e+03   638s
[2025-09-17 09:29:00] DEBUG    77   6.53280783e+13  1.30703540e+10  8.05e-05 7.31e-02  2.63e+03   648s
[2025-09-17 09:29:08] DEBUG    78   6.51793043e+13  1.31226310e+10  6.54e-05 7.29e-02  2.59e+03   655s
[2025-09-17 09:29:16] DEBUG    79   6.48312845e+13  1.32533082e+10  5.44e-05 7.25e-02  2.48e+03   664s
[2025-09-17 09:29:24] DEBUG    80   6.46242198e+13  1.32968513e+10  5.75e-05 7.23e-02  2.42e+03   671s
[2025-09-17 09:29:36] DEBUG    81   6.42435527e+13  1.33860539e+10  4.68e-05 7.19e-02  2.32e+03   684s
[2025-09-17 09:29:48] DEBUG    82   6.40218991e+13  1.35209120e+10  5.02e-05 7.12e-02  2.24e+03   695s
[2025-09-17 09:29:57] DEBUG    83   6.38920115e+13  1.36023861e+10  5.04e-05 7.08e-02  2.20e+03   704s
[2025-09-17 09:30:05] DEBUG    84   6.36541906e+13  1.36707518e+10  4.99e-05 7.04e-02  2.14e+03   713s
[2025-09-17 09:30:14] DEBUG    85   6.35909177e+13  1.37117104e+10  5.03e-05 7.01e-02  2.12e+03   722s
[2025-09-17 09:30:23] DEBUG    86   6.35512391e+13  1.37542819e+10  5.69e-05 6.99e-02  2.11e+03   731s
[2025-09-17 09:30:30] DEBUG    87   6.32891573e+13  1.37824813e+10  6.17e-05 6.97e-02  2.06e+03   738s
[2025-09-17 09:30:39] DEBUG    88   6.29235635e+13  1.38673964e+10  9.43e-05 6.91e-02  1.97e+03   747s
[2025-09-17 09:30:49] DEBUG    89   6.26979774e+13  1.39559165e+10  9.55e-05 6.85e-02  1.92e+03   757s
[2025-09-17 09:31:02] DEBUG    90   6.24394830e+13  1.40212866e+10  9.46e-05 6.80e-02  1.85e+03   769s
[2025-09-17 09:31:07] DEBUG    91   6.22085858e+13  1.41036806e+10  8.28e-05 6.74e-02  1.80e+03   775s
[2025-09-17 09:31:17] DEBUG    92   6.20355648e+13  1.41887050e+10  7.47e-05 6.67e-02  1.76e+03   785s
[2025-09-17 09:31:27] DEBUG    93   6.18477216e+13  1.42509114e+10  4.74e-05 6.62e-02  1.71e+03   795s
[2025-09-17 09:31:34] DEBUG    94   6.16633237e+13  1.43257573e+10  5.36e-05 6.56e-02  1.67e+03   802s
[2025-09-17 09:31:44] DEBUG    95   6.14647511e+13  1.44021396e+10  5.16e-05 6.50e-02  1.63e+03   812s
[2025-09-17 09:31:54] DEBUG    96   6.12713444e+13  1.44800265e+10  6.07e-05 6.44e-02  1.59e+03   822s
[2025-09-17 09:32:04] DEBUG    97   6.11066286e+13  1.45388145e+10  5.08e-05 6.39e-02  1.55e+03   832s
[2025-09-17 09:32:12] DEBUG    98   6.09259437e+13  1.45927965e+10  6.09e-05 6.35e-02  1.52e+03   840s
[2025-09-17 09:32:18] DEBUG    99   6.08361206e+13  1.46199712e+10  5.40e-05 6.33e-02  1.50e+03   846s
[2025-09-17 09:32:25] DEBUG    100   6.06302658e+13  1.46804692e+10  5.35e-05 6.28e-02  1.46e+03   853s
[2025-09-17 09:32:34] DEBUG    101   6.04280591e+13  1.47253268e+10  5.30e-05 6.24e-02  1.42e+03   862s
[2025-09-17 09:32:45] DEBUG    102   6.00817754e+13  1.47968319e+10  5.07e-05 6.18e-02  1.36e+03   873s
[2025-09-17 09:32:53] DEBUG    103   6.00339061e+13  1.48205437e+10  5.21e-05 6.16e-02  1.35e+03   880s
[2025-09-17 09:33:02] DEBUG    104   5.96985070e+13  1.48775166e+10  4.36e-05 6.11e-02  1.29e+03   890s
[2025-09-17 09:33:09] DEBUG    105   5.94269453e+13  1.49004548e+10  4.41e-05 6.09e-02  1.27e+03   896s
[2025-09-17 09:33:15] DEBUG    106   5.92556551e+13  1.49401630e+10  4.45e-05 6.05e-02  1.24e+03   903s
[2025-09-17 09:33:24] DEBUG    107   5.91226363e+13  1.49863549e+10  4.15e-05 6.01e-02  1.22e+03   912s
[2025-09-17 09:33:34] DEBUG    108   5.89028850e+13  1.50409904e+10  4.51e-05 5.96e-02  1.19e+03   922s
[2025-09-17 09:33:43] DEBUG    109   5.86865676e+13  1.50679114e+10  4.23e-05 5.94e-02  1.16e+03   931s
[2025-09-17 09:33:50] DEBUG    110   5.85263281e+13  1.50912957e+10  4.77e-05 5.91e-02  1.14e+03   938s
[2025-09-17 09:34:06] DEBUG    111   5.84801542e+13  1.51109358e+10  4.77e-05 5.89e-02  1.15e+03   954s
[2025-09-17 09:34:24] DEBUG    112   5.83974045e+13  1.51176505e+10  5.01e-05 5.89e-02  1.17e+03   972s
[2025-09-17 09:34:45] DEBUG    113   5.80657902e+13  1.51344310e+10  5.01e-05 5.86e-02  1.24e+03   993s
[2025-09-17 09:34:45] DEBUG    Barrier performed 113 iterations in 993.02 seconds (226.48 work units)
[2025-09-17 09:34:45] DEBUG    Numerical trouble encountered
[2025-09-17 09:34:45] DEBUG    Model may be infeasible or unbounded.  Consider using the
[2025-09-17 09:34:45] DEBUG    homogeneous algorithm (through parameter 'BarHomogeneous')
[2025-09-17 09:35:50] DEBUG    Waiting for other threads to finish...        1058s
[2025-09-17 09:36:54] DEBUG    Waiting for other threads to finish...        1122s
[2025-09-17 09:37:58] DEBUG    Waiting for other threads to finish...        1186s
[2025-09-17 09:39:03] DEBUG    Waiting for other threads to finish...        1250s
[2025-09-17 09:40:07] DEBUG    Waiting for other threads to finish...        1315s
[2025-09-17 09:41:12] DEBUG    Waiting for other threads to finish...        1380s
[2025-09-17 09:42:16] DEBUG    Waiting for other threads to finish...        1444s
[2025-09-17 09:43:21] DEBUG    Waiting for other threads to finish...        1509s
[2025-09-17 09:44:26] DEBUG    Waiting for other threads to finish...        1573s
[2025-09-17 09:45:30] DEBUG    Waiting for other threads to finish...        1638s
[2025-09-17 09:46:35] DEBUG    Waiting for other threads to finish...        1703s
[2025-09-17 09:47:40] DEBUG    Waiting for other threads to finish...        1768s
[2025-09-17 09:48:44] DEBUG    Waiting for other threads to finish...        1832s
[2025-09-17 09:49:49] DEBUG    Waiting for other threads to finish...        1897s
[2025-09-17 09:50:54] DEBUG    Waiting for other threads to finish...        1962s
[2025-09-17 09:51:59] DEBUG    Waiting for other threads to finish...        2027s
[2025-09-17 09:53:04] DEBUG    Waiting for other threads to finish...        2091s
[2025-09-17 09:54:08] DEBUG    Waiting for other threads to finish...        2156s
[2025-09-17 09:55:13] DEBUG    Waiting for other threads to finish...        2221s
[2025-09-17 09:55:20] DEBUG    Solved with dual simplex
[2025-09-17 09:55:31] DEBUG    Iteration    Objective       Primal Inf.    Dual Inf.      Time
[2025-09-17 09:55:31] DEBUG    1633533    1.9003420e+10   0.000000e+00   0.000000e+00   2239s

Solved in 1633533 iterations and 2238.64 seconds (1375.25 work units)
[2025-09-17 09:55:31] DEBUG    Optimal objective  1.900341958e+10
✅ Scenario completato: existing_GT+VRES_2030_PHES
🏁 Tutti gli scenari sono stati processati.
