
🚀 Lancio scenario: autarky_VRES_2030_BESS
[2025-09-16 21:47:49] INFO     Loading sets
[2025-09-16 21:47:49] INFO     Loading parameters
[2025-09-16 21:48:38] INFO     constraints are loaded in the following order: ['energy_balance', 'dispatch', 'costs', 'capacity', 'network', 'policy', 'conversion', 'group', 'conversion_plus', 'milp', 'export']
[2025-09-16 21:48:38] INFO     creating energy_balance constraints
[2025-09-16 21:52:42] INFO     creating dispatch constraints
[2025-09-16 21:55:34] INFO     creating costs constraints
[2025-09-16 22:05:51] INFO     creating capacity constraints
[2025-09-16 22:05:51] INFO     creating network constraints
[2025-09-16 22:05:51] INFO     creating policy constraints
[2025-09-16 22:05:51] INFO     creating conversion constraints
[2025-09-16 22:05:51] INFO     creating group constraints
[2025-09-16 22:05:51] INFO     creating conversion_plus constraints
[2025-09-16 22:05:51] INFO     creating milp constraints
[2025-09-16 22:05:51] INFO     creating export constraints
[2025-09-16 22:18:24] DEBUG    Set parameter WLSAccessID
Set parameter WLSSecret
Set parameter LicenseID to value 2680226
[2025-09-16 22:18:24] DEBUG    Academic license 2680226 - for non-commercial use only - registered to an___@mail.polimi.it
[2025-09-16 22:19:00] DEBUG    Read LP format model from file /tmp/tmpat7x17qw.pyomo.lp
Reading time = 36.24 seconds
[2025-09-16 22:19:00] DEBUG    x17479298: 23970495 rows, 17479298 columns, 57372308 nonzeros
Set parameter NumericFocus to value 1
Gurobi Optimizer version 12.0.2 build v12.0.2rc0 (linux64 - "Debian GNU/Linux 11 (bullseye)")

CPU model: Intel(R) Xeon(R) Silver 4314 CPU @ 2.40GHz, instruction set [SSE2|AVX|AVX2|AVX512]
Thread count: 32 physical cores, 64 logical processors, using up to 32 threads

Non-default parameters:
NumericFocus  1
[2025-09-16 22:19:00] DEBUG    Academic license 2680226 - for non-commercial use only - registered to an___@mail.polimi.it
Optimize a model with 23970495 rows, 17479298 columns and 57372308 nonzeros
[2025-09-16 22:19:01] DEBUG    Model fingerprint: 0x34620d6e
[2025-09-16 22:19:01] DEBUG    Coefficient statistics:
  Matrix range     [1e-07, 3e+02]
  Objective range  [1e+00, 1e+06]
  Bounds range     [0e+00, 0e+00]
  RHS range        [1e+00, 2e+08]
[2025-09-16 22:19:07] DEBUG    Presolve removed 19711117 rows and 10644506 columns (presolve time = 6s)...
[2025-09-16 22:19:11] DEBUG    Presolve removed 19712874 rows and 12340000 columns (presolve time = 10s)...
[2025-09-16 22:19:17] DEBUG    Presolve removed 21776914 rows and 14353261 columns (presolve time = 16s)...
[2025-09-16 22:19:21] DEBUG    Presolve removed 22398636 rows and 14370781 columns (presolve time = 20s)...
[2025-09-16 22:19:21] DEBUG    Presolve removed 22428780 rows and 14370781 columns
[2025-09-16 22:19:21] DEBUG    Presolve time: 21.18s
Presolved: 1541715 rows, 3248661 columns, 8914405 nonzeros

Concurrent LP optimizer: primal simplex, dual simplex, and barrier
Showing barrier log only...
[2025-09-16 22:19:24] DEBUG    Ordering time: 1.02s
[2025-09-16 22:19:25] DEBUG    Barrier statistics:
 Dense cols : 112
[2025-09-16 22:19:25] DEBUG    AA' NZ     : 8.461e+06
 Factor NZ  : 2.978e+07 (roughly 2.0 GB of memory)
 Factor Ops : 9.019e+08 (less than 1 second per iteration)
 Threads    : 30
[2025-09-16 22:19:29] DEBUG    Objective                Residual
[2025-09-16 22:19:29] DEBUG    Iter       Primal          Dual         Primal    Dual     Compl     Time
[2025-09-16 22:19:30] DEBUG    0   3.91203234e+21 -1.30166507e+19  8.47e+10 1.93e-01  5.29e+15    29s
[2025-09-16 22:19:34] DEBUG    1   1.41976447e+21 -1.27886660e+19  2.71e+10 2.84e+05  2.01e+15    34s
[2025-09-16 22:19:40] DEBUG    2   7.18046428e+20 -9.86481189e+18  1.27e+10 4.76e+04  7.56e+14    40s
[2025-09-16 22:19:48] DEBUG    3   3.94547118e+20 -8.88548407e+18  7.00e+09 1.22e+04  3.92e+14    48s
[2025-09-16 22:19:54] DEBUG    4   2.84079283e+20 -8.30050161e+18  5.07e+09 4.18e+03  2.76e+14    54s
[2025-09-16 22:19:58] DEBUG    5   2.06277935e+20 -7.93632564e+18  3.64e+09 1.58e+03  1.98e+14    58s
[2025-09-16 22:20:02] DEBUG    6   1.33262995e+20 -7.42965534e+18  2.34e+09 5.09e+02  1.27e+14    62s
[2025-09-16 22:20:06] DEBUG    7   1.18721200e+20 -7.16029717e+18  2.08e+09 2.79e+02  1.13e+14    66s
[2025-09-16 22:20:11] DEBUG    8   1.02632882e+20 -6.88908368e+18  1.79e+09 1.81e+02  9.76e+13    70s
[2025-09-16 22:20:15] DEBUG    9   6.90244809e+19 -6.28392081e+18  1.21e+09 5.26e+01  6.57e+13    75s
[2025-09-16 22:20:19] DEBUG    10   6.09211832e+19 -6.06401160e+18  1.07e+09 3.93e+01  5.79e+13    78s
[2025-09-16 22:20:24] DEBUG    11   4.11125202e+19 -5.58160963e+18  7.24e+08 1.96e+01  3.92e+13    84s
[2025-09-16 22:20:28] DEBUG    12   2.03494449e+19 -4.98790421e+18  3.59e+08 1.01e+01  1.96e+13    88s
[2025-09-16 22:20:35] DEBUG    13   1.50790528e+19 -4.13105509e+18  2.69e+08 5.37e+00  1.41e+13    94s
[2025-09-16 22:20:43] DEBUG    14   7.96413589e+18 -3.08106614e+18  1.45e+08 2.03e+00  7.33e+12   102s
[2025-09-16 22:20:49] DEBUG    15   2.01212961e+18 -2.19654785e+18  3.52e+07 7.95e-01  1.96e+12   108s
[2025-09-16 22:20:52] DEBUG    16   1.11697582e+18 -1.54907663e+18  1.93e+07 5.71e-01  1.08e+12   112s
[2025-09-16 22:20:56] DEBUG    17   5.14107180e+17 -1.03156541e+18  8.80e+06 4.26e-01  5.23e+11   116s
[2025-09-16 22:21:00] DEBUG    18   1.19296882e+17 -6.38740425e+17  1.98e+06 2.80e-01  1.76e+11   120s
[2025-09-16 22:21:05] DEBUG    19   1.11331641e+17 -5.74385593e+17  1.85e+06 2.88e-01  1.59e+11   125s
[2025-09-16 22:21:11] DEBUG    20   5.16150309e+16 -2.01556086e+17  8.54e+05 1.17e+00  5.66e+10   131s
[2025-09-16 22:21:15] DEBUG    21   3.28645834e+15 -6.14460546e+16  4.43e+04 1.72e+00  1.09e+10   135s
[2025-09-16 22:21:21] DEBUG    22   4.08857145e+14 -3.07732480e+15  1.33e+03 1.17e-02  5.21e+08   141s
[2025-09-16 22:21:25] DEBUG    23   2.73527128e+14 -3.30175171e+14  8.00e+00 1.51e-02  5.39e+07   145s
[2025-09-16 22:21:31] DEBUG    24   2.70120752e+14 -1.76567468e+14  9.75e-01 1.55e-02  2.90e+07   150s
[2025-09-16 22:21:36] DEBUG    25   2.65899844e+14 -9.32978622e+13  1.87e-01 1.56e-02  1.54e+07   155s
[2025-09-16 22:21:46] DEBUG    26   2.62484420e+14 -7.44651402e+13  1.04e-01 1.55e-02  1.23e+07   166s
[2025-09-16 22:21:58] DEBUG    27   2.60864928e+14 -4.44465271e+13  8.22e-02 1.55e-02  7.36e+06   177s
[2025-09-16 22:22:13] DEBUG    28   2.59857325e+14 -4.16266611e+13  7.43e-02 1.55e-02  6.89e+06   192s
[2025-09-16 22:22:22] DEBUG    29   2.58081189e+14 -3.52476579e+13  6.18e-02 1.55e-02  5.81e+06   202s
[2025-09-16 22:22:34] DEBUG    30   2.57424793e+14 -2.92418330e+13  5.78e-02 1.55e-02  4.81e+06   214s
[2025-09-16 22:22:48] DEBUG    31   2.56176055e+14 -2.34020242e+13  5.11e-02 1.55e-02  3.83e+06   227s
[2025-09-16 22:23:06] DEBUG    32   2.55525109e+14 -1.52188794e+13  4.79e-02 1.56e-02  2.47e+06   245s
[2025-09-16 22:23:20] DEBUG    33   2.52188510e+14 -1.32272619e+13  3.32e-02 1.56e-02  2.10e+06   260s
[2025-09-16 22:23:34] DEBUG    34   2.50115038e+14 -9.30661178e+12  2.67e-02 1.57e-02  1.42e+06   273s
[2025-09-16 22:23:48] DEBUG    35   2.46714545e+14 -6.15874381e+12  1.82e-02 1.60e-02  8.58e+05   288s
[2025-09-16 22:24:01] DEBUG    36   2.45590050e+14 -3.09116861e+12  1.63e-02 1.66e-02  3.29e+05   301s
[2025-09-16 22:24:12] DEBUG    37   2.43699683e+14 -2.54912122e+12  1.25e-02 1.71e-02  2.35e+05   312s
[2025-09-16 22:24:24] DEBUG    38   2.42135774e+14 -2.39061881e+12  1.00e-02 1.72e-02  1.98e+05   324s
[2025-09-16 22:24:42] DEBUG    39   2.40020883e+14 -2.08704381e+12  7.32e-03 1.73e-02  1.29e+05   341s
[2025-09-16 22:24:54] DEBUG    40   2.38935479e+14 -2.08110049e+12  6.16e-03 1.73e-02  1.19e+05   354s
[2025-09-16 22:25:08] DEBUG    41   2.38147475e+14 -1.83545737e+12  5.55e-03 1.73e-02  6.54e+04   368s
[2025-09-16 22:25:19] DEBUG    42   2.36048275e+14 -1.84982657e+12  3.30e-03 1.71e-02  3.97e+04   379s
[2025-09-16 22:25:30] DEBUG    43   2.35200166e+14 -1.90459020e+12  2.75e-03 1.70e-02  3.03e+04   390s
[2025-09-16 22:25:42] DEBUG    44   2.34374192e+14 -1.95164238e+12  2.29e-03 1.69e-02  2.36e+04   402s
[2025-09-16 22:25:51] DEBUG    45   2.33749972e+14 -2.05735323e+12  2.01e-03 1.67e-02  1.92e+04   411s
[2025-09-16 22:26:02] DEBUG    46   2.32890391e+14 -2.03148426e+12  1.34e-03 1.67e-02  1.31e+04   422s
[2025-09-16 22:26:12] DEBUG    47   2.32446488e+14 -2.04982396e+12  1.10e-03 1.67e-02  1.05e+04   432s
[2025-09-16 22:26:22] DEBUG    48   2.32110845e+14 -2.06243441e+12  9.46e-04 1.67e-02  9.06e+03   441s
[2025-09-16 22:26:32] DEBUG    49   2.31892540e+14 -2.08535556e+12  8.54e-04 1.66e-02  7.99e+03   452s
[2025-09-16 22:26:41] DEBUG    50   2.31818615e+14 -2.09402495e+12  8.24e-04 1.66e-02  7.72e+03   460s
[2025-09-16 22:26:52] DEBUG    51   2.31518925e+14 -2.11360705e+12  7.32e-04 1.66e-02  6.72e+03   472s
[2025-09-16 22:27:03] DEBUG    52   2.31434725e+14 -2.13322766e+12  7.32e-04 1.66e-02  6.38e+03   483s
[2025-09-16 22:27:13] DEBUG    53   2.31166752e+14 -2.15269253e+12  6.41e-04 1.66e-02  5.69e+03   493s
[2025-09-16 22:27:23] DEBUG    54   2.31048660e+14 -2.16689723e+12  6.10e-04 1.66e-02  5.37e+03   503s
[2025-09-16 22:27:32] DEBUG    55   2.30969009e+14 -2.18362978e+12  6.10e-04 1.66e-02  5.16e+03   511s
[2025-09-16 22:27:38] DEBUG    56   2.30869860e+14 -2.19825190e+12  5.49e-04 1.66e-02  4.94e+03   518s
[2025-09-16 22:27:48] DEBUG    57   2.30727666e+14 -2.21550766e+12  5.49e-04 1.65e-02  4.64e+03   527s
[2025-09-16 22:27:54] DEBUG    58   2.30640115e+14 -2.22704131e+12  5.49e-04 1.65e-02  4.48e+03   534s
[2025-09-16 22:28:03] DEBUG    59   2.30496938e+14 -2.24411822e+12  4.88e-04 1.65e-02  4.19e+03   543s
[2025-09-16 22:28:14] DEBUG    60   2.30400901e+14 -2.25792510e+12  4.88e-04 1.65e-02  4.00e+03   553s
[2025-09-16 22:28:26] DEBUG    61   2.30318467e+14 -2.27106232e+12  4.88e-04 1.65e-02  3.85e+03   566s
[2025-09-16 22:28:36] DEBUG    62   2.30272909e+14 -2.28088877e+12  4.88e-04 1.65e-02  3.76e+03   576s
[2025-09-16 22:28:46] DEBUG    63   2.30201608e+14 -2.28983500e+12  4.88e-04 1.65e-02  3.64e+03   586s
[2025-09-16 22:28:57] DEBUG    64   2.30116995e+14 -2.29955026e+12  4.88e-04 1.65e-02  3.51e+03   597s
[2025-09-16 22:29:06] DEBUG    65   2.30051548e+14 -2.30162705e+12  4.88e-04 1.65e-02  3.42e+03   606s
[2025-09-16 22:29:14] DEBUG    66   2.30011230e+14 -2.30751206e+12  4.88e-04 1.65e-02  3.36e+03   614s
[2025-09-16 22:29:25] DEBUG    67   2.29877761e+14 -2.32149507e+12  4.88e-04 1.65e-02  3.16e+03   625s
[2025-09-16 22:29:37] DEBUG    68   2.29804164e+14 -2.33770931e+12  6.10e-04 1.65e-02  3.04e+03   636s
[2025-09-16 22:29:47] DEBUG    69   2.29697368e+14 -2.35022888e+12  6.10e-04 1.65e-02  2.90e+03   646s
[2025-09-16 22:29:55] DEBUG    70   2.29656525e+14 -2.36282596e+12  6.10e-04 1.64e-02  2.84e+03   655s
[2025-09-16 22:30:04] DEBUG    71   2.29556143e+14 -2.37326054e+12  4.88e-04 1.64e-02  2.71e+03   664s
[2025-09-16 22:30:16] DEBUG    72   2.29485941e+14 -2.38567294e+12  4.88e-04 1.64e-02  2.62e+03   676s
[2025-09-16 22:30:27] DEBUG    73   2.29413505e+14 -2.39955856e+12  4.88e-04 1.64e-02  2.53e+03   687s
[2025-09-16 22:30:34] DEBUG    74   2.29369947e+14 -2.40571347e+12  4.88e-04 1.64e-02  2.49e+03   694s
[2025-09-16 22:30:44] DEBUG    75   2.29235553e+14 -2.41346477e+12  4.88e-04 1.64e-02  2.35e+03   704s
[2025-09-16 22:30:54] DEBUG    76   2.29177137e+14 -2.42595607e+12  4.88e-04 1.64e-02  2.28e+03   714s
[2025-09-16 22:31:04] DEBUG    77   2.29116640e+14 -2.43413957e+12  6.10e-04 1.64e-02  2.22e+03   724s
[2025-09-16 22:31:15] DEBUG    78   2.29020027e+14 -2.44578834e+12  6.10e-04 1.64e-02  2.12e+03   735s
[2025-09-16 22:31:25] DEBUG    79   2.28970613e+14 -2.45479904e+12  6.10e-04 1.64e-02  2.07e+03   745s
[2025-09-16 22:31:34] DEBUG    80   2.28944446e+14 -2.46182920e+12  6.10e-04 1.64e-02  2.04e+03   754s
[2025-09-16 22:31:43] DEBUG    81   2.28905223e+14 -2.46541344e+12  6.10e-04 1.64e-02  2.01e+03   763s
[2025-09-16 22:31:50] DEBUG    82   2.28880801e+14 -2.46997522e+12  6.10e-04 1.64e-02  1.99e+03   770s
[2025-09-16 22:32:02] DEBUG    83   2.28849218e+14 -2.47448534e+12  6.10e-04 1.64e-02  1.96e+03   782s
[2025-09-16 22:32:12] DEBUG    84   2.28821038e+14 -2.47977661e+12  7.32e-04 1.64e-02  1.93e+03   792s
[2025-09-16 22:32:21] DEBUG    85   2.28791601e+14 -2.48476998e+12  6.10e-04 1.64e-02  1.91e+03   801s
[2025-09-16 22:32:29] DEBUG    86   2.28767149e+14 -2.48789386e+12  6.10e-04 1.64e-02  1.89e+03   809s
[2025-09-16 22:32:41] DEBUG    87   2.28750275e+14 -2.48955305e+12  6.10e-04 1.64e-02  1.87e+03   821s
[2025-09-16 22:32:49] DEBUG    88   2.28725910e+14 -2.49233647e+12  6.10e-04 1.64e-02  1.85e+03   828s
[2025-09-16 22:32:59] DEBUG    89   2.28693066e+14 -2.49479729e+12  7.32e-04 1.64e-02  2.09e+03   839s
[2025-09-16 22:33:09] DEBUG    90   2.28668922e+14 -2.49855532e+12  6.10e-04 1.64e-02  2.07e+03   849s
[2025-09-16 22:33:19] DEBUG    91   2.28655508e+14 -2.50064501e+12  6.10e-04 1.64e-02  2.10e+03   858s
[2025-09-16 22:33:25] DEBUG    92   2.28638583e+14 -2.50306345e+12  6.10e-04 1.64e-02  2.08e+03   865s
[2025-09-16 22:33:34] DEBUG    93   2.28624210e+14 -2.50535112e+12  6.10e-04 1.64e-02  2.08e+03   874s
[2025-09-16 22:33:44] DEBUG    94   2.28602974e+14 -2.50832376e+12  7.32e-04 1.64e-02  2.06e+03   884s
[2025-09-16 22:33:55] DEBUG    95   2.28574357e+14 -2.51124461e+12  6.10e-04 1.64e-02  2.04e+03   894s
[2025-09-16 22:33:55] DEBUG    Barrier performed 95 iterations in 894.40 seconds (184.87 work units)
[2025-09-16 22:33:55] DEBUG    Numerical trouble encountered
[2025-09-16 22:33:55] DEBUG    Model may be infeasible or unbounded.  Consider using the
[2025-09-16 22:33:55] DEBUG    homogeneous algorithm (through parameter 'BarHomogeneous')
[2025-09-16 22:34:59] DEBUG    Waiting for other threads to finish...         959s
[2025-09-16 22:36:03] DEBUG    Waiting for other threads to finish...        1023s
[2025-09-16 22:37:08] DEBUG    Waiting for other threads to finish...        1088s
[2025-09-16 22:38:12] DEBUG    Waiting for other threads to finish...        1152s
[2025-09-16 22:39:17] DEBUG    Waiting for other threads to finish...        1216s
[2025-09-16 22:40:21] DEBUG    Waiting for other threads to finish...        1281s
[2025-09-16 22:41:26] DEBUG    Waiting for other threads to finish...        1345s
[2025-09-16 22:42:30] DEBUG    Waiting for other threads to finish...        1410s
[2025-09-16 22:43:34] DEBUG    Waiting for other threads to finish...        1474s
[2025-09-16 22:44:39] DEBUG    Waiting for other threads to finish...        1538s
[2025-09-16 22:45:43] DEBUG    Waiting for other threads to finish...        1603s
[2025-09-16 22:46:47] DEBUG    Waiting for other threads to finish...        1667s
[2025-09-16 22:47:52] DEBUG    Waiting for other threads to finish...        1731s
[2025-09-16 22:48:57] DEBUG    Waiting for other threads to finish...        1796s
[2025-09-16 22:50:02] DEBUG    Waiting for other threads to finish...        1861s
[2025-09-16 22:51:06] DEBUG    Waiting for other threads to finish...        1926s
[2025-09-16 22:52:10] DEBUG    Waiting for other threads to finish...        1990s
[2025-09-16 22:53:15] DEBUG    Waiting for other threads to finish...        2055s
[2025-09-16 22:54:19] DEBUG    Waiting for other threads to finish...        2119s
[2025-09-16 22:55:24] DEBUG    Waiting for other threads to finish...        2184s
[2025-09-16 22:56:28] DEBUG    Waiting for other threads to finish...        2248s
[2025-09-16 22:57:33] DEBUG    Waiting for other threads to finish...        2313s
[2025-09-16 22:58:37] DEBUG    Waiting for other threads to finish...        2377s
[2025-09-16 22:59:42] DEBUG    Waiting for other threads to finish...        2442s
[2025-09-16 23:00:46] DEBUG    Waiting for other threads to finish...        2506s
[2025-09-16 23:01:51] DEBUG    Waiting for other threads to finish...        2571s
[2025-09-16 23:02:55] DEBUG    Waiting for other threads to finish...        2635s
[2025-09-16 23:04:00] DEBUG    Waiting for other threads to finish...        2700s
[2025-09-16 23:05:04] DEBUG    Waiting for other threads to finish...        2764s
[2025-09-16 23:06:09] DEBUG    Waiting for other threads to finish...        2829s
[2025-09-16 23:07:13] DEBUG    Waiting for other threads to finish...        2893s
[2025-09-16 23:08:18] DEBUG    Waiting for other threads to finish...        2957s
[2025-09-16 23:09:22] DEBUG    Waiting for other threads to finish...        3022s
[2025-09-16 23:10:27] DEBUG    Waiting for other threads to finish...        3086s
[2025-09-16 23:11:31] DEBUG    Waiting for other threads to finish...        3151s
[2025-09-16 23:12:35] DEBUG    Waiting for other threads to finish...        3215s
[2025-09-16 23:13:40] DEBUG    Waiting for other threads to finish...        3280s
[2025-09-16 23:14:45] DEBUG    Waiting for other threads to finish...        3344s
[2025-09-16 23:15:49] DEBUG    Waiting for other threads to finish...        3409s
[2025-09-16 23:15:54] DEBUG    Solved with dual simplex
[2025-09-16 23:16:05] DEBUG    Iteration    Objective       Primal Inf.    Dual Inf.      Time
[2025-09-16 23:16:05] DEBUG    2468929    3.2059542e+10   0.000000e+00   0.000000e+00   3425s

Solved in 2468929 iterations and 3424.69 seconds (2294.53 work units)
[2025-09-16 23:16:05] DEBUG    Optimal objective  3.205954169e+10
❌ Errore nel run di autarky_VRES_2030_BESS: 'Model' object has no attribute 'backend_model'

🚀 Lancio scenario: autarky_VRES_2030_PHES
[2025-09-16 23:23:37] INFO     Loading sets
[2025-09-16 23:23:37] INFO     Loading parameters
[2025-09-16 23:24:14] INFO     constraints are loaded in the following order: ['energy_balance', 'dispatch', 'costs', 'capacity', 'network', 'policy', 'conversion', 'group', 'conversion_plus', 'milp', 'export']
[2025-09-16 23:24:14] INFO     creating energy_balance constraints
[2025-09-16 23:29:04] INFO     creating dispatch constraints
[2025-09-16 23:32:54] INFO     creating costs constraints
[2025-09-16 23:43:36] INFO     creating capacity constraints
[2025-09-16 23:43:36] INFO     creating network constraints
[2025-09-16 23:43:36] INFO     creating policy constraints
[2025-09-16 23:43:36] INFO     creating conversion constraints
[2025-09-16 23:43:36] INFO     creating group constraints
[2025-09-16 23:43:36] INFO     creating conversion_plus constraints
[2025-09-16 23:43:36] INFO     creating milp constraints
[2025-09-16 23:43:36] INFO     creating export constraints
[2025-09-16 23:56:04] DEBUG    Set parameter WLSAccessID
Set parameter WLSSecret
Set parameter LicenseID to value 2680226
[2025-09-16 23:56:04] DEBUG    Academic license 2680226 - for non-commercial use only - registered to an___@mail.polimi.it
[2025-09-16 23:56:40] DEBUG    Read LP format model from file /tmp/tmpqwpns7_o.pyomo.lp
Reading time = 35.76 seconds
x17347880: 23786572 rows, 17347880 columns, 57262372 nonzeros
[2025-09-16 23:56:40] DEBUG    Set parameter NumericFocus to value 1
Gurobi Optimizer version 12.0.2 build v12.0.2rc0 (linux64 - "Debian GNU/Linux 11 (bullseye)")

CPU model: Intel(R) Xeon(R) Silver 4314 CPU @ 2.40GHz, instruction set [SSE2|AVX|AVX2|AVX512]
Thread count: 32 physical cores, 64 logical processors, using up to 32 threads

Non-default parameters:
NumericFocus  1
[2025-09-16 23:56:40] DEBUG    Academic license 2680226 - for non-commercial use only - registered to an___@mail.polimi.it
Optimize a model with 23786572 rows, 17347880 columns and 57262372 nonzeros
[2025-09-16 23:56:40] DEBUG    Model fingerprint: 0xac3d1617
[2025-09-16 23:56:41] DEBUG    Coefficient statistics:
  Matrix range     [1e-07, 3e+02]
  Objective range  [1e+00, 1e+06]
  Bounds range     [0e+00, 0e+00]
  RHS range        [1e+00, 6e+09]
Warning: Model contains large rhs
[2025-09-16 23:56:47] DEBUG    Presolve removed 19711154 rows and 10688288 columns (presolve time = 6s)...
[2025-09-16 23:56:51] DEBUG    Presolve removed 19879155 rows and 12550000 columns (presolve time = 10s)...
[2025-09-16 23:56:56] DEBUG    Presolve removed 21733230 rows and 14358497 columns (presolve time = 16s)...
[2025-09-16 23:57:00] DEBUG    Presolve removed 22376332 rows and 14376017 columns
[2025-09-16 23:57:00] DEBUG    Presolve time: 20.65s
Presolved: 1410240 rows, 3112007 columns, 8306123 nonzeros

Concurrent LP optimizer: primal simplex, dual simplex, and barrier
Showing barrier log only...
[2025-09-16 23:57:03] DEBUG    Ordering time: 0.88s
[2025-09-16 23:57:04] DEBUG    Barrier statistics:
 Dense cols : 108
 AA' NZ     : 7.679e+06
[2025-09-16 23:57:04] DEBUG    Factor NZ  : 2.893e+07 (roughly 2.0 GB of memory)
 Factor Ops : 1.364e+09 (less than 1 second per iteration)
 Threads    : 30
[2025-09-16 23:57:07] DEBUG    Objective                Residual
[2025-09-16 23:57:07] DEBUG    Iter       Primal          Dual         Primal    Dual     Compl     Time
[2025-09-16 23:57:08] DEBUG    0   4.99664883e+21 -1.84775292e+19  6.34e+10 4.45e-01  8.54e+15    28s
[2025-09-16 23:57:13] DEBUG    1   4.54690040e+21 -2.23540419e+19  5.69e+10 4.03e+05  7.15e+15    33s
[2025-09-16 23:57:19] DEBUG    2   4.38417739e+21 -1.01593653e+20  5.48e+10 2.89e+05  7.02e+15    39s
[2025-09-16 23:57:27] DEBUG    3   3.77533300e+21 -3.13521146e+20  4.66e+10 6.13e+04  6.16e+15    47s
[2025-09-16 23:57:32] DEBUG    4   3.82873765e+20 -3.06316522e+20  4.01e+09 1.70e+04  5.83e+14    52s
[2025-09-16 23:57:39] DEBUG    5   1.11724373e+20 -1.40827022e+20  1.08e+09 1.91e+03  1.63e+14    60s
[2025-09-16 23:57:45] DEBUG    6   6.99048096e+19 -6.01316907e+19  6.65e+08 3.10e+02  9.41e+13    65s
[2025-09-16 23:57:48] DEBUG    7   3.03175056e+19 -2.96101261e+19  2.81e+08 8.55e+01  3.94e+13    69s
[2025-09-16 23:57:53] DEBUG    8   1.80831783e+19 -1.59766198e+19  1.64e+08 3.73e+00  2.26e+13    73s
[2025-09-16 23:57:57] DEBUG    9   1.44014132e+19 -9.58100108e+18  1.30e+08 2.43e+00  1.71e+13    77s
[2025-09-16 23:58:01] DEBUG    10   7.96398891e+18 -5.73613563e+18  6.95e+07 9.86e-01  9.08e+12    82s
[2025-09-16 23:58:06] DEBUG    11   5.01515505e+18 -3.53258596e+18  4.25e+07 4.94e-01  5.41e+12    86s
[2025-09-16 23:58:10] DEBUG    12   3.89492870e+18 -2.24440318e+18  3.26e+07 5.49e-02  3.93e+12    90s
[2025-09-16 23:58:13] DEBUG    13   1.91740525e+18 -1.63691031e+18  1.54e+07 3.08e-05  1.91e+12    94s
[2025-09-16 23:58:17] DEBUG    14   7.70725274e+17 -1.06572211e+18  5.98e+06 8.76e-06  7.87e+11    98s
[2025-09-16 23:58:22] DEBUG    15   2.48101357e+17 -5.01496663e+17  1.80e+06 1.73e-05  2.48e+11   102s
[2025-09-16 23:58:26] DEBUG    16   1.22739106e+17 -2.96970715e+17  8.80e+05 3.27e-05  1.19e+11   106s
[2025-09-16 23:58:32] DEBUG    17   3.06513808e+16 -9.03821502e+16  1.98e+05 3.31e-04  2.75e+10   112s
[2025-09-16 23:58:35] DEBUG    18   1.19004440e+16 -3.21772805e+16  7.67e+04 1.04e-05  8.83e+09   116s
[2025-09-16 23:58:41] DEBUG    19   3.20168845e+15 -5.76007719e+15  1.94e+04 1.48e-03  1.65e+09   121s
[2025-09-16 23:58:46] DEBUG    20   2.91682563e+15 -5.38015474e+15  1.77e+04 1.77e-03  1.52e+09   127s
[2025-09-16 23:58:52] DEBUG    21   2.56559775e+15 -3.57199604e+15  1.56e+04 3.91e-03  1.11e+09   132s
[2025-09-16 23:58:55] DEBUG    22   2.50523061e+15 -1.86210455e+15  1.52e+04 3.00e-03  7.85e+08   135s
[2025-09-16 23:58:59] DEBUG    23   1.52913413e+15 -6.44263898e+14  9.26e+03 5.25e-03  3.78e+08   139s
[2025-09-16 23:59:04] DEBUG    24   1.27843380e+15 -5.98849223e+14  7.81e+03 5.21e-03  3.25e+08   144s
[2025-09-16 23:59:08] DEBUG    25   1.26781632e+15 -3.69299119e+14  7.75e+03 5.57e-03  2.82e+08   148s
[2025-09-16 23:59:14] DEBUG    26   1.12580959e+15 -2.65351994e+14  6.91e+03 3.24e-03  2.38e+08   154s
[2025-09-16 23:59:18] DEBUG    27   7.41289711e+14 -2.19653637e+14  4.52e+03 3.62e-03  1.63e+08   158s
[2025-09-16 23:59:23] DEBUG    28   4.16294190e+14 -1.11576991e+14  2.51e+03 4.08e-03  8.85e+07   163s
[2025-09-16 23:59:29] DEBUG    29   2.67052839e+14 -7.90541973e+13  1.72e+03 5.14e-03  5.78e+07   170s
[2025-09-16 23:59:35] DEBUG    30   8.15759600e+13 -4.82695963e+13  4.86e+02 6.36e-03  2.13e+07   175s
[2025-09-16 23:59:38] DEBUG    31   6.07831104e+13 -2.26044455e+13  3.49e+02 1.12e-02  1.36e+07   179s
[2025-09-16 23:59:43] DEBUG    32   5.76831588e+13 -2.07019672e+13  3.29e+02 1.08e-02  1.27e+07   183s
[2025-09-16 23:59:47] DEBUG    33   4.74471064e+13 -1.91624818e+13  2.62e+02 1.06e-02  1.08e+07   187s
[2025-09-16 23:59:51] DEBUG    34   2.83353620e+13 -1.74992670e+13  1.37e+02 1.03e-02  7.33e+06   191s
[2025-09-16 23:59:55] DEBUG    35   2.54421756e+13 -1.00925319e+13  1.21e+02 8.45e-03  5.62e+06   196s
[2025-09-17 00:00:02] DEBUG    36   2.01270266e+13 -6.81936856e+12  8.95e+01 1.26e-02  4.20e+06   203s
[2025-09-17 00:00:11] DEBUG    37   1.76070174e+13 -3.88650212e+12  7.41e+01 1.08e-02  3.30e+06   211s
[2025-09-17 00:00:20] DEBUG    38   1.50176939e+13 -2.23102879e+12  5.86e+01 2.97e-02  2.60e+06   220s
[2025-09-17 00:00:25] DEBUG    39   1.32542104e+13 -1.31272257e+12  4.73e+01 3.12e-02  2.16e+06   226s
[2025-09-17 00:00:34] DEBUG    40   1.15623579e+13 -1.52681579e+11  3.80e+01 3.11e-02  1.70e+06   235s
[2025-09-17 00:00:44] DEBUG    41   9.81870207e+12  2.36466024e+12  2.77e+01 2.57e-02  9.99e+05   244s
[2025-09-17 00:00:55] DEBUG    42   8.49328508e+12  2.89432395e+12  1.99e+01 2.24e-02  7.02e+05   255s
[2025-09-17 00:01:01] DEBUG    43   8.35235618e+12  3.04480276e+12  1.89e+01 2.14e-02  6.55e+05   261s
[2025-09-17 00:01:10] DEBUG    44   7.33062663e+12  3.78028385e+12  1.24e+01 2.05e-02  3.73e+05   270s
[2025-09-17 00:01:19] DEBUG    45   7.10878822e+12  3.95991311e+12  1.09e+01 2.24e-02  3.10e+05   279s
[2025-09-17 00:01:28] DEBUG    46   6.74845495e+12  4.18731155e+12  8.68e+00 2.41e-02  2.18e+05   289s
[2025-09-17 00:01:37] DEBUG    47   6.41571646e+12  4.27376923e+12  6.46e+00 2.47e-02  1.59e+05   298s
[2025-09-17 00:01:45] DEBUG    48   6.09838800e+12  4.36036732e+12  4.50e+00 2.50e-02  1.03e+05   305s
[2025-09-17 00:01:52] DEBUG    49   6.06709650e+12  4.40743563e+12  4.30e+00 2.49e-02  9.14e+04   312s
[2025-09-17 00:01:59] DEBUG    50   5.89973172e+12  4.42459679e+12  3.29e+00 2.50e-02  7.02e+04   319s
[2025-09-17 00:02:06] DEBUG    51   5.84356754e+12  4.42860971e+12  2.98e+00 2.50e-02  6.39e+04   326s
[2025-09-17 00:02:13] DEBUG    52   5.79132113e+12  4.43845324e+12  2.71e+00 2.49e-02  5.71e+04   333s
[2025-09-17 00:02:20] DEBUG    53   5.74625499e+12  4.44365966e+12  2.48e+00 2.48e-02  5.20e+04   341s
[2025-09-17 00:02:27] DEBUG    54   5.69940998e+12  4.45158630e+12  2.25e+00 2.47e-02  4.65e+04   348s
[2025-09-17 00:02:34] DEBUG    55   5.68045767e+12  4.45520470e+12  2.16e+00 2.46e-02  4.43e+04   354s
[2025-09-17 00:02:41] DEBUG    56   5.66195720e+12  4.45770539e+12  2.07e+00 2.45e-02  4.23e+04   361s
[2025-09-17 00:02:46] DEBUG    57   5.63796788e+12  4.45935153e+12  1.95e+00 2.45e-02  4.01e+04   366s
[2025-09-17 00:02:53] DEBUG    58   5.61753548e+12  4.46142336e+12  1.86e+00 2.44e-02  3.81e+04   374s
[2025-09-17 00:03:00] DEBUG    59   5.57318392e+12  4.46496374e+12  1.66e+00 2.42e-02  3.38e+04   380s
[2025-09-17 00:03:08] DEBUG    60   5.55603125e+12  4.46725171e+12  1.59e+00 2.41e-02  3.21e+04   388s
[2025-09-17 00:03:15] DEBUG    61   5.53865752e+12  4.46966420e+12  1.51e+00 2.40e-02  3.04e+04   395s
[2025-09-17 00:03:22] DEBUG    62   5.52244931e+12  4.47156785e+12  1.44e+00 2.39e-02  2.89e+04   402s
[2025-09-17 00:03:28] DEBUG    63   5.51337502e+12  4.47279574e+12  1.41e+00 2.37e-02  2.80e+04   408s
[2025-09-17 00:03:34] DEBUG    64   5.50458329e+12  4.47465477e+12  1.37e+00 2.35e-02  2.71e+04   415s
[2025-09-17 00:03:41] DEBUG    65   5.48505570e+12  4.47656705e+12  1.29e+00 2.33e-02  2.54e+04   421s
[2025-09-17 00:03:49] DEBUG    66   5.47832813e+12  4.47837119e+12  1.27e+00 2.31e-02  2.46e+04   429s
[2025-09-17 00:03:55] DEBUG    67   5.47437938e+12  4.47907679e+12  1.25e+00 2.30e-02  2.43e+04   436s
[2025-09-17 00:04:01] DEBUG    68   5.47082841e+12  4.47959828e+12  1.24e+00 2.30e-02  2.39e+04   441s
[2025-09-17 00:04:08] DEBUG    69   5.46282690e+12  4.48061724e+12  1.20e+00 2.28e-02  2.33e+04   448s
[2025-09-17 00:04:13] DEBUG    70   5.45416565e+12  4.48126393e+12  1.17e+00 2.27e-02  2.26e+04   454s
[2025-09-17 00:04:20] DEBUG    71   5.42442832e+12  4.48298258e+12  1.06e+00 2.24e-02  2.03e+04   461s
[2025-09-17 00:04:28] DEBUG    72   5.41700052e+12  4.48371359e+12  1.03e+00 2.22e-02  1.98e+04   469s
[2025-09-17 00:04:35] DEBUG    73   5.41123752e+12  4.48405248e+12  1.01e+00 2.21e-02  1.94e+04   475s
[2025-09-17 00:04:42] DEBUG    74   5.40676849e+12  4.48425792e+12  9.96e-01 2.20e-02  1.91e+04   482s
[2025-09-17 00:04:49] DEBUG    75   5.40003083e+12  4.48477904e+12  9.72e-01 2.18e-02  1.86e+04   489s
[2025-09-17 00:04:55] DEBUG    76   5.39646267e+12  4.48506331e+12  9.60e-01 2.17e-02  1.83e+04   495s
[2025-09-17 00:05:03] DEBUG    77   5.38013089e+12  4.48585299e+12  9.05e-01 2.14e-02  1.72e+04   503s
[2025-09-17 00:05:09] DEBUG    78   5.37513638e+12  4.48667256e+12  8.88e-01 2.11e-02  1.68e+04   509s
[2025-09-17 00:05:15] DEBUG    79   5.37028065e+12  4.48741720e+12  8.72e-01 2.07e-02  1.64e+04   515s
[2025-09-17 00:05:22] DEBUG    80   5.36213232e+12  4.48814007e+12  8.46e-01 2.03e-02  1.58e+04   522s
[2025-09-17 00:05:29] DEBUG    81   5.35436507e+12  4.48857268e+12  8.21e-01 2.01e-02  1.53e+04   529s
[2025-09-17 00:05:36] DEBUG    82   5.35090613e+12  4.48897534e+12  8.10e-01 1.98e-02  1.51e+04   536s
[2025-09-17 00:05:43] DEBUG    83   5.34343430e+12  4.48941194e+12  7.86e-01 1.95e-02  1.46e+04   543s
[2025-09-17 00:05:48] DEBUG    84   5.33897451e+12  4.48976311e+12  7.73e-01 1.90e-02  1.43e+04   548s
[2025-09-17 00:05:55] DEBUG    85   5.31856152e+12  4.49011881e+12  7.10e-01 1.86e-02  1.32e+04   555s
[2025-09-17 00:06:02] DEBUG    86   5.31586178e+12  4.49033494e+12  7.02e-01 1.84e-02  1.30e+04   562s
[2025-09-17 00:06:07] DEBUG    87   5.31424152e+12  4.49042737e+12  6.98e-01 1.83e-02  1.29e+04   568s
[2025-09-17 00:06:16] DEBUG    88   5.31125227e+12  4.49063049e+12  6.89e-01 1.81e-02  1.28e+04   576s
[2025-09-17 00:06:22] DEBUG    89   5.30525835e+12  4.49085440e+12  6.72e-01 1.76e-02  1.27e+04   582s
[2025-09-17 00:06:29] DEBUG    90   5.30178241e+12  4.49133663e+12  6.62e-01 1.71e-02  1.24e+04   589s
[2025-09-17 00:06:36] DEBUG    91   5.29539290e+12  4.49165728e+12  6.44e-01 1.67e-02  1.21e+04   596s
[2025-09-17 00:06:44] DEBUG    92   5.29000982e+12  4.49196041e+12  6.29e-01 1.64e-02  1.18e+04   604s
[2025-09-17 00:06:49] DEBUG    93   5.28563709e+12  4.49223832e+12  6.18e-01 1.67e-02  1.15e+04   610s
[2025-09-17 00:06:55] DEBUG    94   5.28330817e+12  4.49236888e+12  6.11e-01 1.70e-02  1.14e+04   615s
[2025-09-17 00:07:01] DEBUG    95   5.27799821e+12  4.49268346e+12  5.97e-01 1.76e-02  1.11e+04   622s
[2025-09-17 00:07:06] DEBUG    96   5.27443886e+12  4.49277302e+12  5.88e-01 1.78e-02  1.09e+04   626s
[2025-09-17 00:07:13] DEBUG    97   5.26143444e+12  4.49298224e+12  5.54e-01 1.81e-02  1.03e+04   634s
[2025-09-17 00:07:21] DEBUG    98   5.25859949e+12  4.49315889e+12  5.47e-01 1.84e-02  1.02e+04   641s
[2025-09-17 00:07:29] DEBUG    99   5.25472572e+12  4.49341699e+12  5.38e-01 1.89e-02  9.95e+03   649s
[2025-09-17 00:07:35] DEBUG    100   5.25022381e+12  4.49363696e+12  5.27e-01 1.93e-02  9.72e+03   655s
[2025-09-17 00:07:42] DEBUG    101   5.24548386e+12  4.49378922e+12  5.15e-01 1.96e-02  9.50e+03   663s
[2025-09-17 00:07:48] DEBUG    102   5.24302018e+12  4.49396768e+12  5.09e-01 1.99e-02  9.37e+03   669s
[2025-09-17 00:07:55] DEBUG    103   5.23895046e+12  4.49408807e+12  4.99e-01 2.01e-02  9.19e+03   675s
[2025-09-17 00:08:00] DEBUG    104   5.23655255e+12  4.49412536e+12  4.94e-01 2.02e-02  9.09e+03   680s
[2025-09-17 00:08:07] DEBUG    105   5.22555860e+12  4.49430702e+12  4.68e-01 2.05e-02  8.62e+03   687s
[2025-09-17 00:08:14] DEBUG    106   5.22222819e+12  4.49447214e+12  4.61e-01 2.08e-02  8.46e+03   695s
[2025-09-17 00:08:22] DEBUG    107   5.21694925e+12  4.49462618e+12  4.49e-01 2.11e-02  8.24e+03   702s
[2025-09-17 00:08:28] DEBUG    108   5.21387754e+12  4.49470401e+12  4.43e-01 2.12e-02  8.11e+03   708s
[2025-09-17 00:08:34] DEBUG    109   5.21033339e+12  4.49481802e+12  4.35e-01 2.14e-02  7.96e+03   714s
[2025-09-17 00:08:40] DEBUG    110   5.20702955e+12  4.49490103e+12  4.28e-01 2.16e-02  7.83e+03   720s
[2025-09-17 00:08:45] DEBUG    111   5.20390069e+12  4.49498335e+12  4.21e-01 2.17e-02  7.71e+03   726s
[2025-09-17 00:08:50] DEBUG    112   5.20209065e+12  4.49506264e+12  4.17e-01 2.19e-02  7.63e+03   731s
[2025-09-17 00:08:57] DEBUG    113   5.19880951e+12  4.49514911e+12  4.11e-01 2.20e-02  7.50e+03   737s
[2025-09-17 00:09:02] DEBUG    114   5.19723875e+12  4.49522038e+12  4.07e-01 2.22e-02  7.43e+03   742s
[2025-09-17 00:09:09] DEBUG    115   5.19360610e+12  4.49530621e+12  4.00e-01 2.23e-02  7.29e+03   750s
[2025-09-17 00:09:17] DEBUG    116   5.19204028e+12  4.49533655e+12  3.97e-01 2.24e-02  7.28e+03   757s
[2025-09-17 00:09:24] DEBUG    117   5.18675494e+12  4.49544012e+12  3.86e-01 2.26e-02  7.08e+03   764s
[2025-09-17 00:09:31] DEBUG    118   5.18421217e+12  4.49552775e+12  3.81e-01 2.28e-02  6.98e+03   771s
[2025-09-17 00:09:39] DEBUG    119   5.17759436e+12  4.49570258e+12  3.69e-01 2.31e-02  6.73e+03   780s
[2025-09-17 00:09:46] DEBUG    120   5.17115558e+12  4.49582676e+12  3.57e-01 2.33e-02  6.50e+03   787s
[2025-09-17 00:09:55] DEBUG    121   5.16724049e+12  4.49588407e+12  3.49e-01 2.34e-02  6.36e+03   795s
[2025-09-17 00:10:01] DEBUG    122   5.16454719e+12  4.49601036e+12  3.44e-01 2.36e-02  6.25e+03   802s
[2025-09-17 00:10:09] DEBUG    123   5.16174456e+12  4.49609280e+12  3.39e-01 2.38e-02  6.16e+03   809s
[2025-09-17 00:10:16] DEBUG    124   5.15755474e+12  4.49610189e+12  3.32e-01 2.38e-02  6.03e+03   817s
[2025-09-17 00:10:24] DEBUG    125   5.15329743e+12  4.49621085e+12  3.24e-01 2.40e-02  5.88e+03   824s
[2025-09-17 00:10:31] DEBUG    126   5.15087911e+12  4.49629062e+12  3.20e-01 2.41e-02  5.79e+03   832s
[2025-09-17 00:10:37] DEBUG    127   5.14964079e+12  4.49632117e+12  3.18e-01 2.42e-02  5.75e+03   838s
[2025-09-17 00:10:45] DEBUG    128   5.14801108e+12  4.49639172e+12  3.15e-01 2.43e-02  5.69e+03   846s
[2025-09-17 00:10:52] DEBUG    129   5.14548800e+12  4.49646012e+12  3.11e-01 2.44e-02  5.63e+03   852s
[2025-09-17 00:11:00] DEBUG    130   5.14262434e+12  4.49652330e+12  3.06e-01 2.45e-02  5.53e+03   861s
[2025-09-17 00:11:07] DEBUG    131   5.14119515e+12  4.49656964e+12  3.04e-01 2.46e-02  5.48e+03   867s
[2025-09-17 00:11:12] DEBUG    132   5.13935839e+12  4.49659755e+12  3.01e-01 2.46e-02  5.42e+03   872s
[2025-09-17 00:11:17] DEBUG    133   5.13729553e+12  4.49662271e+12  2.97e-01 2.47e-02  5.37e+03   877s
[2025-09-17 00:11:23] DEBUG    134   5.13536701e+12  4.49667597e+12  2.94e-01 2.48e-02  5.31e+03   883s
[2025-09-17 00:11:30] DEBUG    135   5.13252682e+12  4.49674654e+12  2.90e-01 2.49e-02  5.21e+03   890s
[2025-09-17 00:11:36] DEBUG    136   5.13041604e+12  4.49680401e+12  2.86e-01 2.50e-02  5.14e+03   896s
[2025-09-17 00:11:43] DEBUG    137   5.12886327e+12  4.49686359e+12  2.84e-01 2.51e-02  5.09e+03   904s
[2025-09-17 00:11:51] DEBUG    138   5.12606393e+12  4.49690696e+12  2.79e-01 2.51e-02  5.01e+03   912s
[2025-09-17 00:11:58] DEBUG    139   5.12346249e+12  4.49694908e+12  2.75e-01 2.52e-02  4.93e+03   918s
[2025-09-17 00:12:06] DEBUG    140   5.12256945e+12  4.49698823e+12  2.74e-01 2.53e-02  4.90e+03   926s
[2025-09-17 00:12:12] DEBUG    141   5.11795211e+12  4.49703628e+12  2.67e-01 2.54e-02  4.77e+03   932s
[2025-09-17 00:12:18] DEBUG    142   5.11657870e+12  4.49706970e+12  2.65e-01 2.54e-02  4.74e+03   938s
[2025-09-17 00:12:23] DEBUG    143   5.11498530e+12  4.49710504e+12  2.62e-01 2.55e-02  4.69e+03   943s
[2025-09-17 00:12:31] DEBUG    144   5.11394204e+12  4.49714299e+12  2.61e-01 2.55e-02  4.66e+03   952s
[2025-09-17 00:12:38] DEBUG    145   5.11167522e+12  4.49716813e+12  2.57e-01 2.56e-02  4.60e+03   958s
[2025-09-17 00:12:45] DEBUG    146   5.11046074e+12  4.49719311e+12  2.56e-01 2.56e-02  4.57e+03   965s
[2025-09-17 00:12:52] DEBUG    147   5.10758458e+12  4.49721847e+12  2.51e-01 2.57e-02  4.49e+03   972s
[2025-09-17 00:12:58] DEBUG    148   5.10559867e+12  4.49724201e+12  2.48e-01 2.57e-02  4.44e+03   978s
[2025-09-17 00:13:04] DEBUG    149   5.10390014e+12  4.49726894e+12  2.46e-01 2.58e-02  4.40e+03   985s
[2025-09-17 00:13:12] DEBUG    150   5.10138366e+12  4.49729724e+12  2.42e-01 2.58e-02  4.33e+03   992s
[2025-09-17 00:13:19] DEBUG    151   5.09989675e+12  4.49731747e+12  2.40e-01 2.58e-02  4.29e+03   999s
[2025-09-17 00:13:25] DEBUG    152   5.09758694e+12  4.49736633e+12  2.37e-01 2.59e-02  4.23e+03  1006s
[2025-09-17 00:13:32] DEBUG    153   5.09493955e+12  4.49740734e+12  2.33e-01 2.60e-02  4.16e+03  1012s
[2025-09-17 00:13:38] DEBUG    154   5.09304002e+12  4.49745759e+12  2.31e-01 2.61e-02  4.11e+03  1018s
[2025-09-17 00:13:45] DEBUG    155   5.09064745e+12  4.49748906e+12  2.28e-01 2.61e-02  4.04e+03  1025s
[2025-09-17 00:13:53] DEBUG    156   5.08771394e+12  4.49751561e+12  2.24e-01 2.62e-02  3.97e+03  1033s
[2025-09-17 00:13:59] DEBUG    157   5.08649256e+12  4.49754059e+12  2.22e-01 2.62e-02  3.94e+03  1039s
[2025-09-17 00:14:04] DEBUG    158   5.08535769e+12  4.49755526e+12  2.21e-01 2.62e-02  3.91e+03  1044s
[2025-09-17 00:14:11] DEBUG    159   5.08357350e+12  4.49757695e+12  2.18e-01 2.63e-02  3.88e+03  1051s
[2025-09-17 00:14:18] DEBUG    160   5.08238338e+12  4.49760302e+12  2.17e-01 2.63e-02  3.85e+03  1059s
[2025-09-17 00:14:26] DEBUG    161   5.08047326e+12  4.49761919e+12  2.14e-01 2.63e-02  3.80e+03  1066s
[2025-09-17 00:14:32] DEBUG    162   5.07840109e+12  4.49764738e+12  2.12e-01 2.64e-02  3.75e+03  1073s
[2025-09-17 00:14:38] DEBUG    163   5.07630344e+12  4.49767061e+12  2.09e-01 2.64e-02  3.70e+03  1078s
[2025-09-17 00:14:45] DEBUG    164   5.07198972e+12  4.49769427e+12  2.03e-01 2.64e-02  3.60e+03  1086s
[2025-09-17 00:14:54] DEBUG    165   5.06725125e+12  4.49772187e+12  1.98e-01 2.65e-02  3.50e+03  1094s
[2025-09-17 00:15:01] DEBUG    166   5.06579249e+12  4.49774362e+12  1.96e-01 2.65e-02  3.46e+03  1102s
[2025-09-17 00:15:08] DEBUG    167   5.06348669e+12  4.49775857e+12  1.93e-01 2.65e-02  3.41e+03  1109s
[2025-09-17 00:15:16] DEBUG    168   5.06191967e+12  4.49777398e+12  1.91e-01 2.65e-02  3.38e+03  1116s
[2025-09-17 00:15:21] DEBUG    169   5.06045407e+12  4.49779217e+12  1.90e-01 2.66e-02  3.35e+03  1121s
[2025-09-17 00:15:28] DEBUG    170   5.05885719e+12  4.49780606e+12  1.88e-01 2.66e-02  3.32e+03  1128s
[2025-09-17 00:15:33] DEBUG    171   5.05768025e+12  4.49782812e+12  1.86e-01 2.66e-02  3.29e+03  1134s
[2025-09-17 00:15:41] DEBUG    172   5.05649501e+12  4.49784906e+12  1.85e-01 2.66e-02  3.27e+03  1141s
[2025-09-17 00:15:48] DEBUG    173   5.05424313e+12  4.49786760e+12  1.82e-01 2.67e-02  3.22e+03  1149s
[2025-09-17 00:15:56] DEBUG    174   5.05331851e+12  4.49788217e+12  1.81e-01 2.67e-02  3.20e+03  1156s
[2025-09-17 00:16:03] DEBUG    175   5.05249477e+12  4.49789833e+12  1.80e-01 2.67e-02  3.18e+03  1164s
[2025-09-17 00:16:11] DEBUG    176   5.05132815e+12  4.49790840e+12  1.79e-01 2.67e-02  3.16e+03  1171s
[2025-09-17 00:16:17] DEBUG    177   5.04920372e+12  4.49791640e+12  1.77e-01 2.67e-02  3.12e+03  1177s
[2025-09-17 00:16:23] DEBUG    178   5.04695963e+12  4.49794116e+12  1.74e-01 2.68e-02  3.07e+03  1184s
[2025-09-17 00:16:31] DEBUG    179   5.04470296e+12  4.49795446e+12  1.72e-01 2.68e-02  3.02e+03  1191s
[2025-09-17 00:16:35] DEBUG    180   5.04457174e+12  4.49795652e+12  1.72e-01 2.68e-02  3.02e+03  1196s
[2025-09-17 00:16:41] DEBUG    181   5.04289356e+12  4.49796283e+12  1.70e-01 2.68e-02  2.99e+03  1201s
[2025-09-17 00:16:47] DEBUG    182   5.04262643e+12  4.49796384e+12  1.70e-01 2.68e-02  2.99e+03  1207s
[2025-09-17 00:16:54] DEBUG    183   5.04183497e+12  4.49797959e+12  1.69e-01 2.68e-02  2.97e+03  1214s
[2025-09-17 00:17:01] DEBUG    184   5.03957908e+12  4.49799728e+12  1.66e-01 2.69e-02  2.92e+03  1222s
[2025-09-17 00:17:09] DEBUG    185   5.03770820e+12  4.49801050e+12  1.64e-01 2.69e-02  2.89e+03  1229s
[2025-09-17 00:17:16] DEBUG    186   5.03673068e+12  4.49802848e+12  1.63e-01 2.69e-02  2.86e+03  1236s
[2025-09-17 00:17:23] DEBUG    187   5.03486598e+12  4.49805115e+12  1.61e-01 2.69e-02  2.82e+03  1244s
[2025-09-17 00:17:30] DEBUG    188   5.03355955e+12  4.49805771e+12  1.60e-01 2.70e-02  2.80e+03  1250s
[2025-09-17 00:17:36] DEBUG    189   5.03158957e+12  4.49807243e+12  1.58e-01 2.70e-02  2.76e+03  1256s
[2025-09-17 00:17:42] DEBUG    190   5.03006230e+12  4.49807951e+12  1.56e-01 2.70e-02  2.74e+03  1263s
[2025-09-17 00:17:49] DEBUG    191   5.02816274e+12  4.49808941e+12  1.54e-01 2.70e-02  2.70e+03  1269s
[2025-09-17 00:17:56] DEBUG    192   5.02688119e+12  4.49810046e+12  1.53e-01 2.70e-02  2.68e+03  1276s
[2025-09-17 00:18:03] DEBUG    193   5.02460203e+12  4.49811024e+12  1.50e-01 2.70e-02  2.63e+03  1283s
[2025-09-17 00:18:10] DEBUG    194   5.02337412e+12  4.49812372e+12  1.49e-01 2.71e-02  2.61e+03  1290s
[2025-09-17 00:18:17] DEBUG    195   5.02180819e+12  4.49812960e+12  1.48e-01 2.71e-02  2.58e+03  1297s
[2025-09-17 00:18:24] DEBUG    196   5.02001017e+12  4.49814000e+12  1.46e-01 2.71e-02  2.55e+03  1304s
[2025-09-17 00:18:30] DEBUG    197   5.01877876e+12  4.49814802e+12  1.45e-01 2.71e-02  2.53e+03  1310s
[2025-09-17 00:18:35] DEBUG    198   5.01688766e+12  4.49815424e+12  1.43e-01 2.71e-02  2.50e+03  1315s
[2025-09-17 00:18:41] DEBUG    199   5.01622377e+12  4.49816154e+12  1.42e-01 2.71e-02  2.49e+03  1321s
[2025-09-17 00:18:46] DEBUG    200   5.01478825e+12  4.49816714e+12  1.41e-01 2.71e-02  2.46e+03  1326s
[2025-09-17 00:18:51] DEBUG    201   5.01256828e+12  4.49817191e+12  1.39e-01 2.71e-02  2.43e+03  1331s
[2025-09-17 00:18:58] DEBUG    202   5.01148483e+12  4.49817837e+12  1.38e-01 2.71e-02  2.41e+03  1338s
[2025-09-17 00:19:06] DEBUG    203   5.01041764e+12  4.49818664e+12  1.37e-01 2.71e-02  2.39e+03  1346s
[2025-09-17 00:19:11] DEBUG    204   5.00949804e+12  4.49819338e+12  1.36e-01 2.71e-02  2.37e+03  1352s
[2025-09-17 00:19:16] DEBUG    205   5.00876960e+12  4.49819794e+12  1.35e-01 2.71e-02  2.36e+03  1357s
[2025-09-17 00:19:21] DEBUG    206   5.00774569e+12  4.49820115e+12  1.34e-01 2.71e-02  2.35e+03  1362s
[2025-09-17 00:19:27] DEBUG    207   5.00713030e+12  4.49820722e+12  1.33e-01 2.71e-02  2.33e+03  1367s
[2025-09-17 00:19:34] DEBUG    208   5.00550896e+12  4.49821753e+12  1.32e-01 2.70e-02  2.31e+03  1374s
[2025-09-17 00:19:40] DEBUG    209   5.00474778e+12  4.49822591e+12  1.31e-01 2.69e-02  2.29e+03  1381s
[2025-09-17 00:19:46] DEBUG    210   5.00330457e+12  4.49823085e+12  1.30e-01 2.69e-02  2.27e+03  1386s
[2025-09-17 00:19:51] DEBUG    211   5.00262900e+12  4.49823225e+12  1.29e-01 2.69e-02  2.26e+03  1392s
[2025-09-17 00:19:57] DEBUG    212   5.00201207e+12  4.49823430e+12  1.29e-01 2.69e-02  2.25e+03  1397s
[2025-09-17 00:20:07] DEBUG    213   5.00125549e+12  4.49823813e+12  1.28e-01 2.68e-02  2.23e+03  1407s
[2025-09-17 00:20:14] DEBUG    214   4.99977804e+12  4.49824345e+12  1.26e-01 2.68e-02  2.21e+03  1415s
[2025-09-17 00:20:14] DEBUG    Barrier performed 214 iterations in 1414.61 seconds (288.07 work units)
[2025-09-17 00:20:14] DEBUG    Numerical trouble encountered
[2025-09-17 00:20:14] DEBUG    Model may be infeasible or unbounded.  Consider using the
[2025-09-17 00:20:14] DEBUG    homogeneous algorithm (through parameter 'BarHomogeneous')
[2025-09-17 00:21:19] DEBUG    Waiting for other threads to finish...        1479s
[2025-09-17 00:22:23] DEBUG    Waiting for other threads to finish...        1544s
[2025-09-17 00:23:27] DEBUG    Waiting for other threads to finish...        1608s
[2025-09-17 00:24:32] DEBUG    Waiting for other threads to finish...        1672s
[2025-09-17 00:25:36] DEBUG    Waiting for other threads to finish...        1737s
[2025-09-17 00:26:41] DEBUG    Waiting for other threads to finish...        1801s
[2025-09-17 00:27:46] DEBUG    Waiting for other threads to finish...        1866s
[2025-09-17 00:28:09] DEBUG    Solved with dual simplex
[2025-09-17 00:28:19] DEBUG    Iteration    Objective       Primal Inf.    Dual Inf.      Time
[2025-09-17 00:28:19] DEBUG    1634652    4.5011037e+12   0.000000e+00   0.000000e+00   1900s

Solved in 1634652 iterations and 1899.83 seconds (870.99 work units)
[2025-09-17 00:28:19] DEBUG    Optimal objective  4.501103690e+12
❌ Errore nel run di autarky_VRES_2030_PHES: 'Model' object has no attribute 'backend_model'

🚀 Lancio scenario: autarky_VRES_2030_nostorage
[2025-09-17 00:38:41] INFO     Loading sets
[2025-09-17 00:38:41] INFO     Loading parameters
[2025-09-17 00:39:16] INFO     constraints are loaded in the following order: ['energy_balance', 'dispatch', 'costs', 'capacity', 'network', 'policy', 'conversion', 'group', 'conversion_plus', 'milp', 'export']
[2025-09-17 00:39:16] INFO     creating energy_balance constraints
[2025-09-17 00:42:12] INFO     creating dispatch constraints
[2025-09-17 00:47:16] INFO     creating costs constraints
[2025-09-17 00:55:21] INFO     creating capacity constraints
[2025-09-17 00:55:21] INFO     creating network constraints
[2025-09-17 00:55:21] INFO     creating policy constraints
[2025-09-17 00:55:21] INFO     creating conversion constraints
[2025-09-17 00:55:21] INFO     creating group constraints
[2025-09-17 00:55:21] INFO     creating conversion_plus constraints
[2025-09-17 00:55:21] INFO     creating milp constraints
[2025-09-17 00:55:21] INFO     creating export constraints
[2025-09-17 01:06:39] DEBUG    Set parameter WLSAccessID
Set parameter WLSSecret
Set parameter LicenseID to value 2680226
[2025-09-17 01:06:39] DEBUG    Academic license 2680226 - for non-commercial use only - registered to an___@mail.polimi.it
[2025-09-17 01:07:10] DEBUG    Read LP format model from file /tmp/tmp0zcu17u9.pyomo.lp
[2025-09-17 01:07:10] DEBUG    Reading time = 31.34 seconds
x15656972: 21429831 rows, 15656972 columns, 50779368 nonzeros
[2025-09-17 01:07:10] DEBUG    Set parameter NumericFocus to value 1
[2025-09-17 01:07:10] DEBUG    Gurobi Optimizer version 12.0.2 build v12.0.2rc0 (linux64 - "Debian GNU/Linux 11 (bullseye)")

CPU model: Intel(R) Xeon(R) Silver 4314 CPU @ 2.40GHz, instruction set [SSE2|AVX|AVX2|AVX512]
Thread count: 32 physical cores, 64 logical processors, using up to 32 threads
[2025-09-17 01:07:10] DEBUG    Non-default parameters:
NumericFocus  1
[2025-09-17 01:07:10] DEBUG    Academic license 2680226 - for non-commercial use only - registered to an___@mail.polimi.it
[2025-09-17 01:07:10] DEBUG    Optimize a model with 21429831 rows, 15656972 columns and 50779368 nonzeros
[2025-09-17 01:07:11] DEBUG    Model fingerprint: 0x4fad90ba
[2025-09-17 01:07:11] DEBUG    Coefficient statistics:
  Matrix range     [1e-07, 3e+02]
  Objective range  [1e+00, 1e+06]
[2025-09-17 01:07:11] DEBUG    Bounds range     [0e+00, 0e+00]
  RHS range        [1e+00, 2e+08]
[2025-09-17 01:07:16] DEBUG    Presolve removed 18630745 rows and 10086541 columns (presolve time = 5s)...
[2025-09-17 01:07:21] DEBUG    Presolve removed 20408121 rows and 13509840 columns (presolve time = 10s)...
[2025-09-17 01:07:26] DEBUG    Presolve removed 21042423 rows and 13529692 columns
[2025-09-17 01:07:26] DEBUG    Presolve time: 15.95s
Presolved: 387408 rows, 2267424 columns, 3800524 nonzeros
[2025-09-17 01:07:26] DEBUG    Concurrent LP optimizer: primal simplex, dual simplex, and barrier
Showing barrier log only...
[2025-09-17 01:07:27] DEBUG    Ordering time: 0.16s
[2025-09-17 01:07:28] DEBUG    Barrier statistics:
 Dense cols : 81
[2025-09-17 01:07:28] DEBUG    AA' NZ     : 1.207e+06
 Factor NZ  : 6.278e+06 (roughly 1.1 GB of memory)
 Factor Ops : 1.250e+08 (less than 1 second per iteration)
 Threads    : 1
[2025-09-17 01:07:28] DEBUG    Objective                Residual
Iter       Primal          Dual         Primal    Dual     Compl     Time
[2025-09-17 01:07:28] DEBUG    0   4.21747871e+21 -2.42057913e+21  6.34e+10 1.31e+06  1.18e+18    18s
[2025-09-17 01:07:29] DEBUG    1   4.18469523e+21 -2.55558489e+21  2.67e+10 4.27e+07  4.99e+17    19s
[2025-09-17 01:07:29] DEBUG    2   3.95228582e+21 -1.84925258e+21  7.53e+09 4.70e+06  1.34e+17    19s
[2025-09-17 01:07:30] DEBUG    3   2.73628773e+21 -1.38951125e+21  1.59e+09 7.23e+04  2.83e+16    20s
[2025-09-17 01:07:31] DEBUG    4   7.49046468e+19 -1.02876714e+21  1.96e+05 8.57e+02  2.77e+14    21s
[2025-09-17 01:07:31] DEBUG    5   2.38385457e+19 -2.83467746e+20  5.85e+04 2.28e+01  7.67e+13    21s
[2025-09-17 01:07:32] DEBUG    6   1.12697292e+19 -6.61537824e+19  2.71e+04 2.15e-06  1.94e+13    22s
[2025-09-17 01:07:32] DEBUG    7   4.60707704e+18 -1.12099322e+19  1.07e+04 3.81e-06  3.95e+12    22s
[2025-09-17 01:07:33] DEBUG    8   2.07149658e+18 -4.32267117e+18  4.47e+03 1.91e-06  1.59e+12    23s
[2025-09-17 01:07:34] DEBUG    9   1.39066689e+18 -1.07653416e+18  3.03e+03 2.98e-06  6.14e+11    23s
[2025-09-17 01:07:34] DEBUG    10   6.48288671e+17 -4.71517674e+17  1.43e+03 3.93e-06  2.78e+11    24s
[2025-09-17 01:07:35] DEBUG    11   3.96648956e+17 -3.13719900e+17  9.10e+02 5.84e-06  1.76e+11    25s
[2025-09-17 01:07:36] DEBUG    12   2.60434531e+17 -1.44360593e+17  6.00e+02 2.38e-06  1.00e+11    25s
[2025-09-17 01:07:36] DEBUG    13   1.48312522e+17 -7.41413775e+16  3.38e+02 6.56e-07  5.51e+10    26s
[2025-09-17 01:07:37] DEBUG    14   8.80770890e+16 -4.78861195e+16  1.94e+02 3.58e-07  3.37e+10    26s
[2025-09-17 01:07:37] DEBUG    15   5.88622023e+16 -3.04556598e+16  1.23e+02 2.62e-06  2.21e+10    27s
[2025-09-17 01:07:38] DEBUG    16   2.97033582e+16 -1.95062443e+16  5.18e+01 7.15e-07  1.22e+10    27s
[2025-09-17 01:07:38] DEBUG    17   2.27095105e+16 -1.01177046e+16  3.51e+01 3.58e-06  8.13e+09    28s
[2025-09-17 01:07:39] DEBUG    18   1.84462899e+16 -5.47031937e+15  2.48e+01 4.53e-06  5.92e+09    29s
[2025-09-17 01:07:40] DEBUG    19   1.47527697e+16 -2.20706172e+15  1.62e+01 7.15e-07  4.20e+09    29s
[2025-09-17 01:07:40] DEBUG    20   1.29722775e+16  7.38546896e+14  1.21e+01 3.81e-06  3.03e+09    30s
[2025-09-17 01:07:41] DEBUG    21   1.17808292e+16  2.33730290e+15  9.29e+00 1.07e-06  2.34e+09    31s
[2025-09-17 01:07:42] DEBUG    22   1.00717344e+16  3.61916506e+15  5.09e+00 3.81e-06  1.60e+09    32s
[2025-09-17 01:07:43] DEBUG    23   9.28691815e+15  4.94799733e+15  3.24e+00 7.81e-08  1.07e+09    33s
[2025-09-17 01:07:44] DEBUG    24   8.78759671e+15  5.91034948e+15  1.99e+00 2.03e-06  7.12e+08    34s
[2025-09-17 01:07:45] DEBUG    25   8.50336941e+15  6.82976608e+15  1.28e+00 5.25e-06  4.14e+08    35s
[2025-09-17 01:07:46] DEBUG    26   8.33585865e+15  7.17973094e+15  8.93e-01 4.05e-06  2.86e+08    36s
[2025-09-17 01:07:47] DEBUG    27   8.30896681e+15  7.37778258e+15  8.18e-01 1.07e-06  2.30e+08    36s
[2025-09-17 01:07:47] DEBUG    28   8.25892008e+15  7.48903714e+15  6.80e-01 4.77e-07  1.91e+08    37s
[2025-09-17 01:07:48] DEBUG    29   8.23108549e+15  7.56548531e+15  6.03e-01 2.38e-06  1.65e+08    37s
[2025-09-17 01:07:48] DEBUG    30   8.21624954e+15  7.60186843e+15  5.62e-01 2.86e-06  1.52e+08    38s
[2025-09-17 01:07:49] DEBUG    31   8.18268790e+15  7.64657302e+15  4.80e-01 1.67e-06  1.33e+08    39s
[2025-09-17 01:07:50] DEBUG    32   8.14775066e+15  7.71021462e+15  4.01e-01 1.43e-06  1.08e+08    39s
[2025-09-17 01:07:50] DEBUG    33   8.10583456e+15  7.73355200e+15  2.98e-01 6.56e-07  9.21e+07    40s
[2025-09-17 01:07:51] DEBUG    34   8.09339053e+15  7.80164555e+15  2.61e-01 4.29e-06  7.22e+07    41s
[2025-09-17 01:07:52] DEBUG    35   8.07048461e+15  7.84989925e+15  1.89e-01 1.91e-06  5.46e+07    42s
[2025-09-17 01:07:53] DEBUG    36   8.06434465e+15  7.86354076e+15  1.73e-01 3.10e-06  4.97e+07    43s
[2025-09-17 01:07:54] DEBUG    37   8.05592791e+15  7.88123759e+15  1.46e-01 2.62e-06  4.32e+07    43s
[2025-09-17 01:07:55] DEBUG    38   8.04275199e+15  7.90882588e+15  1.10e-01 5.96e-07  3.31e+07    44s
[2025-09-17 01:07:55] DEBUG    39   8.03629753e+15  7.92667488e+15  8.87e-02 2.26e-06  2.71e+07    45s
[2025-09-17 01:07:56] DEBUG    40   8.03152151e+15  7.93704964e+15  7.30e-02 1.37e-06  2.34e+07    46s
[2025-09-17 01:07:57] DEBUG    41   8.02760947e+15  7.94285593e+15  6.07e-02 4.77e-07  2.10e+07    47s
[2025-09-17 01:07:58] DEBUG    42   8.02550687e+15  7.94879361e+15  5.39e-02 6.20e-06  1.90e+07    48s
[2025-09-17 01:07:59] DEBUG    43   8.02511303e+15  7.95014808e+15  5.28e-02 4.05e-06  1.86e+07    48s
[2025-09-17 01:07:59] DEBUG    44   8.01931898e+15  7.96078569e+15  3.36e-02 8.34e-07  1.45e+07    49s
[2025-09-17 01:08:00] DEBUG    45   8.01574429e+15  7.98203831e+15  2.14e-02 1.43e-06  8.34e+06    50s
[2025-09-17 01:08:01] DEBUG    46   8.01314140e+15  7.99089729e+15  1.27e-02 2.50e-06  5.51e+06    51s
[2025-09-17 01:08:02] DEBUG    47   8.01232537e+15  8.00486321e+15  9.85e-03 9.54e-07  1.85e+06    52s
[2025-09-17 01:08:02] DEBUG    48   8.00955341e+15  8.00593516e+15  8.82e-04 5.32e-06  8.96e+05    52s
[2025-09-17 01:08:03] DEBUG    49   8.00943375e+15  8.00681672e+15  5.55e-04 1.88e-05  6.48e+05    53s
[2025-09-17 01:08:03] DEBUG    50   8.00940005e+15  8.00729814e+15  4.65e-04 3.44e-05  5.20e+05    53s
[2025-09-17 01:08:04] DEBUG    51   8.00939224e+15  8.00733874e+15  4.44e-04 3.58e-05  5.08e+05    54s
[2025-09-17 01:08:04] DEBUG    52   8.00938239e+15  8.00798649e+15  4.17e-04 6.56e-05  3.45e+05    54s
[2025-09-17 01:08:05] DEBUG    53   8.00928356e+15  8.00823082e+15  1.53e-04 8.45e-05  2.61e+05    55s
[2025-09-17 01:08:05] DEBUG    54   8.00923786e+15  8.00872988e+15  3.34e-05 1.57e-04  1.26e+05    55s
[2025-09-17 01:08:06] DEBUG    55   8.00923341e+15  8.00878659e+15  2.42e-05 1.48e-04  1.11e+05    56s
[2025-09-17 01:08:07] DEBUG    56   8.00923114e+15  8.00897123e+15  1.97e-05 1.43e-04  6.43e+04    56s
[2025-09-17 01:08:07] DEBUG    57   8.00922846e+15  8.00907599e+15  1.46e-05 1.55e-04  3.77e+04    57s
[2025-09-17 01:08:08] DEBUG    58   8.00922685e+15  8.00915181e+15  1.21e-05 1.51e-04  1.86e+04    58s
[2025-09-17 01:08:09] DEBUG    59   8.00922424e+15  8.00918733e+15  8.51e-06 1.21e-04  9.14e+03    58s
[2025-09-17 01:08:10] DEBUG    60   8.00922284e+15  8.00919834e+15  6.96e-06 9.71e-05  6.06e+03    59s
[2025-09-17 01:08:11] DEBUG    61   8.00921979e+15  8.00920605e+15  3.99e-06 5.44e-05  3.40e+03    60s
[2025-09-17 01:08:12] DEBUG    62   8.00921868e+15  8.00920935e+15  3.81e-06 3.47e-05  2.31e+03    61s
[2025-09-17 01:08:13] DEBUG    63   8.00921808e+15  8.00921135e+15  3.81e-06 2.43e-05  1.66e+03    62s
[2025-09-17 01:08:14] DEBUG    64   8.00921660e+15  8.00921238e+15  2.86e-06 2.43e-05  1.05e+03    64s
[2025-09-17 01:08:15] DEBUG    65   8.00921583e+15  8.00921306e+15  2.86e-06 2.47e-05  6.87e+02    65s
[2025-09-17 01:08:16] DEBUG    66   8.00921540e+15  8.00921352e+15  1.91e-06 2.48e-05  4.66e+02    66s
[2025-09-17 01:08:17] DEBUG    67   8.00921508e+15  8.00921378e+15  1.91e-06 2.47e-05  3.23e+02    67s
[2025-09-17 01:08:18] DEBUG    68   8.00921483e+15  8.00921395e+15  1.91e-06 2.48e-05  2.20e+02    68s
[2025-09-17 01:08:19] DEBUG    69   8.00921468e+15  8.00921406e+15  2.86e-06 2.46e-05  1.54e+02    69s
[2025-09-17 01:08:20] DEBUG    70   8.00921454e+15  8.00921414e+15  1.91e-06 2.44e-05  9.95e+01    70s
[2025-09-17 01:08:21] DEBUG    71   8.00921446e+15  8.00921419e+15  3.81e-06 2.36e-05  6.68e+01    71s
[2025-09-17 01:08:22] DEBUG    72   8.00921440e+15  8.00921422e+15  1.91e-06 2.27e-05  4.34e+01    72s
[2025-09-17 01:08:23] DEBUG    73   8.00921437e+15  8.00921426e+15  1.91e-06 2.16e-05  2.79e+01    73s
[2025-09-17 01:08:24] DEBUG    74   8.00921435e+15  8.00921428e+15  1.91e-06 2.09e-05  1.86e+01    74s
[2025-09-17 01:08:26] DEBUG    75   8.00921434e+15  8.00921429e+15  1.91e-06 2.00e-05  1.32e+01    75s
[2025-09-17 01:08:27] DEBUG    76   8.00921433e+15  8.00921430e+15  1.91e-06 2.01e-05  8.63e+00    76s
[2025-09-17 01:08:27] DEBUG    Barrier solved model in 76 iterations and 76.40 seconds (69.23 work units)
Optimal objective 8.00921433e+15
[2025-09-17 01:08:27] DEBUG    Crossover log...
[2025-09-17 01:08:27] DEBUG    47938 DPushes remaining with DInf 0.0000000e+00                77s
[2025-09-17 01:08:30] DEBUG    7139 DPushes remaining with DInf 0.0000000e+00                80s
[2025-09-17 01:08:32] DEBUG    0 DPushes remaining with DInf 0.0000000e+00                82s
[2025-09-17 01:08:32] DEBUG    1878263 PPushes remaining with PInf 1.3840290e-05                82s
[2025-09-17 01:08:34] DEBUG    0 PPushes remaining with PInf 0.0000000e+00                83s
[2025-09-17 01:08:34] DEBUG    Push phase complete: Pinf 0.0000000e+00, Dinf 5.6346152e+05     84s
[2025-09-17 01:08:34] DEBUG    Iteration    Objective       Primal Inf.    Dual Inf.      Time
 1926204    8.0092143e+15   0.000000e+00   5.634615e+05     84s
[2025-09-17 01:08:37] DEBUG    1930224    8.0092143e+15   0.000000e+00   3.996964e+01     87s
[2025-09-17 01:08:41] DEBUG    1930604    8.0092143e+15   0.000000e+00   9.512151e+00     91s
[2025-09-17 01:08:47] DEBUG    1931187    8.0092143e+15   0.000000e+00   0.000000e+00     97s
[2025-09-17 01:08:47] DEBUG    Solved with barrier
[2025-09-17 01:08:57] DEBUG    1931187    8.0092143e+15   0.000000e+00   1.286371e-03    107s
[2025-09-17 01:09:02] DEBUG    Extra simplex iterations after uncrush: 17
[2025-09-17 01:09:02] DEBUG    1931204    8.0092143e+15   0.000000e+00   0.000000e+00    111s

Solved in 1931204 iterations and 111.45 seconds (103.84 work units)
[2025-09-17 01:09:02] DEBUG    Optimal objective  8.009214311e+15
❌ Errore nel run di autarky_VRES_2030_nostorage: 'Model' object has no attribute 'backend_model'

🚀 Lancio scenario: autarky_CG+VRES_2030_BESS
[2025-09-17 01:21:58] INFO     Loading sets
[2025-09-17 01:21:58] INFO     Loading parameters
[2025-09-17 01:22:34] INFO     constraints are loaded in the following order: ['energy_balance', 'dispatch', 'costs', 'capacity', 'network', 'policy', 'conversion', 'group', 'conversion_plus', 'milp', 'export']
[2025-09-17 01:22:34] INFO     creating energy_balance constraints
[2025-09-17 01:25:34] INFO     creating dispatch constraints
[2025-09-17 01:27:31] INFO     creating costs constraints
[2025-09-17 01:41:32] INFO     creating capacity constraints
[2025-09-17 01:41:32] INFO     creating network constraints
[2025-09-17 01:41:32] INFO     creating policy constraints
[2025-09-17 01:41:32] INFO     creating conversion constraints
[2025-09-17 01:41:32] INFO     creating group constraints
[2025-09-17 01:41:32] INFO     creating conversion_plus constraints
[2025-09-17 01:41:32] INFO     creating milp constraints
[2025-09-17 01:41:32] INFO     creating export constraints
[2025-09-17 01:54:04] DEBUG    Set parameter WLSAccessID
Set parameter WLSSecret
Set parameter LicenseID to value 2680226
[2025-09-17 01:54:04] DEBUG    Academic license 2680226 - for non-commercial use only - registered to an___@mail.polimi.it
[2025-09-17 01:54:39] DEBUG    Read LP format model from file /tmp/tmpxm8s6nb8.pyomo.lp
[2025-09-17 01:54:39] DEBUG    Reading time = 35.01 seconds
x17549437: 23497486 rows, 17549437 columns, 57100679 nonzeros
[2025-09-17 01:54:39] DEBUG    Set parameter NumericFocus to value 1
[2025-09-17 01:54:39] DEBUG    Gurobi Optimizer version 12.0.2 build v12.0.2rc0 (linux64 - "Debian GNU/Linux 11 (bullseye)")

CPU model: Intel(R) Xeon(R) Silver 4314 CPU @ 2.40GHz, instruction set [SSE2|AVX|AVX2|AVX512]
Thread count: 32 physical cores, 64 logical processors, using up to 32 threads
[2025-09-17 01:54:39] DEBUG    Non-default parameters:
NumericFocus  1
[2025-09-17 01:54:39] DEBUG    Academic license 2680226 - for non-commercial use only - registered to an___@mail.polimi.it
[2025-09-17 01:54:39] DEBUG    Optimize a model with 23497486 rows, 17549437 columns and 57100679 nonzeros
[2025-09-17 01:54:40] DEBUG    Model fingerprint: 0x28b4d1ba
[2025-09-17 01:54:40] DEBUG    Coefficient statistics:
  Matrix range     [1e-07, 3e+02]
  Objective range  [1e+00, 1e+06]
[2025-09-17 01:54:40] DEBUG    Bounds range     [0e+00, 0e+00]
  RHS range        [1e+00, 2e+08]
[2025-09-17 01:54:48] DEBUG    Presolve removed 19036949 rows and 10881252 columns (presolve time = 7s)...
[2025-09-17 01:54:51] DEBUG    Presolve removed 19036949 rows and 12645069 columns (presolve time = 11s)...
[2025-09-17 01:54:56] DEBUG    Presolve removed 21155092 rows and 14712433 columns (presolve time = 16s)...
[2025-09-17 01:55:01] DEBUG    Presolve removed 21155092 rows and 14712433 columns (presolve time = 21s)...
[2025-09-17 01:55:06] DEBUG    Presolve removed 21692987 rows and 14729953 columns (presolve time = 26s)...
[2025-09-17 01:55:07] DEBUG    Presolve removed 21833131 rows and 14729953 columns
[2025-09-17 01:55:07] DEBUG    Presolve time: 27.60s
Presolved: 1664355 rows, 2959628 columns, 8765408 nonzeros
[2025-09-17 01:55:07] DEBUG    Concurrent LP optimizer: primal simplex, dual simplex, and barrier
Showing barrier log only...
[2025-09-17 01:55:09] DEBUG    Ordering time: 0.96s
[2025-09-17 01:55:11] DEBUG    Barrier statistics:
 Dense cols : 144
 AA' NZ     : 8.733e+06
 Factor NZ  : 3.094e+07 (roughly 2.0 GB of memory)
 Factor Ops : 8.611e+08 (less than 1 second per iteration)
 Threads    : 30
[2025-09-17 01:55:14] DEBUG    Objective                Residual
[2025-09-17 01:55:14] DEBUG    Iter       Primal          Dual         Primal    Dual     Compl     Time
[2025-09-17 01:55:15] DEBUG    0   2.26701644e+21 -7.71267347e+18  6.99e+10 2.89e-11  4.25e+15    36s
[2025-09-17 01:55:21] DEBUG    1   1.81368401e+21 -7.71993104e+18  5.52e+10 2.69e+05  3.21e+15    41s
[2025-09-17 01:55:27] DEBUG    2   1.48490989e+21 -6.96728436e+18  4.45e+10 1.10e+05  2.30e+15    48s
[2025-09-17 01:55:35] DEBUG    3   1.13809551e+21 -6.17941846e+18  3.37e+10 3.67e+04  1.60e+15    56s
[2025-09-17 01:55:41] DEBUG    4   7.42790308e+20 -5.80575246e+18  2.21e+10 1.56e+04  1.03e+15    61s
[2025-09-17 01:55:45] DEBUG    5   6.21870543e+20 -5.58947995e+18  1.84e+10 7.39e+03  8.56e+14    66s
[2025-09-17 01:55:50] DEBUG    6   3.78745998e+20 -5.45788584e+18  1.11e+10 5.03e+03  5.28e+14    71s
[2025-09-17 01:55:54] DEBUG    7   3.04036218e+20 -5.35482602e+18  8.89e+09 3.83e+03  4.26e+14    75s
[2025-09-17 01:55:59] DEBUG    8   1.00198868e+20 -4.93786726e+18  3.01e+09 1.75e+03  1.48e+14    79s
[2025-09-17 01:56:05] DEBUG    9   2.26097801e+19 -4.31054574e+18  6.99e+08 5.60e+02  3.63e+13    86s
[2025-09-17 01:56:09] DEBUG    10   1.19051263e+19 -3.32131835e+18  3.60e+08 1.16e+02  1.80e+13    90s
[2025-09-17 01:56:16] DEBUG    11   8.10051485e+18 -2.48661750e+18  2.51e+08 1.23e+01  1.18e+13    96s
[2025-09-17 01:56:24] DEBUG    12   4.60674929e+18 -2.09533554e+18  1.50e+08 4.70e+00  6.98e+12   105s
[2025-09-17 01:56:31] DEBUG    13   9.99385719e+17 -1.65508880e+18  3.06e+07 1.55e+00  1.63e+12   112s
[2025-09-17 01:56:36] DEBUG    14   1.66813353e+17 -9.05987343e+17  4.68e+06 3.49e-01  3.45e+11   117s
[2025-09-17 01:56:40] DEBUG    15   2.44038242e+15 -1.36807554e+17  5.06e+04 1.62e-02  2.43e+10   121s
[2025-09-17 01:56:44] DEBUG    16   5.40624648e+14 -8.12535897e+15  2.36e+02 1.29e-02  1.39e+09   125s
[2025-09-17 01:56:48] DEBUG    17   5.10172780e+14 -2.78711371e+15  4.43e+01 1.44e-02  4.79e+08   129s
[2025-09-17 01:56:54] DEBUG    18   4.96344007e+14 -5.43024363e+14  1.47e+01 1.45e-02  1.02e+08   135s
[2025-09-17 01:56:58] DEBUG    19   4.94448129e+14 -4.05787430e+14  1.26e+01 1.48e-02  7.73e+07   139s
[2025-09-17 01:57:05] DEBUG    20   4.88105323e+14 -2.75342338e+14  7.53e+00 2.19e-02  5.29e+07   145s
[2025-09-17 01:57:09] DEBUG    21   4.87237679e+14 -1.58856985e+14  7.08e+00 1.56e-02  3.09e+07   150s
[2025-09-17 01:57:15] DEBUG    22   4.85365842e+14 -8.71087598e+13  6.17e+00 1.63e-02  1.73e+07   156s
[2025-09-17 01:57:24] DEBUG    23   4.75689991e+14 -1.49487581e+13  2.00e+00 1.60e-02  3.29e+06   164s
[2025-09-17 01:57:33] DEBUG    24   4.68290871e+14 -5.33831803e+12  8.94e-01 2.19e-02  1.20e+06   173s
[2025-09-17 01:57:41] DEBUG    25   4.61164484e+14 -1.07757969e+12  4.09e-01 1.54e-02  2.58e+05   182s
[2025-09-17 01:57:47] DEBUG    26   4.59669920e+14 -9.02684138e+11  3.62e-01 1.55e-02  2.16e+05   188s
[2025-09-17 01:57:52] DEBUG    27   4.58870308e+14 -7.62791424e+11  3.40e-01 1.55e-02  1.84e+05   192s
[2025-09-17 01:57:56] DEBUG    28   4.56785230e+14 -5.83198612e+11  2.86e-01 1.55e-02  1.42e+05   197s
[2025-09-17 01:58:01] DEBUG    29   4.56490682e+14 -4.81048928e+11  2.79e-01 1.55e-02  1.18e+05   202s
[2025-09-17 01:58:08] DEBUG    30   4.54932742e+14 -2.85008802e+11  2.46e-01 1.55e-02  7.19e+04   208s
[2025-09-17 01:58:16] DEBUG    31   4.48967307e+14 -1.27304472e+11  1.33e-01 1.54e-02  2.76e+04   216s
[2025-09-17 01:58:27] DEBUG    32   4.44807627e+14 -7.84244972e+10  9.00e-02 1.50e-02  1.18e+04   228s
[2025-09-17 01:58:36] DEBUG    33   4.43766649e+14 -7.54369349e+10  8.27e-02 1.50e-02  1.04e+04   237s
[2025-09-17 01:58:44] DEBUG    34   4.42745310e+14 -7.28369197e+10  7.62e-02 1.50e-02  9.15e+03   245s
[2025-09-17 01:58:50] DEBUG    35   4.41701154e+14 -6.93710022e+10  7.00e-02 1.50e-02  7.74e+03   250s
[2025-09-17 01:58:55] DEBUG    36   4.41307053e+14 -7.00046191e+10  6.78e-02 1.50e-02  7.32e+03   256s
[2025-09-17 01:59:02] DEBUG    37   4.40406544e+14 -7.27858277e+10  6.31e-02 1.50e-02  6.71e+03   263s
[2025-09-17 01:59:11] DEBUG    38   4.38089348e+14 -7.48494552e+10  5.18e-02 1.50e-02  5.58e+03   271s
[2025-09-17 01:59:22] DEBUG    39   4.36318861e+14 -7.72844195e+10  4.46e-02 1.50e-02  4.73e+03   283s
[2025-09-17 01:59:34] DEBUG    40   4.34510726e+14 -8.01808625e+10  3.83e-02 1.50e-02  3.89e+03   295s
[2025-09-17 01:59:43] DEBUG    41   4.33840467e+14 -8.09748179e+10  3.63e-02 1.50e-02  3.67e+03   303s
[2025-09-17 01:59:50] DEBUG    42   4.33427740e+14 -8.15928548e+10  3.52e-02 1.50e-02  3.52e+03   311s
[2025-09-17 02:00:01] DEBUG    43   4.32010064e+14 -8.21656384e+10  3.13e-02 1.50e-02  3.15e+03   321s
[2025-09-17 02:00:13] DEBUG    44   4.31370015e+14 -8.27642448e+10  2.97e-02 1.50e-02  2.96e+03   333s
[2025-09-17 02:00:23] DEBUG    45   4.29552321e+14 -8.34621349e+10  2.55e-02 1.50e-02  2.54e+03   344s
[2025-09-17 02:00:35] DEBUG    46   4.28402570e+14 -8.44976965e+10  2.32e-02 1.50e-02  2.24e+03   355s
[2025-09-17 02:00:46] DEBUG    47   4.27877048e+14 -8.47503660e+10  2.23e-02 1.50e-02  2.14e+03   366s
[2025-09-17 02:00:57] DEBUG    48   4.26785836e+14 -8.50773468e+10  2.04e-02 1.50e-02  1.96e+03   377s
[2025-09-17 02:01:09] DEBUG    49   4.25727171e+14 -8.53612352e+10  1.87e-02 1.50e-02  1.80e+03   389s
[2025-09-17 02:01:20] DEBUG    50   4.24724429e+14 -8.55581928e+10  1.73e-02 1.50e-02  1.66e+03   400s
[2025-09-17 02:01:31] DEBUG    51   4.24232203e+14 -8.58277104e+10  1.66e-02 1.50e-02  1.59e+03   412s
[2025-09-17 02:01:41] DEBUG    52   4.23032460e+14 -8.61024095e+10  1.50e-02 1.50e-02  1.44e+03   422s
[2025-09-17 02:01:48] DEBUG    53   4.22572200e+14 -8.63057143e+10  1.45e-02 1.50e-02  1.38e+03   429s
[2025-09-17 02:02:00] DEBUG    54   4.21616552e+14 -8.65075058e+10  1.34e-02 1.50e-02  1.28e+03   440s
[2025-09-17 02:02:11] DEBUG    55   4.20722549e+14 -8.66498548e+10  1.25e-02 1.50e-02  1.19e+03   452s
[2025-09-17 02:02:23] DEBUG    56   4.20322834e+14 -8.68657922e+10  1.21e-02 1.50e-02  1.14e+03   464s
[2025-09-17 02:02:32] DEBUG    57   4.19977694e+14 -8.69545144e+10  1.18e-02 1.50e-02  1.11e+03   472s
[2025-09-17 02:02:39] DEBUG    58   4.19511289e+14 -8.71151182e+10  1.14e-02 1.50e-02  1.06e+03   480s
[2025-09-17 02:02:47] DEBUG    59   4.19247359e+14 -8.71913864e+10  1.11e-02 1.50e-02  1.04e+03   487s
[2025-09-17 02:02:56] DEBUG    60   4.18563998e+14 -8.72947176e+10  1.05e-02 1.50e-02  9.84e+02   497s
[2025-09-17 02:03:07] DEBUG    61   4.17997154e+14 -8.74081600e+10  1.01e-02 1.50e-02  9.37e+02   508s
[2025-09-17 02:03:15] DEBUG    62   4.17693782e+14 -8.74654911e+10  9.82e-03 1.50e-02  9.15e+02   515s
[2025-09-17 02:03:26] DEBUG    63   4.17322245e+14 -8.75217571e+10  9.54e-03 1.50e-02  8.89e+02   527s
[2025-09-17 02:03:36] DEBUG    64   4.17034251e+14 -8.76111915e+10  9.33e-03 1.50e-02  8.65e+02   537s
[2025-09-17 02:03:44] DEBUG    65   4.16679663e+14 -8.76955407e+10  9.06e-03 1.50e-02  8.40e+02   544s
[2025-09-17 02:03:56] DEBUG    66   4.15690717e+14 -8.77772766e+10  8.37e-03 1.50e-02  7.76e+02   557s
[2025-09-17 02:04:08] DEBUG    67   4.15059955e+14 -8.78593724e+10  7.97e-03 1.50e-02  7.36e+02   568s
[2025-09-17 02:04:19] DEBUG    68   4.14573869e+14 -8.79974999e+10  7.67e-03 1.50e-02  7.02e+02   580s
[2025-09-17 02:04:26] DEBUG    69   4.14253160e+14 -8.80360603e+10  7.47e-03 1.50e-02  6.85e+02   587s
[2025-09-17 02:04:38] DEBUG    70   4.13127919e+14 -8.81051774e+10  6.84e-03 1.50e-02  6.28e+02   598s
[2025-09-17 02:04:47] DEBUG    71   4.12829545e+14 -8.81537695e+10  6.65e-03 1.50e-02  6.13e+02   607s
[2025-09-17 02:04:54] DEBUG    72   4.12464790e+14 -8.81920168e+10  6.47e-03 1.50e-02  5.96e+02   614s
[2025-09-17 02:05:07] DEBUG    73   4.12087240e+14 -8.82592343e+10  6.28e-03 1.50e-02  5.76e+02   627s
[2025-09-17 02:05:16] DEBUG    74   4.11810195e+14 -8.83055215e+10  6.16e-03 1.50e-02  5.62e+02   637s
[2025-09-17 02:05:26] DEBUG    75   4.11623587e+14 -8.83464075e+10  6.08e-03 1.50e-02  5.52e+02   647s
[2025-09-17 02:05:34] DEBUG    76   4.11403696e+14 -8.83750654e+10  5.97e-03 1.50e-02  5.43e+02   654s
[2025-09-17 02:05:41] DEBUG    77   4.11130062e+14 -8.84073437e+10  5.85e-03 1.50e-02  5.31e+02   662s
[2025-09-17 02:05:53] DEBUG    78   4.10462812e+14 -8.84420069e+10  5.55e-03 1.50e-02  5.05e+02   673s
[2025-09-17 02:06:02] DEBUG    79   4.10044251e+14 -8.84874451e+10  5.36e-03 1.50e-02  4.87e+02   683s
[2025-09-17 02:06:12] DEBUG    80   4.09823876e+14 -8.85254664e+10  5.27e-03 1.50e-02  4.78e+02   693s
[2025-09-17 02:06:24] DEBUG    81   4.09460532e+14 -8.85563485e+10  5.12e-03 1.50e-02  4.64e+02   705s
[2025-09-17 02:06:36] DEBUG    82   4.09195501e+14 -8.86066809e+10  5.01e-03 1.50e-02  4.52e+02   716s
[2025-09-17 02:06:48] DEBUG    83   4.08641729e+14 -8.86419126e+10  4.78e-03 1.50e-02  4.32e+02   728s
[2025-09-17 02:07:00] DEBUG    84   4.08393826e+14 -8.86737159e+10  4.71e-03 1.50e-02  4.23e+02   740s
[2025-09-17 02:07:11] DEBUG    85   4.07978122e+14 -8.87079302e+10  4.54e-03 1.50e-02  4.08e+02   752s
[2025-09-17 02:07:20] DEBUG    86   4.07776415e+14 -8.87299828e+10  4.46e-03 1.50e-02  4.01e+02   761s
[2025-09-17 02:07:31] DEBUG    87   4.07442207e+14 -8.87644204e+10  4.37e-03 1.50e-02  3.90e+02   772s
[2025-09-17 02:07:43] DEBUG    88   4.07024647e+14 -8.87876234e+10  4.22e-03 1.50e-02  3.77e+02   783s
[2025-09-17 02:07:52] DEBUG    89   4.06850167e+14 -8.87979368e+10  4.16e-03 1.50e-02  3.71e+02   793s
[2025-09-17 02:08:05] DEBUG    90   4.06316467e+14 -8.88258470e+10  4.00e-03 1.50e-02  3.55e+02   805s
[2025-09-17 02:08:13] DEBUG    91   4.06125361e+14 -8.88417810e+10  3.92e-03 1.49e-02  3.50e+02   814s
[2025-09-17 02:08:25] DEBUG    92   4.05704020e+14 -8.88548500e+10  3.79e-03 1.49e-02  3.38e+02   825s
[2025-09-17 02:08:37] DEBUG    93   4.05413351e+14 -8.88785311e+10  3.71e-03 1.49e-02  3.29e+02   838s
[2025-09-17 02:08:49] DEBUG    94   4.05118774e+14 -8.88942259e+10  3.60e-03 1.49e-02  3.21e+02   849s
[2025-09-17 02:08:56] DEBUG    95   4.04771356e+14 -8.89002907e+10  3.51e-03 1.49e-02  3.13e+02   857s
[2025-09-17 02:09:09] DEBUG    96   4.04224824e+14 -8.89121800e+10  3.35e-03 1.49e-02  3.00e+02   870s
[2025-09-17 02:09:21] DEBUG    97   4.03863126e+14 -8.89254811e+10  3.25e-03 1.49e-02  2.91e+02   881s
[2025-09-17 02:09:31] DEBUG    98   4.03490161e+14 -8.89383191e+10  3.15e-03 1.49e-02  2.82e+02   892s
[2025-09-17 02:09:43] DEBUG    99   4.03103355e+14 -8.89477298e+10  3.07e-03 1.49e-02  2.73e+02   903s
[2025-09-17 02:09:52] DEBUG    100   4.02992251e+14 -8.89526887e+10  3.05e-03 1.49e-02  2.70e+02   913s
[2025-09-17 02:10:00] DEBUG    101   4.02643605e+14 -8.89573497e+10  2.97e-03 1.49e-02  2.63e+02   920s
[2025-09-17 02:10:11] DEBUG    102   4.02277729e+14 -8.89648178e+10  2.87e-03 1.49e-02  3.21e+02   932s
[2025-09-17 02:10:11] DEBUG    Barrier performed 102 iterations in 931.93 seconds (178.08 work units)
[2025-09-17 02:10:11] DEBUG    Numerical trouble encountered
[2025-09-17 02:10:11] DEBUG    Model may be infeasible or unbounded.  Consider using the
[2025-09-17 02:10:11] DEBUG    homogeneous algorithm (through parameter 'BarHomogeneous')
[2025-09-17 02:11:16] DEBUG    Waiting for other threads to finish...         996s
[2025-09-17 02:12:20] DEBUG    Waiting for other threads to finish...        1060s
[2025-09-17 02:13:24] DEBUG    Waiting for other threads to finish...        1125s
[2025-09-17 02:14:28] DEBUG    Waiting for other threads to finish...        1189s
[2025-09-17 02:15:33] DEBUG    Waiting for other threads to finish...        1253s
[2025-09-17 02:16:37] DEBUG    Waiting for other threads to finish...        1318s
[2025-09-17 02:17:42] DEBUG    Waiting for other threads to finish...        1382s
[2025-09-17 02:18:46] DEBUG    Waiting for other threads to finish...        1447s
[2025-09-17 02:19:31] DEBUG    Solved with dual simplex
[2025-09-17 02:19:45] DEBUG    Iteration    Objective       Primal Inf.    Dual Inf.      Time
[2025-09-17 02:19:45] DEBUG    1115433    1.9904748e+10   0.000000e+00   0.000000e+00   1505s

Solved in 1115433 iterations and 1505.23 seconds (770.64 work units)
[2025-09-17 02:19:45] DEBUG    Optimal objective  1.990474782e+10
❌ Errore nel run di autarky_CG+VRES_2030_BESS: 'Model' object has no attribute 'backend_model'

🚀 Lancio scenario: autarky_CG+VRES_2030_nostorage
[2025-09-17 02:31:10] INFO     Loading sets
[2025-09-17 02:31:10] INFO     Loading parameters
[2025-09-17 02:31:45] INFO     constraints are loaded in the following order: ['energy_balance', 'dispatch', 'costs', 'capacity', 'network', 'policy', 'conversion', 'group', 'conversion_plus', 'milp', 'export']
[2025-09-17 02:31:45] INFO     creating energy_balance constraints
[2025-09-17 02:34:34] INFO     creating dispatch constraints
[2025-09-17 02:36:22] INFO     creating costs constraints
[2025-09-17 02:51:44] INFO     creating capacity constraints
[2025-09-17 02:51:44] INFO     creating network constraints
[2025-09-17 02:51:44] INFO     creating policy constraints
[2025-09-17 02:51:44] INFO     creating conversion constraints
[2025-09-17 02:51:44] INFO     creating group constraints
[2025-09-17 02:51:44] INFO     creating conversion_plus constraints
[2025-09-17 02:51:44] INFO     creating milp constraints
[2025-09-17 02:51:44] INFO     creating export constraints
[2025-09-17 03:03:39] DEBUG    Set parameter WLSAccessID
Set parameter WLSSecret
Set parameter LicenseID to value 2680226
[2025-09-17 03:03:40] DEBUG    Academic license 2680226 - for non-commercial use only - registered to an___@mail.polimi.it
[2025-09-17 03:04:12] DEBUG    Read LP format model from file /tmp/tmp41_q1ac3.pyomo.lp
Reading time = 32.45 seconds
[2025-09-17 03:04:12] DEBUG    x16279063: 21719032 rows, 16279063 columns, 52527640 nonzeros
Set parameter NumericFocus to value 1
Gurobi Optimizer version 12.0.2 build v12.0.2rc0 (linux64 - "Debian GNU/Linux 11 (bullseye)")

CPU model: Intel(R) Xeon(R) Silver 4314 CPU @ 2.40GHz, instruction set [SSE2|AVX|AVX2|AVX512]
Thread count: 32 physical cores, 64 logical processors, using up to 32 threads

Non-default parameters:
NumericFocus  1
[2025-09-17 03:04:12] DEBUG    Academic license 2680226 - for non-commercial use only - registered to an___@mail.polimi.it
Optimize a model with 21719032 rows, 16279063 columns and 52527640 nonzeros
[2025-09-17 03:04:13] DEBUG    Model fingerprint: 0x2c79c7fe
[2025-09-17 03:04:13] DEBUG    Coefficient statistics:
  Matrix range     [1e-07, 3e+02]
  Objective range  [1e+00, 1e+06]
  Bounds range     [0e+00, 0e+00]
  RHS range        [1e+00, 2e+08]
[2025-09-17 03:04:19] DEBUG    Presolve removed 18528753 rows and 10373056 columns (presolve time = 6s)...
[2025-09-17 03:04:23] DEBUG    Presolve removed 20393346 rows and 14001308 columns (presolve time = 10s)...
[2025-09-17 03:04:28] DEBUG    Presolve removed 20931183 rows and 14020547 columns (presolve time = 15s)...
[2025-09-17 03:04:29] DEBUG    Presolve removed 21071327 rows and 14020547 columns
[2025-09-17 03:04:29] DEBUG    Presolve time: 17.25s
Presolved: 647705 rows, 2398660 columns, 4495111 nonzeros

Concurrent LP optimizer: primal simplex, dual simplex, and barrier
Showing barrier log only...
[2025-09-17 03:04:30] DEBUG    Ordering time: 0.20s
[2025-09-17 03:04:31] DEBUG    Barrier statistics:
 Dense cols : 115
[2025-09-17 03:04:31] DEBUG    AA' NZ     : 1.772e+06
 Factor NZ  : 1.030e+07 (roughly 1.3 GB of memory)
 Factor Ops : 2.217e+08 (less than 1 second per iteration)
 Threads    : 1
[2025-09-17 03:04:32] DEBUG    Objective                Residual
Iter       Primal          Dual         Primal    Dual     Compl     Time
[2025-09-17 03:04:32] DEBUG    0   2.36396522e+21 -9.09785464e+18  6.99e+10 3.27e-03  5.01e+15    20s
[2025-09-17 03:04:32] DEBUG    1   1.96239788e+21 -9.20556193e+18  5.72e+10 4.13e+05  4.15e+15    20s
[2025-09-17 03:04:33] DEBUG    2   1.55449908e+21 -8.66996486e+18  4.50e+10 2.70e+05  3.24e+15    21s
[2025-09-17 03:04:34] DEBUG    3   1.32850668e+21 -7.87138383e+18  3.82e+10 1.64e+05  2.70e+15    22s
[2025-09-17 03:04:35] DEBUG    4   9.22540716e+20 -7.14518822e+18  2.54e+10 5.09e+04  1.78e+15    23s
[2025-09-17 03:04:36] DEBUG    5   6.81545894e+20 -6.70131340e+18  1.87e+10 1.19e+04  1.32e+15    24s
[2025-09-17 03:04:37] DEBUG    6   3.54568878e+20 -6.43495444e+18  9.22e+09 3.79e+03  6.67e+14    25s
[2025-09-17 03:04:38] DEBUG    7   1.18726859e+20 -5.74175074e+18  3.01e+09 8.41e+02  2.20e+14    25s
[2025-09-17 03:04:38] DEBUG    8   4.67713055e+19 -5.32223925e+18  1.03e+09 3.82e+02  7.77e+13    26s
[2025-09-17 03:04:39] DEBUG    9   1.86437053e+19 -4.28277842e+18  3.93e+08 7.38e+01  3.01e+13    27s
[2025-09-17 03:04:39] DEBUG    10   3.09898092e+18 -2.78900087e+18  6.48e+07 9.50e+00  5.26e+12    27s
[2025-09-17 03:04:40] DEBUG    11   8.24589292e+17 -1.50220665e+18  1.75e+07 2.55e+00  1.48e+12    28s
[2025-09-17 03:04:41] DEBUG    12   2.45041509e+17 -6.66826995e+17  5.23e+06 1.77e+00  4.46e+11    29s
[2025-09-17 03:04:42] DEBUG    13   7.70902884e+16 -1.54719008e+17  1.61e+06 1.01e+00  1.06e+11    30s
[2025-09-17 03:04:42] DEBUG    14   1.84188077e+16 -6.27654042e+16  3.87e+05 4.56e-01  2.76e+10    30s
[2025-09-17 03:04:43] DEBUG    15   3.08721433e+15 -1.38164104e+16  6.14e+04 2.67e-02  4.53e+09    31s
[2025-09-17 03:04:44] DEBUG    16   3.94197239e+14 -1.88855204e+15  5.09e+03 2.74e-02  4.96e+08    32s
[2025-09-17 03:04:45] DEBUG    17   1.36944668e+14 -5.30568791e+13  1.25e+01 3.16e-02  1.20e+07    33s
[2025-09-17 03:04:46] DEBUG    18   1.27762486e+14 -8.89540589e+12  1.30e-01 3.18e-02  1.99e+06    33s
[2025-09-17 03:04:46] DEBUG    19   1.20983345e+14 -1.74598593e+12  2.48e-02 3.18e-02  4.04e+05    34s
[2025-09-17 03:04:47] DEBUG    20   1.17214443e+14 -1.09338756e+12  1.36e-02 3.18e-02  2.56e+05    35s
[2025-09-17 03:04:48] DEBUG    21   1.16694218e+14 -9.83747957e+11  1.28e-02 3.18e-02  2.31e+05    36s
[2025-09-17 03:04:49] DEBUG    22   1.15096194e+14 -3.57795635e+11  1.03e-02 3.18e-02  9.07e+04    37s
[2025-09-17 03:04:49] DEBUG    23   1.07729617e+14 -2.21310334e+11  1.42e-03 3.18e-02  5.67e+04    37s
[2025-09-17 03:04:51] DEBUG    24   1.01440016e+14 -6.58702972e+10  2.09e-03 3.18e-02  2.07e+04    38s
[2025-09-17 03:04:51] DEBUG    25   9.63947457e+13  8.88975167e+09  1.11e-03 3.18e-02  3.32e+03    39s
[2025-09-17 03:04:52] DEBUG    26   9.25298436e+13  1.26437354e+10  9.30e-04 3.18e-02  2.02e+03    40s
[2025-09-17 03:04:53] DEBUG    27   8.99700082e+13  1.45269179e+10  2.79e-03 3.18e-02  1.42e+03    41s
[2025-09-17 03:04:54] DEBUG    28   8.68630204e+13  1.67056753e+10  6.75e-04 3.18e-02  7.56e+02    42s
[2025-09-17 03:04:54] DEBUG    29   8.26030525e+13  1.80495103e+10  1.82e-03 3.18e-02  2.93e+02    42s
[2025-09-17 03:04:56] DEBUG    30   7.89383784e+13  1.82821906e+10  5.80e-04 3.18e-02  1.65e+02    44s
[2025-09-17 03:04:56] DEBUG    31   7.67778527e+13  1.83857231e+10  8.40e-04 3.18e-02  1.17e+02    44s
[2025-09-17 03:04:57] DEBUG    32   7.51664653e+13  1.84007005e+10  8.40e-04 3.18e-02  9.94e+01    45s
[2025-09-17 03:04:58] DEBUG    33   7.49984562e+13  1.84127302e+10  1.11e-03 3.18e-02  9.53e+01    46s
[2025-09-17 03:04:59] DEBUG    34   7.41763993e+13  1.84408767e+10  1.02e-03 3.18e-02  8.25e+01    47s
[2025-09-17 03:04:59] DEBUG    35   7.26284882e+13  1.84587611e+10  1.51e-03 3.18e-02  6.80e+01    47s
[2025-09-17 03:05:01] DEBUG    36   7.02971551e+13  1.85286668e+10  1.02e-03 3.18e-02  3.81e+01    48s
[2025-09-17 03:05:02] DEBUG    37   6.61635656e+13  1.85291108e+10  3.07e-03 3.18e-02  2.15e+01    50s
[2025-09-17 03:05:03] DEBUG    38   6.48363375e+13  1.85364089e+10  1.11e-03 3.18e-02  1.62e+01    51s
[2025-09-17 03:05:04] DEBUG    39   6.44254104e+13  1.85368347e+10  1.11e-03 3.18e-02  1.67e+01    52s
[2025-09-17 03:05:05] DEBUG    40   6.43948885e+13  1.85368461e+10  1.11e-03 3.18e-02  1.67e+01    53s
[2025-09-17 03:05:06] DEBUG    41   6.43900887e+13  1.85364624e+10  1.11e-03 3.18e-02  1.75e+01    54s
[2025-09-17 03:05:07] DEBUG    42   6.43671933e+13  1.85364525e+10  1.11e-03 3.18e-02  1.76e+01    55s
[2025-09-17 03:05:09] DEBUG    43   6.43625058e+13  1.85364429e+10  1.11e-03 3.18e-02  1.78e+01    56s
[2025-09-17 03:05:10] DEBUG    44   6.43550991e+13  1.85364407e+10  1.51e-03 3.18e-02  1.78e+01    58s
[2025-09-17 03:05:11] DEBUG    45   6.43320469e+13  1.85364457e+10  1.51e-03 3.18e-02  1.78e+01    59s
[2025-09-17 03:05:12] DEBUG    46   6.43253981e+13  1.85364493e+10  1.51e-03 3.18e-02  1.78e+01    60s
[2025-09-17 03:05:13] DEBUG    47   6.43183640e+13  1.85364490e+10  1.26e-03 3.18e-02  1.79e+01    61s
[2025-09-17 03:05:15] DEBUG    48   6.42995691e+13  1.85364491e+10  1.02e-03 3.18e-02  1.80e+01    62s
[2025-09-17 03:05:15] DEBUG    Barrier performed 48 iterations in 62.48 seconds (59.04 work units)
Numerical trouble encountered

Model may be infeasible or unbounded.  Consider using the
homogeneous algorithm (through parameter 'BarHomogeneous')
[2025-09-17 03:06:18] DEBUG    Waiting for other threads to finish...         126s
[2025-09-17 03:07:22] DEBUG    Waiting for other threads to finish...         190s
[2025-09-17 03:08:21] DEBUG    Solved with dual simplex
[2025-09-17 03:08:29] DEBUG    Iteration    Objective       Primal Inf.    Dual Inf.      Time
[2025-09-17 03:08:29] DEBUG    440066    1.9904748e+10   0.000000e+00   0.000000e+00    257s

Solved in 440066 iterations and 257.13 seconds (314.48 work units)
Optimal objective  1.990474782e+10
❌ Errore nel run di autarky_CG+VRES_2030_nostorage: 'Model' object has no attribute 'backend_model'

🚀 Lancio scenario: autarky_GT+VRES_2030_PHES
[2025-09-17 03:22:31] INFO     Loading sets
[2025-09-17 03:22:31] INFO     Loading parameters
[2025-09-17 03:23:08] INFO     constraints are loaded in the following order: ['energy_balance', 'dispatch', 'costs', 'capacity', 'network', 'policy', 'conversion', 'group', 'conversion_plus', 'milp', 'export']
[2025-09-17 03:23:08] INFO     creating energy_balance constraints
[2025-09-17 03:26:10] INFO     creating dispatch constraints
[2025-09-17 03:28:07] INFO     creating costs constraints
[2025-09-17 03:37:24] INFO     creating capacity constraints
[2025-09-17 03:37:24] INFO     creating network constraints
[2025-09-17 03:37:24] INFO     creating policy constraints
[2025-09-17 03:37:24] INFO     creating conversion constraints
[2025-09-17 03:37:24] INFO     creating group constraints
[2025-09-17 03:37:24] INFO     creating conversion_plus constraints
[2025-09-17 03:37:24] INFO     creating milp constraints
[2025-09-17 03:37:24] INFO     creating export constraints
[2025-09-17 03:50:01] DEBUG    Set parameter WLSAccessID
Set parameter WLSSecret
Set parameter LicenseID to value 2680226
[2025-09-17 03:50:01] DEBUG    Academic license 2680226 - for non-commercial use only - registered to an___@mail.polimi.it
[2025-09-17 03:50:36] DEBUG    Read LP format model from file /tmp/tmp_thb4jzv.pyomo.lp
Reading time = 35.39 seconds
[2025-09-17 03:50:36] DEBUG    x17549437: 23497544 rows, 17549437 columns, 57354777 nonzeros
Set parameter NumericFocus to value 1
Gurobi Optimizer version 12.0.2 build v12.0.2rc0 (linux64 - "Debian GNU/Linux 11 (bullseye)")

CPU model: Intel(R) Xeon(R) Silver 4314 CPU @ 2.40GHz, instruction set [SSE2|AVX|AVX2|AVX512]
Thread count: 32 physical cores, 64 logical processors, using up to 32 threads

Non-default parameters:
NumericFocus  1
[2025-09-17 03:50:36] DEBUG    Academic license 2680226 - for non-commercial use only - registered to an___@mail.polimi.it
Optimize a model with 23497544 rows, 17549437 columns and 57354777 nonzeros
[2025-09-17 03:50:37] DEBUG    Model fingerprint: 0xd80323e1
[2025-09-17 03:50:37] DEBUG    Coefficient statistics:
  Matrix range     [1e-07, 3e+02]
  Objective range  [1e+00, 1e+06]
  Bounds range     [0e+00, 0e+00]
  RHS range        [1e+00, 6e+09]
Warning: Model contains large rhs
[2025-09-17 03:50:44] DEBUG    Presolve removed 19168413 rows and 10960098 columns (presolve time = 6s)...
[2025-09-17 03:50:47] DEBUG    Presolve removed 19174524 rows and 12730000 columns (presolve time = 10s)...
[2025-09-17 03:50:53] DEBUG    Presolve removed 21260351 rows and 14770249 columns (presolve time = 16s)...
[2025-09-17 03:50:57] DEBUG    Presolve removed 21938384 rows and 14787769 columns
[2025-09-17 03:50:57] DEBUG    Presolve time: 20.95s
Presolved: 1559160 rows, 2901812 columns, 8323558 nonzeros

Concurrent LP optimizer: primal simplex, dual simplex, and barrier
Showing barrier log only...
[2025-09-17 03:51:00] DEBUG    Ordering time: 1.14s
[2025-09-17 03:51:01] DEBUG    Barrier statistics:
 Dense cols : 141
 AA' NZ     : 8.012e+06
 Factor NZ  : 2.881e+07 (roughly 2.0 GB of memory)
 Factor Ops : 8.000e+08 (less than 1 second per iteration)
 Threads    : 30
[2025-09-17 03:51:05] DEBUG    Objective                Residual
[2025-09-17 03:51:05] DEBUG    Iter       Primal          Dual         Primal    Dual     Compl     Time
[2025-09-17 03:51:06] DEBUG    0   2.51706143e+21 -7.97131453e+18  6.99e+10 2.89e-11  4.54e+15    29s
[2025-09-17 03:51:10] DEBUG    1   2.29319150e+21 -9.27666397e+18  6.34e+10 2.86e+05  3.90e+15    34s
[2025-09-17 03:51:16] DEBUG    2   2.19006559e+21 -4.23510227e+19  6.06e+10 1.97e+05  3.72e+15    40s
[2025-09-17 03:51:24] DEBUG    3   1.86743821e+21 -1.11050076e+20  5.11e+10 7.63e+04  3.07e+15    48s
[2025-09-17 03:51:30] DEBUG    4   1.57224225e+21 -1.66739748e+20  4.29e+10 2.48e+04  2.59e+15    53s
[2025-09-17 03:51:38] DEBUG    5   8.74828685e+20 -1.49756647e+20  2.36e+10 1.05e+04  1.44e+15    61s
[2025-09-17 03:51:45] DEBUG    6   5.22200373e+20 -1.23865637e+20  1.38e+10 2.00e+03  8.32e+14    68s
[2025-09-17 03:51:50] DEBUG    7   4.58464968e+20 -1.07804843e+20  1.22e+10 1.09e+03  7.29e+14    73s
[2025-09-17 03:51:54] DEBUG    8   2.02971721e+20 -9.51844880e+19  5.22e+09 7.69e+02  3.21e+14    78s
[2025-09-17 03:51:58] DEBUG    9   5.73744998e+19 -5.95682377e+19  1.41e+09 1.42e+02  9.09e+13    82s
[2025-09-17 03:52:02] DEBUG    10   1.90504074e+19 -3.03288544e+19  4.59e+08 3.90e+01  3.04e+13    86s
[2025-09-17 03:52:07] DEBUG    11   7.34211143e+18 -1.39054687e+19  1.73e+08 1.14e+01  1.14e+13    90s
[2025-09-17 03:52:11] DEBUG    12   4.40367520e+18 -7.75912047e+18  1.02e+08 4.88e+00  6.50e+12    94s
[2025-09-17 03:52:16] DEBUG    13   2.56482165e+18 -3.55428222e+18  5.89e+07 1.33e+00  3.44e+12    99s
[2025-09-17 03:52:20] DEBUG    14   9.54901644e+17 -1.64673838e+18  2.17e+07 6.10e-01  1.26e+12   104s
[2025-09-17 03:52:24] DEBUG    15   2.16748732e+17 -6.13373227e+17  4.83e+06 5.21e-01  2.99e+11   108s
[2025-09-17 03:52:28] DEBUG    16   2.70173728e+16 -1.59586876e+17  5.74e+05 9.92e-02  4.57e+10   112s
[2025-09-17 03:52:33] DEBUG    17   4.86592496e+14 -1.95352114e+16  1.06e+03 4.33e-04  3.34e+09   116s
[2025-09-17 03:52:37] DEBUG    18   3.87117031e+14 -2.20012853e+15  6.98e-04 1.11e-03  3.74e+08   121s
[2025-09-17 03:52:46] DEBUG    19   3.81037855e+14 -2.13915738e+14  3.21e-04 3.02e-03  3.76e+07   129s
[2025-09-17 03:52:52] DEBUG    20   3.74433853e+14 -5.78333777e+13  2.75e-04 4.99e-03  1.05e+07   136s
[2025-09-17 03:53:04] DEBUG    21   3.72684923e+14 -4.25286020e+13  2.14e-04 8.36e-03  7.79e+06   147s
[2025-09-17 03:53:11] DEBUG    22   3.69101311e+14 -2.35899838e+13  1.52e-04 1.01e-01  4.44e+06   155s
[2025-09-17 03:53:22] DEBUG    23   3.68795235e+14 -2.12779975e+13  1.47e-04 9.89e-02  4.03e+06   166s
[2025-09-17 03:53:31] DEBUG    24   3.67828464e+14 -1.91288067e+13  1.32e-04 9.65e-02  3.64e+06   174s
[2025-09-17 03:53:37] DEBUG    25   3.66152560e+14 -8.49425391e+12  1.08e-04 9.66e-02  1.75e+06   181s
[2025-09-17 03:53:47] DEBUG    26   3.62544738e+14 -3.40192405e+12  6.61e-05 8.26e-02  7.89e+05   191s
[2025-09-17 03:53:58] DEBUG    27   3.61116981e+14 -1.89111945e+12  5.73e-05 8.24e-02  5.01e+05   202s
[2025-09-17 03:54:08] DEBUG    28   3.59457566e+14 -1.41747447e+12  4.83e-05 8.34e-02  3.93e+05   211s
[2025-09-17 03:54:14] DEBUG    29   3.56339480e+14 -9.02615641e+11  5.70e-05 8.53e-02  2.60e+05   218s
[2025-09-17 03:54:20] DEBUG    30   3.55646709e+14 -7.79066927e+11  6.96e-05 8.59e-02  2.32e+05   223s
[2025-09-17 03:54:27] DEBUG    31   3.55264323e+14 -7.28668321e+11  6.48e-05 8.62e-02  2.19e+05   231s
[2025-09-17 03:54:37] DEBUG    32   3.54178739e+14 -4.32714126e+11  5.32e-05 8.81e-02  1.55e+05   240s
[2025-09-17 03:54:47] DEBUG    33   3.52257981e+14 -3.07559922e+11  8.39e-05 8.93e-02  1.17e+05   251s
[2025-09-17 03:54:56] DEBUG    34   3.49532392e+14 -1.76343368e+11  7.22e-05 9.09e-02  7.72e+04   260s
[2025-09-17 03:55:07] DEBUG    35   3.46813084e+14 -5.39424020e+10  5.72e-05 9.27e-02  4.34e+04   270s
[2025-09-17 03:55:17] DEBUG    36   3.43356052e+14 -2.41279786e+10  4.86e-05 9.32e-02  2.68e+04   281s
[2025-09-17 03:55:25] DEBUG    37   3.41608751e+14 -1.28979260e+10  4.84e-05 9.36e-02  2.07e+04   289s
[2025-09-17 03:55:33] DEBUG    38   3.41102766e+14 -8.01789288e+09  5.45e-05 9.38e-02  1.92e+04   296s
[2025-09-17 03:55:37] DEBUG    39   3.40143237e+14 -3.98263681e+09  5.91e-05 9.39e-02  1.70e+04   301s
[2025-09-17 03:55:44] DEBUG    40   3.39060637e+14 -2.98537502e+06  7.10e-05 9.40e-02  1.47e+04   307s
[2025-09-17 03:55:53] DEBUG    41   3.38102433e+14  2.37046622e+09  7.04e-05 9.41e-02  1.30e+04   316s
[2025-09-17 03:56:03] DEBUG    42   3.37791273e+14  2.76959499e+09  7.40e-05 9.41e-02  1.25e+04   326s
[2025-09-17 03:56:12] DEBUG    43   3.37467874e+14  3.50831955e+09  7.72e-05 9.41e-02  1.20e+04   336s
[2025-09-17 03:56:19] DEBUG    44   3.37272531e+14  3.93400288e+09  1.05e-04 9.41e-02  1.18e+04   342s
[2025-09-17 03:56:29] DEBUG    45   3.37134765e+14  4.54381011e+09  8.49e-05 9.40e-02  1.16e+04   353s
[2025-09-17 03:56:39] DEBUG    46   3.36959942e+14  5.32160608e+09  9.25e-05 9.38e-02  1.13e+04   362s
[2025-09-17 03:56:48] DEBUG    47   3.36615698e+14  6.24996625e+09  6.76e-05 9.34e-02  1.08e+04   372s
[2025-09-17 03:56:59] DEBUG    48   3.36566781e+14  6.69190094e+09  9.67e-05 9.33e-02  1.07e+04   383s
[2025-09-17 03:57:08] DEBUG    49   3.36275115e+14  7.28666470e+09  9.54e-05 9.31e-02  1.04e+04   392s
[2025-09-17 03:57:16] DEBUG    50   3.35969116e+14  7.78348983e+09  1.17e-04 9.27e-02  1.06e+04   400s
[2025-09-17 03:57:26] DEBUG    51   3.35621825e+14  8.55760660e+09  1.21e-04 9.23e-02  1.01e+04   409s
[2025-09-17 03:57:35] DEBUG    52   3.35258173e+14  9.14212915e+09  1.05e-04 9.19e-02  9.83e+03   418s
[2025-09-17 03:57:41] DEBUG    53   3.34899173e+14  9.60252939e+09  1.15e-04 9.15e-02  9.43e+03   425s
[2025-09-17 03:57:51] DEBUG    54   3.34199939e+14  1.00818776e+10  1.39e-04 9.07e-02  8.78e+03   434s
[2025-09-17 03:57:58] DEBUG    55   3.33847164e+14  1.04945361e+10  1.10e-04 8.99e-02  8.44e+03   441s
[2025-09-17 03:58:04] DEBUG    56   3.33376479e+14  1.08328273e+10  1.28e-04 8.90e-02  8.02e+03   447s
[2025-09-17 03:58:13] DEBUG    57   3.32952000e+14  1.10733633e+10  9.20e-05 8.80e-02  7.66e+03   456s
[2025-09-17 03:58:20] DEBUG    58   3.32443487e+14  1.13053410e+10  9.09e-05 8.74e-02  7.26e+03   463s
[2025-09-17 03:58:29] DEBUG    59   3.31895589e+14  1.14557889e+10  1.03e-04 8.64e-02  6.86e+03   472s
[2025-09-17 03:58:41] DEBUG    60   3.29759256e+14  1.19276541e+10  7.53e-05 8.53e-02  5.34e+03   485s
[2025-09-17 03:58:51] DEBUG    61   3.28591565e+14  1.26693512e+10  8.82e-05 8.27e-02  4.61e+03   495s
[2025-09-17 03:59:02] DEBUG    62   3.28152918e+14  1.29044276e+10  8.11e-05 8.20e-02  4.38e+03   506s
[2025-09-17 03:59:11] DEBUG    63   3.28076203e+14  1.29987136e+10  8.28e-05 8.17e-02  4.33e+03   515s
[2025-09-17 03:59:18] DEBUG    64   3.27955038e+14  1.31418159e+10  8.94e-05 8.09e-02  4.27e+03   521s
[2025-09-17 03:59:28] DEBUG    65   3.27223211e+14  1.32648721e+10  9.53e-05 8.05e-02  3.95e+03   532s
[2025-09-17 03:59:38] DEBUG    66   3.26906019e+14  1.33634789e+10  9.09e-05 8.00e-02  3.81e+03   541s
[2025-09-17 03:59:45] DEBUG    67   3.26664505e+14  1.34173341e+10  9.89e-05 7.97e-02  3.72e+03   549s
[2025-09-17 03:59:53] DEBUG    68   3.26468752e+14  1.34671424e+10  1.01e-04 7.94e-02  3.65e+03   556s
[2025-09-17 04:00:01] DEBUG    69   3.26142323e+14  1.35417894e+10  1.30e-04 7.90e-02  3.52e+03   565s
[2025-09-17 04:00:09] DEBUG    70   3.25982573e+14  1.35766355e+10  1.02e-04 7.88e-02  3.47e+03   572s
[2025-09-17 04:00:16] DEBUG    71   3.25637350e+14  1.36225529e+10  1.03e-04 7.84e-02  3.35e+03   580s
[2025-09-17 04:00:24] DEBUG    72   3.25364607e+14  1.36612117e+10  9.82e-05 7.82e-02  3.26e+03   587s
[2025-09-17 04:00:33] DEBUG    73   3.25049864e+14  1.37495100e+10  1.61e-04 7.76e-02  3.15e+03   597s
[2025-09-17 04:00:41] DEBUG    74   3.24906630e+14  1.38145299e+10  1.91e-04 7.72e-02  3.10e+03   605s
[2025-09-17 04:00:48] DEBUG    75   3.24534810e+14  1.38758824e+10  1.84e-04 7.67e-02  2.99e+03   612s
[2025-09-17 04:00:54] DEBUG    76   3.24143933e+14  1.39337776e+10  1.14e-04 7.63e-02  2.87e+03   618s
[2025-09-17 04:01:01] DEBUG    77   3.23813276e+14  1.39910832e+10  1.48e-04 7.58e-02  2.78e+03   625s
[2025-09-17 04:01:08] DEBUG    78   3.23473591e+14  1.40549870e+10  1.71e-04 7.53e-02  2.68e+03   632s
[2025-09-17 04:01:15] DEBUG    79   3.23078150e+14  1.41405040e+10  1.62e-04 7.46e-02  2.57e+03   638s
[2025-09-17 04:01:21] DEBUG    80   3.22700856e+14  1.42100185e+10  1.61e-04 7.41e-02  2.48e+03   645s
[2025-09-17 04:01:28] DEBUG    81   3.22267646e+14  1.42815974e+10  1.16e-04 7.35e-02  2.37e+03   652s
[2025-09-17 04:01:36] DEBUG    82   3.21881958e+14  1.43798974e+10  9.97e-05 7.28e-02  2.27e+03   660s
[2025-09-17 04:01:44] DEBUG    83   3.21650904e+14  1.44452977e+10  1.08e-04 7.22e-02  2.21e+03   667s
[2025-09-17 04:01:50] DEBUG    84   3.21272892e+14  1.45291891e+10  1.06e-04 7.15e-02  2.12e+03   674s
[2025-09-17 04:01:57] DEBUG    85   3.20846495e+14  1.46051744e+10  1.04e-04 7.09e-02  2.03e+03   681s
[2025-09-17 04:02:04] DEBUG    86   3.20477941e+14  1.46764872e+10  1.05e-04 7.03e-02  1.95e+03   688s
[2025-09-17 04:02:11] DEBUG    87   3.20054295e+14  1.47528912e+10  9.72e-05 6.96e-02  1.87e+03   695s
[2025-09-17 04:02:18] DEBUG    88   3.19768874e+14  1.48196203e+10  9.60e-05 6.90e-02  1.81e+03   701s
[2025-09-17 04:02:24] DEBUG    89   3.19369390e+14  1.48905822e+10  9.82e-05 6.83e-02  1.73e+03   708s
[2025-09-17 04:02:32] DEBUG    90   3.18940409e+14  1.49598361e+10  1.19e-04 6.77e-02  1.66e+03   715s
[2025-09-17 04:02:40] DEBUG    91   3.18596800e+14  1.50279411e+10  1.08e-04 6.71e-02  1.59e+03   723s
[2025-09-17 04:02:47] DEBUG    92   3.18282052e+14  1.50933198e+10  1.03e-04 6.65e-02  1.54e+03   731s
[2025-09-17 04:02:54] DEBUG    93   3.17861539e+14  1.51590415e+10  1.05e-04 6.59e-02  1.47e+03   738s
[2025-09-17 04:03:05] DEBUG    94   3.17059060e+14  1.52286230e+10  9.50e-05 6.52e-02  1.34e+03   748s
[2025-09-17 04:03:15] DEBUG    95   3.16699106e+14  1.52986604e+10  1.01e-04 6.46e-02  1.29e+03   758s
[2025-09-17 04:03:23] DEBUG    96   3.16248191e+14  1.53456795e+10  1.05e-04 6.41e-02  1.23e+03   767s
[2025-09-17 04:03:33] DEBUG    97   3.16032319e+14  1.54106083e+10  9.72e-05 6.35e-02  1.19e+03   777s
[2025-09-17 04:03:41] DEBUG    98   3.15880700e+14  1.54542217e+10  1.09e-04 6.31e-02  1.17e+03   784s
[2025-09-17 04:03:49] DEBUG    99   3.15126743e+14  1.55049125e+10  9.04e-05 6.27e-02  1.08e+03   793s
[2025-09-17 04:03:59] DEBUG    100   3.14733800e+14  1.55584832e+10  9.82e-05 6.22e-02  1.03e+03   802s
[2025-09-17 04:04:09] DEBUG    101   3.14355670e+14  1.56352757e+10  1.11e-04 6.15e-02  9.78e+02   813s
[2025-09-17 04:04:21] DEBUG    102   3.13762182e+14  1.56684854e+10  1.01e-04 6.12e-02  9.16e+02   825s
[2025-09-17 04:04:32] DEBUG    103   3.13328270e+14  1.57188458e+10  1.20e-04 6.07e-02  8.67e+02   836s
[2025-09-17 04:04:41] DEBUG    104   3.13080961e+14  1.57384813e+10  1.13e-04 6.05e-02  8.45e+02   844s
[2025-09-17 04:04:52] DEBUG    105   3.12668009e+14  1.57773165e+10  1.02e-04 6.02e-02  8.02e+02   855s
[2025-09-17 04:05:05] DEBUG    106   3.12226885e+14  1.58264526e+10  9.63e-05 5.97e-02  7.59e+02   868s
[2025-09-17 04:05:16] DEBUG    107   3.11848066e+14  1.58848720e+10  1.10e-04 5.92e-02  7.20e+02   880s
[2025-09-17 04:05:27] DEBUG    108   3.11429388e+14  1.59082663e+10  1.18e-04 5.89e-02  6.87e+02   891s
[2025-09-17 04:05:39] DEBUG    109   3.11062876e+14  1.59381224e+10  1.04e-04 5.86e-02  6.58e+02   902s
[2025-09-17 04:05:48] DEBUG    110   3.10952663e+14  1.59435658e+10  9.87e-05 5.86e-02  6.50e+02   911s
[2025-09-17 04:05:54] DEBUG    111   3.10783401e+14  1.59529635e+10  1.04e-04 5.84e-02  6.39e+02   918s
[2025-09-17 04:06:03] DEBUG    112   3.10589318e+14  1.59706596e+10  1.34e-04 5.83e-02  6.25e+02   926s
[2025-09-17 04:06:11] DEBUG    113   3.10433075e+14  1.59767986e+10  1.28e-04 5.82e-02  6.15e+02   935s
[2025-09-17 04:06:23] DEBUG    114   3.10141703e+14  1.59975325e+10  1.29e-04 5.79e-02  5.94e+02   947s
[2025-09-17 04:06:37] DEBUG    115   3.09930793e+14  1.60185618e+10  1.46e-04 5.77e-02  5.78e+02   961s
[2025-09-17 04:06:51] DEBUG    116   3.09718000e+14  1.60343123e+10  1.31e-04 5.74e-02  5.63e+02   975s
[2025-09-17 04:07:01] DEBUG    117   3.09225602e+14  1.60551903e+10  1.15e-04 5.72e-02  5.33e+02   985s
[2025-09-17 04:07:14] DEBUG    118   3.08974270e+14  1.60743778e+10  1.25e-04 5.69e-02  5.16e+02   997s
[2025-09-17 04:07:22] DEBUG    119   3.08931789e+14  1.60829549e+10  1.41e-04 5.67e-02  5.13e+02  1006s
[2025-09-17 04:07:30] DEBUG    120   3.08656452e+14  1.60879425e+10  1.41e-04 5.66e-02  4.99e+02  1014s
[2025-09-17 04:07:39] DEBUG    121   3.08478009e+14  1.60938754e+10  1.63e-04 5.65e-02  5.08e+02  1023s
[2025-09-17 04:07:50] DEBUG    122   3.08249395e+14  1.61067944e+10  1.84e-04 5.63e-02  4.94e+02  1034s
[2025-09-17 04:08:02] DEBUG    123   3.08024186e+14  1.61191536e+10  1.60e-04 5.61e-02  4.83e+02  1046s
[2025-09-17 04:08:14] DEBUG    124   3.07781087e+14  1.61345856e+10  1.66e-04 5.58e-02  4.69e+02  1057s
[2025-09-17 04:08:24] DEBUG    125   3.07593977e+14  1.61418161e+10  1.58e-04 5.57e-02  4.60e+02  1068s
[2025-09-17 04:08:36] DEBUG    126   3.07162015e+14  1.61507804e+10  1.41e-04 5.55e-02  4.39e+02  1079s
[2025-09-17 04:08:46] DEBUG    127   3.06947793e+14  1.61619234e+10  1.80e-04 5.53e-02  4.28e+02  1090s
[2025-09-17 04:08:57] DEBUG    128   3.06769627e+14  1.61717713e+10  1.79e-04 5.51e-02  4.20e+02  1100s
[2025-09-17 04:09:09] DEBUG    129   3.06488160e+14  1.61858061e+10  2.06e-04 5.48e-02  4.06e+02  1112s
[2025-09-17 04:09:21] DEBUG    130   3.06210950e+14  1.61943607e+10  1.66e-04 5.47e-02  3.94e+02  1124s
[2025-09-17 04:09:32] DEBUG    131   3.05988925e+14  1.62034957e+10  2.02e-04 5.44e-02  3.84e+02  1136s
[2025-09-17 04:09:45] DEBUG    132   3.05896481e+14  1.62114659e+10  2.01e-04 5.43e-02  3.79e+02  1148s
[2025-09-17 04:09:54] DEBUG    133   3.05691116e+14  1.62183364e+10  2.30e-04 5.41e-02  3.70e+02  1158s
[2025-09-17 04:10:06] DEBUG    134   3.05584889e+14  1.62260471e+10  2.09e-04 5.39e-02  3.65e+02  1170s
[2025-09-17 04:10:14] DEBUG    135   3.05484589e+14  1.62284423e+10  2.73e-04 5.38e-02  3.61e+02  1177s
[2025-09-17 04:10:22] DEBUG    136   3.05236820e+14  1.62348216e+10  2.13e-04 5.36e-02  3.51e+02  1186s
[2025-09-17 04:10:30] DEBUG    137   3.05207384e+14  1.62364778e+10  2.35e-04 5.36e-02  3.51e+02  1193s
[2025-09-17 04:10:37] DEBUG    138   3.05097084e+14  1.62403519e+10  1.90e-04 5.35e-02  3.47e+02  1200s
[2025-09-17 04:10:47] DEBUG    139   3.04837320e+14  1.62457501e+10  2.35e-04 5.33e-02  3.38e+02  1211s
[2025-09-17 04:10:57] DEBUG    140   3.04657835e+14  1.62500053e+10  2.29e-04 5.31e-02  3.31e+02  1221s
[2025-09-17 04:11:08] DEBUG    141   3.04332548e+14  1.62552071e+10  2.32e-04 5.29e-02  3.20e+02  1231s
[2025-09-17 04:11:20] DEBUG    142   3.04155233e+14  1.62613704e+10  2.22e-04 5.26e-02  3.13e+02  1243s
[2025-09-17 04:11:28] DEBUG    143   3.03991928e+14  1.62632325e+10  2.36e-04 5.26e-02  3.07e+02  1251s
[2025-09-17 04:11:37] DEBUG    144   3.03847676e+14  1.62650378e+10  2.27e-04 5.23e-02  3.02e+02  1261s
[2025-09-17 04:11:48] DEBUG    145   3.03774580e+14  1.62661916e+10  2.26e-04 5.22e-02  2.99e+02  1271s
[2025-09-17 04:11:55] DEBUG    146   3.03583134e+14  1.62669376e+10  2.51e-04 5.21e-02  2.94e+02  1279s
[2025-09-17 04:12:05] DEBUG    147   3.03345319e+14  1.62681380e+10  2.74e-04 5.20e-02  2.87e+02  1288s
[2025-09-17 04:12:17] DEBUG    148   3.03157804e+14  1.62705141e+10  2.46e-04 5.17e-02  2.80e+02  1301s
[2025-09-17 04:12:29] DEBUG    149   3.03045517e+14  1.62740602e+10  2.58e-04 5.15e-02  2.76e+02  1312s
[2025-09-17 04:12:40] DEBUG    150   3.02808523e+14  1.62759810e+10  2.45e-04 5.13e-02  2.69e+02  1324s
[2025-09-17 04:12:54] DEBUG    151   3.02636483e+14  1.62815739e+10  2.71e-04 5.10e-02  2.63e+02  1338s
[2025-09-17 04:13:04] DEBUG    152   3.02296727e+14  1.62868265e+10  2.85e-04 5.06e-02  2.52e+02  1348s
[2025-09-17 04:13:16] DEBUG    153   3.01995682e+14  1.62895183e+10  2.41e-04 5.04e-02  2.44e+02  1359s
[2025-09-17 04:13:24] DEBUG    154   3.01920434e+14  1.62911441e+10  2.36e-04 5.03e-02  2.42e+02  1367s
[2025-09-17 04:13:33] DEBUG    155   3.01747533e+14  1.62939669e+10  2.28e-04 5.02e-02  2.37e+02  1376s
[2025-09-17 04:13:42] DEBUG    156   3.01603760e+14  1.62976221e+10  2.16e-04 5.00e-02  2.34e+02  1386s
[2025-09-17 04:13:53] DEBUG    157   3.01347358e+14  1.63041808e+10  2.52e-04 4.97e-02  2.27e+02  1396s
[2025-09-17 04:14:05] DEBUG    158   3.01169367e+14  1.63083943e+10  1.68e-04 4.95e-02  2.22e+02  1409s
[2025-09-17 04:14:15] DEBUG    159   3.00981152e+14  1.63121973e+10  2.07e-04 4.93e-02  2.17e+02  1419s
[2025-09-17 04:14:25] DEBUG    160   3.00809212e+14  1.63159183e+10  1.82e-04 4.91e-02  2.12e+02  1429s
[2025-09-17 04:14:37] DEBUG    161   3.00547234e+14  1.63189330e+10  1.55e-04 4.89e-02  2.06e+02  1441s
[2025-09-17 04:14:45] DEBUG    162   3.00425718e+14  1.63216475e+10  1.85e-04 4.87e-02  2.03e+02  1449s
[2025-09-17 04:14:58] DEBUG    163   3.00170664e+14  1.63222978e+10  1.97e-04 4.85e-02  1.98e+02  1462s
[2025-09-17 04:15:09] DEBUG    164   2.99837900e+14  1.63246897e+10  2.33e-04 4.81e-02  1.90e+02  1473s
[2025-09-17 04:15:17] DEBUG    165   2.99700643e+14  1.63247214e+10  2.05e-04 4.81e-02  1.88e+02  1481s
[2025-09-17 04:15:29] DEBUG    166   2.99374610e+14  1.63273965e+10  1.45e-04 4.78e-02  1.81e+02  1492s
[2025-09-17 04:15:40] DEBUG    167   2.99179902e+14  1.63327226e+10  1.68e-04 4.75e-02  1.77e+02  1504s
[2025-09-17 04:15:49] DEBUG    168   2.98979299e+14  1.63348149e+10  1.84e-04 4.74e-02  1.72e+02  1513s
[2025-09-17 04:15:58] DEBUG    169   2.98813139e+14  1.63381990e+10  1.85e-04 4.72e-02  1.69e+02  1522s
[2025-09-17 04:16:08] DEBUG    170   2.98668831e+14  1.63405128e+10  2.15e-04 4.71e-02  1.66e+02  1532s
[2025-09-17 04:16:20] DEBUG    171   2.98480409e+14  1.63413994e+10  1.66e-04 4.70e-02  1.63e+02  1544s
[2025-09-17 04:16:27] DEBUG    172   2.98386554e+14  1.63427782e+10  1.48e-04 4.69e-02  1.61e+02  1551s
[2025-09-17 04:16:36] DEBUG    173   2.98329764e+14  1.63434907e+10  1.41e-04 4.68e-02  1.60e+02  1560s
[2025-09-17 04:16:43] DEBUG    174   2.98251570e+14  1.63443240e+10  1.58e-04 4.68e-02  1.59e+02  1567s
[2025-09-17 04:16:50] DEBUG    175   2.98103855e+14  1.63455428e+10  1.61e-04 4.67e-02  1.57e+02  1573s
[2025-09-17 04:17:01] DEBUG    176   2.98041784e+14  1.63465622e+10  1.52e-04 4.66e-02  1.56e+02  1584s
[2025-09-17 04:17:09] DEBUG    177   2.97990888e+14  1.63470873e+10  1.45e-04 4.66e-02  1.55e+02  1593s
[2025-09-17 04:17:18] DEBUG    178   2.97928148e+14  1.63477435e+10  1.26e-04 4.65e-02  1.54e+02  1601s
[2025-09-17 04:17:30] DEBUG    179   2.97681988e+14  1.63493385e+10  1.57e-04 4.64e-02  1.51e+02  1613s
[2025-09-17 04:17:39] DEBUG    180   2.97614637e+14  1.63503053e+10  1.80e-04 4.63e-02  1.49e+02  1622s
[2025-09-17 04:17:48] DEBUG    181   2.97485469e+14  1.63523436e+10  1.69e-04 4.62e-02  1.47e+02  1632s
[2025-09-17 04:17:48] DEBUG    Barrier performed 181 iterations in 1631.68 seconds (297.76 work units)
[2025-09-17 04:17:48] DEBUG    Numerical trouble encountered

Model may be infeasible or unbounded.  Consider using the
homogeneous algorithm (through parameter 'BarHomogeneous')
[2025-09-17 04:18:53] DEBUG    Waiting for other threads to finish...        1696s
[2025-09-17 04:19:57] DEBUG    Waiting for other threads to finish...        1761s
[2025-09-17 04:21:02] DEBUG    Waiting for other threads to finish...        1825s
[2025-09-17 04:22:06] DEBUG    Waiting for other threads to finish...        1890s
[2025-09-17 04:22:24] DEBUG    Solved with dual simplex
[2025-09-17 04:22:35] DEBUG    Iteration    Objective       Primal Inf.    Dual Inf.      Time
[2025-09-17 04:22:35] DEBUG    1022347    1.9904748e+10   0.000000e+00   0.000000e+00   1918s

Solved in 1022347 iterations and 1918.33 seconds (661.70 work units)
[2025-09-17 04:22:35] DEBUG    Optimal objective  1.990474782e+10
❌ Errore nel run di autarky_GT+VRES_2030_PHES: 'Model' object has no attribute 'backend_model'
🏁 Tutti gli scenari sono stati processati.
