
🚀 Lancio scenario: autarky_VRES_2030_BESS
[2025-09-20 11:39:02] INFO     Loading sets
[2025-09-20 11:39:02] INFO     Loading parameters
[2025-09-20 11:39:51] INFO     constraints are loaded in the following order: ['energy_balance', 'dispatch', 'costs', 'capacity', 'network', 'policy', 'conversion', 'group', 'conversion_plus', 'milp', 'export']
[2025-09-20 11:39:51] INFO     creating energy_balance constraints
[2025-09-20 11:43:55] INFO     creating dispatch constraints
[2025-09-20 11:46:46] INFO     creating costs constraints
[2025-09-20 11:57:07] INFO     creating capacity constraints
[2025-09-20 11:57:07] INFO     creating network constraints
[2025-09-20 11:57:07] INFO     creating policy constraints
[2025-09-20 11:57:07] INFO     creating conversion constraints
[2025-09-20 11:57:07] INFO     creating group constraints
[2025-09-20 11:57:07] INFO     creating conversion_plus constraints
[2025-09-20 11:57:07] INFO     creating milp constraints
[2025-09-20 11:57:07] INFO     creating export constraints
[2025-09-20 12:09:39] DEBUG    Set parameter WLSAccessID
Set parameter WLSSecret
Set parameter LicenseID to value 2680226
[2025-09-20 12:09:39] DEBUG    Academic license 2680226 - for non-commercial use only - registered to an___@mail.polimi.it
[2025-09-20 12:10:15] DEBUG    Read LP format model from file /tmp/tmps8nuo0yi.pyomo.lp
Reading time = 35.75 seconds
x17479298: 23970495 rows, 17479298 columns, 57372308 nonzeros
[2025-09-20 12:10:15] DEBUG    Set parameter NumericFocus to value 1
Gurobi Optimizer version 12.0.2 build v12.0.2rc0 (linux64 - "Debian GNU/Linux 11 (bullseye)")

CPU model: Intel(R) Xeon(R) Silver 4314 CPU @ 2.40GHz, instruction set [SSE2|AVX|AVX2|AVX512]
Thread count: 32 physical cores, 64 logical processors, using up to 32 threads

Non-default parameters:
NumericFocus  1
[2025-09-20 12:10:15] DEBUG    Academic license 2680226 - for non-commercial use only - registered to an___@mail.polimi.it
Optimize a model with 23970495 rows, 17479298 columns and 57372308 nonzeros
[2025-09-20 12:10:16] DEBUG    Model fingerprint: 0x34620d6e
[2025-09-20 12:10:16] DEBUG    Coefficient statistics:
  Matrix range     [1e-07, 3e+02]
  Objective range  [1e+00, 1e+06]
  Bounds range     [0e+00, 0e+00]
  RHS range        [1e+00, 2e+08]
[2025-09-20 12:10:22] DEBUG    Presolve removed 19711117 rows and 10644506 columns (presolve time = 6s)...
[2025-09-20 12:10:26] DEBUG    Presolve removed 19712874 rows and 12340000 columns (presolve time = 10s)...
[2025-09-20 12:10:31] DEBUG    Presolve removed 21776914 rows and 14353261 columns (presolve time = 15s)...
[2025-09-20 12:10:36] DEBUG    Presolve removed 22288636 rows and 14370781 columns (presolve time = 20s)...
[2025-09-20 12:10:37] DEBUG    Presolve removed 22428780 rows and 14370781 columns
[2025-09-20 12:10:37] DEBUG    Presolve time: 21.34s
Presolved: 1541715 rows, 3248661 columns, 8914405 nonzeros

Concurrent LP optimizer: primal simplex, dual simplex, and barrier
Showing barrier log only...
[2025-09-20 12:10:39] DEBUG    Ordering time: 0.97s
[2025-09-20 12:10:40] DEBUG    Barrier statistics:
 Dense cols : 112
 AA' NZ     : 8.461e+06
 Factor NZ  : 2.978e+07 (roughly 2.0 GB of memory)
 Factor Ops : 9.019e+08 (less than 1 second per iteration)
 Threads    : 30
[2025-09-20 12:10:44] DEBUG    Objective                Residual
[2025-09-20 12:10:44] DEBUG    Iter       Primal          Dual         Primal    Dual     Compl     Time
[2025-09-20 12:10:44] DEBUG    0   3.91203234e+21 -1.30166507e+19  8.47e+10 1.93e-01  5.29e+15    29s
[2025-09-20 12:10:49] DEBUG    1   1.41976447e+21 -1.27886660e+19  2.71e+10 2.84e+05  2.01e+15    34s
[2025-09-20 12:10:55] DEBUG    2   7.18046428e+20 -9.86481189e+18  1.27e+10 4.76e+04  7.56e+14    40s
[2025-09-20 12:11:02] DEBUG    3   3.94547118e+20 -8.88548407e+18  7.00e+09 1.22e+04  3.92e+14    47s
[2025-09-20 12:11:08] DEBUG    4   2.84079283e+20 -8.30050161e+18  5.07e+09 4.18e+03  2.76e+14    52s
[2025-09-20 12:11:12] DEBUG    5   2.06277935e+20 -7.93632564e+18  3.64e+09 1.58e+03  1.98e+14    56s
[2025-09-20 12:11:16] DEBUG    6   1.33262995e+20 -7.42965534e+18  2.34e+09 5.09e+02  1.27e+14    61s
[2025-09-20 12:11:20] DEBUG    7   1.18721200e+20 -7.16029717e+18  2.08e+09 2.79e+02  1.13e+14    65s
[2025-09-20 12:11:24] DEBUG    8   1.02632882e+20 -6.88908368e+18  1.79e+09 1.81e+02  9.76e+13    69s
[2025-09-20 12:11:30] DEBUG    9   6.90244809e+19 -6.28392081e+18  1.21e+09 5.26e+01  6.57e+13    75s
[2025-09-20 12:11:33] DEBUG    10   6.09211832e+19 -6.06401160e+18  1.07e+09 3.93e+01  5.79e+13    78s
[2025-09-20 12:11:39] DEBUG    11   4.11125202e+19 -5.58160963e+18  7.24e+08 1.96e+01  3.92e+13    84s
[2025-09-20 12:11:43] DEBUG    12   2.03494449e+19 -4.98790421e+18  3.59e+08 1.01e+01  1.96e+13    88s
[2025-09-20 12:11:49] DEBUG    13   1.50790528e+19 -4.13105509e+18  2.69e+08 5.37e+00  1.41e+13    94s
[2025-09-20 12:11:56] DEBUG    14   7.96413589e+18 -3.08106614e+18  1.45e+08 2.03e+00  7.33e+12   101s
[2025-09-20 12:12:01] DEBUG    15   2.01212961e+18 -2.19654785e+18  3.52e+07 7.95e-01  1.96e+12   106s
[2025-09-20 12:12:05] DEBUG    16   1.11697582e+18 -1.54907663e+18  1.93e+07 5.71e-01  1.08e+12   110s
[2025-09-20 12:12:09] DEBUG    17   5.14107180e+17 -1.03156541e+18  8.80e+06 4.26e-01  5.23e+11   114s
[2025-09-20 12:12:14] DEBUG    18   1.19296882e+17 -6.38740425e+17  1.98e+06 2.80e-01  1.76e+11   119s
[2025-09-20 12:12:18] DEBUG    19   1.11331641e+17 -5.74385593e+17  1.85e+06 2.88e-01  1.59e+11   123s
[2025-09-20 12:12:23] DEBUG    20   5.16150309e+16 -2.01556086e+17  8.54e+05 1.17e+00  5.66e+10   127s
[2025-09-20 12:12:27] DEBUG    21   3.28645834e+15 -6.14460546e+16  4.43e+04 1.72e+00  1.09e+10   132s
[2025-09-20 12:12:32] DEBUG    22   4.08857145e+14 -3.07732480e+15  1.33e+03 1.17e-02  5.21e+08   137s
[2025-09-20 12:12:36] DEBUG    23   2.73527128e+14 -3.30175171e+14  8.00e+00 1.51e-02  5.39e+07   141s
[2025-09-20 12:12:42] DEBUG    24   2.70120752e+14 -1.76567468e+14  9.75e-01 1.55e-02  2.90e+07   147s
[2025-09-20 12:12:47] DEBUG    25   2.65899844e+14 -9.32978622e+13  1.87e-01 1.56e-02  1.54e+07   151s
[2025-09-20 12:12:56] DEBUG    26   2.62484420e+14 -7.44651402e+13  1.04e-01 1.55e-02  1.23e+07   160s
[2025-09-20 12:13:06] DEBUG    27   2.60864928e+14 -4.44465271e+13  8.22e-02 1.55e-02  7.36e+06   171s
[2025-09-20 12:13:20] DEBUG    28   2.59857325e+14 -4.16266611e+13  7.43e-02 1.55e-02  6.89e+06   185s
[2025-09-20 12:13:29] DEBUG    29   2.58081189e+14 -3.52476579e+13  6.18e-02 1.55e-02  5.81e+06   194s
[2025-09-20 12:13:40] DEBUG    30   2.57424793e+14 -2.92418330e+13  5.78e-02 1.55e-02  4.81e+06   205s
[2025-09-20 12:13:52] DEBUG    31   2.56176055e+14 -2.34020242e+13  5.11e-02 1.55e-02  3.83e+06   217s
[2025-09-20 12:14:09] DEBUG    32   2.55525109e+14 -1.52188794e+13  4.79e-02 1.56e-02  2.47e+06   234s
[2025-09-20 12:14:22] DEBUG    33   2.52188510e+14 -1.32272619e+13  3.32e-02 1.56e-02  2.10e+06   247s
[2025-09-20 12:14:36] DEBUG    34   2.50115038e+14 -9.30661178e+12  2.67e-02 1.57e-02  1.42e+06   261s
[2025-09-20 12:14:51] DEBUG    35   2.46714545e+14 -6.15874381e+12  1.82e-02 1.60e-02  8.58e+05   276s
[2025-09-20 12:15:07] DEBUG    36   2.45590050e+14 -3.09116861e+12  1.63e-02 1.66e-02  3.29e+05   292s
[2025-09-20 12:15:18] DEBUG    37   2.43699683e+14 -2.54912122e+12  1.25e-02 1.71e-02  2.35e+05   303s
[2025-09-20 12:15:29] DEBUG    38   2.42135774e+14 -2.39061881e+12  1.00e-02 1.72e-02  1.98e+05   314s
[2025-09-20 12:15:45] DEBUG    39   2.40020883e+14 -2.08704381e+12  7.32e-03 1.73e-02  1.29e+05   330s
[2025-09-20 12:15:56] DEBUG    40   2.38935479e+14 -2.08110049e+12  6.16e-03 1.73e-02  1.19e+05   341s
[2025-09-20 12:16:10] DEBUG    41   2.38147475e+14 -1.83545737e+12  5.55e-03 1.73e-02  6.54e+04   355s
[2025-09-20 12:16:21] DEBUG    42   2.36048275e+14 -1.84982657e+12  3.30e-03 1.71e-02  3.97e+04   366s
[2025-09-20 12:16:31] DEBUG    43   2.35200166e+14 -1.90459020e+12  2.75e-03 1.70e-02  3.03e+04   376s
[2025-09-20 12:16:44] DEBUG    44   2.34374192e+14 -1.95164238e+12  2.29e-03 1.69e-02  2.36e+04   388s
[2025-09-20 12:16:54] DEBUG    45   2.33749972e+14 -2.05735323e+12  2.01e-03 1.67e-02  1.92e+04   398s
[2025-09-20 12:17:03] DEBUG    46   2.32890391e+14 -2.03148426e+12  1.34e-03 1.67e-02  1.31e+04   408s
[2025-09-20 12:17:12] DEBUG    47   2.32446488e+14 -2.04982396e+12  1.10e-03 1.67e-02  1.05e+04   417s
[2025-09-20 12:17:22] DEBUG    48   2.32110845e+14 -2.06243441e+12  9.46e-04 1.67e-02  9.06e+03   427s
[2025-09-20 12:17:33] DEBUG    49   2.31892540e+14 -2.08535556e+12  8.54e-04 1.66e-02  7.99e+03   438s
[2025-09-20 12:17:41] DEBUG    50   2.31818615e+14 -2.09402495e+12  8.24e-04 1.66e-02  7.72e+03   446s
[2025-09-20 12:17:50] DEBUG    51   2.31518925e+14 -2.11360705e+12  7.32e-04 1.66e-02  6.72e+03   455s
[2025-09-20 12:18:01] DEBUG    52   2.31434725e+14 -2.13322766e+12  7.32e-04 1.66e-02  6.38e+03   466s
[2025-09-20 12:18:11] DEBUG    53   2.31166752e+14 -2.15269253e+12  6.41e-04 1.66e-02  5.69e+03   476s
[2025-09-20 12:18:21] DEBUG    54   2.31048660e+14 -2.16689723e+12  6.10e-04 1.66e-02  5.37e+03   486s
[2025-09-20 12:18:28] DEBUG    55   2.30969009e+14 -2.18362978e+12  6.10e-04 1.66e-02  5.16e+03   493s
[2025-09-20 12:18:35] DEBUG    56   2.30869860e+14 -2.19825190e+12  5.49e-04 1.66e-02  4.94e+03   500s
[2025-09-20 12:18:45] DEBUG    57   2.30727666e+14 -2.21550766e+12  5.49e-04 1.65e-02  4.64e+03   510s
[2025-09-20 12:18:51] DEBUG    58   2.30640115e+14 -2.22704131e+12  5.49e-04 1.65e-02  4.48e+03   516s
[2025-09-20 12:19:02] DEBUG    59   2.30496938e+14 -2.24411822e+12  4.88e-04 1.65e-02  4.19e+03   527s
[2025-09-20 12:19:12] DEBUG    60   2.30400901e+14 -2.25792510e+12  4.88e-04 1.65e-02  4.00e+03   537s
[2025-09-20 12:19:24] DEBUG    61   2.30318467e+14 -2.27106232e+12  4.88e-04 1.65e-02  3.85e+03   549s
[2025-09-20 12:19:35] DEBUG    62   2.30272909e+14 -2.28088877e+12  4.88e-04 1.65e-02  3.76e+03   560s
[2025-09-20 12:19:45] DEBUG    63   2.30201608e+14 -2.28983500e+12  4.88e-04 1.65e-02  3.64e+03   570s
[2025-09-20 12:19:54] DEBUG    64   2.30116995e+14 -2.29955026e+12  4.88e-04 1.65e-02  3.51e+03   579s
[2025-09-20 12:20:04] DEBUG    65   2.30051548e+14 -2.30162705e+12  4.88e-04 1.65e-02  3.42e+03   589s
[2025-09-20 12:20:11] DEBUG    66   2.30011230e+14 -2.30751206e+12  4.88e-04 1.65e-02  3.36e+03   596s
[2025-09-20 12:20:21] DEBUG    67   2.29877761e+14 -2.32149507e+12  4.88e-04 1.65e-02  3.16e+03   606s
[2025-09-20 12:20:32] DEBUG    68   2.29804164e+14 -2.33770931e+12  6.10e-04 1.65e-02  3.04e+03   616s
[2025-09-20 12:20:42] DEBUG    69   2.29697368e+14 -2.35022888e+12  6.10e-04 1.65e-02  2.90e+03   626s
[2025-09-20 12:20:50] DEBUG    70   2.29656525e+14 -2.36282596e+12  6.10e-04 1.64e-02  2.84e+03   635s
[2025-09-20 12:21:00] DEBUG    71   2.29556143e+14 -2.37326054e+12  4.88e-04 1.64e-02  2.71e+03   645s
[2025-09-20 12:21:10] DEBUG    72   2.29485941e+14 -2.38567294e+12  4.88e-04 1.64e-02  2.62e+03   655s
[2025-09-20 12:21:20] DEBUG    73   2.29413505e+14 -2.39955856e+12  4.88e-04 1.64e-02  2.53e+03   665s
[2025-09-20 12:21:27] DEBUG    74   2.29369947e+14 -2.40571347e+12  4.88e-04 1.64e-02  2.49e+03   672s
[2025-09-20 12:21:38] DEBUG    75   2.29235553e+14 -2.41346477e+12  4.88e-04 1.64e-02  2.35e+03   682s
[2025-09-20 12:21:46] DEBUG    76   2.29177137e+14 -2.42595607e+12  4.88e-04 1.64e-02  2.28e+03   691s
[2025-09-20 12:21:57] DEBUG    77   2.29116640e+14 -2.43413957e+12  6.10e-04 1.64e-02  2.22e+03   701s
[2025-09-20 12:22:06] DEBUG    78   2.29020027e+14 -2.44578834e+12  6.10e-04 1.64e-02  2.12e+03   711s
[2025-09-20 12:22:16] DEBUG    79   2.28970613e+14 -2.45479904e+12  6.10e-04 1.64e-02  2.07e+03   721s
[2025-09-20 12:22:25] DEBUG    80   2.28944446e+14 -2.46182920e+12  6.10e-04 1.64e-02  2.04e+03   730s
[2025-09-20 12:22:34] DEBUG    81   2.28905223e+14 -2.46541344e+12  6.10e-04 1.64e-02  2.01e+03   739s
[2025-09-20 12:22:41] DEBUG    82   2.28880801e+14 -2.46997522e+12  6.10e-04 1.64e-02  1.99e+03   746s
[2025-09-20 12:22:50] DEBUG    83   2.28849218e+14 -2.47448534e+12  6.10e-04 1.64e-02  1.96e+03   755s
[2025-09-20 12:22:59] DEBUG    84   2.28821038e+14 -2.47977661e+12  7.32e-04 1.64e-02  1.93e+03   764s
[2025-09-20 12:23:07] DEBUG    85   2.28791601e+14 -2.48476998e+12  6.10e-04 1.64e-02  1.91e+03   772s
[2025-09-20 12:23:15] DEBUG    86   2.28767149e+14 -2.48789386e+12  6.10e-04 1.64e-02  1.89e+03   780s
[2025-09-20 12:23:29] DEBUG    87   2.28750275e+14 -2.48955305e+12  6.10e-04 1.64e-02  1.87e+03   794s
[2025-09-20 12:23:35] DEBUG    88   2.28725910e+14 -2.49233647e+12  6.10e-04 1.64e-02  1.85e+03   800s
[2025-09-20 12:23:43] DEBUG    89   2.28693066e+14 -2.49479729e+12  7.32e-04 1.64e-02  2.09e+03   808s
[2025-09-20 12:23:52] DEBUG    90   2.28668922e+14 -2.49855532e+12  6.10e-04 1.64e-02  2.07e+03   817s
[2025-09-20 12:24:01] DEBUG    91   2.28655508e+14 -2.50064501e+12  6.10e-04 1.64e-02  2.10e+03   826s
[2025-09-20 12:24:08] DEBUG    92   2.28638583e+14 -2.50306345e+12  6.10e-04 1.64e-02  2.08e+03   833s
[2025-09-20 12:24:18] DEBUG    93   2.28624210e+14 -2.50535112e+12  6.10e-04 1.64e-02  2.08e+03   843s
[2025-09-20 12:24:26] DEBUG    94   2.28602974e+14 -2.50832376e+12  7.32e-04 1.64e-02  2.06e+03   851s
[2025-09-20 12:24:37] DEBUG    95   2.28574357e+14 -2.51124461e+12  6.10e-04 1.64e-02  2.04e+03   862s
[2025-09-20 12:24:37] DEBUG    Barrier performed 95 iterations in 862.23 seconds (184.87 work units)
Numerical trouble encountered
[2025-09-20 12:24:37] DEBUG    Model may be infeasible or unbounded.  Consider using the
homogeneous algorithm (through parameter 'BarHomogeneous')
[2025-09-20 12:25:42] DEBUG    Waiting for other threads to finish...         927s
[2025-09-20 12:26:46] DEBUG    Waiting for other threads to finish...         991s
[2025-09-20 12:27:51] DEBUG    Waiting for other threads to finish...        1055s
[2025-09-20 12:28:55] DEBUG    Waiting for other threads to finish...        1120s
[2025-09-20 12:29:59] DEBUG    Waiting for other threads to finish...        1184s
[2025-09-20 12:31:04] DEBUG    Waiting for other threads to finish...        1249s
[2025-09-20 12:32:09] DEBUG    Waiting for other threads to finish...        1314s
[2025-09-20 12:33:14] DEBUG    Waiting for other threads to finish...        1378s
[2025-09-20 12:34:18] DEBUG    Waiting for other threads to finish...        1443s
[2025-09-20 12:35:22] DEBUG    Waiting for other threads to finish...        1507s
[2025-09-20 12:36:27] DEBUG    Waiting for other threads to finish...        1572s
[2025-09-20 12:37:31] DEBUG    Waiting for other threads to finish...        1636s
[2025-09-20 12:38:36] DEBUG    Waiting for other threads to finish...        1700s
[2025-09-20 12:39:40] DEBUG    Waiting for other threads to finish...        1765s
[2025-09-20 12:40:44] DEBUG    Waiting for other threads to finish...        1829s
[2025-09-20 12:41:49] DEBUG    Waiting for other threads to finish...        1894s
[2025-09-20 12:42:54] DEBUG    Waiting for other threads to finish...        1958s
[2025-09-20 12:43:58] DEBUG    Waiting for other threads to finish...        2023s
[2025-09-20 12:45:03] DEBUG    Waiting for other threads to finish...        2087s
[2025-09-20 12:46:07] DEBUG    Waiting for other threads to finish...        2152s
[2025-09-20 12:47:12] DEBUG    Waiting for other threads to finish...        2216s
[2025-09-20 12:48:16] DEBUG    Waiting for other threads to finish...        2281s
[2025-09-20 12:49:21] DEBUG    Waiting for other threads to finish...        2345s
[2025-09-20 12:50:25] DEBUG    Waiting for other threads to finish...        2410s
[2025-09-20 12:51:30] DEBUG    Waiting for other threads to finish...        2474s
[2025-09-20 12:52:34] DEBUG    Waiting for other threads to finish...        2539s
[2025-09-20 12:53:39] DEBUG    Waiting for other threads to finish...        2603s
[2025-09-20 12:54:43] DEBUG    Waiting for other threads to finish...        2668s
[2025-09-20 12:55:47] DEBUG    Waiting for other threads to finish...        2732s
[2025-09-20 12:56:52] DEBUG    Waiting for other threads to finish...        2797s
[2025-09-20 12:57:56] DEBUG    Waiting for other threads to finish...        2861s
[2025-09-20 12:59:01] DEBUG    Waiting for other threads to finish...        2926s
[2025-09-20 13:00:05] DEBUG    Waiting for other threads to finish...        2990s
[2025-09-20 13:01:10] DEBUG    Waiting for other threads to finish...        3055s
[2025-09-20 13:02:14] DEBUG    Waiting for other threads to finish...        3119s
[2025-09-20 13:03:19] DEBUG    Waiting for other threads to finish...        3184s
[2025-09-20 13:04:24] DEBUG    Waiting for other threads to finish...        3248s
[2025-09-20 13:05:28] DEBUG    Waiting for other threads to finish...        3313s
[2025-09-20 13:06:18] DEBUG    Solved with dual simplex
[2025-09-20 13:06:30] DEBUG    Iteration    Objective       Primal Inf.    Dual Inf.      Time
[2025-09-20 13:06:30] DEBUG    2468929    3.2059542e+10   0.000000e+00   0.000000e+00   3375s

Solved in 2468929 iterations and 3374.63 seconds (2294.53 work units)
[2025-09-20 13:06:30] DEBUG    Optimal objective  3.205954169e+10
❌ Errore nel run di autarky_VRES_2030_BESS: 'Model' object has no attribute 'backend_model'

🚀 Lancio scenario: autarky_VRES_2030_PHES
[2025-09-20 13:14:04] INFO     Loading sets
[2025-09-20 13:14:04] INFO     Loading parameters
[2025-09-20 13:14:40] INFO     constraints are loaded in the following order: ['energy_balance', 'dispatch', 'costs', 'capacity', 'network', 'policy', 'conversion', 'group', 'conversion_plus', 'milp', 'export']
[2025-09-20 13:14:40] INFO     creating energy_balance constraints
[2025-09-20 13:19:32] INFO     creating dispatch constraints
[2025-09-20 13:23:22] INFO     creating costs constraints
[2025-09-20 13:34:09] INFO     creating capacity constraints
[2025-09-20 13:34:09] INFO     creating network constraints
[2025-09-20 13:34:09] INFO     creating policy constraints
[2025-09-20 13:34:09] INFO     creating conversion constraints
[2025-09-20 13:34:09] INFO     creating group constraints
[2025-09-20 13:34:09] INFO     creating conversion_plus constraints
[2025-09-20 13:34:09] INFO     creating milp constraints
[2025-09-20 13:34:09] INFO     creating export constraints
[2025-09-20 13:46:35] DEBUG    Set parameter WLSAccessID
Set parameter WLSSecret
Set parameter LicenseID to value 2680226
[2025-09-20 13:46:35] DEBUG    Academic license 2680226 - for non-commercial use only - registered to an___@mail.polimi.it
[2025-09-20 13:47:11] DEBUG    Read LP format model from file /tmp/tmp16zt8g3v.pyomo.lp
[2025-09-20 13:47:11] DEBUG    Reading time = 35.47 seconds
x17347880: 23786572 rows, 17347880 columns, 57262372 nonzeros
Set parameter NumericFocus to value 1
Gurobi Optimizer version 12.0.2 build v12.0.2rc0 (linux64 - "Debian GNU/Linux 11 (bullseye)")

CPU model: Intel(R) Xeon(R) Silver 4314 CPU @ 2.40GHz, instruction set [SSE2|AVX|AVX2|AVX512]
Thread count: 32 physical cores, 64 logical processors, using up to 32 threads
[2025-09-20 13:47:11] DEBUG    Non-default parameters:
NumericFocus  1
[2025-09-20 13:47:11] DEBUG    Academic license 2680226 - for non-commercial use only - registered to an___@mail.polimi.it
Optimize a model with 23786572 rows, 17347880 columns and 57262372 nonzeros
[2025-09-20 13:47:12] DEBUG    Model fingerprint: 0x68e2a341
[2025-09-20 13:47:12] DEBUG    Coefficient statistics:
  Matrix range     [1e-07, 3e+02]
  Objective range  [1e+00, 1e+06]
  Bounds range     [0e+00, 0e+00]
  RHS range        [1e+00, 6e+09]
Warning: Model contains large rhs
[2025-09-20 13:47:18] DEBUG    Presolve removed 19711154 rows and 10688288 columns (presolve time = 6s)...
[2025-09-20 13:47:22] DEBUG    Presolve removed 19839155 rows and 12510000 columns (presolve time = 10s)...
[2025-09-20 13:47:28] DEBUG    Presolve removed 21733230 rows and 14358497 columns (presolve time = 16s)...
[2025-09-20 13:47:32] DEBUG    Presolve removed 22236188 rows and 14376017 columns (presolve time = 20s)...
[2025-09-20 13:47:32] DEBUG    Presolve removed 22376332 rows and 14376017 columns
[2025-09-20 13:47:32] DEBUG    Presolve time: 21.27s
Presolved: 1410240 rows, 3112007 columns, 8306123 nonzeros

Concurrent LP optimizer: primal simplex, dual simplex, and barrier
Showing barrier log only...
[2025-09-20 13:47:35] DEBUG    Ordering time: 0.87s
[2025-09-20 13:47:36] DEBUG    Barrier statistics:
 Dense cols : 108
 AA' NZ     : 7.679e+06
 Factor NZ  : 2.893e+07 (roughly 2.0 GB of memory)
[2025-09-20 13:47:36] DEBUG    Factor Ops : 1.364e+09 (less than 1 second per iteration)
 Threads    : 30
[2025-09-20 13:47:39] DEBUG    Objective                Residual
[2025-09-20 13:47:39] DEBUG    Iter       Primal          Dual         Primal    Dual     Compl     Time
[2025-09-20 13:47:40] DEBUG    0   4.99664883e+21 -1.84719812e+19  6.34e+10 4.45e-01  8.54e+15    29s
[2025-09-20 13:47:45] DEBUG    1   4.54690036e+21 -2.22489915e+19  5.69e+10 4.02e+05  7.15e+15    34s
[2025-09-20 13:47:51] DEBUG    2   4.38403301e+21 -9.10803820e+19  5.48e+10 2.89e+05  7.03e+15    40s
[2025-09-20 13:47:59] DEBUG    3   3.77547513e+21 -2.98993357e+20  4.66e+10 6.14e+04  6.17e+15    48s
[2025-09-20 13:48:05] DEBUG    4   3.82954556e+20 -2.92180481e+20  4.01e+09 1.70e+04  5.83e+14    54s
[2025-09-20 13:48:13] DEBUG    5   1.11635583e+20 -1.32695561e+20  1.08e+09 1.91e+03  1.62e+14    62s
[2025-09-20 13:48:19] DEBUG    6   6.98594176e+19 -5.71063109e+19  6.65e+08 3.11e+02  9.45e+13    68s
[2025-09-20 13:48:24] DEBUG    7   3.03486951e+19 -2.85150125e+19  2.81e+08 8.55e+01  3.97e+13    73s
[2025-09-20 13:48:28] DEBUG    8   1.79428456e+19 -1.57117288e+19  1.63e+08 3.64e+00  2.27e+13    77s
[2025-09-20 13:48:32] DEBUG    9   1.42719773e+19 -9.43871109e+18  1.28e+08 3.05e+00  1.71e+13    81s
[2025-09-20 13:48:36] DEBUG    10   7.58778908e+18 -5.70503675e+18  6.60e+07 1.93e+00  8.73e+12    85s
[2025-09-20 13:48:40] DEBUG    11   5.25748011e+18 -4.18586344e+18  4.47e+07 1.05e+00  5.83e+12    89s
[2025-09-20 13:48:44] DEBUG    12   4.53660209e+18 -3.70737706e+18  3.82e+07 8.22e-01  4.95e+12    93s
[2025-09-20 13:48:48] DEBUG    13   3.55619755e+18 -2.84030237e+18  2.94e+07 3.29e-04  3.74e+12    97s
[2025-09-20 13:48:52] DEBUG    14   1.35744288e+18 -1.56728831e+18  1.06e+07 2.07e-04  1.40e+12   101s
[2025-09-20 13:48:57] DEBUG    15   2.93321770e+17 -8.37228783e+17  2.10e+06 1.12e-04  3.47e+11   106s
[2025-09-20 13:49:01] DEBUG    16   1.48762111e+17 -4.66731421e+17  1.06e+06 5.17e-04  1.69e+11   110s
[2025-09-20 13:49:06] DEBUG    17   7.09740576e+16 -3.02271234e+17  4.93e+05 2.25e-04  8.85e+10   115s
[2025-09-20 13:49:09] DEBUG    18   4.79832051e+16 -1.52711979e+17  3.28e+05 6.27e-05  4.63e+10   118s
[2025-09-20 13:49:15] DEBUG    19   2.94026703e+16 -5.66810189e+16  2.01e+05 1.03e-05  1.95e+10   124s
[2025-09-20 13:49:22] DEBUG    20   1.57427903e+16 -2.80720879e+16  1.08e+05 2.04e-04  9.28e+09   131s
[2025-09-20 13:49:27] DEBUG    21   6.97614269e+15 -1.20788552e+16  4.72e+04 1.85e-04  3.68e+09   136s
[2025-09-20 13:49:31] DEBUG    22   3.23092249e+15 -8.32864257e+15  2.16e+04 1.36e-04  2.11e+09   140s
[2025-09-20 13:49:35] DEBUG    23   2.12031518e+15 -4.92981979e+15  1.40e+04 3.00e-04  1.25e+09   144s
[2025-09-20 13:49:39] DEBUG    24   1.74273138e+15 -4.18908634e+15  1.13e+04 3.12e-04  1.04e+09   148s
[2025-09-20 13:49:43] DEBUG    25   1.67069361e+15 -3.97191673e+15  1.08e+04 2.96e-04  9.88e+08   152s
[2025-09-20 13:49:49] DEBUG    26   7.51428174e+14 -3.24710362e+15  4.62e+03 3.15e-04  6.80e+08   158s
[2025-09-20 13:49:56] DEBUG    27   5.17573890e+14 -1.37162314e+15  3.00e+03 5.82e-04  3.19e+08   165s
[2025-09-20 13:50:03] DEBUG    28   4.27779790e+14 -9.68782419e+14  2.37e+03 1.17e-03  2.35e+08   172s
[2025-09-20 13:50:11] DEBUG    29   3.83243548e+14 -7.31051302e+14  2.09e+03 1.65e-03  1.87e+08   180s
[2025-09-20 13:50:17] DEBUG    30   3.04370533e+14 -5.53231618e+14  1.52e+03 2.24e-03  1.43e+08   186s
[2025-09-20 13:50:21] DEBUG    31   2.57849676e+14 -4.28117562e+14  1.19e+03 2.71e-03  1.14e+08   190s
[2025-09-20 13:50:27] DEBUG    32   2.32946051e+14 -3.52466370e+14  1.03e+03 3.04e-03  9.73e+07   196s
[2025-09-20 13:50:34] DEBUG    33   2.12686013e+14 -2.81785359e+14  8.89e+02 3.42e-03  8.21e+07   203s
[2025-09-20 13:50:43] DEBUG    34   1.54585209e+14 -1.21119134e+14  4.70e+02 4.42e-03  4.55e+07   212s
[2025-09-20 13:50:52] DEBUG    35   1.30346997e+14 -8.87434494e+13  3.04e+02 4.65e-03  3.60e+07   221s
[2025-09-20 13:51:01] DEBUG    36   1.13777601e+14 -5.61440163e+13  1.85e+02 4.90e-03  2.79e+07   230s
[2025-09-20 13:51:10] DEBUG    37   1.08163770e+14 -5.75920023e+12  1.44e+02 5.31e-03  1.86e+07   239s
[2025-09-20 13:51:18] DEBUG    38   1.00906563e+14  4.07965704e+13  9.28e+01 6.90e-03  9.67e+06   247s
[2025-09-20 13:51:26] DEBUG    39   9.51739789e+13  5.10117708e+13  5.74e+01 7.26e-03  7.04e+06   255s
[2025-09-20 13:51:32] DEBUG    40   9.37818517e+13  5.60391777e+13  4.79e+01 7.46e-03  5.98e+06   261s
[2025-09-20 13:51:36] DEBUG    41   9.20817736e+13  6.52447313e+13  3.57e+01 8.25e-03  4.18e+06   265s
[2025-09-20 13:51:40] DEBUG    42   9.17700441e+13  6.70705294e+13  3.35e+01 8.35e-03  3.83e+06   269s
[2025-09-20 13:51:47] DEBUG    43   9.13947164e+13  6.98543366e+13  3.09e+01 7.86e-03  3.31e+06   276s
[2025-09-20 13:51:54] DEBUG    44   9.02130704e+13  7.43123756e+13  2.33e+01 7.82e-03  2.39e+06   283s
[2025-09-20 13:52:02] DEBUG    45   8.99108248e+13  7.73011449e+13  2.18e+01 2.26e-02  1.84e+06   291s
[2025-09-20 13:52:09] DEBUG    46   8.90338933e+13  8.11969215e+13  1.66e+01 3.31e-02  1.06e+06   298s
[2025-09-20 13:52:17] DEBUG    47   8.81846093e+13  8.19193715e+13  1.20e+01 3.22e-02  8.09e+05   306s
[2025-09-20 13:52:24] DEBUG    48   8.76790173e+13  8.25105138e+13  9.30e+00 2.71e-02  6.35e+05   313s
[2025-09-20 13:52:30] DEBUG    49   8.74757932e+13  8.32437073e+13  8.35e+00 2.46e-02  4.82e+05   319s
[2025-09-20 13:52:37] DEBUG    50   8.71199417e+13  8.38561092e+13  6.36e+00 2.00e-02  3.29e+05   326s
[2025-09-20 13:52:43] DEBUG    51   8.68269484e+13  8.41309782e+13  4.97e+00 1.76e-02  2.42e+05   332s
[2025-09-20 13:52:50] DEBUG    52   8.66595158e+13  8.43484989e+13  4.18e+00 1.63e-02  1.84e+05   339s
[2025-09-20 13:52:56] DEBUG    53   8.64189505e+13  8.43912572e+13  3.04e+00 1.63e-02  1.48e+05   346s
[2025-09-20 13:53:03] DEBUG    54   8.63158499e+13  8.45293337e+13  2.55e+00 1.83e-02  1.13e+05   353s
[2025-09-20 13:53:10] DEBUG    55   8.61842464e+13  8.46255516e+13  1.99e+00 1.99e-02  8.38e+04   359s
[2025-09-20 13:53:17] DEBUG    56   8.60762786e+13  8.47063243e+13  1.58e+00 2.12e-02  6.04e+04   366s
[2025-09-20 13:53:24] DEBUG    57   8.60558848e+13  8.47453428e+13  1.50e+00 2.15e-02  5.21e+04   373s
[2025-09-20 13:53:31] DEBUG    58   8.59657243e+13  8.47571164e+13  1.20e+00 2.17e-02  4.32e+04   380s
[2025-09-20 13:53:38] DEBUG    59   8.59338440e+13  8.47735743e+13  1.10e+00 2.17e-02  3.81e+04   387s
[2025-09-20 13:53:45] DEBUG    60   8.59008714e+13  8.47868434e+13  1.00e+00 2.17e-02  3.38e+04   394s
[2025-09-20 13:53:53] DEBUG    61   8.58659228e+13  8.47933871e+13  9.03e-01 2.17e-02  3.06e+04   402s
[2025-09-20 13:54:00] DEBUG    62   8.58385433e+13  8.48020640e+13  8.31e-01 2.15e-02  2.75e+04   409s
[2025-09-20 13:54:06] DEBUG    63   8.58299363e+13  8.48075241e+13  8.09e-01 2.14e-02  2.61e+04   415s
[2025-09-20 13:54:13] DEBUG    64   8.58169213e+13  8.48103480e+13  7.76e-01 2.14e-02  2.50e+04   422s
[2025-09-20 13:54:18] DEBUG    65   8.58062050e+13  8.48140078e+13  7.49e-01 2.12e-02  2.39e+04   427s
[2025-09-20 13:54:25] DEBUG    66   8.57707512e+13  8.48187254e+13  6.64e-01 2.10e-02  2.13e+04   434s
[2025-09-20 13:54:32] DEBUG    67   8.57606569e+13  8.48214931e+13  6.42e-01 2.09e-02  2.04e+04   441s
[2025-09-20 13:54:38] DEBUG    68   8.57562216e+13  8.48226693e+13  6.32e-01 2.08e-02  2.00e+04   447s
[2025-09-20 13:54:44] DEBUG    69   8.57518732e+13  8.48239604e+13  6.22e-01 2.07e-02  1.96e+04   453s
[2025-09-20 13:54:51] DEBUG    70   8.57202425e+13  8.48261867e+13  5.55e-01 2.05e-02  1.78e+04   460s
[2025-09-20 13:54:57] DEBUG    71   8.57111235e+13  8.48277387e+13  5.37e-01 2.04e-02  1.72e+04   466s
[2025-09-20 13:55:05] DEBUG    72   8.57051988e+13  8.48285654e+13  5.25e-01 2.03e-02  1.68e+04   474s
[2025-09-20 13:55:11] DEBUG    73   8.57004709e+13  8.48293589e+13  5.16e-01 2.02e-02  1.65e+04   480s
[2025-09-20 13:55:18] DEBUG    74   8.56958653e+13  8.48302982e+13  5.07e-01 2.01e-02  1.62e+04   487s
[2025-09-20 13:55:24] DEBUG    75   8.56918932e+13  8.48312305e+13  4.99e-01 2.00e-02  1.59e+04   493s
[2025-09-20 13:55:31] DEBUG    76   8.56878551e+13  8.48325056e+13  4.91e-01 1.98e-02  1.55e+04   500s
[2025-09-20 13:55:36] DEBUG    77   8.56818585e+13  8.48336824e+13  4.80e-01 1.96e-02  1.51e+04   505s
[2025-09-20 13:55:42] DEBUG    78   8.56795935e+13  8.48342637e+13  4.76e-01 1.95e-02  1.49e+04   511s
[2025-09-20 13:55:48] DEBUG    79   8.56781406e+13  8.48354791e+13  4.73e-01 1.93e-02  1.47e+04   517s
[2025-09-20 13:55:55] DEBUG    80   8.56719723e+13  8.48363046e+13  4.61e-01 1.92e-02  1.43e+04   524s
[2025-09-20 13:56:00] DEBUG    81   8.56695897e+13  8.48369148e+13  4.57e-01 1.91e-02  1.41e+04   529s
[2025-09-20 13:56:06] DEBUG    82   8.56676397e+13  8.48376105e+13  4.53e-01 1.90e-02  1.39e+04   535s
[2025-09-20 13:56:12] DEBUG    83   8.56638310e+13  8.48387638e+13  4.46e-01 1.88e-02  1.36e+04   541s
[2025-09-20 13:56:20] DEBUG    84   8.56571050e+13  8.48400294e+13  4.34e-01 1.85e-02  1.32e+04   549s
[2025-09-20 13:56:27] DEBUG    85   8.56512911e+13  8.48414984e+13  4.23e-01 1.82e-02  1.27e+04   556s
[2025-09-20 13:56:34] DEBUG    86   8.56460679e+13  8.48429281e+13  4.14e-01 1.79e-02  1.23e+04   563s
[2025-09-20 13:56:40] DEBUG    87   8.56435118e+13  8.48433786e+13  4.10e-01 1.78e-02  1.21e+04   569s
[2025-09-20 13:56:45] DEBUG    88   8.56355076e+13  8.48441324e+13  3.96e-01 1.75e-02  1.17e+04   574s
[2025-09-20 13:56:52] DEBUG    89   8.56297829e+13  8.48453653e+13  3.86e-01 1.72e-02  1.13e+04   581s
[2025-09-20 13:56:57] DEBUG    90   8.56264437e+13  8.48458597e+13  3.80e-01 1.71e-02  1.11e+04   586s
[2025-09-20 13:57:05] DEBUG    91   8.56230196e+13  8.48467148e+13  3.74e-01 1.68e-02  1.09e+04   594s
[2025-09-20 13:57:11] DEBUG    92   8.56097993e+13  8.48481653e+13  3.52e-01 1.64e-02  1.02e+04   600s
[2025-09-20 13:57:18] DEBUG    93   8.56012573e+13  8.48491078e+13  3.38e-01 1.60e-02  9.75e+03   608s
[2025-09-20 13:57:25] DEBUG    94   8.55982282e+13  8.48497117e+13  3.33e-01 1.58e-02  9.56e+03   614s
[2025-09-20 13:57:31] DEBUG    95   8.55914606e+13  8.48503086e+13  3.23e-01 1.56e-02  9.24e+03   620s
[2025-09-20 13:57:37] DEBUG    96   8.55848601e+13  8.48507012e+13  3.13e-01 1.54e-02  8.99e+03   626s
[2025-09-20 13:57:44] DEBUG    97   8.55813483e+13  8.48516019e+13  3.07e-01 1.54e-02  8.74e+03   633s
[2025-09-20 13:57:51] DEBUG    98   8.55742660e+13  8.48520899e+13  2.97e-01 1.54e-02  8.44e+03   640s
[2025-09-20 13:57:59] DEBUG    99   8.55690798e+13  8.48529187e+13  2.89e-01 1.54e-02  8.15e+03   648s
[2025-09-20 13:58:07] DEBUG    100   8.55653318e+13  8.48535301e+13  2.84e-01 1.54e-02  7.94e+03   656s
[2025-09-20 13:58:14] DEBUG    101   8.55619487e+13  8.48539967e+13  2.79e-01 1.54e-02  7.77e+03   663s
[2025-09-20 13:58:21] DEBUG    102   8.55567020e+13  8.48545039e+13  2.72e-01 1.54e-02  7.54e+03   671s
[2025-09-20 13:58:28] DEBUG    103   8.55521223e+13  8.48549810e+13  2.66e-01 1.54e-02  7.34e+03   677s
[2025-09-20 13:58:36] DEBUG    104   8.55478548e+13  8.48554146e+13  2.60e-01 1.54e-02  7.15e+03   685s
[2025-09-20 13:58:43] DEBUG    105   8.55452623e+13  8.48558523e+13  2.56e-01 1.54e-02  7.01e+03   692s
[2025-09-20 13:58:50] DEBUG    106   8.55415381e+13  8.48564219e+13  2.52e-01 1.54e-02  6.82e+03   699s
[2025-09-20 13:58:56] DEBUG    107   8.55348091e+13  8.48569514e+13  2.43e-01 1.54e-02  6.56e+03   706s
[2025-09-20 13:59:04] DEBUG    108   8.55301937e+13  8.48573178e+13  2.37e-01 1.54e-02  6.38e+03   713s
[2025-09-20 13:59:10] DEBUG    109   8.55280833e+13  8.48575981e+13  2.34e-01 1.54e-02  6.29e+03   719s
[2025-09-20 13:59:17] DEBUG    110   8.55245446e+13  8.48579612e+13  2.30e-01 1.54e-02  6.14e+03   726s
[2025-09-20 13:59:24] DEBUG    111   8.55215080e+13  8.48581348e+13  2.26e-01 1.54e-02  6.04e+03   733s
[2025-09-20 13:59:32] DEBUG    112   8.55179815e+13  8.48585409e+13  2.22e-01 1.54e-02  5.89e+03   741s
[2025-09-20 13:59:39] DEBUG    113   8.55133882e+13  8.48587588e+13  2.17e-01 1.54e-02  5.74e+03   748s
[2025-09-20 13:59:46] DEBUG    114   8.55092659e+13  8.48592260e+13  2.12e-01 1.53e-02  5.57e+03   755s
[2025-09-20 13:59:53] DEBUG    115   8.55067351e+13  8.48593995e+13  2.09e-01 1.53e-02  5.49e+03   762s
[2025-09-20 13:59:58] DEBUG    116   8.55042417e+13  8.48595055e+13  2.06e-01 1.53e-02  5.42e+03   767s
[2025-09-20 14:00:06] DEBUG    117   8.54992807e+13  8.48596365e+13  2.01e-01 1.53e-02  5.29e+03   775s
[2025-09-20 14:00:12] DEBUG    118   8.54930986e+13  8.48600334e+13  1.94e-01 1.53e-02  5.08e+03   781s
[2025-09-20 14:00:18] DEBUG    119   8.54925316e+13  8.48602012e+13  1.93e-01 1.53e-02  5.04e+03   787s
[2025-09-20 14:00:25] DEBUG    120   8.54880201e+13  8.48603874e+13  1.89e-01 1.53e-02  4.92e+03   794s
[2025-09-20 14:00:31] DEBUG    121   8.54839030e+13  8.48604248e+13  1.84e-01 1.53e-02  4.90e+03   800s
[2025-09-20 14:00:37] DEBUG    122   8.54787948e+13  8.48608340e+13  1.79e-01 1.52e-02  4.73e+03   806s
[2025-09-20 14:00:44] DEBUG    123   8.54752757e+13  8.48611046e+13  1.76e-01 1.52e-02  4.61e+03   813s
[2025-09-20 14:00:51] DEBUG    124   8.54727177e+13  8.48612927e+13  1.73e-01 1.52e-02  4.53e+03   820s
[2025-09-20 14:00:58] DEBUG    125   8.54678759e+13  8.48615774e+13  1.68e-01 1.52e-02  4.38e+03   827s
[2025-09-20 14:01:05] DEBUG    126   8.54618924e+13  8.48617966e+13  1.63e-01 1.51e-02  4.23e+03   834s
[2025-09-20 14:01:12] DEBUG    127   8.54596629e+13  8.48618884e+13  1.60e-01 1.51e-02  4.17e+03   841s
[2025-09-20 14:01:19] DEBUG    128   8.54567943e+13  8.48620375e+13  1.58e-01 1.51e-02  4.09e+03   848s
[2025-09-20 14:01:24] DEBUG    129   8.54555294e+13  8.48621054e+13  1.57e-01 1.51e-02  4.06e+03   854s
[2025-09-20 14:01:30] DEBUG    130   8.54534028e+13  8.48621820e+13  1.55e-01 1.51e-02  4.01e+03   859s
[2025-09-20 14:01:37] DEBUG    131   8.54515604e+13  8.48622836e+13  1.53e-01 1.51e-02  3.96e+03   866s
[2025-09-20 14:01:44] DEBUG    132   8.54474677e+13  8.48625245e+13  1.49e-01 1.50e-02  3.85e+03   873s
[2025-09-20 14:01:52] DEBUG    133   8.54449082e+13  8.48626228e+13  1.47e-01 1.50e-02  3.79e+03   881s
[2025-09-20 14:01:59] DEBUG    134   8.54428625e+13  8.48627745e+13  1.45e-01 1.50e-02  3.73e+03   888s
[2025-09-20 14:02:06] DEBUG    135   8.54374678e+13  8.48629364e+13  1.41e-01 1.49e-02  3.61e+03   895s
[2025-09-20 14:02:14] DEBUG    136   8.54357113e+13  8.48630009e+13  1.39e-01 1.49e-02  3.57e+03   903s
[2025-09-20 14:02:19] DEBUG    137   8.54332450e+13  8.48630889e+13  1.37e-01 1.49e-02  3.51e+03   908s
[2025-09-20 14:02:26] DEBUG    138   8.54287569e+13  8.48632023e+13  1.33e-01 1.49e-02  3.42e+03   915s
[2025-09-20 14:02:33] DEBUG    139   8.54269013e+13  8.48633121e+13  1.32e-01 1.48e-02  3.37e+03   922s
[2025-09-20 14:02:40] DEBUG    140   8.54248541e+13  8.48634487e+13  1.30e-01 1.48e-02  3.31e+03   929s
[2025-09-20 14:02:47] DEBUG    141   8.54231387e+13  8.48636189e+13  1.29e-01 1.48e-02  3.25e+03   936s
[2025-09-20 14:02:54] DEBUG    142   8.54213595e+13  8.48637176e+13  1.28e-01 1.48e-02  3.21e+03   943s
[2025-09-20 14:03:01] DEBUG    143   8.54171423e+13  8.48638150e+13  1.24e-01 1.47e-02  3.13e+03   950s
[2025-09-20 14:03:06] DEBUG    144   8.54148083e+13  8.48638718e+13  1.23e-01 1.47e-02  3.08e+03   955s
[2025-09-20 14:03:14] DEBUG    145   8.54133644e+13  8.48640061e+13  1.21e-01 1.47e-02  3.04e+03   963s
[2025-09-20 14:03:21] DEBUG    146   8.54105678e+13  8.48640929e+13  1.19e-01 1.47e-02  2.98e+03   970s
[2025-09-20 14:03:29] DEBUG    147   8.54086870e+13  8.48642123e+13  1.18e-01 1.46e-02  2.93e+03   978s
[2025-09-20 14:03:36] DEBUG    148   8.54076660e+13  8.48642721e+13  1.17e-01 1.46e-02  2.90e+03   985s
[2025-09-20 14:03:43] DEBUG    149   8.54036372e+13  8.48643184e+13  1.14e-01 1.46e-02  2.84e+03   992s
[2025-09-20 14:03:48] DEBUG    150   8.54010215e+13  8.48643348e+13  1.12e-01 1.46e-02  2.81e+03   997s
[2025-09-20 14:03:56] DEBUG    151   8.53944744e+13  8.48644312e+13  1.08e-01 1.46e-02  2.70e+03  1005s
[2025-09-20 14:04:04] DEBUG    152   8.53933712e+13  8.48644833e+13  1.07e-01 1.45e-02  2.68e+03  1013s
[2025-09-20 14:04:11] DEBUG    153   8.53916054e+13  8.48645591e+13  1.06e-01 1.45e-02  2.64e+03  1020s
[2025-09-20 14:04:16] DEBUG    154   8.53912171e+13  8.48645883e+13  1.06e-01 1.45e-02  2.63e+03  1025s
[2025-09-20 14:04:24] DEBUG    155   8.53878324e+13  8.48647035e+13  1.03e-01 1.45e-02  2.56e+03  1033s
[2025-09-20 14:04:31] DEBUG    156   8.53863944e+13  8.48647503e+13  1.02e-01 1.45e-02  2.54e+03  1041s
[2025-09-20 14:04:39] DEBUG    157   8.53844242e+13  8.48648012e+13  1.01e-01 1.44e-02  2.50e+03  1048s
[2025-09-20 14:04:46] DEBUG    158   8.53835118e+13  8.48648677e+13  1.00e-01 1.44e-02  2.48e+03  1055s
[2025-09-20 14:04:52] DEBUG    159   8.53831562e+13  8.48649243e+13  1.00e-01 1.44e-02  2.47e+03  1061s
[2025-09-20 14:04:57] DEBUG    160   8.53827348e+13  8.48649427e+13  9.99e-02 1.44e-02  2.46e+03  1066s
[2025-09-20 14:05:12] DEBUG    161   8.53808672e+13  8.48650381e+13  9.87e-02 1.43e-02  2.42e+03  1081s
[2025-09-20 14:05:25] DEBUG    162   8.53761060e+13  8.48650747e+13  9.56e-02 1.43e-02  2.35e+03  1094s
[2025-09-20 14:05:39] DEBUG    163   8.53702262e+13  8.48651716e+13  9.20e-02 1.43e-02  2.26e+03  1108s
[2025-09-20 14:05:50] DEBUG    164   8.53656820e+13  8.48652603e+13  8.93e-02 1.42e-02  2.18e+03  1119s
[2025-09-20 14:05:55] DEBUG    165   8.53637997e+13  8.48652961e+13  8.82e-02 1.42e-02  2.15e+03  1124s
[2025-09-20 14:06:04] DEBUG    166   8.53592033e+13  8.48653776e+13  8.55e-02 1.42e-02  2.08e+03  1133s
[2025-09-20 14:06:11] DEBUG    167   8.53558146e+13  8.48654681e+13  8.36e-02 1.41e-02  2.03e+03  1140s
[2025-09-20 14:06:19] DEBUG    168   8.53532213e+13  8.48655808e+13  8.21e-02 1.41e-02  1.98e+03  1148s
[2025-09-20 14:06:28] DEBUG    169   8.53500806e+13  8.48656540e+13  8.04e-02 1.40e-02  1.93e+03  1157s
[2025-09-20 14:06:37] DEBUG    170   8.53481076e+13  8.48656959e+13  7.94e-02 1.40e-02  1.90e+03  1166s
[2025-09-20 14:06:44] DEBUG    171   8.53460434e+13  8.48657318e+13  7.83e-02 1.40e-02  1.87e+03  1173s
[2025-09-20 14:06:54] DEBUG    172   8.53448769e+13  8.48658074e+13  7.77e-02 1.41e-02  1.85e+03  1183s
[2025-09-20 14:07:02] DEBUG    173   8.53416752e+13  8.48658508e+13  7.60e-02 1.44e-02  1.80e+03  1191s
[2025-09-20 14:07:11] DEBUG    174   8.53389002e+13  8.48659240e+13  7.46e-02 1.50e-02  1.76e+03  1200s
[2025-09-20 14:07:20] DEBUG    175   8.53367297e+13  8.48659933e+13  7.35e-02 1.56e-02  1.72e+03  1209s
[2025-09-20 14:07:26] DEBUG    176   8.53354152e+13  8.48660303e+13  7.28e-02 1.58e-02  1.70e+03  1215s
[2025-09-20 14:07:34] DEBUG    177   8.53314418e+13  8.48660612e+13  7.08e-02 1.61e-02  1.66e+03  1223s
[2025-09-20 14:07:41] DEBUG    178   8.53304714e+13  8.48660867e+13  7.04e-02 1.63e-02  1.64e+03  1230s
[2025-09-20 14:07:51] DEBUG    179   8.53288612e+13  8.48661030e+13  6.96e-02 1.64e-02  1.62e+03  1240s
[2025-09-20 14:08:01] DEBUG    180   8.53268771e+13  8.48661378e+13  6.86e-02 1.68e-02  1.60e+03  1250s
[2025-09-20 14:08:08] DEBUG    181   8.53256838e+13  8.48661578e+13  6.80e-02 1.69e-02  1.59e+03  1257s
[2025-09-20 14:08:17] DEBUG    182   8.53215487e+13  8.48662051e+13  6.61e-02 1.73e-02  1.54e+03  1266s
[2025-09-20 14:08:29] DEBUG    183   8.53207186e+13  8.48662597e+13  6.57e-02 1.78e-02  1.52e+03  1278s
[2025-09-20 14:08:38] DEBUG    184   8.53183766e+13  8.48663005e+13  6.46e-02 1.81e-02  1.49e+03  1287s
[2025-09-20 14:08:45] DEBUG    185   8.53171197e+13  8.48663192e+13  6.40e-02 1.83e-02  1.48e+03  1294s
[2025-09-20 14:08:53] DEBUG    186   8.53153522e+13  8.48663503e+13  6.32e-02 1.85e-02  1.46e+03  1303s
[2025-09-20 14:09:00] DEBUG    187   8.53139250e+13  8.48663669e+13  6.26e-02 1.87e-02  1.44e+03  1310s
[2025-09-20 14:09:08] DEBUG    188   8.53115433e+13  8.48663870e+13  6.15e-02 1.88e-02  1.42e+03  1317s
[2025-09-20 14:09:16] DEBUG    189   8.53096028e+13  8.48664182e+13  6.07e-02 1.91e-02  1.39e+03  1325s
[2025-09-20 14:09:25] DEBUG    190   8.53067487e+13  8.48664522e+13  5.95e-02 1.93e-02  1.36e+03  1334s
[2025-09-20 14:09:32] DEBUG    191   8.53039005e+13  8.48664895e+13  5.82e-02 1.96e-02  1.33e+03  1341s
[2025-09-20 14:09:41] DEBUG    192   8.53013582e+13  8.48665157e+13  5.72e-02 1.98e-02  1.30e+03  1350s
[2025-09-20 14:09:49] DEBUG    193   8.52989454e+13  8.48665529e+13  5.61e-02 2.01e-02  1.27e+03  1358s
[2025-09-20 14:09:56] DEBUG    194   8.52973191e+13  8.48665693e+13  5.55e-02 2.03e-02  1.26e+03  1365s
[2025-09-20 14:10:05] DEBUG    195   8.52941665e+13  8.48666040e+13  5.42e-02 2.05e-02  1.22e+03  1374s
[2025-09-20 14:10:14] DEBUG    196   8.52918046e+13  8.48666390e+13  5.33e-02 2.08e-02  1.20e+03  1383s
[2025-09-20 14:10:23] DEBUG    197   8.52892555e+13  8.48666590e+13  5.23e-02 2.10e-02  1.17e+03  1392s
[2025-09-20 14:10:31] DEBUG    198   8.52873221e+13  8.48666876e+13  5.15e-02 2.12e-02  1.15e+03  1400s
[2025-09-20 14:10:38] DEBUG    199   8.52861193e+13  8.48667056e+13  5.10e-02 2.14e-02  1.14e+03  1407s
[2025-09-20 14:10:46] DEBUG    200   8.52845330e+13  8.48667208e+13  5.04e-02 2.15e-02  1.13e+03  1415s
[2025-09-20 14:10:53] DEBUG    201   8.52824070e+13  8.48667479e+13  4.96e-02 2.17e-02  1.11e+03  1422s
[2025-09-20 14:10:58] DEBUG    202   8.52812152e+13  8.48667576e+13  4.92e-02 2.18e-02  1.10e+03  1427s
[2025-09-20 14:11:05] DEBUG    203   8.52794399e+13  8.48667723e+13  4.85e-02 2.19e-02  1.08e+03  1434s
[2025-09-20 14:11:13] DEBUG    204   8.52781554e+13  8.48667828e+13  4.81e-02 2.20e-02  1.07e+03  1442s
[2025-09-20 14:11:18] DEBUG    205   8.52768742e+13  8.48667895e+13  4.76e-02 2.20e-02  1.06e+03  1447s
[2025-09-20 14:11:23] DEBUG    206   8.52754197e+13  8.48667947e+13  4.71e-02 2.21e-02  1.05e+03  1452s
[2025-09-20 14:11:32] DEBUG    207   8.52749169e+13  8.48668009e+13  4.69e-02 2.21e-02  1.05e+03  1461s
[2025-09-20 14:11:40] DEBUG    208   8.52733495e+13  8.48668131e+13  4.64e-02 2.22e-02  1.03e+03  1469s
[2025-09-20 14:11:48] DEBUG    209   8.52708471e+13  8.48668477e+13  4.55e-02 2.25e-02  1.01e+03  1477s
[2025-09-20 14:11:58] DEBUG    210   8.52699043e+13  8.48668604e+13  4.52e-02 2.26e-02  1.00e+03  1487s
[2025-09-20 14:12:05] DEBUG    211   8.52688472e+13  8.48668674e+13  4.48e-02 2.26e-02  9.92e+02  1494s
[2025-09-20 14:12:15] DEBUG    212   8.52663598e+13  8.48668836e+13  4.39e-02 2.27e-02  9.73e+02  1504s
[2025-09-20 14:12:25] DEBUG    213   8.52643295e+13  8.48669133e+13  4.32e-02 2.30e-02  9.54e+02  1514s
[2025-09-20 14:12:32] DEBUG    214   8.52622258e+13  8.48669318e+13  4.25e-02 2.31e-02  9.35e+02  1521s
[2025-09-20 14:12:40] DEBUG    215   8.52603360e+13  8.48669527e+13  4.19e-02 2.33e-02  9.19e+02  1529s
[2025-09-20 14:12:47] DEBUG    216   8.52579018e+13  8.48669651e+13  4.11e-02 2.34e-02  9.01e+02  1536s
[2025-09-20 14:12:56] DEBUG    217   8.52564764e+13  8.48669842e+13  4.07e-02 2.35e-02  8.89e+02  1545s
[2025-09-20 14:13:01] DEBUG    218   8.52548725e+13  8.48669888e+13  4.01e-02 2.36e-02  8.78e+02  1550s
[2025-09-20 14:13:06] DEBUG    219   8.52538015e+13  8.48669924e+13  3.98e-02 2.36e-02  8.71e+02  1555s
[2025-09-20 14:13:14] DEBUG    220   8.52524789e+13  8.48670093e+13  3.94e-02 2.37e-02  8.60e+02  1563s
[2025-09-20 14:13:24] DEBUG    221   8.52498861e+13  8.48670255e+13  3.86e-02 2.38e-02  8.42e+02  1573s
[2025-09-20 14:13:32] DEBUG    222   8.52474137e+13  8.48670401e+13  3.78e-02 2.39e-02  8.25e+02  1582s
[2025-09-20 14:13:39] DEBUG    223   8.52456163e+13  8.48670553e+13  3.73e-02 2.40e-02  8.11e+02  1588s
[2025-09-20 14:13:46] DEBUG    224   8.52444043e+13  8.48670684e+13  3.69e-02 2.41e-02  8.02e+02  1595s
[2025-09-20 14:13:55] DEBUG    225   8.52413350e+13  8.48670779e+13  3.60e-02 2.42e-02  7.82e+02  1604s
[2025-09-20 14:14:03] DEBUG    226   8.52395405e+13  8.48670896e+13  3.55e-02 2.42e-02  7.70e+02  1612s
[2025-09-20 14:14:13] DEBUG    227   8.52367508e+13  8.48671120e+13  3.47e-02 2.44e-02  7.50e+02  1622s
[2025-09-20 14:14:21] DEBUG    228   8.52330785e+13  8.48671357e+13  3.37e-02 2.45e-02  7.26e+02  1630s
[2025-09-20 14:14:27] DEBUG    229   8.52317997e+13  8.48671432e+13  3.34e-02 2.46e-02  7.18e+02  1636s
[2025-09-20 14:14:35] DEBUG    230   8.52305419e+13  8.48671505e+13  3.30e-02 2.46e-02  7.10e+02  1644s
[2025-09-20 14:14:40] DEBUG    231   8.52300161e+13  8.48671604e+13  3.29e-02 2.47e-02  7.06e+02  1650s
[2025-09-20 14:14:48] DEBUG    232   8.52281051e+13  8.48671684e+13  3.24e-02 2.47e-02  6.95e+02  1657s
[2025-09-20 14:14:54] DEBUG    233   8.52272408e+13  8.48671772e+13  3.22e-02 2.48e-02  6.91e+02  1663s
[2025-09-20 14:15:03] DEBUG    234   8.52264417e+13  8.48671837e+13  3.20e-02 2.48e-02  6.85e+02  1672s
[2025-09-20 14:15:11] DEBUG    235   8.52252875e+13  8.48671922e+13  3.17e-02 2.48e-02  6.79e+02  1680s
[2025-09-20 14:15:20] DEBUG    236   8.52241126e+13  8.48672081e+13  3.14e-02 2.49e-02  6.70e+02  1689s
[2025-09-20 14:15:29] DEBUG    237   8.52208655e+13  8.48672177e+13  3.05e-02 2.50e-02  6.53e+02  1698s
[2025-09-20 14:15:36] DEBUG    238   8.52196761e+13  8.48672203e+13  3.02e-02 2.50e-02  6.48e+02  1705s
[2025-09-20 14:15:46] DEBUG    239   8.52172897e+13  8.48672447e+13  2.97e-02 2.51e-02  6.32e+02  1715s
[2025-09-20 14:15:55] DEBUG    240   8.52160391e+13  8.48672607e+13  2.94e-02 2.52e-02  6.23e+02  1724s
[2025-09-20 14:16:05] DEBUG    241   8.52143333e+13  8.48672834e+13  2.89e-02 2.53e-02  6.12e+02  1734s
[2025-09-20 14:16:13] DEBUG    242   8.52111034e+13  8.48672912e+13  2.82e-02 2.53e-02  5.96e+02  1742s
[2025-09-20 14:16:21] DEBUG    243   8.52098283e+13  8.48672989e+13  2.79e-02 2.54e-02  5.89e+02  1750s
[2025-09-20 14:16:27] DEBUG    244   8.52095126e+13  8.48673012e+13  2.78e-02 2.54e-02  5.87e+02  1756s
[2025-09-20 14:16:35] DEBUG    245   8.52081335e+13  8.48673049e+13  2.75e-02 2.54e-02  5.81e+02  1764s
[2025-09-20 14:16:43] DEBUG    246   8.52061735e+13  8.48673173e+13  2.70e-02 2.55e-02  5.71e+02  1772s
[2025-09-20 14:16:51] DEBUG    247   8.52048592e+13  8.48673249e+13  2.68e-02 2.55e-02  5.65e+02  1780s
[2025-09-20 14:16:57] DEBUG    248   8.52044128e+13  8.48673320e+13  2.67e-02 2.55e-02  5.62e+02  1786s
[2025-09-20 14:17:04] DEBUG    249   8.52041271e+13  8.48673328e+13  2.66e-02 2.55e-02  5.60e+02  1793s
[2025-09-20 14:17:11] DEBUG    250   8.52024403e+13  8.48673418e+13  2.62e-02 2.56e-02  5.52e+02  1800s
[2025-09-20 14:17:19] DEBUG    251   8.52004912e+13  8.48673501e+13  2.58e-02 2.56e-02  5.43e+02  1808s
[2025-09-20 14:17:30] DEBUG    252   8.51992534e+13  8.48673576e+13  2.55e-02 2.56e-02  5.37e+02  1819s
[2025-09-20 14:17:30] DEBUG    Barrier performed 252 iterations in 1819.31 seconds (370.99 work units)
[2025-09-20 14:17:30] DEBUG    Sub-optimal termination - objective 8.52548725e+13
[2025-09-20 14:17:31] DEBUG    Crossover log...
[2025-09-20 14:17:31] DEBUG    573464 variables added to crossover basis                     1820s
[2025-09-20 14:17:31] DEBUG    827683 DPushes remaining with DInf 0.0000000e+00              1820s
[2025-09-20 14:17:36] DEBUG    485315 DPushes remaining with DInf 0.0000000e+00              1825s
[2025-09-20 14:17:41] DEBUG    465463 DPushes remaining with DInf 0.0000000e+00              1830s
[2025-09-20 14:17:46] DEBUG    447563 DPushes remaining with DInf 0.0000000e+00              1835s
[2025-09-20 14:17:51] DEBUG    405919 DPushes remaining with DInf 0.0000000e+00              1840s
[2025-09-20 14:17:56] DEBUG    373480 DPushes remaining with DInf 0.0000000e+00              1845s
[2025-09-20 14:18:01] DEBUG    344483 DPushes remaining with DInf 0.0000000e+00              1850s
[2025-09-20 14:18:06] DEBUG    315645 DPushes remaining with DInf 0.0000000e+00              1855s
[2025-09-20 14:18:11] DEBUG    292014 DPushes remaining with DInf 0.0000000e+00              1860s
[2025-09-20 14:18:16] DEBUG    270865 DPushes remaining with DInf 0.0000000e+00              1865s
[2025-09-20 14:18:21] DEBUG    248290 DPushes remaining with DInf 0.0000000e+00              1870s
[2025-09-20 14:18:26] DEBUG    228226 DPushes remaining with DInf 0.0000000e+00              1875s
[2025-09-20 14:18:31] DEBUG    208605 DPushes remaining with DInf 0.0000000e+00              1880s
[2025-09-20 14:18:36] DEBUG    192196 DPushes remaining with DInf 0.0000000e+00              1885s
[2025-09-20 14:18:41] DEBUG    179822 DPushes remaining with DInf 0.0000000e+00              1890s
[2025-09-20 14:18:46] DEBUG    167834 DPushes remaining with DInf 0.0000000e+00              1895s
[2025-09-20 14:18:51] DEBUG    153858 DPushes remaining with DInf 0.0000000e+00              1900s
[2025-09-20 14:18:56] DEBUG    136356 DPushes remaining with DInf 0.0000000e+00              1905s
[2025-09-20 14:19:01] DEBUG    119600 DPushes remaining with DInf 0.0000000e+00              1910s
[2025-09-20 14:19:06] DEBUG    103148 DPushes remaining with DInf 0.0000000e+00              1915s
[2025-09-20 14:19:11] DEBUG    87436 DPushes remaining with DInf 0.0000000e+00              1920s
[2025-09-20 14:19:16] DEBUG    69672 DPushes remaining with DInf 0.0000000e+00              1925s
[2025-09-20 14:19:21] DEBUG    52208 DPushes remaining with DInf 0.0000000e+00              1930s
[2025-09-20 14:19:26] DEBUG    39372 DPushes remaining with DInf 0.0000000e+00              1935s
[2025-09-20 14:19:31] DEBUG    30022 DPushes remaining with DInf 0.0000000e+00              1940s
[2025-09-20 14:19:36] DEBUG    18835 DPushes remaining with DInf 0.0000000e+00              1945s
[2025-09-20 14:19:41] DEBUG    11943 DPushes remaining with DInf 0.0000000e+00              1950s
[2025-09-20 14:19:46] DEBUG    0 DPushes remaining with DInf 0.0000000e+00              1955s
[2025-09-20 14:19:47] DEBUG    2566731 PPushes remaining with PInf 3.6577243e+00              1956s
[2025-09-20 14:19:57] DEBUG    1650314 PPushes remaining with PInf 0.0000000e+00              1966s
[2025-09-20 14:20:01] DEBUG    1088312 PPushes remaining with PInf 0.0000000e+00              1970s
[2025-09-20 14:20:06] DEBUG    803983 PPushes remaining with PInf 0.0000000e+00              1975s
[2025-09-20 14:20:11] DEBUG    612802 PPushes remaining with PInf 0.0000000e+00              1980s
[2025-09-20 14:20:16] DEBUG    484746 PPushes remaining with PInf 0.0000000e+00              1985s
[2025-09-20 14:20:21] DEBUG    379210 PPushes remaining with PInf 0.0000000e+00              1990s
[2025-09-20 14:20:26] DEBUG    308658 PPushes remaining with PInf 4.2440902e-06              1995s
[2025-09-20 14:20:31] DEBUG    243410 PPushes remaining with PInf 6.7069522e-06              2000s
[2025-09-20 14:20:36] DEBUG    194663 PPushes remaining with PInf 9.7710888e-06              2005s
[2025-09-20 14:20:41] DEBUG    159048 PPushes remaining with PInf 1.0085631e-05              2010s
[2025-09-20 14:20:46] DEBUG    133977 PPushes remaining with PInf 1.6835920e-05              2015s
[2025-09-20 14:20:51] DEBUG    106225 PPushes remaining with PInf 7.4067204e-06              2020s
[2025-09-20 14:20:56] DEBUG    88535 PPushes remaining with PInf 8.5424044e-06              2025s
[2025-09-20 14:21:01] DEBUG    73040 PPushes remaining with PInf 1.0354977e-05              2030s
[2025-09-20 14:21:06] DEBUG    56090 PPushes remaining with PInf 3.0785576e-06              2035s
[2025-09-20 14:21:11] DEBUG    42332 PPushes remaining with PInf 8.7080475e-06              2040s
[2025-09-20 14:21:16] DEBUG    27340 PPushes remaining with PInf 1.6601097e-05              2045s
[2025-09-20 14:21:21] DEBUG    11846 PPushes remaining with PInf 1.1660950e-05              2050s
[2025-09-20 14:21:26] DEBUG    0 PPushes remaining with PInf 8.0419464e-06              2055s
[2025-09-20 14:21:27] DEBUG    Push phase complete: Pinf 8.0419464e-06, Dinf 1.2468336e+07   2056s
[2025-09-20 14:21:27] DEBUG    Iteration    Objective       Primal Inf.    Dual Inf.      Time
 3016767    8.5250034e+13   0.000000e+00   1.246834e+07   2056s
[2025-09-20 14:21:33] DEBUG    3018576    8.5208411e+13   2.220855e-05   3.131213e+07   2062s
[2025-09-20 14:21:37] DEBUG    3019790    8.5200928e+13   0.000000e+00   2.406507e+06   2066s
[2025-09-20 14:21:41] DEBUG    3020892    8.5197075e+13   5.790405e-05   6.802302e+07   2070s
[2025-09-20 14:21:48] DEBUG    3022602    8.5192829e+13   0.000000e+00   3.992942e+06   2077s
[2025-09-20 14:21:52] DEBUG    3023776    8.5190449e+13   0.000000e+00   2.964437e+06   2081s
[2025-09-20 14:21:57] DEBUG    3024874    8.5180826e+13   1.809502e-06   1.020088e+07   2086s
[2025-09-20 14:22:02] DEBUG    3025778    8.5172819e+13   1.194554e-06   6.566118e+06   2091s
[2025-09-20 14:22:07] DEBUG    3026715    8.5168800e+13   1.088528e-06   8.174270e+06   2096s
[2025-09-20 14:22:12] DEBUG    3027532    8.5165044e+13   3.424160e-06   1.699179e+07   2101s
[2025-09-20 14:22:16] DEBUG    3028548    8.5152465e+13   1.385400e-06   7.245477e+06   2105s
[2025-09-20 14:22:21] DEBUG    3029535    8.5149126e+13   1.140658e-05   2.617351e+07   2110s
[2025-09-20 14:22:29] DEBUG    3030994    8.5137771e+13   6.562858e-06   2.501184e+07   2118s
[2025-09-20 14:22:31] DEBUG    3031524    8.5133594e+13   0.000000e+00   1.189356e+07   2120s
[2025-09-20 14:22:36] DEBUG    3032298    8.5129978e+13   0.000000e+00   7.564648e+06   2125s
[2025-09-20 14:22:43] DEBUG    3033893    8.5100288e+13   0.000000e+00   2.683249e+06   2132s
[2025-09-20 14:22:52] DEBUG    3034605    8.5092284e+13   0.000000e+00   6.197054e+06   2142s
[2025-09-20 14:22:57] DEBUG    3035565    8.5086028e+13   0.000000e+00   3.330993e+06   2146s
[2025-09-20 14:23:01] DEBUG    3036577    8.5077115e+13   0.000000e+00   2.911352e+06   2150s
[2025-09-20 14:23:07] DEBUG    3038184    8.5057179e+13   0.000000e+00   3.116165e+06   2156s
[2025-09-20 14:23:11] DEBUG    3039150    8.5043521e+13   0.000000e+00   2.948623e+06   2160s
[2025-09-20 14:23:22] DEBUG    3039588    8.5041372e+13   0.000000e+00   1.896503e+07   2171s
[2025-09-20 14:23:28] DEBUG    3040082    8.5041120e+13   0.000000e+00   6.919157e+06   2177s
[2025-09-20 14:23:33] DEBUG    3041124    8.5040874e+13   0.000000e+00   7.499921e+06   2182s
[2025-09-20 14:23:38] DEBUG    3042071    8.5040136e+13   0.000000e+00   4.580814e+06   2187s
[2025-09-20 14:23:41] DEBUG    3042395    8.5039633e+13   0.000000e+00   9.817933e+06   2190s
[2025-09-20 14:23:49] DEBUG    3042555    8.5039628e+13   0.000000e+00   4.022999e+06   2198s
[2025-09-20 14:23:56] DEBUG    3042745    8.5039623e+13   0.000000e+00   1.480226e+07   2205s
[2025-09-20 14:24:02] DEBUG    3043198    8.5036458e+13   0.000000e+00   3.642863e+06   2211s
[2025-09-20 14:24:06] DEBUG    3044236    8.5025885e+13   0.000000e+00   1.989824e+06   2215s
[2025-09-20 14:24:13] DEBUG    3044536    8.5025405e+13   0.000000e+00   1.120773e+07   2222s
[2025-09-20 14:24:17] DEBUG    3045452    8.5022007e+13   0.000000e+00   2.955293e+06   2227s
[2025-09-20 14:24:22] DEBUG    3046373    8.5021346e+13   0.000000e+00   2.788738e+06   2231s
[2025-09-20 14:24:26] DEBUG    3047351    8.5016179e+13   0.000000e+00   2.907006e+06   2235s
[2025-09-20 14:24:32] DEBUG    3048961    8.4995397e+13   0.000000e+00   2.848188e+06   2241s
[2025-09-20 14:24:37] DEBUG    3050477    8.4979839e+13   0.000000e+00   3.283881e+06   2247s
[2025-09-20 14:24:42] DEBUG    3051352    8.4971093e+13   0.000000e+00   3.321248e+06   2251s
[2025-09-20 14:24:51] DEBUG    3051858    8.4968013e+13   0.000000e+00   9.994631e+06   2260s
[2025-09-20 14:24:57] DEBUG    3052048    8.4968009e+13   0.000000e+00   2.922037e+06   2266s
[2025-09-20 14:25:07] DEBUG    3052358    8.4968002e+13   0.000000e+00   9.528563e+06   2276s
[2025-09-20 14:25:13] DEBUG    3052558    8.4967998e+13   0.000000e+00   1.145748e+07   2282s
[2025-09-20 14:25:17] DEBUG    3052658    8.4967997e+13   0.000000e+00   4.005440e+06   2286s
[2025-09-20 14:25:23] DEBUG    3052838    8.4967993e+13   0.000000e+00   9.594720e+06   2292s
[2025-09-20 14:25:26] DEBUG    3052938    8.4967992e+13   0.000000e+00   1.666134e+07   2295s
[2025-09-20 14:25:33] DEBUG    3053118    8.4967989e+13   0.000000e+00   2.932554e+06   2302s
[2025-09-20 14:25:38] DEBUG    3053704    8.4966290e+13   0.000000e+00   1.834965e+06   2307s
[2025-09-20 14:25:42] DEBUG    3054354    8.4964355e+13   0.000000e+00   4.692333e+06   2311s
[2025-09-20 14:25:49] DEBUG    3054594    8.4964352e+13   0.000000e+00   3.425090e+06   2318s
[2025-09-20 14:25:52] DEBUG    3054694    8.4964351e+13   0.000000e+00   5.052341e+06   2321s
[2025-09-20 14:25:58] DEBUG    3054904    8.4964347e+13   0.000000e+00   2.797086e+06   2327s
[2025-09-20 14:26:04] DEBUG    3055144    8.4964344e+13   0.000000e+00   2.553250e+06   2333s
[2025-09-20 14:26:07] DEBUG    3055264    8.4964342e+13   0.000000e+00   2.680631e+06   2336s
[2025-09-20 14:26:13] DEBUG    3055464    8.4964340e+13   0.000000e+00   4.833194e+06   2342s
[2025-09-20 14:26:16] DEBUG    3055564    8.4964338e+13   0.000000e+00   3.441216e+06   2345s
[2025-09-20 14:26:23] DEBUG    3055774    8.4964336e+13   0.000000e+00   5.093884e+06   2352s
[2025-09-20 14:26:28] DEBUG    3056271    8.4964217e+13   0.000000e+00   3.092482e+06   2357s
[2025-09-20 14:26:31] DEBUG    3056411    8.4964194e+13   0.000000e+00   8.754023e+06   2360s
[2025-09-20 14:26:38] DEBUG    3056631    8.4964191e+13   0.000000e+00   1.151797e+07   2367s
[2025-09-20 14:26:44] DEBUG    3056851    8.4964188e+13   0.000000e+00   1.317990e+07   2373s
[2025-09-20 14:26:47] DEBUG    3056991    8.4964186e+13   0.000000e+00   2.850033e+06   2376s
[2025-09-20 14:26:49] DEBUG    Solved with dual simplex
[2025-09-20 14:26:59] DEBUG    Iteration    Objective       Primal Inf.    Dual Inf.      Time
[2025-09-20 14:26:59] DEBUG    1811524    8.4869898e+13   0.000000e+00   0.000000e+00   2388s

Solved in 1811524 iterations and 2388.27 seconds (1047.78 work units)
[2025-09-20 14:26:59] DEBUG    Optimal objective  8.486989830e+13
❌ Errore nel run di autarky_VRES_2030_PHES: 'Model' object has no attribute 'backend_model'

🚀 Lancio scenario: autarky_VRES_2030_nostorage
[2025-09-20 14:37:21] INFO     Loading sets
[2025-09-20 14:37:21] INFO     Loading parameters
[2025-09-20 14:37:55] INFO     constraints are loaded in the following order: ['energy_balance', 'dispatch', 'costs', 'capacity', 'network', 'policy', 'conversion', 'group', 'conversion_plus', 'milp', 'export']
[2025-09-20 14:37:55] INFO     creating energy_balance constraints
[2025-09-20 14:40:51] INFO     creating dispatch constraints
[2025-09-20 14:45:54] INFO     creating costs constraints
[2025-09-20 14:54:02] INFO     creating capacity constraints
[2025-09-20 14:54:02] INFO     creating network constraints
[2025-09-20 14:54:02] INFO     creating policy constraints
[2025-09-20 14:54:02] INFO     creating conversion constraints
[2025-09-20 14:54:02] INFO     creating group constraints
[2025-09-20 14:54:02] INFO     creating conversion_plus constraints
[2025-09-20 14:54:02] INFO     creating milp constraints
[2025-09-20 14:54:02] INFO     creating export constraints
[2025-09-20 15:06:11] DEBUG    Set parameter WLSAccessID
Set parameter WLSSecret
Set parameter LicenseID to value 2680226
[2025-09-20 15:06:11] DEBUG    Academic license 2680226 - for non-commercial use only - registered to an___@mail.polimi.it
[2025-09-20 15:06:43] DEBUG    Read LP format model from file /tmp/tmp5_3n8xmw.pyomo.lp
Reading time = 31.52 seconds
x15656972: 21429831 rows, 15656972 columns, 50779368 nonzeros
[2025-09-20 15:06:43] DEBUG    Set parameter NumericFocus to value 1
Gurobi Optimizer version 12.0.2 build v12.0.2rc0 (linux64 - "Debian GNU/Linux 11 (bullseye)")

CPU model: Intel(R) Xeon(R) Silver 4314 CPU @ 2.40GHz, instruction set [SSE2|AVX|AVX2|AVX512]
Thread count: 32 physical cores, 64 logical processors, using up to 32 threads

Non-default parameters:
NumericFocus  1
[2025-09-20 15:06:43] DEBUG    Academic license 2680226 - for non-commercial use only - registered to an___@mail.polimi.it
Optimize a model with 21429831 rows, 15656972 columns and 50779368 nonzeros
[2025-09-20 15:06:43] DEBUG    Model fingerprint: 0x4fad90ba
[2025-09-20 15:06:43] DEBUG    Coefficient statistics:
  Matrix range     [1e-07, 3e+02]
  Objective range  [1e+00, 1e+06]
  Bounds range     [0e+00, 0e+00]
  RHS range        [1e+00, 2e+08]
[2025-09-20 15:06:49] DEBUG    Presolve removed 18630745 rows and 10086541 columns (presolve time = 5s)...
[2025-09-20 15:06:54] DEBUG    Presolve removed 20408121 rows and 13509840 columns (presolve time = 10s)...
[2025-09-20 15:06:59] DEBUG    Presolve removed 21042423 rows and 13529692 columns
[2025-09-20 15:06:59] DEBUG    Presolve time: 16.00s
Presolved: 387408 rows, 2267424 columns, 3800524 nonzeros

Concurrent LP optimizer: primal simplex, dual simplex, and barrier
Showing barrier log only...
[2025-09-20 15:06:59] DEBUG    Ordering time: 0.25s
[2025-09-20 15:07:00] DEBUG    Barrier statistics:
 Dense cols : 81
 AA' NZ     : 1.207e+06
 Factor NZ  : 6.278e+06 (roughly 1.1 GB of memory)
 Factor Ops : 1.250e+08 (less than 1 second per iteration)
[2025-09-20 15:07:00] DEBUG    Threads    : 1
[2025-09-20 15:07:00] DEBUG    Objective                Residual
Iter       Primal          Dual         Primal    Dual     Compl     Time
[2025-09-20 15:07:00] DEBUG    0   4.21747871e+21 -2.42057913e+21  6.34e+10 1.31e+06  1.18e+18    18s
[2025-09-20 15:07:01] DEBUG    1   4.18469523e+21 -2.55558489e+21  2.67e+10 4.27e+07  4.99e+17    18s
[2025-09-20 15:07:02] DEBUG    2   3.95228582e+21 -1.84925258e+21  7.53e+09 4.70e+06  1.34e+17    19s
[2025-09-20 15:07:02] DEBUG    3   2.73628773e+21 -1.38951125e+21  1.59e+09 7.23e+04  2.83e+16    20s
[2025-09-20 15:07:03] DEBUG    4   7.49046468e+19 -1.02876714e+21  1.96e+05 8.57e+02  2.77e+14    20s
[2025-09-20 15:07:04] DEBUG    5   2.38385457e+19 -2.83467746e+20  5.85e+04 2.28e+01  7.67e+13    21s
[2025-09-20 15:07:04] DEBUG    6   1.12697292e+19 -6.61537824e+19  2.71e+04 2.15e-06  1.94e+13    22s
[2025-09-20 15:07:05] DEBUG    7   4.60707704e+18 -1.12099322e+19  1.07e+04 3.81e-06  3.95e+12    22s
[2025-09-20 15:07:05] DEBUG    8   2.07149658e+18 -4.32267117e+18  4.47e+03 1.91e-06  1.59e+12    22s
[2025-09-20 15:07:06] DEBUG    9   1.39066689e+18 -1.07653416e+18  3.03e+03 2.98e-06  6.14e+11    23s
[2025-09-20 15:07:06] DEBUG    10   6.48288671e+17 -4.71517674e+17  1.43e+03 3.93e-06  2.78e+11    24s
[2025-09-20 15:07:07] DEBUG    11   3.96648956e+17 -3.13719900e+17  9.10e+02 5.84e-06  1.76e+11    25s
[2025-09-20 15:07:08] DEBUG    12   2.60434531e+17 -1.44360593e+17  6.00e+02 2.38e-06  1.00e+11    25s
[2025-09-20 15:07:08] DEBUG    13   1.48312522e+17 -7.41413775e+16  3.38e+02 6.56e-07  5.51e+10    26s
[2025-09-20 15:07:09] DEBUG    14   8.80770890e+16 -4.78861195e+16  1.94e+02 3.58e-07  3.37e+10    26s
[2025-09-20 15:07:09] DEBUG    15   5.88622023e+16 -3.04556598e+16  1.23e+02 2.62e-06  2.21e+10    27s
[2025-09-20 15:07:10] DEBUG    16   2.97033582e+16 -1.95062443e+16  5.18e+01 7.15e-07  1.22e+10    27s
[2025-09-20 15:07:10] DEBUG    17   2.27095105e+16 -1.01177046e+16  3.51e+01 3.58e-06  8.13e+09    28s
[2025-09-20 15:07:11] DEBUG    18   1.84462899e+16 -5.47031937e+15  2.48e+01 4.53e-06  5.92e+09    28s
[2025-09-20 15:07:12] DEBUG    19   1.47527697e+16 -2.20706172e+15  1.62e+01 7.15e-07  4.20e+09    29s
[2025-09-20 15:07:12] DEBUG    20   1.29722775e+16  7.38546896e+14  1.21e+01 3.81e-06  3.03e+09    30s
[2025-09-20 15:07:13] DEBUG    21   1.17808292e+16  2.33730290e+15  9.29e+00 1.07e-06  2.34e+09    30s
[2025-09-20 15:07:14] DEBUG    22   1.00717344e+16  3.61916506e+15  5.09e+00 3.81e-06  1.60e+09    31s
[2025-09-20 15:07:15] DEBUG    23   9.28691815e+15  4.94799733e+15  3.24e+00 7.81e-08  1.07e+09    32s
[2025-09-20 15:07:16] DEBUG    24   8.78759671e+15  5.91034948e+15  1.99e+00 2.03e-06  7.12e+08    33s
[2025-09-20 15:07:17] DEBUG    25   8.50336941e+15  6.82976608e+15  1.28e+00 5.25e-06  4.14e+08    34s
[2025-09-20 15:07:18] DEBUG    26   8.33585865e+15  7.17973094e+15  8.93e-01 4.05e-06  2.86e+08    35s
[2025-09-20 15:07:18] DEBUG    27   8.30896681e+15  7.37778258e+15  8.18e-01 1.07e-06  2.30e+08    36s
[2025-09-20 15:07:19] DEBUG    28   8.25892008e+15  7.48903714e+15  6.80e-01 4.77e-07  1.91e+08    36s
[2025-09-20 15:07:19] DEBUG    29   8.23108549e+15  7.56548531e+15  6.03e-01 2.38e-06  1.65e+08    37s
[2025-09-20 15:07:20] DEBUG    30   8.21624954e+15  7.60186843e+15  5.62e-01 2.86e-06  1.52e+08    37s
[2025-09-20 15:07:20] DEBUG    31   8.18268790e+15  7.64657302e+15  4.80e-01 1.67e-06  1.33e+08    38s
[2025-09-20 15:07:21] DEBUG    32   8.14775066e+15  7.71021462e+15  4.01e-01 1.43e-06  1.08e+08    39s
[2025-09-20 15:07:22] DEBUG    33   8.10583456e+15  7.73355200e+15  2.98e-01 6.56e-07  9.21e+07    39s
[2025-09-20 15:07:23] DEBUG    34   8.09339053e+15  7.80164555e+15  2.61e-01 4.29e-06  7.22e+07    40s
[2025-09-20 15:07:24] DEBUG    35   8.07048461e+15  7.84989925e+15  1.89e-01 1.91e-06  5.46e+07    41s
[2025-09-20 15:07:24] DEBUG    36   8.06434465e+15  7.86354076e+15  1.73e-01 3.10e-06  4.97e+07    42s
[2025-09-20 15:07:25] DEBUG    37   8.05592791e+15  7.88123759e+15  1.46e-01 2.62e-06  4.32e+07    43s
[2025-09-20 15:07:26] DEBUG    38   8.04275199e+15  7.90882588e+15  1.10e-01 5.96e-07  3.31e+07    43s
[2025-09-20 15:07:27] DEBUG    39   8.03629753e+15  7.92667488e+15  8.87e-02 2.26e-06  2.71e+07    44s
[2025-09-20 15:07:27] DEBUG    40   8.03152151e+15  7.93704964e+15  7.30e-02 1.37e-06  2.34e+07    45s
[2025-09-20 15:07:28] DEBUG    41   8.02760947e+15  7.94285593e+15  6.07e-02 4.77e-07  2.10e+07    46s
[2025-09-20 15:07:29] DEBUG    42   8.02550687e+15  7.94879361e+15  5.39e-02 6.20e-06  1.90e+07    46s
[2025-09-20 15:07:30] DEBUG    43   8.02511303e+15  7.95014808e+15  5.28e-02 4.05e-06  1.86e+07    47s
[2025-09-20 15:07:31] DEBUG    44   8.01931898e+15  7.96078569e+15  3.36e-02 8.34e-07  1.45e+07    48s
[2025-09-20 15:07:31] DEBUG    45   8.01574429e+15  7.98203831e+15  2.14e-02 1.43e-06  8.34e+06    49s
[2025-09-20 15:07:32] DEBUG    46   8.01314140e+15  7.99089729e+15  1.27e-02 2.50e-06  5.51e+06    50s
[2025-09-20 15:07:33] DEBUG    47   8.01232537e+15  8.00486321e+15  9.85e-03 9.54e-07  1.85e+06    50s
[2025-09-20 15:07:33] DEBUG    48   8.00955341e+15  8.00593516e+15  8.82e-04 5.32e-06  8.96e+05    51s
[2025-09-20 15:07:34] DEBUG    49   8.00943375e+15  8.00681672e+15  5.55e-04 1.88e-05  6.48e+05    51s
[2025-09-20 15:07:34] DEBUG    50   8.00940005e+15  8.00729814e+15  4.65e-04 3.44e-05  5.20e+05    52s
[2025-09-20 15:07:35] DEBUG    51   8.00939224e+15  8.00733874e+15  4.44e-04 3.58e-05  5.08e+05    52s
[2025-09-20 15:07:35] DEBUG    52   8.00938239e+15  8.00798649e+15  4.17e-04 6.56e-05  3.45e+05    53s
[2025-09-20 15:07:36] DEBUG    53   8.00928356e+15  8.00823082e+15  1.53e-04 8.45e-05  2.61e+05    53s
[2025-09-20 15:07:36] DEBUG    54   8.00923786e+15  8.00872988e+15  3.34e-05 1.57e-04  1.26e+05    54s
[2025-09-20 15:07:37] DEBUG    55   8.00923341e+15  8.00878659e+15  2.42e-05 1.48e-04  1.11e+05    54s
[2025-09-20 15:07:37] DEBUG    56   8.00923114e+15  8.00897123e+15  1.97e-05 1.43e-04  6.43e+04    55s
[2025-09-20 15:07:38] DEBUG    57   8.00922846e+15  8.00907599e+15  1.46e-05 1.55e-04  3.77e+04    55s
[2025-09-20 15:07:39] DEBUG    58   8.00922685e+15  8.00915181e+15  1.21e-05 1.51e-04  1.86e+04    56s
[2025-09-20 15:07:39] DEBUG    59   8.00922424e+15  8.00918733e+15  8.51e-06 1.21e-04  9.14e+03    57s
[2025-09-20 15:07:40] DEBUG    60   8.00922284e+15  8.00919834e+15  6.96e-06 9.71e-05  6.06e+03    58s
[2025-09-20 15:07:41] DEBUG    61   8.00921979e+15  8.00920605e+15  3.99e-06 5.44e-05  3.40e+03    59s
[2025-09-20 15:07:42] DEBUG    62   8.00921868e+15  8.00920935e+15  3.81e-06 3.47e-05  2.31e+03    60s
[2025-09-20 15:07:43] DEBUG    63   8.00921808e+15  8.00921135e+15  3.81e-06 2.43e-05  1.66e+03    61s
[2025-09-20 15:07:44] DEBUG    64   8.00921660e+15  8.00921238e+15  2.86e-06 2.43e-05  1.05e+03    62s
[2025-09-20 15:07:45] DEBUG    65   8.00921583e+15  8.00921306e+15  2.86e-06 2.47e-05  6.87e+02    63s
[2025-09-20 15:07:46] DEBUG    66   8.00921540e+15  8.00921352e+15  1.91e-06 2.48e-05  4.66e+02    64s
[2025-09-20 15:07:47] DEBUG    67   8.00921508e+15  8.00921378e+15  1.91e-06 2.47e-05  3.23e+02    65s
[2025-09-20 15:07:48] DEBUG    68   8.00921483e+15  8.00921395e+15  1.91e-06 2.48e-05  2.20e+02    66s
[2025-09-20 15:07:49] DEBUG    69   8.00921468e+15  8.00921406e+15  2.86e-06 2.46e-05  1.54e+02    67s
[2025-09-20 15:07:50] DEBUG    70   8.00921454e+15  8.00921414e+15  1.91e-06 2.44e-05  9.95e+01    68s
[2025-09-20 15:07:51] DEBUG    71   8.00921446e+15  8.00921419e+15  3.81e-06 2.36e-05  6.68e+01    69s
[2025-09-20 15:07:52] DEBUG    72   8.00921440e+15  8.00921422e+15  1.91e-06 2.27e-05  4.34e+01    70s
[2025-09-20 15:07:53] DEBUG    73   8.00921437e+15  8.00921426e+15  1.91e-06 2.16e-05  2.79e+01    71s
[2025-09-20 15:07:54] DEBUG    74   8.00921435e+15  8.00921428e+15  1.91e-06 2.09e-05  1.86e+01    72s
[2025-09-20 15:07:55] DEBUG    75   8.00921434e+15  8.00921429e+15  1.91e-06 2.00e-05  1.32e+01    73s
[2025-09-20 15:07:56] DEBUG    76   8.00921433e+15  8.00921430e+15  1.91e-06 2.01e-05  8.63e+00    74s
[2025-09-20 15:07:56] DEBUG    Barrier solved model in 76 iterations and 73.90 seconds (69.23 work units)
[2025-09-20 15:07:56] DEBUG    Optimal objective 8.00921433e+15
[2025-09-20 15:07:57] DEBUG    Crossover log...
[2025-09-20 15:07:57] DEBUG    47938 DPushes remaining with DInf 0.0000000e+00                74s
[2025-09-20 15:07:58] DEBUG    16651 DPushes remaining with DInf 0.0000000e+00                75s
[2025-09-20 15:08:01] DEBUG    0 DPushes remaining with DInf 0.0000000e+00                79s
[2025-09-20 15:08:01] DEBUG    1878263 PPushes remaining with PInf 1.3840290e-05                79s
[2025-09-20 15:08:03] DEBUG    39659 PPushes remaining with PInf 4.0113315e-05                80s
[2025-09-20 15:08:03] DEBUG    0 PPushes remaining with PInf 0.0000000e+00                81s
[2025-09-20 15:08:03] DEBUG    Push phase complete: Pinf 0.0000000e+00, Dinf 5.6346152e+05     81s
[2025-09-20 15:08:03] DEBUG    Iteration    Objective       Primal Inf.    Dual Inf.      Time
[2025-09-20 15:08:03] DEBUG    1926204    8.0092143e+15   0.000000e+00   5.634615e+05     81s
[2025-09-20 15:08:09] DEBUG    1930604    8.0092143e+15   0.000000e+00   9.512151e+00     87s
[2025-09-20 15:08:13] DEBUG    1931014    8.0092143e+15   0.000000e+00   7.059417e-01     90s
[2025-09-20 15:08:15] DEBUG    Solved with barrier
[2025-09-20 15:08:24] DEBUG    1931187    8.0092143e+15   0.000000e+00   1.286371e-03    102s
[2025-09-20 15:08:29] DEBUG    Extra simplex iterations after uncrush: 17
[2025-09-20 15:08:29] DEBUG    1931204    8.0092143e+15   0.000000e+00   0.000000e+00    106s

Solved in 1931204 iterations and 105.96 seconds (103.84 work units)
[2025-09-20 15:08:29] DEBUG    Optimal objective  8.009214311e+15
❌ Errore nel run di autarky_VRES_2030_nostorage: 'Model' object has no attribute 'backend_model'

🚀 Lancio scenario: autarky_CG+VRES_2030_BESS
[2025-09-20 15:22:21] INFO     Loading sets
[2025-09-20 15:22:21] INFO     Loading parameters
[2025-09-20 15:22:57] INFO     constraints are loaded in the following order: ['energy_balance', 'dispatch', 'costs', 'capacity', 'network', 'policy', 'conversion', 'group', 'conversion_plus', 'milp', 'export']
[2025-09-20 15:22:57] INFO     creating energy_balance constraints
[2025-09-20 15:25:59] INFO     creating dispatch constraints
[2025-09-20 15:27:58] INFO     creating costs constraints
[2025-09-20 15:42:08] INFO     creating capacity constraints
[2025-09-20 15:42:08] INFO     creating network constraints
[2025-09-20 15:42:08] INFO     creating policy constraints
[2025-09-20 15:42:08] INFO     creating conversion constraints
[2025-09-20 15:42:08] INFO     creating group constraints
[2025-09-20 15:42:08] INFO     creating conversion_plus constraints
[2025-09-20 15:42:08] INFO     creating milp constraints
[2025-09-20 15:42:08] INFO     creating export constraints
[2025-09-20 15:54:42] DEBUG    Set parameter WLSAccessID
Set parameter WLSSecret
Set parameter LicenseID to value 2680226
[2025-09-20 15:54:43] DEBUG    Academic license 2680226 - for non-commercial use only - registered to an___@mail.polimi.it
[2025-09-20 15:55:19] DEBUG    Read LP format model from file /tmp/tmpox6w4vjp.pyomo.lp
Reading time = 35.44 seconds
x17549437: 23497486 rows, 17549437 columns, 57100679 nonzeros
[2025-09-20 15:55:19] DEBUG    Set parameter NumericFocus to value 1
Gurobi Optimizer version 12.0.2 build v12.0.2rc0 (linux64 - "Debian GNU/Linux 11 (bullseye)")

CPU model: Intel(R) Xeon(R) Silver 4314 CPU @ 2.40GHz, instruction set [SSE2|AVX|AVX2|AVX512]
Thread count: 32 physical cores, 64 logical processors, using up to 32 threads

Non-default parameters:
NumericFocus  1
[2025-09-20 15:55:19] DEBUG    Academic license 2680226 - for non-commercial use only - registered to an___@mail.polimi.it
Optimize a model with 23497486 rows, 17549437 columns and 57100679 nonzeros
[2025-09-20 15:55:19] DEBUG    Model fingerprint: 0x28b4d1ba
[2025-09-20 15:55:20] DEBUG    Coefficient statistics:
  Matrix range     [1e-07, 3e+02]
  Objective range  [1e+00, 1e+06]
  Bounds range     [0e+00, 0e+00]
  RHS range        [1e+00, 2e+08]
[2025-09-20 15:55:26] DEBUG    Presolve removed 19036949 rows and 10881252 columns (presolve time = 6s)...
[2025-09-20 15:55:30] DEBUG    Presolve removed 19081880 rows and 12690000 columns (presolve time = 10s)...
[2025-09-20 15:55:35] DEBUG    Presolve removed 21155092 rows and 14712433 columns (presolve time = 16s)...
[2025-09-20 15:55:40] DEBUG    Presolve removed 21833131 rows and 14729953 columns
[2025-09-20 15:55:40] DEBUG    Presolve time: 20.91s
Presolved: 1664355 rows, 2959628 columns, 8765408 nonzeros

Concurrent LP optimizer: primal simplex, dual simplex, and barrier
Showing barrier log only...
[2025-09-20 15:55:42] DEBUG    Ordering time: 0.93s
[2025-09-20 15:55:43] DEBUG    Barrier statistics:
 Dense cols : 144
 AA' NZ     : 8.733e+06
 Factor NZ  : 3.094e+07 (roughly 2.0 GB of memory)
 Factor Ops : 8.611e+08 (less than 1 second per iteration)
 Threads    : 30
[2025-09-20 15:55:47] DEBUG    Objective                Residual
[2025-09-20 15:55:47] DEBUG    Iter       Primal          Dual         Primal    Dual     Compl     Time
[2025-09-20 15:55:48] DEBUG    0   2.26701644e+21 -7.71267347e+18  6.99e+10 2.89e-11  4.25e+15    29s
[2025-09-20 15:55:53] DEBUG    1   1.81368401e+21 -7.71993104e+18  5.52e+10 2.69e+05  3.21e+15    34s
[2025-09-20 15:55:59] DEBUG    2   1.48490989e+21 -6.96728436e+18  4.45e+10 1.10e+05  2.30e+15    40s
[2025-09-20 15:56:07] DEBUG    3   1.13809551e+21 -6.17941846e+18  3.37e+10 3.67e+04  1.60e+15    48s
[2025-09-20 15:56:13] DEBUG    4   7.42790308e+20 -5.80575246e+18  2.21e+10 1.56e+04  1.03e+15    54s
[2025-09-20 15:56:17] DEBUG    5   6.21870543e+20 -5.58947995e+18  1.84e+10 7.39e+03  8.56e+14    58s
[2025-09-20 15:56:22] DEBUG    6   3.78745998e+20 -5.45788584e+18  1.11e+10 5.03e+03  5.28e+14    63s
[2025-09-20 15:56:26] DEBUG    7   3.04036218e+20 -5.35482602e+18  8.89e+09 3.83e+03  4.26e+14    67s
[2025-09-20 15:56:30] DEBUG    8   1.00198868e+20 -4.93786726e+18  3.01e+09 1.75e+03  1.48e+14    71s
[2025-09-20 15:56:36] DEBUG    9   2.26097801e+19 -4.31054574e+18  6.99e+08 5.60e+02  3.63e+13    77s
[2025-09-20 15:56:40] DEBUG    10   1.19051263e+19 -3.32131835e+18  3.60e+08 1.16e+02  1.80e+13    81s
[2025-09-20 15:56:46] DEBUG    11   8.10051485e+18 -2.48661750e+18  2.51e+08 1.23e+01  1.18e+13    87s
[2025-09-20 15:56:52] DEBUG    12   4.60674929e+18 -2.09533554e+18  1.50e+08 4.70e+00  6.98e+12    94s
[2025-09-20 15:56:59] DEBUG    13   9.99385719e+17 -1.65508880e+18  3.06e+07 1.55e+00  1.63e+12   100s
[2025-09-20 15:57:03] DEBUG    14   1.66813353e+17 -9.05987343e+17  4.68e+06 3.49e-01  3.45e+11   104s
[2025-09-20 15:57:08] DEBUG    15   2.44038242e+15 -1.36807554e+17  5.06e+04 1.62e-02  2.43e+10   109s
[2025-09-20 15:57:12] DEBUG    16   5.40624648e+14 -8.12535897e+15  2.36e+02 1.29e-02  1.39e+09   113s
[2025-09-20 15:57:16] DEBUG    17   5.10172780e+14 -2.78711371e+15  4.43e+01 1.44e-02  4.79e+08   117s
[2025-09-20 15:57:21] DEBUG    18   4.96344007e+14 -5.43024363e+14  1.47e+01 1.45e-02  1.02e+08   123s
[2025-09-20 15:57:25] DEBUG    19   4.94448129e+14 -4.05787430e+14  1.26e+01 1.48e-02  7.73e+07   126s
[2025-09-20 15:57:30] DEBUG    20   4.88105323e+14 -2.75342338e+14  7.53e+00 2.19e-02  5.29e+07   131s
[2025-09-20 15:57:34] DEBUG    21   4.87237679e+14 -1.58856985e+14  7.08e+00 1.56e-02  3.09e+07   135s
[2025-09-20 15:57:40] DEBUG    22   4.85365842e+14 -8.71087598e+13  6.17e+00 1.63e-02  1.73e+07   141s
[2025-09-20 15:57:48] DEBUG    23   4.75689991e+14 -1.49487581e+13  2.00e+00 1.60e-02  3.29e+06   149s
[2025-09-20 15:57:56] DEBUG    24   4.68290871e+14 -5.33831803e+12  8.94e-01 2.19e-02  1.20e+06   157s
[2025-09-20 15:58:03] DEBUG    25   4.61164484e+14 -1.07757969e+12  4.09e-01 1.54e-02  2.58e+05   165s
[2025-09-20 15:58:10] DEBUG    26   4.59669920e+14 -9.02684138e+11  3.62e-01 1.55e-02  2.16e+05   171s
[2025-09-20 15:58:14] DEBUG    27   4.58870308e+14 -7.62791424e+11  3.40e-01 1.55e-02  1.84e+05   175s
[2025-09-20 15:58:18] DEBUG    28   4.56785230e+14 -5.83198612e+11  2.86e-01 1.55e-02  1.42e+05   180s
[2025-09-20 15:58:22] DEBUG    29   4.56490682e+14 -4.81048928e+11  2.79e-01 1.55e-02  1.18e+05   184s
[2025-09-20 15:58:28] DEBUG    30   4.54932742e+14 -2.85008802e+11  2.46e-01 1.55e-02  7.19e+04   189s
[2025-09-20 15:58:34] DEBUG    31   4.48967307e+14 -1.27304472e+11  1.33e-01 1.54e-02  2.76e+04   196s
[2025-09-20 15:58:43] DEBUG    32   4.44807627e+14 -7.84244972e+10  9.00e-02 1.50e-02  1.18e+04   205s
[2025-09-20 15:58:52] DEBUG    33   4.43766649e+14 -7.54369349e+10  8.27e-02 1.50e-02  1.04e+04   213s
[2025-09-20 15:58:59] DEBUG    34   4.42745310e+14 -7.28369197e+10  7.62e-02 1.50e-02  9.15e+03   220s
[2025-09-20 15:59:05] DEBUG    35   4.41701154e+14 -6.93710022e+10  7.00e-02 1.50e-02  7.74e+03   226s
[2025-09-20 15:59:10] DEBUG    36   4.41307053e+14 -7.00046191e+10  6.78e-02 1.50e-02  7.32e+03   232s
[2025-09-20 15:59:17] DEBUG    37   4.40406544e+14 -7.27858277e+10  6.31e-02 1.50e-02  6.71e+03   239s
[2025-09-20 15:59:26] DEBUG    38   4.38089348e+14 -7.48494552e+10  5.18e-02 1.50e-02  5.58e+03   247s
[2025-09-20 15:59:36] DEBUG    39   4.36318861e+14 -7.72844195e+10  4.46e-02 1.50e-02  4.73e+03   257s
[2025-09-20 15:59:47] DEBUG    40   4.34510726e+14 -8.01808625e+10  3.83e-02 1.50e-02  3.89e+03   268s
[2025-09-20 15:59:54] DEBUG    41   4.33840467e+14 -8.09748179e+10  3.63e-02 1.50e-02  3.67e+03   275s
[2025-09-20 16:00:00] DEBUG    42   4.33427740e+14 -8.15928548e+10  3.52e-02 1.50e-02  3.52e+03   281s
[2025-09-20 16:00:10] DEBUG    43   4.32010064e+14 -8.21656384e+10  3.13e-02 1.50e-02  3.15e+03   292s
[2025-09-20 16:00:20] DEBUG    44   4.31370015e+14 -8.27642448e+10  2.97e-02 1.50e-02  2.96e+03   302s
[2025-09-20 16:00:31] DEBUG    45   4.29552321e+14 -8.34621349e+10  2.55e-02 1.50e-02  2.54e+03   312s
[2025-09-20 16:00:42] DEBUG    46   4.28402570e+14 -8.44976965e+10  2.32e-02 1.50e-02  2.24e+03   323s
[2025-09-20 16:00:51] DEBUG    47   4.27877048e+14 -8.47503660e+10  2.23e-02 1.50e-02  2.14e+03   333s
[2025-09-20 16:01:02] DEBUG    48   4.26785836e+14 -8.50773468e+10  2.04e-02 1.50e-02  1.96e+03   343s
[2025-09-20 16:01:12] DEBUG    49   4.25727171e+14 -8.53612352e+10  1.87e-02 1.50e-02  1.80e+03   353s
[2025-09-20 16:01:22] DEBUG    50   4.24724429e+14 -8.55581928e+10  1.73e-02 1.50e-02  1.66e+03   364s
[2025-09-20 16:01:33] DEBUG    51   4.24232203e+14 -8.58277104e+10  1.66e-02 1.50e-02  1.59e+03   374s
[2025-09-20 16:01:44] DEBUG    52   4.23032460e+14 -8.61024095e+10  1.50e-02 1.50e-02  1.44e+03   385s
[2025-09-20 16:01:50] DEBUG    53   4.22572200e+14 -8.63057143e+10  1.45e-02 1.50e-02  1.38e+03   392s
[2025-09-20 16:02:01] DEBUG    54   4.21616552e+14 -8.65075058e+10  1.34e-02 1.50e-02  1.28e+03   402s
[2025-09-20 16:02:12] DEBUG    55   4.20722549e+14 -8.66498548e+10  1.25e-02 1.50e-02  1.19e+03   413s
[2025-09-20 16:02:22] DEBUG    56   4.20322834e+14 -8.68657922e+10  1.21e-02 1.50e-02  1.14e+03   423s
[2025-09-20 16:02:29] DEBUG    57   4.19977694e+14 -8.69545144e+10  1.18e-02 1.50e-02  1.11e+03   430s
[2025-09-20 16:02:37] DEBUG    58   4.19511289e+14 -8.71151182e+10  1.14e-02 1.50e-02  1.06e+03   438s
[2025-09-20 16:02:44] DEBUG    59   4.19247359e+14 -8.71913864e+10  1.11e-02 1.50e-02  1.04e+03   445s
[2025-09-20 16:02:52] DEBUG    60   4.18563998e+14 -8.72947176e+10  1.05e-02 1.50e-02  9.84e+02   454s
[2025-09-20 16:03:04] DEBUG    61   4.17997154e+14 -8.74081600e+10  1.01e-02 1.50e-02  9.37e+02   466s
[2025-09-20 16:03:12] DEBUG    62   4.17693782e+14 -8.74654911e+10  9.82e-03 1.50e-02  9.15e+02   473s
[2025-09-20 16:03:22] DEBUG    63   4.17322245e+14 -8.75217571e+10  9.54e-03 1.50e-02  8.89e+02   484s
[2025-09-20 16:03:31] DEBUG    64   4.17034251e+14 -8.76111915e+10  9.33e-03 1.50e-02  8.65e+02   493s
[2025-09-20 16:03:38] DEBUG    65   4.16679663e+14 -8.76955407e+10  9.06e-03 1.50e-02  8.40e+02   499s
[2025-09-20 16:03:48] DEBUG    66   4.15690717e+14 -8.77772766e+10  8.37e-03 1.50e-02  7.76e+02   509s
[2025-09-20 16:03:57] DEBUG    67   4.15059955e+14 -8.78593724e+10  7.97e-03 1.50e-02  7.36e+02   518s
[2025-09-20 16:04:07] DEBUG    68   4.14573869e+14 -8.79974999e+10  7.67e-03 1.50e-02  7.02e+02   529s
[2025-09-20 16:04:14] DEBUG    69   4.14253160e+14 -8.80360603e+10  7.47e-03 1.50e-02  6.85e+02   536s
[2025-09-20 16:04:24] DEBUG    70   4.13127919e+14 -8.81051774e+10  6.84e-03 1.50e-02  6.28e+02   546s
[2025-09-20 16:04:32] DEBUG    71   4.12829545e+14 -8.81537695e+10  6.65e-03 1.50e-02  6.13e+02   554s
[2025-09-20 16:04:40] DEBUG    72   4.12464790e+14 -8.81920168e+10  6.47e-03 1.50e-02  5.96e+02   561s
[2025-09-20 16:04:50] DEBUG    73   4.12087240e+14 -8.82592343e+10  6.28e-03 1.50e-02  5.76e+02   572s
[2025-09-20 16:04:58] DEBUG    74   4.11810195e+14 -8.83055215e+10  6.16e-03 1.50e-02  5.62e+02   579s
[2025-09-20 16:05:07] DEBUG    75   4.11623587e+14 -8.83464075e+10  6.08e-03 1.50e-02  5.52e+02   588s
[2025-09-20 16:05:14] DEBUG    76   4.11403696e+14 -8.83750654e+10  5.97e-03 1.50e-02  5.43e+02   595s
[2025-09-20 16:05:21] DEBUG    77   4.11130062e+14 -8.84073437e+10  5.85e-03 1.50e-02  5.31e+02   602s
[2025-09-20 16:05:31] DEBUG    78   4.10462812e+14 -8.84420069e+10  5.55e-03 1.50e-02  5.05e+02   612s
[2025-09-20 16:05:39] DEBUG    79   4.10044251e+14 -8.84874451e+10  5.36e-03 1.50e-02  4.87e+02   621s
[2025-09-20 16:05:48] DEBUG    80   4.09823876e+14 -8.85254664e+10  5.27e-03 1.50e-02  4.78e+02   630s
[2025-09-20 16:05:59] DEBUG    81   4.09460532e+14 -8.85563485e+10  5.12e-03 1.50e-02  4.64e+02   641s
[2025-09-20 16:06:09] DEBUG    82   4.09195501e+14 -8.86066809e+10  5.01e-03 1.50e-02  4.52e+02   650s
[2025-09-20 16:06:19] DEBUG    83   4.08641729e+14 -8.86419126e+10  4.78e-03 1.50e-02  4.32e+02   661s
[2025-09-20 16:06:30] DEBUG    84   4.08393826e+14 -8.86737159e+10  4.71e-03 1.50e-02  4.23e+02   671s
[2025-09-20 16:06:40] DEBUG    85   4.07978122e+14 -8.87079302e+10  4.54e-03 1.50e-02  4.08e+02   681s
[2025-09-20 16:06:49] DEBUG    86   4.07776415e+14 -8.87299828e+10  4.46e-03 1.50e-02  4.01e+02   690s
[2025-09-20 16:06:59] DEBUG    87   4.07442207e+14 -8.87644204e+10  4.37e-03 1.50e-02  3.90e+02   700s
[2025-09-20 16:07:09] DEBUG    88   4.07024647e+14 -8.87876234e+10  4.22e-03 1.50e-02  3.77e+02   710s
[2025-09-20 16:07:17] DEBUG    89   4.06850167e+14 -8.87979368e+10  4.16e-03 1.50e-02  3.71e+02   718s
[2025-09-20 16:07:27] DEBUG    90   4.06316467e+14 -8.88258470e+10  4.00e-03 1.50e-02  3.55e+02   729s
[2025-09-20 16:07:35] DEBUG    91   4.06125361e+14 -8.88417810e+10  3.92e-03 1.49e-02  3.50e+02   737s
[2025-09-20 16:07:46] DEBUG    92   4.05704020e+14 -8.88548500e+10  3.79e-03 1.49e-02  3.38e+02   747s
[2025-09-20 16:07:58] DEBUG    93   4.05413351e+14 -8.88785311e+10  3.71e-03 1.49e-02  3.29e+02   759s
[2025-09-20 16:08:08] DEBUG    94   4.05118774e+14 -8.88942259e+10  3.60e-03 1.49e-02  3.21e+02   770s
[2025-09-20 16:08:15] DEBUG    95   4.04771356e+14 -8.89002907e+10  3.51e-03 1.49e-02  3.13e+02   776s
[2025-09-20 16:08:26] DEBUG    96   4.04224824e+14 -8.89121800e+10  3.35e-03 1.49e-02  3.00e+02   787s
[2025-09-20 16:08:36] DEBUG    97   4.03863126e+14 -8.89254811e+10  3.25e-03 1.49e-02  2.91e+02   798s
[2025-09-20 16:08:46] DEBUG    98   4.03490161e+14 -8.89383191e+10  3.15e-03 1.49e-02  2.82e+02   808s
[2025-09-20 16:08:58] DEBUG    99   4.03103355e+14 -8.89477298e+10  3.07e-03 1.49e-02  2.73e+02   819s
[2025-09-20 16:09:07] DEBUG    100   4.02992251e+14 -8.89526887e+10  3.05e-03 1.49e-02  2.70e+02   828s
[2025-09-20 16:09:14] DEBUG    101   4.02643605e+14 -8.89573497e+10  2.97e-03 1.49e-02  2.63e+02   835s
[2025-09-20 16:09:25] DEBUG    102   4.02277729e+14 -8.89648178e+10  2.87e-03 1.49e-02  3.21e+02   846s
[2025-09-20 16:09:25] DEBUG    Barrier performed 102 iterations in 846.30 seconds (178.08 work units)
Numerical trouble encountered

Model may be infeasible or unbounded.  Consider using the
[2025-09-20 16:09:25] DEBUG    homogeneous algorithm (through parameter 'BarHomogeneous')
[2025-09-20 16:10:30] DEBUG    Waiting for other threads to finish...         911s
[2025-09-20 16:11:34] DEBUG    Waiting for other threads to finish...         975s
[2025-09-20 16:12:39] DEBUG    Waiting for other threads to finish...        1040s
[2025-09-20 16:13:43] DEBUG    Waiting for other threads to finish...        1105s
[2025-09-20 16:14:48] DEBUG    Waiting for other threads to finish...        1169s
[2025-09-20 16:15:52] DEBUG    Waiting for other threads to finish...        1234s
[2025-09-20 16:16:57] DEBUG    Waiting for other threads to finish...        1298s
[2025-09-20 16:18:02] DEBUG    Waiting for other threads to finish...        1363s
[2025-09-20 16:19:06] DEBUG    Waiting for other threads to finish...        1428s
[2025-09-20 16:19:09] DEBUG    Solved with dual simplex
[2025-09-20 16:19:20] DEBUG    Iteration    Objective       Primal Inf.    Dual Inf.      Time
[2025-09-20 16:19:20] DEBUG    1115433    1.9904748e+10   0.000000e+00   0.000000e+00   1441s

Solved in 1115433 iterations and 1441.22 seconds (770.64 work units)
[2025-09-20 16:19:20] DEBUG    Optimal objective  1.990474782e+10
❌ Errore nel run di autarky_CG+VRES_2030_BESS: 'Model' object has no attribute 'backend_model'

🚀 Lancio scenario: autarky_CG+VRES_2030_nostorage
[2025-09-20 16:30:49] INFO     Loading sets
[2025-09-20 16:30:49] INFO     Loading parameters
[2025-09-20 16:31:24] INFO     constraints are loaded in the following order: ['energy_balance', 'dispatch', 'costs', 'capacity', 'network', 'policy', 'conversion', 'group', 'conversion_plus', 'milp', 'export']
[2025-09-20 16:31:24] INFO     creating energy_balance constraints
[2025-09-20 16:34:14] INFO     creating dispatch constraints
[2025-09-20 16:36:02] INFO     creating costs constraints
[2025-09-20 16:51:29] INFO     creating capacity constraints
[2025-09-20 16:51:30] INFO     creating network constraints
[2025-09-20 16:51:30] INFO     creating policy constraints
[2025-09-20 16:51:30] INFO     creating conversion constraints
[2025-09-20 16:51:30] INFO     creating group constraints
[2025-09-20 16:51:30] INFO     creating conversion_plus constraints
[2025-09-20 16:51:30] INFO     creating milp constraints
[2025-09-20 16:51:30] INFO     creating export constraints
[2025-09-20 17:03:13] DEBUG    Set parameter WLSAccessID
Set parameter WLSSecret
Set parameter LicenseID to value 2680226
[2025-09-20 17:03:13] DEBUG    Academic license 2680226 - for non-commercial use only - registered to an___@mail.polimi.it
[2025-09-20 17:03:46] DEBUG    Read LP format model from file /tmp/tmp9noi2wlg.pyomo.lp
Reading time = 32.69 seconds
x16279063: 21719032 rows, 16279063 columns, 52527640 nonzeros
[2025-09-20 17:03:46] DEBUG    Set parameter NumericFocus to value 1
Gurobi Optimizer version 12.0.2 build v12.0.2rc0 (linux64 - "Debian GNU/Linux 11 (bullseye)")

CPU model: Intel(R) Xeon(R) Silver 4314 CPU @ 2.40GHz, instruction set [SSE2|AVX|AVX2|AVX512]
Thread count: 32 physical cores, 64 logical processors, using up to 32 threads

Non-default parameters:
NumericFocus  1
[2025-09-20 17:03:46] DEBUG    Academic license 2680226 - for non-commercial use only - registered to an___@mail.polimi.it
Optimize a model with 21719032 rows, 16279063 columns and 52527640 nonzeros
[2025-09-20 17:03:46] DEBUG    Model fingerprint: 0x2c79c7fe
[2025-09-20 17:03:46] DEBUG    Coefficient statistics:
  Matrix range     [1e-07, 3e+02]
  Objective range  [1e+00, 1e+06]
  Bounds range     [0e+00, 0e+00]
  RHS range        [1e+00, 2e+08]
[2025-09-20 17:03:52] DEBUG    Presolve removed 18528753 rows and 10373056 columns (presolve time = 6s)...
[2025-09-20 17:03:56] DEBUG    Presolve removed 20393346 rows and 14001308 columns (presolve time = 10s)...
[2025-09-20 17:04:02] DEBUG    Presolve removed 20931183 rows and 14020547 columns (presolve time = 15s)...
[2025-09-20 17:04:03] DEBUG    Presolve removed 21071327 rows and 14020547 columns
[2025-09-20 17:04:03] DEBUG    Presolve time: 17.17s
Presolved: 647705 rows, 2398660 columns, 4495111 nonzeros

Concurrent LP optimizer: primal simplex, dual simplex, and barrier
Showing barrier log only...
[2025-09-20 17:04:04] DEBUG    Ordering time: 0.20s
[2025-09-20 17:04:04] DEBUG    Barrier statistics:
 Dense cols : 115
 AA' NZ     : 1.772e+06
[2025-09-20 17:04:04] DEBUG    Factor NZ  : 1.030e+07 (roughly 1.3 GB of memory)
 Factor Ops : 2.217e+08 (less than 1 second per iteration)
 Threads    : 1
[2025-09-20 17:04:05] DEBUG    Objective                Residual
Iter       Primal          Dual         Primal    Dual     Compl     Time
[2025-09-20 17:04:05] DEBUG    0   2.36396522e+21 -9.09785464e+18  6.99e+10 3.27e-03  5.01e+15    19s
[2025-09-20 17:04:06] DEBUG    1   1.96239788e+21 -9.20556193e+18  5.72e+10 4.13e+05  4.15e+15    20s
[2025-09-20 17:04:07] DEBUG    2   1.55449908e+21 -8.66996486e+18  4.50e+10 2.70e+05  3.24e+15    21s
[2025-09-20 17:04:08] DEBUG    3   1.32850668e+21 -7.87138383e+18  3.82e+10 1.64e+05  2.70e+15    22s
[2025-09-20 17:04:08] DEBUG    4   9.22540716e+20 -7.14518822e+18  2.54e+10 5.09e+04  1.78e+15    23s
[2025-09-20 17:04:09] DEBUG    5   6.81545894e+20 -6.70131340e+18  1.87e+10 1.19e+04  1.32e+15    24s
[2025-09-20 17:04:10] DEBUG    6   3.54568878e+20 -6.43495444e+18  9.22e+09 3.79e+03  6.67e+14    25s
[2025-09-20 17:04:11] DEBUG    7   1.18726859e+20 -5.74175074e+18  3.01e+09 8.41e+02  2.20e+14    25s
[2025-09-20 17:04:12] DEBUG    8   4.67713055e+19 -5.32223925e+18  1.03e+09 3.82e+02  7.77e+13    26s
[2025-09-20 17:04:12] DEBUG    9   1.86437053e+19 -4.28277842e+18  3.93e+08 7.38e+01  3.01e+13    27s
[2025-09-20 17:04:13] DEBUG    10   3.09898092e+18 -2.78900087e+18  6.48e+07 9.50e+00  5.26e+12    27s
[2025-09-20 17:04:13] DEBUG    11   8.24589292e+17 -1.50220665e+18  1.75e+07 2.55e+00  1.48e+12    28s
[2025-09-20 17:04:14] DEBUG    12   2.45041509e+17 -6.66826995e+17  5.23e+06 1.77e+00  4.46e+11    29s
[2025-09-20 17:04:15] DEBUG    13   7.70902884e+16 -1.54719008e+17  1.61e+06 1.01e+00  1.06e+11    29s
[2025-09-20 17:04:16] DEBUG    14   1.84188077e+16 -6.27654042e+16  3.87e+05 4.56e-01  2.76e+10    30s
[2025-09-20 17:04:16] DEBUG    15   3.08721433e+15 -1.38164104e+16  6.14e+04 2.67e-02  4.53e+09    31s
[2025-09-20 17:04:17] DEBUG    16   3.94197239e+14 -1.88855204e+15  5.09e+03 2.74e-02  4.96e+08    32s
[2025-09-20 17:04:18] DEBUG    17   1.36944668e+14 -5.30568791e+13  1.25e+01 3.16e-02  1.20e+07    33s
[2025-09-20 17:04:19] DEBUG    18   1.27762486e+14 -8.89540589e+12  1.30e-01 3.18e-02  1.99e+06    33s
[2025-09-20 17:04:20] DEBUG    19   1.20983345e+14 -1.74598593e+12  2.48e-02 3.18e-02  4.04e+05    34s
[2025-09-20 17:04:20] DEBUG    20   1.17214443e+14 -1.09338756e+12  1.36e-02 3.18e-02  2.56e+05    35s
[2025-09-20 17:04:21] DEBUG    21   1.16694218e+14 -9.83747957e+11  1.28e-02 3.18e-02  2.31e+05    36s
[2025-09-20 17:04:22] DEBUG    22   1.15096194e+14 -3.57795635e+11  1.03e-02 3.18e-02  9.07e+04    36s
[2025-09-20 17:04:23] DEBUG    23   1.07729617e+14 -2.21310334e+11  1.42e-03 3.18e-02  5.67e+04    37s
[2025-09-20 17:04:24] DEBUG    24   1.01440016e+14 -6.58702972e+10  2.09e-03 3.18e-02  2.07e+04    38s
[2025-09-20 17:04:25] DEBUG    25   9.63947457e+13  8.88975167e+09  1.11e-03 3.18e-02  3.32e+03    39s
[2025-09-20 17:04:26] DEBUG    26   9.25298436e+13  1.26437354e+10  9.30e-04 3.18e-02  2.02e+03    40s
[2025-09-20 17:04:26] DEBUG    27   8.99700082e+13  1.45269179e+10  2.79e-03 3.18e-02  1.42e+03    41s
[2025-09-20 17:04:27] DEBUG    28   8.68630204e+13  1.67056753e+10  6.75e-04 3.18e-02  7.56e+02    41s
[2025-09-20 17:04:28] DEBUG    29   8.26030525e+13  1.80495103e+10  1.82e-03 3.18e-02  2.93e+02    42s
[2025-09-20 17:04:29] DEBUG    30   7.89383784e+13  1.82821906e+10  5.80e-04 3.18e-02  1.65e+02    43s
[2025-09-20 17:04:30] DEBUG    31   7.67778527e+13  1.83857231e+10  8.40e-04 3.18e-02  1.17e+02    44s
[2025-09-20 17:04:30] DEBUG    32   7.51664653e+13  1.84007005e+10  8.40e-04 3.18e-02  9.94e+01    45s
[2025-09-20 17:04:31] DEBUG    33   7.49984562e+13  1.84127302e+10  1.11e-03 3.18e-02  9.53e+01    46s
[2025-09-20 17:04:32] DEBUG    34   7.41763993e+13  1.84408767e+10  1.02e-03 3.18e-02  8.25e+01    46s
[2025-09-20 17:04:33] DEBUG    35   7.26284882e+13  1.84587611e+10  1.51e-03 3.18e-02  6.80e+01    47s
[2025-09-20 17:04:34] DEBUG    36   7.02971551e+13  1.85286668e+10  1.02e-03 3.18e-02  3.81e+01    48s
[2025-09-20 17:04:35] DEBUG    37   6.61635656e+13  1.85291108e+10  3.07e-03 3.18e-02  2.15e+01    50s
[2025-09-20 17:04:36] DEBUG    38   6.48363375e+13  1.85364089e+10  1.11e-03 3.18e-02  1.62e+01    51s
[2025-09-20 17:04:38] DEBUG    39   6.44254104e+13  1.85368347e+10  1.11e-03 3.18e-02  1.67e+01    52s
[2025-09-20 17:04:38] DEBUG    40   6.43948885e+13  1.85368461e+10  1.11e-03 3.18e-02  1.67e+01    53s
[2025-09-20 17:04:39] DEBUG    41   6.43900887e+13  1.85364624e+10  1.11e-03 3.18e-02  1.75e+01    54s
[2025-09-20 17:04:41] DEBUG    42   6.43671933e+13  1.85364525e+10  1.11e-03 3.18e-02  1.76e+01    55s
[2025-09-20 17:04:42] DEBUG    43   6.43625058e+13  1.85364429e+10  1.11e-03 3.18e-02  1.78e+01    56s
[2025-09-20 17:04:43] DEBUG    44   6.43550991e+13  1.85364407e+10  1.51e-03 3.18e-02  1.78e+01    57s
[2025-09-20 17:04:44] DEBUG    45   6.43320469e+13  1.85364457e+10  1.51e-03 3.18e-02  1.78e+01    58s
[2025-09-20 17:04:45] DEBUG    46   6.43253981e+13  1.85364493e+10  1.51e-03 3.18e-02  1.78e+01    60s
[2025-09-20 17:04:46] DEBUG    47   6.43183640e+13  1.85364490e+10  1.26e-03 3.18e-02  1.79e+01    61s
[2025-09-20 17:04:48] DEBUG    48   6.42995691e+13  1.85364491e+10  1.02e-03 3.18e-02  1.80e+01    62s
[2025-09-20 17:04:48] DEBUG    Barrier performed 48 iterations in 62.15 seconds (59.04 work units)
Numerical trouble encountered
[2025-09-20 17:04:48] DEBUG    Model may be infeasible or unbounded.  Consider using the
homogeneous algorithm (through parameter 'BarHomogeneous')
[2025-09-20 17:05:52] DEBUG    Waiting for other threads to finish...         126s
[2025-09-20 17:06:55] DEBUG    Waiting for other threads to finish...         189s
[2025-09-20 17:07:44] DEBUG    Solved with dual simplex
[2025-09-20 17:07:52] DEBUG    Iteration    Objective       Primal Inf.    Dual Inf.      Time
  440066    1.9904748e+10   0.000000e+00   0.000000e+00    246s
[2025-09-20 17:07:52] DEBUG    Solved in 440066 iterations and 246.39 seconds (314.48 work units)
Optimal objective  1.990474782e+10
❌ Errore nel run di autarky_CG+VRES_2030_nostorage: 'Model' object has no attribute 'backend_model'

🚀 Lancio scenario: autarky_GT+VRES_2030_PHES
[2025-09-20 17:20:34] INFO     Loading sets
[2025-09-20 17:20:34] INFO     Loading parameters
[2025-09-20 17:21:10] INFO     constraints are loaded in the following order: ['energy_balance', 'dispatch', 'costs', 'capacity', 'network', 'policy', 'conversion', 'group', 'conversion_plus', 'milp', 'export']
[2025-09-20 17:21:10] INFO     creating energy_balance constraints
[2025-09-20 17:24:12] INFO     creating dispatch constraints
[2025-09-20 17:26:11] INFO     creating costs constraints
[2025-09-20 17:35:28] INFO     creating capacity constraints
[2025-09-20 17:35:28] INFO     creating network constraints
[2025-09-20 17:35:28] INFO     creating policy constraints
[2025-09-20 17:35:28] INFO     creating conversion constraints
[2025-09-20 17:35:28] INFO     creating group constraints
[2025-09-20 17:35:28] INFO     creating conversion_plus constraints
[2025-09-20 17:35:28] INFO     creating milp constraints
[2025-09-20 17:35:28] INFO     creating export constraints
[2025-09-20 17:48:59] DEBUG    Set parameter WLSAccessID
Set parameter WLSSecret
Set parameter LicenseID to value 2680226
[2025-09-20 17:48:59] DEBUG    Academic license 2680226 - for non-commercial use only - registered to an___@mail.polimi.it
[2025-09-20 17:49:34] DEBUG    Read LP format model from file /tmp/tmpwwkbryud.pyomo.lp
Reading time = 35.71 seconds
x17549437: 23497544 rows, 17549437 columns, 57354777 nonzeros
[2025-09-20 17:49:34] DEBUG    Set parameter NumericFocus to value 1
Gurobi Optimizer version 12.0.2 build v12.0.2rc0 (linux64 - "Debian GNU/Linux 11 (bullseye)")

CPU model: Intel(R) Xeon(R) Silver 4314 CPU @ 2.40GHz, instruction set [SSE2|AVX|AVX2|AVX512]
Thread count: 32 physical cores, 64 logical processors, using up to 32 threads

Non-default parameters:
NumericFocus  1
[2025-09-20 17:49:34] DEBUG    Academic license 2680226 - for non-commercial use only - registered to an___@mail.polimi.it
Optimize a model with 23497544 rows, 17549437 columns and 57354777 nonzeros
[2025-09-20 17:49:35] DEBUG    Model fingerprint: 0xd80323e1
[2025-09-20 17:49:35] DEBUG    Coefficient statistics:
  Matrix range     [1e-07, 3e+02]
  Objective range  [1e+00, 1e+06]
  Bounds range     [0e+00, 0e+00]
  RHS range        [1e+00, 6e+09]
Warning: Model contains large rhs
[2025-09-20 17:49:42] DEBUG    Presolve removed 19168413 rows and 10960098 columns (presolve time = 6s)...
[2025-09-20 17:49:45] DEBUG    Presolve removed 19214524 rows and 12770000 columns (presolve time = 10s)...
[2025-09-20 17:49:51] DEBUG    Presolve removed 21260351 rows and 14770249 columns (presolve time = 16s)...
[2025-09-20 17:49:55] DEBUG    Presolve removed 21938384 rows and 14787769 columns
[2025-09-20 17:49:55] DEBUG    Presolve time: 20.90s
Presolved: 1559160 rows, 2901812 columns, 8323558 nonzeros

Concurrent LP optimizer: primal simplex, dual simplex, and barrier
Showing barrier log only...
[2025-09-20 17:49:58] DEBUG    Ordering time: 0.89s
[2025-09-20 17:49:59] DEBUG    Barrier statistics:
 Dense cols : 141
 AA' NZ     : 8.012e+06
[2025-09-20 17:49:59] DEBUG    Factor NZ  : 2.881e+07 (roughly 2.0 GB of memory)
 Factor Ops : 8.000e+08 (less than 1 second per iteration)
 Threads    : 30
[2025-09-20 17:50:02] DEBUG    Objective                Residual
[2025-09-20 17:50:02] DEBUG    Iter       Primal          Dual         Primal    Dual     Compl     Time
[2025-09-20 17:50:03] DEBUG    0   2.51706143e+21 -7.97131453e+18  6.99e+10 2.89e-11  4.54e+15    29s
[2025-09-20 17:50:09] DEBUG    1   2.29319150e+21 -9.27666397e+18  6.34e+10 2.86e+05  3.90e+15    34s
[2025-09-20 17:50:15] DEBUG    2   2.19006559e+21 -4.23510227e+19  6.06e+10 1.97e+05  3.72e+15    40s
[2025-09-20 17:50:23] DEBUG    3   1.86743821e+21 -1.11050076e+20  5.11e+10 7.63e+04  3.07e+15    49s
[2025-09-20 17:50:30] DEBUG    4   1.57224225e+21 -1.66739748e+20  4.29e+10 2.48e+04  2.59e+15    55s
[2025-09-20 17:50:38] DEBUG    5   8.74828685e+20 -1.49756647e+20  2.36e+10 1.05e+04  1.44e+15    64s
[2025-09-20 17:50:47] DEBUG    6   5.22200373e+20 -1.23865637e+20  1.38e+10 2.00e+03  8.32e+14    72s
[2025-09-20 17:50:53] DEBUG    7   4.58464968e+20 -1.07804843e+20  1.22e+10 1.09e+03  7.29e+14    78s
[2025-09-20 17:50:57] DEBUG    8   2.02971721e+20 -9.51844880e+19  5.22e+09 7.69e+02  3.21e+14    83s
[2025-09-20 17:51:01] DEBUG    9   5.73744998e+19 -5.95682377e+19  1.41e+09 1.42e+02  9.09e+13    87s
[2025-09-20 17:51:05] DEBUG    10   1.90504074e+19 -3.03288544e+19  4.59e+08 3.90e+01  3.04e+13    91s
[2025-09-20 17:51:11] DEBUG    11   7.34211143e+18 -1.39054687e+19  1.73e+08 1.14e+01  1.14e+13    96s
[2025-09-20 17:51:15] DEBUG    12   4.40367520e+18 -7.75912047e+18  1.02e+08 4.88e+00  6.50e+12   100s
[2025-09-20 17:51:19] DEBUG    13   2.56482165e+18 -3.55428222e+18  5.89e+07 1.33e+00  3.44e+12   105s
[2025-09-20 17:51:24] DEBUG    14   9.54901644e+17 -1.64673838e+18  2.17e+07 6.10e-01  1.26e+12   109s
[2025-09-20 17:51:28] DEBUG    15   2.16748732e+17 -6.13373227e+17  4.83e+06 5.21e-01  2.99e+11   114s
[2025-09-20 17:51:33] DEBUG    16   2.70173728e+16 -1.59586876e+17  5.74e+05 9.92e-02  4.57e+10   118s
[2025-09-20 17:51:37] DEBUG    17   4.86592496e+14 -1.95352114e+16  1.06e+03 4.33e-04  3.34e+09   123s
[2025-09-20 17:51:42] DEBUG    18   3.87117031e+14 -2.20012853e+15  6.98e-04 1.11e-03  3.74e+08   128s
[2025-09-20 17:51:51] DEBUG    19   3.81037855e+14 -2.13915738e+14  3.21e-04 3.02e-03  3.76e+07   137s
[2025-09-20 17:51:59] DEBUG    20   3.74433853e+14 -5.78333777e+13  2.75e-04 4.99e-03  1.05e+07   145s
[2025-09-20 17:52:11] DEBUG    21   3.72684923e+14 -4.25286020e+13  2.14e-04 8.36e-03  7.79e+06   156s
[2025-09-20 17:52:20] DEBUG    22   3.69101311e+14 -2.35899838e+13  1.52e-04 1.01e-01  4.44e+06   166s
[2025-09-20 17:52:32] DEBUG    23   3.68795235e+14 -2.12779975e+13  1.47e-04 9.89e-02  4.03e+06   178s
[2025-09-20 17:52:41] DEBUG    24   3.67828464e+14 -1.91288067e+13  1.32e-04 9.65e-02  3.64e+06   187s
[2025-09-20 17:52:49] DEBUG    25   3.66152560e+14 -8.49425391e+12  1.08e-04 9.66e-02  1.75e+06   194s
[2025-09-20 17:52:57] DEBUG    26   3.62544738e+14 -3.40192405e+12  6.61e-05 8.26e-02  7.89e+05   202s
[2025-09-20 17:53:08] DEBUG    27   3.61116981e+14 -1.89111945e+12  5.73e-05 8.24e-02  5.01e+05   213s
[2025-09-20 17:53:17] DEBUG    28   3.59457566e+14 -1.41747447e+12  4.83e-05 8.34e-02  3.93e+05   222s
[2025-09-20 17:53:24] DEBUG    29   3.56339480e+14 -9.02615641e+11  5.70e-05 8.53e-02  2.60e+05   229s
[2025-09-20 17:53:30] DEBUG    30   3.55646709e+14 -7.79066927e+11  6.96e-05 8.59e-02  2.32e+05   235s
[2025-09-20 17:53:36] DEBUG    31   3.55264323e+14 -7.28668321e+11  6.48e-05 8.62e-02  2.19e+05   242s
[2025-09-20 17:53:45] DEBUG    32   3.54178739e+14 -4.32714126e+11  5.32e-05 8.81e-02  1.55e+05   251s
[2025-09-20 17:53:57] DEBUG    33   3.52257981e+14 -3.07559922e+11  8.39e-05 8.93e-02  1.17e+05   262s
[2025-09-20 17:54:05] DEBUG    34   3.49532392e+14 -1.76343368e+11  7.22e-05 9.09e-02  7.72e+04   271s
[2025-09-20 17:54:18] DEBUG    35   3.46813084e+14 -5.39424020e+10  5.72e-05 9.27e-02  4.34e+04   283s
[2025-09-20 17:54:28] DEBUG    36   3.43356052e+14 -2.41279786e+10  4.86e-05 9.32e-02  2.68e+04   293s
[2025-09-20 17:54:36] DEBUG    37   3.41608751e+14 -1.28979260e+10  4.84e-05 9.36e-02  2.07e+04   302s
[2025-09-20 17:54:44] DEBUG    38   3.41102766e+14 -8.01789288e+09  5.45e-05 9.38e-02  1.92e+04   310s
[2025-09-20 17:54:50] DEBUG    39   3.40143237e+14 -3.98263681e+09  5.91e-05 9.39e-02  1.70e+04   315s
[2025-09-20 17:54:57] DEBUG    40   3.39060637e+14 -2.98537502e+06  7.10e-05 9.40e-02  1.47e+04   322s
[2025-09-20 17:55:06] DEBUG    41   3.38102433e+14  2.37046622e+09  7.04e-05 9.41e-02  1.30e+04   331s
[2025-09-20 17:55:16] DEBUG    42   3.37791273e+14  2.76959499e+09  7.40e-05 9.41e-02  1.25e+04   342s
[2025-09-20 17:55:25] DEBUG    43   3.37467874e+14  3.50831955e+09  7.72e-05 9.41e-02  1.20e+04   350s
[2025-09-20 17:55:32] DEBUG    44   3.37272531e+14  3.93400288e+09  1.05e-04 9.41e-02  1.18e+04   357s
[2025-09-20 17:55:42] DEBUG    45   3.37134765e+14  4.54381011e+09  8.49e-05 9.40e-02  1.16e+04   367s
[2025-09-20 17:55:51] DEBUG    46   3.36959942e+14  5.32160608e+09  9.25e-05 9.38e-02  1.13e+04   377s
[2025-09-20 17:56:00] DEBUG    47   3.36615698e+14  6.24996625e+09  6.76e-05 9.34e-02  1.08e+04   386s
[2025-09-20 17:56:12] DEBUG    48   3.36566781e+14  6.69190094e+09  9.67e-05 9.33e-02  1.07e+04   398s
[2025-09-20 17:56:21] DEBUG    49   3.36275115e+14  7.28666470e+09  9.54e-05 9.31e-02  1.04e+04   407s
[2025-09-20 17:56:30] DEBUG    50   3.35969116e+14  7.78348983e+09  1.17e-04 9.27e-02  1.06e+04   415s
[2025-09-20 17:56:39] DEBUG    51   3.35621825e+14  8.55760660e+09  1.21e-04 9.23e-02  1.01e+04   424s
[2025-09-20 17:56:48] DEBUG    52   3.35258173e+14  9.14212915e+09  1.05e-04 9.19e-02  9.83e+03   433s
[2025-09-20 17:56:54] DEBUG    53   3.34899173e+14  9.60252939e+09  1.15e-04 9.15e-02  9.43e+03   440s
[2025-09-20 17:57:03] DEBUG    54   3.34199939e+14  1.00818776e+10  1.39e-04 9.07e-02  8.78e+03   449s
[2025-09-20 17:57:10] DEBUG    55   3.33847164e+14  1.04945361e+10  1.10e-04 8.99e-02  8.44e+03   456s
[2025-09-20 17:57:18] DEBUG    56   3.33376479e+14  1.08328273e+10  1.28e-04 8.90e-02  8.02e+03   463s
[2025-09-20 17:57:27] DEBUG    57   3.32952000e+14  1.10733633e+10  9.20e-05 8.80e-02  7.66e+03   472s
[2025-09-20 17:57:33] DEBUG    58   3.32443487e+14  1.13053410e+10  9.09e-05 8.74e-02  7.26e+03   479s
[2025-09-20 17:57:42] DEBUG    59   3.31895589e+14  1.14557889e+10  1.03e-04 8.64e-02  6.86e+03   487s
[2025-09-20 17:57:51] DEBUG    60   3.29759256e+14  1.19276541e+10  7.53e-05 8.53e-02  5.34e+03   497s
[2025-09-20 17:58:03] DEBUG    61   3.28591565e+14  1.26693512e+10  8.82e-05 8.27e-02  4.61e+03   508s
[2025-09-20 17:58:12] DEBUG    62   3.28152918e+14  1.29044276e+10  8.11e-05 8.20e-02  4.38e+03   517s
[2025-09-20 17:58:21] DEBUG    63   3.28076203e+14  1.29987136e+10  8.28e-05 8.17e-02  4.33e+03   527s
[2025-09-20 17:58:28] DEBUG    64   3.27955038e+14  1.31418159e+10  8.94e-05 8.09e-02  4.27e+03   533s
[2025-09-20 17:58:38] DEBUG    65   3.27223211e+14  1.32648721e+10  9.53e-05 8.05e-02  3.95e+03   544s
[2025-09-20 17:58:48] DEBUG    66   3.26906019e+14  1.33634789e+10  9.09e-05 8.00e-02  3.81e+03   554s
[2025-09-20 17:58:57] DEBUG    67   3.26664505e+14  1.34173341e+10  9.89e-05 7.97e-02  3.72e+03   562s
[2025-09-20 17:59:05] DEBUG    68   3.26468752e+14  1.34671424e+10  1.01e-04 7.94e-02  3.65e+03   571s
[2025-09-20 17:59:14] DEBUG    69   3.26142323e+14  1.35417894e+10  1.30e-04 7.90e-02  3.52e+03   579s
[2025-09-20 17:59:21] DEBUG    70   3.25982573e+14  1.35766355e+10  1.02e-04 7.88e-02  3.47e+03   586s
[2025-09-20 17:59:29] DEBUG    71   3.25637350e+14  1.36225529e+10  1.03e-04 7.84e-02  3.35e+03   595s
[2025-09-20 17:59:38] DEBUG    72   3.25364607e+14  1.36612117e+10  9.82e-05 7.82e-02  3.26e+03   603s
[2025-09-20 17:59:47] DEBUG    73   3.25049864e+14  1.37495100e+10  1.61e-04 7.76e-02  3.15e+03   613s
[2025-09-20 17:59:55] DEBUG    74   3.24906630e+14  1.38145299e+10  1.91e-04 7.72e-02  3.10e+03   620s
[2025-09-20 18:00:02] DEBUG    75   3.24534810e+14  1.38758824e+10  1.84e-04 7.67e-02  2.99e+03   627s
[2025-09-20 18:00:09] DEBUG    76   3.24143933e+14  1.39337776e+10  1.14e-04 7.63e-02  2.87e+03   635s
[2025-09-20 18:00:16] DEBUG    77   3.23813276e+14  1.39910832e+10  1.48e-04 7.58e-02  2.78e+03   642s
[2025-09-20 18:00:22] DEBUG    78   3.23473591e+14  1.40549870e+10  1.71e-04 7.53e-02  2.68e+03   648s
[2025-09-20 18:00:28] DEBUG    79   3.23078150e+14  1.41405040e+10  1.62e-04 7.46e-02  2.57e+03   654s
[2025-09-20 18:00:35] DEBUG    80   3.22700856e+14  1.42100185e+10  1.61e-04 7.41e-02  2.48e+03   661s
[2025-09-20 18:00:42] DEBUG    81   3.22267646e+14  1.42815974e+10  1.16e-04 7.35e-02  2.37e+03   667s
[2025-09-20 18:00:50] DEBUG    82   3.21881958e+14  1.43798974e+10  9.97e-05 7.28e-02  2.27e+03   675s
[2025-09-20 18:00:57] DEBUG    83   3.21650904e+14  1.44452977e+10  1.08e-04 7.22e-02  2.21e+03   682s
[2025-09-20 18:01:03] DEBUG    84   3.21272892e+14  1.45291891e+10  1.06e-04 7.15e-02  2.12e+03   689s
[2025-09-20 18:01:10] DEBUG    85   3.20846495e+14  1.46051744e+10  1.04e-04 7.09e-02  2.03e+03   696s
[2025-09-20 18:01:17] DEBUG    86   3.20477941e+14  1.46764872e+10  1.05e-04 7.03e-02  1.95e+03   703s
[2025-09-20 18:01:24] DEBUG    87   3.20054295e+14  1.47528912e+10  9.72e-05 6.96e-02  1.87e+03   709s
[2025-09-20 18:01:31] DEBUG    88   3.19768874e+14  1.48196203e+10  9.60e-05 6.90e-02  1.81e+03   717s
[2025-09-20 18:01:39] DEBUG    89   3.19369390e+14  1.48905822e+10  9.82e-05 6.83e-02  1.73e+03   724s
[2025-09-20 18:01:46] DEBUG    90   3.18940409e+14  1.49598361e+10  1.19e-04 6.77e-02  1.66e+03   731s
[2025-09-20 18:01:52] DEBUG    91   3.18596800e+14  1.50279411e+10  1.08e-04 6.71e-02  1.59e+03   738s
[2025-09-20 18:02:00] DEBUG    92   3.18282052e+14  1.50933198e+10  1.03e-04 6.65e-02  1.54e+03   746s
[2025-09-20 18:02:08] DEBUG    93   3.17861539e+14  1.51590415e+10  1.05e-04 6.59e-02  1.47e+03   753s
[2025-09-20 18:02:19] DEBUG    94   3.17059060e+14  1.52286230e+10  9.50e-05 6.52e-02  1.34e+03   764s
[2025-09-20 18:02:30] DEBUG    95   3.16699106e+14  1.52986604e+10  1.01e-04 6.46e-02  1.29e+03   775s
[2025-09-20 18:02:38] DEBUG    96   3.16248191e+14  1.53456795e+10  1.05e-04 6.41e-02  1.23e+03   783s
[2025-09-20 18:02:48] DEBUG    97   3.16032319e+14  1.54106083e+10  9.72e-05 6.35e-02  1.19e+03   793s
[2025-09-20 18:02:55] DEBUG    98   3.15880700e+14  1.54542217e+10  1.09e-04 6.31e-02  1.17e+03   801s
[2025-09-20 18:03:04] DEBUG    99   3.15126743e+14  1.55049125e+10  9.04e-05 6.27e-02  1.08e+03   809s
[2025-09-20 18:03:12] DEBUG    100   3.14733800e+14  1.55584832e+10  9.82e-05 6.22e-02  1.03e+03   818s
[2025-09-20 18:03:22] DEBUG    101   3.14355670e+14  1.56352757e+10  1.11e-04 6.15e-02  9.78e+02   828s
[2025-09-20 18:03:33] DEBUG    102   3.13762182e+14  1.56684854e+10  1.01e-04 6.12e-02  9.16e+02   838s
[2025-09-20 18:03:44] DEBUG    103   3.13328270e+14  1.57188458e+10  1.20e-04 6.07e-02  8.67e+02   849s
[2025-09-20 18:03:51] DEBUG    104   3.13080961e+14  1.57384813e+10  1.13e-04 6.05e-02  8.45e+02   856s
[2025-09-20 18:04:02] DEBUG    105   3.12668009e+14  1.57773165e+10  1.02e-04 6.02e-02  8.02e+02   867s
[2025-09-20 18:04:14] DEBUG    106   3.12226885e+14  1.58264526e+10  9.63e-05 5.97e-02  7.59e+02   880s
[2025-09-20 18:04:26] DEBUG    107   3.11848066e+14  1.58848720e+10  1.10e-04 5.92e-02  7.20e+02   892s
[2025-09-20 18:04:36] DEBUG    108   3.11429388e+14  1.59082663e+10  1.18e-04 5.89e-02  6.87e+02   901s
[2025-09-20 18:04:48] DEBUG    109   3.11062876e+14  1.59381224e+10  1.04e-04 5.86e-02  6.58e+02   914s
[2025-09-20 18:04:58] DEBUG    110   3.10952663e+14  1.59435658e+10  9.87e-05 5.86e-02  6.50e+02   923s
[2025-09-20 18:05:05] DEBUG    111   3.10783401e+14  1.59529635e+10  1.04e-04 5.84e-02  6.39e+02   930s
[2025-09-20 18:05:14] DEBUG    112   3.10589318e+14  1.59706596e+10  1.34e-04 5.83e-02  6.25e+02   940s
[2025-09-20 18:05:22] DEBUG    113   3.10433075e+14  1.59767986e+10  1.28e-04 5.82e-02  6.15e+02   948s
[2025-09-20 18:05:32] DEBUG    114   3.10141703e+14  1.59975325e+10  1.29e-04 5.79e-02  5.94e+02   958s
[2025-09-20 18:05:44] DEBUG    115   3.09930793e+14  1.60185618e+10  1.46e-04 5.77e-02  5.78e+02   969s
[2025-09-20 18:05:57] DEBUG    116   3.09718000e+14  1.60343123e+10  1.31e-04 5.74e-02  5.63e+02   983s
[2025-09-20 18:06:08] DEBUG    117   3.09225602e+14  1.60551903e+10  1.15e-04 5.72e-02  5.33e+02   993s
[2025-09-20 18:06:19] DEBUG    118   3.08974270e+14  1.60743778e+10  1.25e-04 5.69e-02  5.16e+02  1005s
[2025-09-20 18:06:28] DEBUG    119   3.08931789e+14  1.60829549e+10  1.41e-04 5.67e-02  5.13e+02  1013s
[2025-09-20 18:06:35] DEBUG    120   3.08656452e+14  1.60879425e+10  1.41e-04 5.66e-02  4.99e+02  1020s
[2025-09-20 18:06:44] DEBUG    121   3.08478009e+14  1.60938754e+10  1.63e-04 5.65e-02  5.08e+02  1030s
[2025-09-20 18:06:55] DEBUG    122   3.08249395e+14  1.61067944e+10  1.84e-04 5.63e-02  4.94e+02  1041s
[2025-09-20 18:07:06] DEBUG    123   3.08024186e+14  1.61191536e+10  1.60e-04 5.61e-02  4.83e+02  1052s
[2025-09-20 18:07:17] DEBUG    124   3.07781087e+14  1.61345856e+10  1.66e-04 5.58e-02  4.69e+02  1063s
[2025-09-20 18:07:27] DEBUG    125   3.07593977e+14  1.61418161e+10  1.58e-04 5.57e-02  4.60e+02  1073s
[2025-09-20 18:07:37] DEBUG    126   3.07162015e+14  1.61507804e+10  1.41e-04 5.55e-02  4.39e+02  1083s
[2025-09-20 18:07:49] DEBUG    127   3.06947793e+14  1.61619234e+10  1.80e-04 5.53e-02  4.28e+02  1095s
[2025-09-20 18:07:59] DEBUG    128   3.06769627e+14  1.61717713e+10  1.79e-04 5.51e-02  4.20e+02  1104s
[2025-09-20 18:08:11] DEBUG    129   3.06488160e+14  1.61858061e+10  2.06e-04 5.48e-02  4.06e+02  1117s
[2025-09-20 18:08:22] DEBUG    130   3.06210950e+14  1.61943607e+10  1.66e-04 5.47e-02  3.94e+02  1128s
[2025-09-20 18:08:34] DEBUG    131   3.05988925e+14  1.62034957e+10  2.02e-04 5.44e-02  3.84e+02  1140s
[2025-09-20 18:08:45] DEBUG    132   3.05896481e+14  1.62114659e+10  2.01e-04 5.43e-02  3.79e+02  1151s
[2025-09-20 18:08:54] DEBUG    133   3.05691116e+14  1.62183364e+10  2.30e-04 5.41e-02  3.70e+02  1159s
[2025-09-20 18:09:06] DEBUG    134   3.05584889e+14  1.62260471e+10  2.09e-04 5.39e-02  3.65e+02  1171s
[2025-09-20 18:09:14] DEBUG    135   3.05484589e+14  1.62284423e+10  2.73e-04 5.38e-02  3.61e+02  1180s
[2025-09-20 18:09:24] DEBUG    136   3.05236820e+14  1.62348216e+10  2.13e-04 5.36e-02  3.51e+02  1190s
[2025-09-20 18:09:31] DEBUG    137   3.05207384e+14  1.62364778e+10  2.35e-04 5.36e-02  3.51e+02  1197s
[2025-09-20 18:09:39] DEBUG    138   3.05097084e+14  1.62403519e+10  1.90e-04 5.35e-02  3.47e+02  1205s
[2025-09-20 18:09:49] DEBUG    139   3.04837320e+14  1.62457501e+10  2.35e-04 5.33e-02  3.38e+02  1215s
[2025-09-20 18:09:59] DEBUG    140   3.04657835e+14  1.62500053e+10  2.29e-04 5.31e-02  3.31e+02  1225s
[2025-09-20 18:10:10] DEBUG    141   3.04332548e+14  1.62552071e+10  2.32e-04 5.29e-02  3.20e+02  1236s
[2025-09-20 18:10:22] DEBUG    142   3.04155233e+14  1.62613704e+10  2.22e-04 5.26e-02  3.13e+02  1247s
[2025-09-20 18:10:30] DEBUG    143   3.03991928e+14  1.62632325e+10  2.36e-04 5.26e-02  3.07e+02  1255s
[2025-09-20 18:10:40] DEBUG    144   3.03847676e+14  1.62650378e+10  2.27e-04 5.23e-02  3.02e+02  1266s
[2025-09-20 18:10:50] DEBUG    145   3.03774580e+14  1.62661916e+10  2.26e-04 5.22e-02  2.99e+02  1276s
[2025-09-20 18:10:58] DEBUG    146   3.03583134e+14  1.62669376e+10  2.51e-04 5.21e-02  2.94e+02  1284s
[2025-09-20 18:11:09] DEBUG    147   3.03345319e+14  1.62681380e+10  2.74e-04 5.20e-02  2.87e+02  1294s
[2025-09-20 18:11:22] DEBUG    148   3.03157804e+14  1.62705141e+10  2.46e-04 5.17e-02  2.80e+02  1308s
[2025-09-20 18:11:33] DEBUG    149   3.03045517e+14  1.62740602e+10  2.58e-04 5.15e-02  2.76e+02  1319s
[2025-09-20 18:11:46] DEBUG    150   3.02808523e+14  1.62759810e+10  2.45e-04 5.13e-02  2.69e+02  1331s
[2025-09-20 18:11:58] DEBUG    151   3.02636483e+14  1.62815739e+10  2.71e-04 5.10e-02  2.63e+02  1344s
[2025-09-20 18:12:08] DEBUG    152   3.02296727e+14  1.62868265e+10  2.85e-04 5.06e-02  2.52e+02  1354s
[2025-09-20 18:12:18] DEBUG    153   3.01995682e+14  1.62895183e+10  2.41e-04 5.04e-02  2.44e+02  1363s
[2025-09-20 18:12:26] DEBUG    154   3.01920434e+14  1.62911441e+10  2.36e-04 5.03e-02  2.42e+02  1371s
[2025-09-20 18:12:35] DEBUG    155   3.01747533e+14  1.62939669e+10  2.28e-04 5.02e-02  2.37e+02  1380s
[2025-09-20 18:12:43] DEBUG    156   3.01603760e+14  1.62976221e+10  2.16e-04 5.00e-02  2.34e+02  1388s
[2025-09-20 18:12:54] DEBUG    157   3.01347358e+14  1.63041808e+10  2.52e-04 4.97e-02  2.27e+02  1400s
[2025-09-20 18:13:06] DEBUG    158   3.01169367e+14  1.63083943e+10  1.68e-04 4.95e-02  2.22e+02  1412s
[2025-09-20 18:13:18] DEBUG    159   3.00981152e+14  1.63121973e+10  2.07e-04 4.93e-02  2.17e+02  1424s
[2025-09-20 18:13:30] DEBUG    160   3.00809212e+14  1.63159183e+10  1.82e-04 4.91e-02  2.12e+02  1435s
[2025-09-20 18:13:40] DEBUG    161   3.00547234e+14  1.63189330e+10  1.55e-04 4.89e-02  2.06e+02  1446s
[2025-09-20 18:13:48] DEBUG    162   3.00425718e+14  1.63216475e+10  1.85e-04 4.87e-02  2.03e+02  1454s
[2025-09-20 18:14:00] DEBUG    163   3.00170664e+14  1.63222978e+10  1.97e-04 4.85e-02  1.98e+02  1465s
[2025-09-20 18:14:10] DEBUG    164   2.99837900e+14  1.63246897e+10  2.33e-04 4.81e-02  1.90e+02  1476s
[2025-09-20 18:14:18] DEBUG    165   2.99700643e+14  1.63247214e+10  2.05e-04 4.81e-02  1.88e+02  1483s
[2025-09-20 18:14:28] DEBUG    166   2.99374610e+14  1.63273965e+10  1.45e-04 4.78e-02  1.81e+02  1494s
[2025-09-20 18:14:40] DEBUG    167   2.99179902e+14  1.63327226e+10  1.68e-04 4.75e-02  1.77e+02  1506s
[2025-09-20 18:14:49] DEBUG    168   2.98979299e+14  1.63348149e+10  1.84e-04 4.74e-02  1.72e+02  1515s
[2025-09-20 18:14:58] DEBUG    169   2.98813139e+14  1.63381990e+10  1.85e-04 4.72e-02  1.69e+02  1523s
[2025-09-20 18:15:06] DEBUG    170   2.98668831e+14  1.63405128e+10  2.15e-04 4.71e-02  1.66e+02  1532s
[2025-09-20 18:15:17] DEBUG    171   2.98480409e+14  1.63413994e+10  1.66e-04 4.70e-02  1.63e+02  1543s
[2025-09-20 18:15:25] DEBUG    172   2.98386554e+14  1.63427782e+10  1.48e-04 4.69e-02  1.61e+02  1550s
[2025-09-20 18:15:33] DEBUG    173   2.98329764e+14  1.63434907e+10  1.41e-04 4.68e-02  1.60e+02  1559s
[2025-09-20 18:15:41] DEBUG    174   2.98251570e+14  1.63443240e+10  1.58e-04 4.68e-02  1.59e+02  1567s
[2025-09-20 18:15:48] DEBUG    175   2.98103855e+14  1.63455428e+10  1.61e-04 4.67e-02  1.57e+02  1573s
[2025-09-20 18:15:59] DEBUG    176   2.98041784e+14  1.63465622e+10  1.52e-04 4.66e-02  1.56e+02  1585s
[2025-09-20 18:16:08] DEBUG    177   2.97990888e+14  1.63470873e+10  1.45e-04 4.66e-02  1.55e+02  1594s
[2025-09-20 18:16:16] DEBUG    178   2.97928148e+14  1.63477435e+10  1.26e-04 4.65e-02  1.54e+02  1602s
[2025-09-20 18:16:29] DEBUG    179   2.97681988e+14  1.63493385e+10  1.57e-04 4.64e-02  1.51e+02  1615s
[2025-09-20 18:16:38] DEBUG    180   2.97614637e+14  1.63503053e+10  1.80e-04 4.63e-02  1.49e+02  1623s
[2025-09-20 18:16:47] DEBUG    181   2.97485469e+14  1.63523436e+10  1.69e-04 4.62e-02  1.47e+02  1632s
[2025-09-20 18:16:47] DEBUG    Barrier performed 181 iterations in 1632.42 seconds (297.76 work units)
Numerical trouble encountered

Model may be infeasible or unbounded.  Consider using the
[2025-09-20 18:16:47] DEBUG    homogeneous algorithm (through parameter 'BarHomogeneous')
[2025-09-20 18:17:52] DEBUG    Waiting for other threads to finish...        1697s
[2025-09-20 18:18:56] DEBUG    Waiting for other threads to finish...        1762s
[2025-09-20 18:20:00] DEBUG    Waiting for other threads to finish...        1826s
[2025-09-20 18:20:51] DEBUG    Solved with dual simplex
[2025-09-20 18:21:02] DEBUG    Iteration    Objective       Primal Inf.    Dual Inf.      Time
[2025-09-20 18:21:02] DEBUG    1022347    1.9904748e+10   0.000000e+00   0.000000e+00   1887s

Solved in 1022347 iterations and 1887.28 seconds (661.70 work units)
[2025-09-20 18:21:02] DEBUG    Optimal objective  1.990474782e+10
❌ Errore nel run di autarky_GT+VRES_2030_PHES: 'Model' object has no attribute 'backend_model'
🏁 Tutti gli scenari sono stati processati.
