
🚀 Lancio scenario: new_trasmission_VRES_2035_BESS
[2025-09-16 01:41:35] INFO     Loading sets
[2025-09-16 01:41:35] INFO     Loading parameters
[2025-09-16 01:42:28] INFO     constraints are loaded in the following order: ['energy_balance', 'dispatch', 'costs', 'capacity', 'network', 'policy', 'conversion', 'group', 'conversion_plus', 'milp', 'export']
[2025-09-16 01:42:28] INFO     creating energy_balance constraints
[2025-09-16 01:47:01] INFO     creating dispatch constraints
[2025-09-16 01:50:28] INFO     creating costs constraints
[2025-09-16 02:02:50] INFO     creating capacity constraints
[2025-09-16 02:02:50] INFO     creating network constraints
[2025-09-16 02:02:50] INFO     creating policy constraints
[2025-09-16 02:02:50] INFO     creating conversion constraints
[2025-09-16 02:02:50] INFO     creating group constraints
[2025-09-16 02:02:50] INFO     creating conversion_plus constraints
[2025-09-16 02:02:50] INFO     creating milp constraints
[2025-09-16 02:02:50] INFO     creating export constraints
[2025-09-16 02:18:11] DEBUG    Set parameter WLSAccessID
Set parameter WLSSecret
Set parameter LicenseID to value 2680226
[2025-09-16 02:18:11] DEBUG    Academic license 2680226 - for non-commercial use only - registered to an___@mail.polimi.it
[2025-09-16 02:18:55] DEBUG    Read LP format model from file /tmp/tmpvo6h3byy.pyomo.lp
Reading time = 43.71 seconds
x21316618: 28403552 rows, 21316618 columns, 69680873 nonzeros
[2025-09-16 02:18:55] DEBUG    Set parameter NumericFocus to value 1
Gurobi Optimizer version 12.0.2 build v12.0.2rc0 (linux64 - "Debian GNU/Linux 11 (bullseye)")

CPU model: Intel(R) Xeon(R) Silver 4314 CPU @ 2.40GHz, instruction set [SSE2|AVX|AVX2|AVX512]
Thread count: 32 physical cores, 64 logical processors, using up to 32 threads

Non-default parameters:
NumericFocus  1
[2025-09-16 02:18:55] DEBUG    Academic license 2680226 - for non-commercial use only - registered to an___@mail.polimi.it
Optimize a model with 28403552 rows, 21316618 columns and 69680873 nonzeros
[2025-09-16 02:18:56] DEBUG    Model fingerprint: 0x0b2de35c
[2025-09-16 02:18:56] DEBUG    Coefficient statistics:
  Matrix range     [1e-07, 6e+02]
  Objective range  [1e+00, 1e+06]
  Bounds range     [0e+00, 0e+00]
  RHS range        [1e+00, 2e+08]
[2025-09-16 02:19:01] DEBUG    Presolve removed 20077930 rows and 11393101 columns (presolve time = 5s)...
[2025-09-16 02:19:06] DEBUG    Presolve removed 20526497 rows and 13302362 columns (presolve time = 11s)...
[2025-09-16 02:19:11] DEBUG    Presolve removed 22734194 rows and 15510000 columns (presolve time = 15s)...
[2025-09-16 02:19:16] DEBUG    Presolve removed 24239078 rows and 16964105 columns (presolve time = 20s)...
[2025-09-16 02:19:50] DEBUG    Presolve removed 24776973 rows and 17218145 columns (presolve time = 54s)...
[2025-09-16 02:19:51] DEBUG    Presolve removed 24776973 rows and 17445905 columns (presolve time = 55s)...
[2025-09-16 02:19:56] DEBUG    Presolve removed 24776973 rows and 17445905 columns (presolve time = 60s)...
[2025-09-16 02:19:56] DEBUG    Presolve removed 24917117 rows and 17445905 columns
[2025-09-16 02:20:37] DEBUG    Presolve time: 102.40s
Presolved: 3486435 rows, 4010857 columns, 14853606 nonzeros
[2025-09-16 02:20:37] DEBUG    Concurrent LP optimizer: primal simplex, dual simplex, and barrier
Showing barrier log only...
[2025-09-16 02:21:12] DEBUG    Elapsed ordering time = 32s
[2025-09-16 02:21:15] DEBUG    Elapsed ordering time = 35s
[2025-09-16 02:21:47] DEBUG    Ordering time: 66.94s
[2025-09-16 02:21:49] DEBUG    Barrier statistics:
 Dense cols : 174
[2025-09-16 02:21:49] DEBUG    AA' NZ     : 1.569e+07
 Factor NZ  : 6.552e+07 (roughly 3.6 GB of memory)
 Factor Ops : 7.004e+09 (less than 1 second per iteration)
 Threads    : 30
[2025-09-16 02:21:55] DEBUG    Objective                Residual
Iter       Primal          Dual         Primal    Dual     Compl     Time
[2025-09-16 02:21:55] DEBUG    0   2.18006348e+21 -7.29329641e+18  7.88e+10 2.89e-11  3.30e+15   181s
[2025-09-16 02:22:02] DEBUG    1   1.53596770e+21 -7.33120618e+18  5.48e+10 1.80e+05  2.22e+15   187s
[2025-09-16 02:22:11] DEBUG    2   1.07217555e+21 -6.45470646e+18  3.78e+10 6.22e+04  1.23e+15   196s
[2025-09-16 02:22:21] DEBUG    3   7.46172268e+20 -5.86750191e+18  2.69e+10 2.29e+04  7.59e+14   206s
[2025-09-16 02:22:29] DEBUG    4   6.40207682e+20 -5.71587253e+18  2.34e+10 1.59e+04  6.38e+14   214s
[2025-09-16 02:22:34] DEBUG    5   5.54164698e+20 -5.62819855e+18  2.02e+10 1.27e+04  5.48e+14   220s
[2025-09-16 02:22:40] DEBUG    6   5.16455348e+20 -5.55917950e+18  1.87e+10 9.77e+03  4.98e+14   226s
[2025-09-16 02:22:49] DEBUG    7   3.92926865e+20 -5.49116225e+18  1.44e+10 7.64e+03  3.84e+14   234s
[2025-09-16 02:22:59] DEBUG    8   3.32631884e+20 -5.43087945e+18  1.23e+10 5.31e+03  3.21e+14   245s
[2025-09-16 02:23:12] DEBUG    9   1.27140168e+20 -5.64964321e+18  4.37e+09 1.29e+03  1.14e+14   258s
[2025-09-16 02:23:26] DEBUG    10   4.04161627e+19 -5.67089960e+18  1.21e+09 4.06e+02  3.32e+13   271s
[2025-09-16 02:23:36] DEBUG    11   8.49067279e+18 -5.04654232e+18  2.28e+08 1.40e+02  7.12e+12   282s
[2025-09-16 02:23:45] DEBUG    12   4.65123791e+17 -2.85392921e+18  1.26e+07 1.57e+01  7.00e+11   290s
[2025-09-16 02:23:51] DEBUG    13   1.14339581e+17 -4.58876958e+17  2.96e+06 6.36e-01  1.08e+11   297s
[2025-09-16 02:23:58] DEBUG    14   8.14670645e+14 -7.19098283e+16  1.59e+04 2.11e-02  8.15e+09   303s
[2025-09-16 02:24:04] DEBUG    15   9.90322013e+13 -4.24965736e+15  8.21e+01 2.67e-02  4.74e+08   310s
[2025-09-16 02:24:11] DEBUG    16   8.27148890e+13 -2.64700147e+14  6.13e+00 1.61e-02  3.37e+07   317s
[2025-09-16 02:24:17] DEBUG    17   7.13006852e+13 -9.97903514e+13  1.51e+00 1.89e-02  1.31e+07   323s
[2025-09-16 02:24:23] DEBUG    18   6.51829797e+13 -4.91634182e+13  7.95e-01 3.08e-02  6.69e+06   329s
[2025-09-16 02:24:30] DEBUG    19   6.03870473e+13 -2.95698446e+13  4.89e-01 3.44e-02  4.13e+06   335s
[2025-09-16 02:24:36] DEBUG    20   5.91519623e+13 -2.91782374e+13  4.38e-01 3.46e-02  4.05e+06   341s
[2025-09-16 02:24:42] DEBUG    21   5.84264414e+13 -2.60065100e+13  4.10e-01 3.51e-02  3.64e+06   347s
[2025-09-16 02:24:50] DEBUG    22   5.83372813e+13 -2.27332755e+13  4.07e-01 3.57e-02  3.22e+06   355s
[2025-09-16 02:24:58] DEBUG    23   5.69967622e+13 -2.08127400e+13  3.60e-01 3.61e-02  2.95e+06   363s
[2025-09-16 02:25:10] DEBUG    24   5.64895811e+13 -1.96007566e+13  3.44e-01 3.63e-02  2.79e+06   375s
[2025-09-16 02:25:27] DEBUG    25   5.62703933e+13 -1.70614292e+13  3.37e-01 3.67e-02  2.46e+06   392s
[2025-09-16 02:25:36] DEBUG    26   5.58423465e+13 -1.10193378e+13  3.24e-01 3.77e-02  1.69e+06   402s
[2025-09-16 02:25:46] DEBUG    27   5.49519786e+13 -1.03579715e+13  2.98e-01 3.78e-02  1.59e+06   411s
[2025-09-16 02:25:57] DEBUG    28   5.43314134e+13 -9.04005067e+12  2.81e-01 3.80e-02  1.41e+06   422s
[2025-09-16 02:26:07] DEBUG    29   5.38972807e+13 -6.54830686e+12  2.69e-01 3.83e-02  1.08e+06   432s
[2025-09-16 02:26:19] DEBUG    30   5.19717091e+13 -5.04814333e+12  2.19e-01 3.85e-02  8.53e+05   444s
[2025-09-16 02:26:34] DEBUG    31   5.14972963e+13 -4.49366572e+12  2.08e-01 3.85e-02  7.75e+05   459s
[2025-09-16 02:26:43] DEBUG    32   5.14041619e+13 -4.43366896e+12  2.06e-01 3.85e-02  7.66e+05   468s
[2025-09-16 02:26:55] DEBUG    33   5.10180253e+13 -4.03870319e+12  1.98e-01 3.85e-02  7.09e+05   481s
[2025-09-16 02:27:09] DEBUG    34   5.06905150e+13 -3.68837779e+12  1.91e-01 3.85e-02  6.59e+05   494s
[2025-09-16 02:27:18] DEBUG    35   5.03709494e+13 -3.28865610e+12  1.85e-01 3.86e-02  6.03e+05   504s
[2025-09-16 02:27:30] DEBUG    36   4.95325582e+13 -2.81641481e+12  1.69e-01 3.86e-02  5.27e+05   516s
[2025-09-16 02:27:45] DEBUG    37   4.90646322e+13 -2.53416086e+12  1.61e-01 3.86e-02  4.84e+05   530s
[2025-09-16 02:27:58] DEBUG    38   4.85310013e+13 -2.26468501e+12  1.52e-01 3.86e-02  4.40e+05   543s
[2025-09-16 02:28:09] DEBUG    39   4.82800430e+13 -2.03396357e+12  1.48e-01 3.85e-02  4.07e+05   555s
[2025-09-16 02:28:25] DEBUG    40   4.74042991e+13 -1.48039379e+12  1.34e-01 3.85e-02  3.22e+05   571s
[2025-09-16 02:28:33] DEBUG    41   4.68223166e+13 -1.38665914e+12  1.25e-01 3.85e-02  3.02e+05   579s
[2025-09-16 02:28:42] DEBUG    42   4.66496430e+13 -1.34186098e+12  1.22e-01 3.85e-02  2.94e+05   587s
[2025-09-16 02:28:55] DEBUG    43   4.61444209e+13 -1.22207390e+12  1.15e-01 3.84e-02  2.71e+05   600s
[2025-09-16 02:29:07] DEBUG    44   4.53366866e+13 -1.08745300e+12  1.04e-01 3.84e-02  2.42e+05   612s
[2025-09-16 02:29:22] DEBUG    45   4.42807773e+13 -8.47554666e+11  9.11e-02 3.83e-02  1.98e+05   627s
[2025-09-16 02:29:36] DEBUG    46   4.30200856e+13 -5.47851590e+11  7.69e-02 3.82e-02  1.44e+05   641s
[2025-09-16 02:29:54] DEBUG    47   4.11398750e+13 -4.49617991e+11  7.34e-02 3.79e-02  1.34e+05   660s
[2025-09-16 02:30:25] DEBUG    48   3.83634965e+13 -4.10890210e+11  6.81e-02 3.76e-02  1.26e+05   690s
[2025-09-16 02:30:48] DEBUG    49   3.67415537e+13 -3.81173045e+11  6.44e-02 3.72e-02  1.19e+05   713s
[2025-09-16 02:31:09] DEBUG    50   3.46621576e+13 -3.42772470e+11  6.04e-02 3.66e-02  1.10e+05   734s
[2025-09-16 02:31:30] DEBUG    51   3.43697920e+13 -3.21174895e+11  5.98e-02 3.61e-02  1.10e+05   756s
[2025-09-16 02:31:57] DEBUG    52   3.29281817e+13 -3.12446739e+11  5.71e-02 3.58e-02  1.04e+05   782s
[2025-09-16 02:32:26] DEBUG    53   3.14729837e+13 -2.63493659e+11  5.43e-02 3.37e-02  1.20e+05   811s
[2025-09-16 02:32:47] DEBUG    54   2.95944891e+13 -2.24653307e+11  5.06e-02 3.19e-02  1.12e+05   832s
[2025-09-16 02:33:04] DEBUG    55   2.77275689e+13 -1.93234638e+11  4.69e-02 3.03e-02  1.10e+05   849s
[2025-09-16 02:33:31] DEBUG    56   2.64255630e+13 -1.69892912e+11  4.44e-02 2.82e-02  1.06e+05   876s
[2025-09-16 02:33:57] DEBUG    57   2.54515559e+13 -1.48261976e+11  4.25e-02 2.47e-02  1.04e+05   903s
[2025-09-16 02:34:18] DEBUG    58   2.41155464e+13 -1.30894735e+11  3.98e-02 2.33e-02  9.75e+04   923s
[2025-09-16 02:34:40] DEBUG    59   2.29622093e+13 -1.12023454e+11  3.73e-02 2.23e-02  9.33e+04   946s
[2025-09-16 02:35:01] DEBUG    60   2.19058898e+13 -9.60319249e+10  3.49e-02 2.14e-02  8.86e+04   967s
[2025-09-16 02:35:29] DEBUG    61   2.09479703e+13 -8.53543102e+10  3.26e-02 2.01e-02  8.60e+04   995s
[2025-09-16 02:35:45] DEBUG    62   1.95998292e+13 -7.17752207e+10  2.93e-02 1.89e-02  7.84e+04  1010s
[2025-09-16 02:36:03] DEBUG    63   1.88187058e+13 -6.20882298e+10  2.73e-02 1.88e-02  7.34e+04  1029s
[2025-09-16 02:36:23] DEBUG    64   1.84772261e+13 -5.31073564e+10  2.56e-02 1.87e-02  7.10e+04  1048s
[2025-09-16 02:36:38] DEBUG    65   1.79685284e+13 -4.73259553e+10  2.33e-02 1.86e-02  6.43e+04  1063s
[2025-09-16 02:36:58] DEBUG    66   1.70197282e+13 -4.07455464e+10  2.00e-02 1.85e-02  5.42e+04  1084s
[2025-09-16 02:37:25] DEBUG    67   1.65734695e+13 -3.73193789e+10  1.88e-02 1.84e-02  5.08e+04  1111s
[2025-09-16 02:37:44] DEBUG    68   1.60024014e+13 -3.18792225e+10  1.65e-02 1.83e-02  4.40e+04  1129s
[2025-09-16 02:37:58] DEBUG    69   1.56082936e+13 -2.46078639e+10  1.44e-02 1.82e-02  3.79e+04  1143s
[2025-09-16 02:38:13] DEBUG    70   1.53393240e+13 -2.13218761e+10  1.31e-02 1.81e-02  3.46e+04  1158s
[2025-09-16 02:38:27] DEBUG    71   1.50386850e+13 -1.56813984e+10  1.07e-02 1.80e-02  2.77e+04  1172s
[2025-09-16 02:38:41] DEBUG    72   1.48111345e+13 -1.14576012e+10  9.82e-03 1.78e-02  2.49e+04  1186s
[2025-09-16 02:38:58] DEBUG    73   1.45729208e+13 -6.19165840e+09  8.97e-03 1.77e-02  2.20e+04  1204s
[2025-09-16 02:39:11] DEBUG    74   1.44778132e+13 -5.32832321e+09  8.66e-03 1.76e-02  2.12e+04  1216s
[2025-09-16 02:39:26] DEBUG    75   1.41994146e+13 -3.43401120e+09  7.78e-03 1.74e-02  1.86e+04  1231s
[2025-09-16 02:39:40] DEBUG    76   1.39672441e+13 -2.49866508e+09  7.11e-03 1.73e-02  1.69e+04  1246s
[2025-09-16 02:40:02] DEBUG    77   1.38232973e+13 -1.41607699e+09  6.84e-03 1.71e-02  1.62e+04  1268s
[2025-09-16 02:40:21] DEBUG    78   1.37437579e+13 -9.93362531e+08  6.70e-03 1.70e-02  1.58e+04  1287s
[2025-09-16 02:40:39] DEBUG    79   1.36878983e+13 -6.03561236e+08  6.55e-03 1.70e-02  1.55e+04  1304s
[2025-09-16 02:40:50] DEBUG    80   1.36355457e+13 -2.59639453e+08  6.42e-03 1.69e-02  1.51e+04  1316s
[2025-09-16 02:41:05] DEBUG    81   1.35946966e+13 -4.65393258e+07  6.32e-03 1.69e-02  1.49e+04  1330s
[2025-09-16 02:41:22] DEBUG    82   1.35040445e+13  1.93897723e+08  6.09e-03 1.68e-02  1.44e+04  1347s
[2025-09-16 02:41:38] DEBUG    83   1.34838690e+13  5.80880503e+08  6.04e-03 1.68e-02  1.42e+04  1364s
[2025-09-16 02:41:53] DEBUG    84   1.34392561e+13  7.91415870e+08  5.94e-03 1.67e-02  1.40e+04  1378s
[2025-09-16 02:42:05] DEBUG    85   1.33294711e+13  1.03944070e+09  5.68e-03 1.66e-02  1.34e+04  1391s
[2025-09-16 02:42:23] DEBUG    86   1.32600697e+13  1.29359497e+09  5.52e-03 1.65e-02  1.30e+04  1408s
[2025-09-16 02:42:41] DEBUG    87   1.29852622e+13  1.82919135e+09  4.91e-03 1.64e-02  1.15e+04  1426s
[2025-09-16 02:42:55] DEBUG    88   1.28021045e+13  2.33362738e+09  4.54e-03 1.62e-02  1.06e+04  1441s
[2025-09-16 02:43:07] DEBUG    89   1.27541639e+13  2.54093319e+09  4.45e-03 1.61e-02  1.04e+04  1452s
[2025-09-16 02:43:19] DEBUG    90   1.25981795e+13  3.30629110e+09  4.16e-03 1.59e-02  9.60e+03  1464s
[2025-09-16 02:43:38] DEBUG    91   1.24501968e+13  3.70176310e+09  4.03e-03 1.58e-02  9.31e+03  1483s
[2025-09-16 02:44:02] DEBUG    92   1.23413630e+13  3.95397988e+09  3.94e-03 1.57e-02  9.10e+03  1507s
[2025-09-16 02:44:23] DEBUG    93   1.22129515e+13  4.28104232e+09  3.79e-03 1.56e-02  8.75e+03  1529s
[2025-09-16 02:44:46] DEBUG    94   1.21139484e+13  4.59724646e+09  3.67e-03 1.55e-02  8.50e+03  1552s
[2025-09-16 02:45:08] DEBUG    95   1.20609902e+13  4.97813925e+09  3.59e-03 1.53e-02  8.28e+03  1573s
[2025-09-16 02:45:28] DEBUG    96   1.20072708e+13  5.31353606e+09  3.41e-03 1.52e-02  7.83e+03  1593s
[2025-09-16 02:45:43] DEBUG    97   1.19018342e+13  5.63154689e+09  3.09e-03 1.51e-02  7.06e+03  1608s
[2025-09-16 02:45:53] DEBUG    98   1.18237865e+13  6.06107169e+09  2.87e-03 1.49e-02  6.50e+03  1618s
[2025-09-16 02:46:10] DEBUG    99   1.16804481e+13  6.34966562e+09  2.49e-03 1.48e-02  5.62e+03  1635s
[2025-09-16 02:46:27] DEBUG    100   1.16396697e+13  6.66902723e+09  2.40e-03 1.46e-02  5.34e+03  1653s
[2025-09-16 02:46:47] DEBUG    101   1.15464750e+13  7.06524872e+09  2.19e-03 1.45e-02  4.85e+03  1672s
[2025-09-16 02:46:57] DEBUG    102   1.14822889e+13  7.38329618e+09  2.06e-03 1.44e-02  4.49e+03  1683s
[2025-09-16 02:47:12] DEBUG    103   1.13744729e+13  7.60611798e+09  1.85e-03 1.43e-02  4.04e+03  1697s
[2025-09-16 02:47:25] DEBUG    104   1.13260370e+13  7.85314226e+09  1.76e-03 1.42e-02  3.83e+03  1710s
[2025-09-16 02:47:38] DEBUG    105   1.12837568e+13  7.97086277e+09  1.69e-03 1.42e-02  3.68e+03  1723s
[2025-09-16 02:47:50] DEBUG    106   1.12102393e+13  8.20139108e+09  1.57e-03 1.41e-02  3.41e+03  1735s
[2025-09-16 02:48:06] DEBUG    107   1.11495399e+13  8.39396286e+09  1.48e-03 1.40e-02  3.20e+03  1751s
[2025-09-16 02:48:19] DEBUG    108   1.11269213e+13  8.52311106e+09  1.45e-03 1.40e-02  3.12e+03  1764s
[2025-09-16 02:48:33] DEBUG    109   1.10929057e+13  8.57676332e+09  1.40e-03 1.40e-02  3.02e+03  1778s
[2025-09-16 02:48:44] DEBUG    110   1.10596878e+13  8.68079127e+09  1.36e-03 1.39e-02  2.93e+03  1789s
[2025-09-16 02:48:57] DEBUG    111   1.09790590e+13  8.92402283e+09  1.25e-03 1.39e-02  2.68e+03  1803s
[2025-09-16 02:49:12] DEBUG    112   1.09326800e+13  9.04699024e+09  1.20e-03 1.38e-02  2.56e+03  1817s
[2025-09-16 02:49:26] DEBUG    113   1.09006707e+13  9.18130691e+09  1.16e-03 1.38e-02  2.47e+03  1832s
[2025-09-16 02:49:36] DEBUG    114   1.08860328e+13  9.22982795e+09  1.14e-03 1.37e-02  2.43e+03  1841s
[2025-09-16 02:49:50] DEBUG    115   1.08576188e+13  9.26101758e+09  1.11e-03 1.37e-02  2.37e+03  1855s
[2025-09-16 02:50:05] DEBUG    116   1.08117098e+13  9.37723107e+09  1.06e-03 1.37e-02  2.26e+03  1870s
[2025-09-16 02:50:20] DEBUG    117   1.07705568e+13  9.48487842e+09  1.02e-03 1.37e-02  2.16e+03  1886s
[2025-09-16 02:50:37] DEBUG    118   1.07565024e+13  9.58866983e+09  1.00e-03 1.36e-02  2.12e+03  1902s
[2025-09-16 02:50:48] DEBUG    119   1.07377949e+13  9.67386948e+09  9.87e-04 1.36e-02  2.08e+03  1913s
[2025-09-16 02:50:58] DEBUG    120   1.07073319e+13  9.70493238e+09  9.57e-04 1.36e-02  2.02e+03  1924s
[2025-09-16 02:51:16] DEBUG    121   1.06808726e+13  9.77666134e+09  9.33e-04 1.36e-02  1.96e+03  1942s
[2025-09-16 02:51:38] DEBUG    122   1.06644533e+13  9.84226539e+09  9.17e-04 1.35e-02  1.93e+03  1964s
[2025-09-16 02:51:59] DEBUG    123   1.06504769e+13  9.89485765e+09  9.04e-04 1.35e-02  1.90e+03  1985s
[2025-09-16 02:52:14] DEBUG    124   1.06141022e+13  9.94832821e+09  8.71e-04 1.35e-02  1.83e+03  2000s
[2025-09-16 02:52:27] DEBUG    125   1.06013614e+13  9.99849980e+09  8.60e-04 1.35e-02  1.80e+03  2013s
[2025-09-16 02:52:47] DEBUG    126   1.05754232e+13  1.00611918e+10  8.38e-04 1.35e-02  1.75e+03  2032s
[2025-09-16 02:53:03] DEBUG    127   1.05514373e+13  1.01340714e+10  8.17e-04 1.34e-02  1.70e+03  2049s
[2025-09-16 02:53:16] DEBUG    128   1.05252380e+13  1.01991524e+10  7.95e-04 1.34e-02  1.65e+03  2061s
[2025-09-16 02:53:33] DEBUG    129   1.04868194e+13  1.02894335e+10  7.64e-04 1.34e-02  1.58e+03  2078s
[2025-09-16 02:53:46] DEBUG    130   1.04576764e+13  1.03402864e+10  7.42e-04 1.34e-02  1.53e+03  2091s
[2025-09-16 02:54:04] DEBUG    131   1.04319462e+13  1.03869972e+10  7.22e-04 1.34e-02  1.49e+03  2109s
[2025-09-16 02:54:19] DEBUG    132   1.04017936e+13  1.04614446e+10  7.00e-04 1.33e-02  1.44e+03  2124s
[2025-09-16 02:54:32] DEBUG    133   1.03841909e+13  1.04826728e+10  6.87e-04 1.33e-02  1.41e+03  2138s
[2025-09-16 02:54:46] DEBUG    134   1.03765181e+13  1.05069322e+10  6.81e-04 1.33e-02  1.40e+03  2152s
[2025-09-16 02:54:57] DEBUG    135   1.03693064e+13  1.05255186e+10  6.77e-04 1.33e-02  1.39e+03  2162s
[2025-09-16 02:55:11] DEBUG    136   1.03417345e+13  1.05615916e+10  6.58e-04 1.33e-02  1.50e+03  2176s
[2025-09-16 02:55:25] DEBUG    137   1.03222327e+13  1.05966601e+10  6.45e-04 1.33e-02  1.50e+03  2190s
[2025-09-16 02:55:37] DEBUG    138   1.03029833e+13  1.06148150e+10  6.31e-04 1.33e-02  1.48e+03  2202s
[2025-09-16 02:55:49] DEBUG    139   1.02897741e+13  1.06336260e+10  6.23e-04 1.33e-02  1.46e+03  2214s
[2025-09-16 02:55:49] DEBUG    Barrier performed 139 iterations in 2214.16 seconds (560.61 work units)
[2025-09-16 02:55:49] DEBUG    Numerical trouble encountered

Model may be infeasible or unbounded.  Consider using the
homogeneous algorithm (through parameter 'BarHomogeneous')
[2025-09-16 02:56:54] DEBUG    Waiting for other threads to finish...        2279s
[2025-09-16 02:57:58] DEBUG    Waiting for other threads to finish...        2344s
[2025-09-16 02:59:03] DEBUG    Waiting for other threads to finish...        2408s
[2025-09-16 03:00:07] DEBUG    Waiting for other threads to finish...        2473s
[2025-09-16 03:01:12] DEBUG    Waiting for other threads to finish...        2537s
[2025-09-16 03:02:17] DEBUG    Waiting for other threads to finish...        2602s
[2025-09-16 03:03:21] DEBUG    Waiting for other threads to finish...        2667s
[2025-09-16 03:04:26] DEBUG    Waiting for other threads to finish...        2731s
[2025-09-16 03:05:30] DEBUG    Waiting for other threads to finish...        2796s
[2025-09-16 03:06:35] DEBUG    Waiting for other threads to finish...        2860s
[2025-09-16 03:07:39] DEBUG    Waiting for other threads to finish...        2925s
[2025-09-16 03:08:44] DEBUG    Waiting for other threads to finish...        2989s
[2025-09-16 03:09:48] DEBUG    Waiting for other threads to finish...        3053s
[2025-09-16 03:10:53] DEBUG    Waiting for other threads to finish...        3118s
[2025-09-16 03:11:57] DEBUG    Waiting for other threads to finish...        3183s
[2025-09-16 03:13:02] DEBUG    Waiting for other threads to finish...        3247s
[2025-09-16 03:14:07] DEBUG    Waiting for other threads to finish...        3312s
[2025-09-16 03:15:11] DEBUG    Waiting for other threads to finish...        3377s
[2025-09-16 03:16:16] DEBUG    Waiting for other threads to finish...        3442s
[2025-09-16 03:17:21] DEBUG    Waiting for other threads to finish...        3506s
[2025-09-16 03:18:25] DEBUG    Waiting for other threads to finish...        3571s
[2025-09-16 03:19:30] DEBUG    Waiting for other threads to finish...        3636s
[2025-09-16 03:20:35] DEBUG    Waiting for other threads to finish...        3700s
[2025-09-16 03:21:39] DEBUG    Waiting for other threads to finish...        3765s
[2025-09-16 03:22:44] DEBUG    Waiting for other threads to finish...        3829s
[2025-09-16 03:23:48] DEBUG    Waiting for other threads to finish...        3894s
[2025-09-16 03:24:53] DEBUG    Waiting for other threads to finish...        3958s
[2025-09-16 03:25:57] DEBUG    Waiting for other threads to finish...        4023s
[2025-09-16 03:27:02] DEBUG    Waiting for other threads to finish...        4087s
[2025-09-16 03:28:07] DEBUG    Waiting for other threads to finish...        4152s
[2025-09-16 03:29:11] DEBUG    Waiting for other threads to finish...        4217s
[2025-09-16 03:30:16] DEBUG    Waiting for other threads to finish...        4281s
[2025-09-16 03:31:21] DEBUG    Waiting for other threads to finish...        4346s
[2025-09-16 03:32:25] DEBUG    Waiting for other threads to finish...        4411s
[2025-09-16 03:33:30] DEBUG    Waiting for other threads to finish...        4475s
[2025-09-16 03:34:34] DEBUG    Waiting for other threads to finish...        4540s
[2025-09-16 03:35:39] DEBUG    Waiting for other threads to finish...        4605s
[2025-09-16 03:36:44] DEBUG    Waiting for other threads to finish...        4669s
[2025-09-16 03:37:48] DEBUG    Waiting for other threads to finish...        4733s
[2025-09-16 03:38:53] DEBUG    Waiting for other threads to finish...        4798s
[2025-09-16 03:39:57] DEBUG    Waiting for other threads to finish...        4863s
[2025-09-16 03:41:02] DEBUG    Waiting for other threads to finish...        4927s
[2025-09-16 03:42:06] DEBUG    Waiting for other threads to finish...        4991s
[2025-09-16 03:43:10] DEBUG    Waiting for other threads to finish...        5056s
[2025-09-16 03:44:15] DEBUG    Waiting for other threads to finish...        5120s
[2025-09-16 03:45:19] DEBUG    Waiting for other threads to finish...        5185s
[2025-09-16 03:46:24] DEBUG    Waiting for other threads to finish...        5249s
[2025-09-16 03:47:28] DEBUG    Waiting for other threads to finish...        5314s
[2025-09-16 03:48:33] DEBUG    Waiting for other threads to finish...        5378s
[2025-09-16 03:49:38] DEBUG    Waiting for other threads to finish...        5443s
[2025-09-16 03:50:42] DEBUG    Waiting for other threads to finish...        5507s
[2025-09-16 03:51:47] DEBUG    Waiting for other threads to finish...        5572s
[2025-09-16 03:52:51] DEBUG    Waiting for other threads to finish...        5636s
[2025-09-16 03:53:56] DEBUG    Waiting for other threads to finish...        5701s
[2025-09-16 03:55:00] DEBUG    Waiting for other threads to finish...        5765s
[2025-09-16 03:56:04] DEBUG    Waiting for other threads to finish...        5830s
[2025-09-16 03:57:09] DEBUG    Waiting for other threads to finish...        5894s
[2025-09-16 03:58:14] DEBUG    Waiting for other threads to finish...        5959s
[2025-09-16 03:59:18] DEBUG    Waiting for other threads to finish...        6024s
[2025-09-16 04:00:23] DEBUG    Waiting for other threads to finish...        6089s
[2025-09-16 04:01:28] DEBUG    Waiting for other threads to finish...        6153s
[2025-09-16 04:02:32] DEBUG    Waiting for other threads to finish...        6218s
[2025-09-16 04:03:37] DEBUG    Waiting for other threads to finish...        6283s
[2025-09-16 04:04:42] DEBUG    Waiting for other threads to finish...        6347s
[2025-09-16 04:05:47] DEBUG    Waiting for other threads to finish...        6412s
[2025-09-16 04:06:51] DEBUG    Waiting for other threads to finish...        6477s
[2025-09-16 04:07:56] DEBUG    Waiting for other threads to finish...        6542s
[2025-09-16 04:09:01] DEBUG    Waiting for other threads to finish...        6606s
[2025-09-16 04:10:05] DEBUG    Waiting for other threads to finish...        6671s
[2025-09-16 04:11:10] DEBUG    Waiting for other threads to finish...        6735s
[2025-09-16 04:12:15] DEBUG    Waiting for other threads to finish...        6800s
[2025-09-16 04:13:19] DEBUG    Waiting for other threads to finish...        6865s
[2025-09-16 04:14:24] DEBUG    Waiting for other threads to finish...        6930s
[2025-09-16 04:15:29] DEBUG    Waiting for other threads to finish...        6995s
[2025-09-16 04:16:34] DEBUG    Waiting for other threads to finish...        7059s
[2025-09-16 04:17:38] DEBUG    Waiting for other threads to finish...        7124s
[2025-09-16 04:18:43] DEBUG    Waiting for other threads to finish...        7189s
[2025-09-16 04:19:48] DEBUG    Waiting for other threads to finish...        7254s
[2025-09-16 04:20:53] DEBUG    Waiting for other threads to finish...        7318s
[2025-09-16 04:21:58] DEBUG    Waiting for other threads to finish...        7383s
[2025-09-16 04:23:02] DEBUG    Waiting for other threads to finish...        7447s
[2025-09-16 04:24:06] DEBUG    Waiting for other threads to finish...        7512s
[2025-09-16 04:25:11] DEBUG    Waiting for other threads to finish...        7577s
[2025-09-16 04:26:16] DEBUG    Waiting for other threads to finish...        7641s
[2025-09-16 04:27:20] DEBUG    Waiting for other threads to finish...        7706s
[2025-09-16 04:28:25] DEBUG    Waiting for other threads to finish...        7770s
[2025-09-16 04:29:30] DEBUG    Waiting for other threads to finish...        7835s
[2025-09-16 04:30:35] DEBUG    Waiting for other threads to finish...        7900s
[2025-09-16 04:31:39] DEBUG    Waiting for other threads to finish...        7965s
[2025-09-16 04:32:44] DEBUG    Waiting for other threads to finish...        8029s
[2025-09-16 04:33:49] DEBUG    Waiting for other threads to finish...        8094s
[2025-09-16 04:34:53] DEBUG    Waiting for other threads to finish...        8159s
[2025-09-16 04:35:58] DEBUG    Waiting for other threads to finish...        8223s
[2025-09-16 04:37:02] DEBUG    Waiting for other threads to finish...        8288s
[2025-09-16 04:38:07] DEBUG    Waiting for other threads to finish...        8353s
[2025-09-16 04:39:12] DEBUG    Waiting for other threads to finish...        8417s
[2025-09-16 04:40:16] DEBUG    Waiting for other threads to finish...        8482s
[2025-09-16 04:41:21] DEBUG    Waiting for other threads to finish...        8546s
[2025-09-16 04:42:26] DEBUG    Waiting for other threads to finish...        8611s
[2025-09-16 04:43:31] DEBUG    Waiting for other threads to finish...        8676s
[2025-09-16 04:44:35] DEBUG    Waiting for other threads to finish...        8741s
[2025-09-16 04:45:40] DEBUG    Waiting for other threads to finish...        8806s
[2025-09-16 04:46:45] DEBUG    Waiting for other threads to finish...        8870s
[2025-09-16 04:47:49] DEBUG    Waiting for other threads to finish...        8934s
[2025-09-16 04:48:53] DEBUG    Waiting for other threads to finish...        8999s
[2025-09-16 04:49:58] DEBUG    Waiting for other threads to finish...        9063s
[2025-09-16 04:51:02] DEBUG    Waiting for other threads to finish...        9127s
[2025-09-16 04:52:06] DEBUG    Waiting for other threads to finish...        9192s
[2025-09-16 04:53:11] DEBUG    Waiting for other threads to finish...        9256s
[2025-09-16 04:54:16] DEBUG    Waiting for other threads to finish...        9321s
[2025-09-16 04:55:20] DEBUG    Waiting for other threads to finish...        9386s
[2025-09-16 04:56:25] DEBUG    Waiting for other threads to finish...        9450s
[2025-09-16 04:57:30] DEBUG    Waiting for other threads to finish...        9515s
[2025-09-16 04:58:35] DEBUG    Waiting for other threads to finish...        9580s
[2025-09-16 04:59:40] DEBUG    Waiting for other threads to finish...        9645s
[2025-09-16 05:00:44] DEBUG    Waiting for other threads to finish...        9709s
[2025-09-16 05:01:48] DEBUG    Waiting for other threads to finish...        9774s
[2025-09-16 05:02:53] DEBUG    Waiting for other threads to finish...        9839s
[2025-09-16 05:03:58] DEBUG    Waiting for other threads to finish...        9903s
[2025-09-16 05:05:02] DEBUG    Waiting for other threads to finish...        9968s
[2025-09-16 05:06:07] DEBUG    Waiting for other threads to finish...       10032s
[2025-09-16 05:07:11] DEBUG    Waiting for other threads to finish...       10097s
[2025-09-16 05:08:16] DEBUG    Waiting for other threads to finish...       10161s
[2025-09-16 05:09:21] DEBUG    Waiting for other threads to finish...       10226s
[2025-09-16 05:10:25] DEBUG    Waiting for other threads to finish...       10290s
[2025-09-16 05:11:29] DEBUG    Waiting for other threads to finish...       10355s
[2025-09-16 05:12:34] DEBUG    Waiting for other threads to finish...       10419s
[2025-09-16 05:13:39] DEBUG    Waiting for other threads to finish...       10484s
[2025-09-16 05:14:44] DEBUG    Waiting for other threads to finish...       10549s
[2025-09-16 05:15:48] DEBUG    Waiting for other threads to finish...       10614s
[2025-09-16 05:16:53] DEBUG    Waiting for other threads to finish...       10678s
[2025-09-16 05:17:57] DEBUG    Waiting for other threads to finish...       10743s
[2025-09-16 05:19:02] DEBUG    Waiting for other threads to finish...       10808s
[2025-09-16 05:20:07] DEBUG    Waiting for other threads to finish...       10872s
[2025-09-16 05:21:11] DEBUG    Waiting for other threads to finish...       10937s
[2025-09-16 05:21:24] DEBUG    Solved with dual simplex
[2025-09-16 05:21:37] DEBUG    Iteration    Objective       Primal Inf.    Dual Inf.      Time
[2025-09-16 05:21:37] DEBUG    3711534    1.4210050e+10   0.000000e+00   0.000000e+00  10962s

Solved in 3711534 iterations and 10961.98 seconds (7904.45 work units)
[2025-09-16 05:21:37] DEBUG    Optimal objective  1.421004983e+10
✅ Scenario completato: new_trasmission_VRES_2035_BESS

🚀 Lancio scenario: new_trasmission_VRES_2035_PHES
[2025-09-16 05:30:28] INFO     Loading sets
[2025-09-16 05:30:29] INFO     Loading parameters
[2025-09-16 05:31:06] INFO     constraints are loaded in the following order: ['energy_balance', 'dispatch', 'costs', 'capacity', 'network', 'policy', 'conversion', 'group', 'conversion_plus', 'milp', 'export']
[2025-09-16 05:31:06] INFO     creating energy_balance constraints
[2025-09-16 05:36:28] INFO     creating dispatch constraints
[2025-09-16 05:40:56] INFO     creating costs constraints
[2025-09-16 05:53:38] INFO     creating capacity constraints
[2025-09-16 05:53:38] INFO     creating network constraints
[2025-09-16 05:53:38] INFO     creating policy constraints
[2025-09-16 05:53:38] INFO     creating conversion constraints
[2025-09-16 05:53:38] INFO     creating group constraints
[2025-09-16 05:53:38] INFO     creating conversion_plus constraints
[2025-09-16 05:53:38] INFO     creating milp constraints
[2025-09-16 05:53:38] INFO     creating export constraints
[2025-09-16 06:08:49] DEBUG    Set parameter WLSAccessID
Set parameter WLSSecret
Set parameter LicenseID to value 2680226
[2025-09-16 06:08:51] DEBUG    Academic license 2680226 - for non-commercial use only - registered to an___@mail.polimi.it
[2025-09-16 06:09:34] DEBUG    Read LP format model from file /tmp/tmp33xzc_jp.pyomo.lp
[2025-09-16 06:09:34] DEBUG    Reading time = 43.60 seconds
x21377944: 28482456 rows, 21377944 columns, 70118935 nonzeros
[2025-09-16 06:09:34] DEBUG    Set parameter NumericFocus to value 1
[2025-09-16 06:09:34] DEBUG    Gurobi Optimizer version 12.0.2 build v12.0.2rc0 (linux64 - "Debian GNU/Linux 11 (bullseye)")

CPU model: Intel(R) Xeon(R) Silver 4314 CPU @ 2.40GHz, instruction set [SSE2|AVX|AVX2|AVX512]
Thread count: 32 physical cores, 64 logical processors, using up to 32 threads
[2025-09-16 06:09:34] DEBUG    Non-default parameters:
NumericFocus  1
[2025-09-16 06:09:34] DEBUG    Academic license 2680226 - for non-commercial use only - registered to an___@mail.polimi.it
[2025-09-16 06:09:34] DEBUG    Optimize a model with 28482456 rows, 21377944 columns and 70118935 nonzeros
[2025-09-16 06:09:35] DEBUG    Model fingerprint: 0xf78f5b7f
[2025-09-16 06:09:35] DEBUG    Coefficient statistics:
[2025-09-16 06:09:35] DEBUG    Matrix range     [1e-07, 6e+02]
  Objective range  [1e+00, 1e+06]
  Bounds range     [0e+00, 0e+00]
  RHS range        [1e+00, 6e+09]
Warning: Model contains large rhs
[2025-09-16 06:09:41] DEBUG    Presolve removed 20156835 rows and 11436910 columns (presolve time = 5s)...
[2025-09-16 06:09:46] DEBUG    Presolve removed 20728047 rows and 13433773 columns (presolve time = 11s)...
[2025-09-16 06:09:50] DEBUG    Presolve removed 22844359 rows and 15550000 columns (presolve time = 15s)...
[2025-09-16 06:09:56] DEBUG    Presolve removed 24431943 rows and 17092006 columns (presolve time = 20s)...
[2025-09-16 06:10:29] DEBUG    Presolve removed 24969832 rows and 17346046 columns (presolve time = 54s)...
[2025-09-16 06:10:30] DEBUG    Presolve removed 24969832 rows and 17591326 columns (presolve time = 55s)...
[2025-09-16 06:10:35] DEBUG    Presolve removed 24969832 rows and 17591326 columns (presolve time = 60s)...
[2025-09-16 06:10:36] DEBUG    Presolve removed 25109976 rows and 17591326 columns
[2025-09-16 06:11:16] DEBUG    Presolve time: 101.34s
Presolved: 3372480 rows, 3926762 columns, 14359198 nonzeros
[2025-09-16 06:11:16] DEBUG    Concurrent LP optimizer: primal simplex, dual simplex, and barrier
Showing barrier log only...
[2025-09-16 06:11:48] DEBUG    Elapsed ordering time = 29s
[2025-09-16 06:11:49] DEBUG    Elapsed ordering time = 30s
[2025-09-16 06:11:53] DEBUG    Elapsed ordering time = 35s
[2025-09-16 06:12:05] DEBUG    Ordering time: 46.56s
[2025-09-16 06:12:07] DEBUG    Barrier statistics:
 Dense cols : 171
 AA' NZ     : 1.495e+07
 Factor NZ  : 6.178e+07 (roughly 3.5 GB of memory)
 Factor Ops : 6.276e+09 (less than 1 second per iteration)
 Threads    : 30
[2025-09-16 06:12:12] DEBUG    Objective                Residual
[2025-09-16 06:12:12] DEBUG    Iter       Primal          Dual         Primal    Dual     Compl     Time
[2025-09-16 06:12:13] DEBUG    0   2.31547673e+21 -7.37142819e+18  6.88e+10 2.89e-11  3.45e+15   159s
[2025-09-16 06:12:20] DEBUG    1   2.11910904e+21 -7.58716264e+18  6.28e+10 1.73e+05  2.71e+15   165s
[2025-09-16 06:12:28] DEBUG    2   1.97158139e+21 -2.10025753e+19  5.88e+10 1.44e+05  2.49e+15   173s
[2025-09-16 06:12:38] DEBUG    3   1.69644741e+21 -7.03311696e+19  5.12e+10 5.88e+04  1.95e+15   184s
[2025-09-16 06:12:47] DEBUG    4   1.07631424e+21 -8.38703332e+19  3.22e+10 2.57e+04  1.18e+15   193s
[2025-09-16 06:12:58] DEBUG    5   7.27445829e+20 -8.37706409e+19  2.19e+10 8.03e+03  7.59e+14   203s
[2025-09-16 06:13:05] DEBUG    6   5.58482903e+20 -7.73939141e+19  1.69e+10 4.40e+03  5.78e+14   211s
[2025-09-16 06:13:10] DEBUG    7   4.84059375e+20 -7.45827344e+19  1.46e+10 3.28e+03  5.01e+14   216s
[2025-09-16 06:13:17] DEBUG    8   4.56227039e+20 -7.26225228e+19  1.38e+10 2.95e+03  4.70e+14   223s
[2025-09-16 06:13:23] DEBUG    9   3.94270477e+20 -6.69789360e+19  1.19e+10 2.06e+03  4.03e+14   229s
[2025-09-16 06:13:31] DEBUG    10   2.30113552e+20 -5.90282530e+19  7.04e+09 1.19e+03  2.41e+14   237s
[2025-09-16 06:13:42] DEBUG    11   7.02744402e+19 -4.27033585e+19  1.96e+09 4.16e+02  7.13e+13   247s
[2025-09-16 06:13:55] DEBUG    12   2.40933242e+19 -2.89316672e+19  6.25e+08 1.62e+02  2.46e+13   261s
[2025-09-16 06:14:06] DEBUG    13   6.20854194e+18 -1.53633008e+19  1.53e+08 5.33e+01  6.91e+12   272s
[2025-09-16 06:14:15] DEBUG    14   1.09400122e+18 -5.12644186e+18  2.67e+07 8.72e+00  1.42e+12   280s
[2025-09-16 06:14:20] DEBUG    15   2.02370248e+17 -7.58545710e+17  5.02e+06 4.30e-01  2.06e+11   286s
[2025-09-16 06:14:27] DEBUG    16   2.21012485e+15 -1.66097649e+17  4.69e+04 2.74e-02  1.96e+10   292s
[2025-09-16 06:14:33] DEBUG    17   1.21335324e+14 -3.10164264e+15  1.37e+01 3.87e-04  3.54e+08   298s
[2025-09-16 06:14:39] DEBUG    18   1.08368605e+14 -2.10258592e+14  4.22e-03 8.47e-03  2.90e+07   305s
[2025-09-16 06:14:58] DEBUG    19   7.58529200e+13 -1.65399411e+14  1.66e-03 7.93e-03  2.23e+07   324s
[2025-09-16 06:15:17] DEBUG    20   7.35841780e+13 -8.62069363e+13  1.56e-03 7.17e-03  1.25e+07   342s
[2025-09-16 06:15:37] DEBUG    21   6.23658468e+13 -5.09771730e+13  1.02e-03 9.39e-03  7.81e+06   363s
[2025-09-16 06:15:59] DEBUG    22   5.58372448e+13 -4.20161552e+13  8.02e-04 9.04e-03  6.48e+06   385s
[2025-09-16 06:16:24] DEBUG    23   5.53611596e+13 -3.72780375e+13  7.90e-04 9.03e-03  5.87e+06   410s
[2025-09-16 06:16:48] DEBUG    24   5.26615810e+13 -3.14981103e+13  7.07e-04 8.68e-03  5.08e+06   434s
[2025-09-16 06:17:15] DEBUG    25   5.14461203e+13 -2.53981495e+13  6.74e-04 8.09e-03  4.28e+06   460s
[2025-09-16 06:17:38] DEBUG    26   5.11806007e+13 -2.48948122e+13  6.67e-04 8.03e-03  4.21e+06   484s
[2025-09-16 06:18:06] DEBUG    27   4.97306475e+13 -2.13721456e+13  6.29e-04 7.56e-03  3.72e+06   511s
[2025-09-16 06:18:36] DEBUG    28   4.90895747e+13 -1.99738637e+13  6.12e-04 7.34e-03  3.52e+06   542s
[2025-09-16 06:19:04] DEBUG    29   4.87035075e+13 -1.92960827e+13  6.01e-04 7.20e-03  3.42e+06   570s
[2025-09-16 06:19:33] DEBUG    30   4.83002335e+13 -1.89569314e+13  5.91e-04 7.13e-03  3.37e+06   599s
[2025-09-16 06:19:58] DEBUG    31   4.77705388e+13 -1.79862602e+13  5.77e-04 6.91e-03  3.23e+06   623s
[2025-09-16 06:20:24] DEBUG    32   4.60456055e+13 -1.50376452e+13  5.33e-04 6.29e-03  2.79e+06   650s
[2025-09-16 06:20:55] DEBUG    33   4.50736907e+13 -1.40916819e+13  5.09e-04 6.07e-03  2.64e+06   681s
[2025-09-16 06:21:24] DEBUG    34   4.40204985e+13 -1.16500891e+13  4.84e-04 5.53e-03  2.30e+06   710s
[2025-09-16 06:21:51] DEBUG    35   4.31952615e+13 -1.01705785e+13  4.65e-04 5.30e-03  2.08e+06   737s
[2025-09-16 06:22:17] DEBUG    36   4.22026601e+13 -8.46494060e+12  4.42e-04 4.82e-03  1.84e+06   763s
[2025-09-16 06:22:38] DEBUG    37   4.18310623e+13 -8.29256148e+12  4.33e-04 4.74e-03  1.80e+06   784s
[2025-09-16 06:23:13] DEBUG    38   4.13117282e+13 -6.80477234e+12  4.22e-04 4.08e-03  1.61e+06   818s
[2025-09-16 06:23:44] DEBUG    39   4.01050603e+13 -6.54753133e+12  3.96e-04 4.08e-03  1.53e+06   850s
[2025-09-16 06:24:08] DEBUG    40   3.77629140e+13 -5.77306151e+12  3.46e-04 4.08e-03  1.34e+06   874s
[2025-09-16 06:24:36] DEBUG    41   3.62426474e+13 -4.09466184e+12  3.17e-04 4.13e-03  1.09e+06   902s
[2025-09-16 06:25:01] DEBUG    42   3.47618226e+13 -3.23869598e+12  2.90e-04 3.25e-03  9.40e+05   927s
[2025-09-16 06:25:29] DEBUG    43   3.37810299e+13 -2.95427009e+12  2.72e-04 3.74e-03  8.74e+05   955s
[2025-09-16 06:25:57] DEBUG    44   3.14844258e+13 -1.93394326e+12  2.32e-04 3.00e-03  6.79e+05   983s
[2025-09-16 06:26:19] DEBUG    45   2.99719569e+13 -1.16263160e+12  2.04e-04 2.24e-03  5.55e+05  1005s
[2025-09-16 06:26:41] DEBUG    46   2.90689181e+13 -7.04361684e+11  1.89e-04 3.16e-03  4.77e+05  1027s
[2025-09-16 06:27:07] DEBUG    47   2.80762283e+13 -5.74640999e+11  1.73e-04 2.56e-03  4.27e+05  1053s
[2025-09-16 06:27:34] DEBUG    48   2.73618498e+13 -5.45209237e+11  1.61e-04 2.65e-03  3.97e+05  1080s
[2025-09-16 06:27:56] DEBUG    49   2.46980824e+13 -3.98408403e+11  1.20e-04 2.22e-03  2.81e+05  1102s
[2025-09-16 06:28:22] DEBUG    50   2.25564715e+13 -2.38106394e+11  8.85e-05 1.79e-03  2.00e+05  1128s
[2025-09-16 06:28:48] DEBUG    51   2.23974826e+13 -1.80160707e+11  8.63e-05 1.77e-03  1.90e+05  1154s
[2025-09-16 06:29:13] DEBUG    52   2.20411587e+13 -1.63583121e+11  8.17e-05 1.89e-03  1.79e+05  1179s
[2025-09-16 06:29:39] DEBUG    53   2.14892434e+13 -1.39992316e+11  7.39e-05 2.03e-03  1.62e+05  1205s
[2025-09-16 06:30:02] DEBUG    54   2.09416879e+13 -1.13268323e+11  6.30e-05 2.50e-03  1.37e+05  1228s
[2025-09-16 06:30:19] DEBUG    55   2.06050916e+13 -9.74662821e+10  5.53e-05 3.42e-03  1.20e+05  1244s
[2025-09-16 06:30:37] DEBUG    56   2.03744257e+13 -7.77636127e+10  5.05e-05 4.48e-03  1.06e+05  1263s
[2025-09-16 06:30:51] DEBUG    57   1.97949113e+13 -6.15786070e+10  3.86e-05 4.68e-03  7.99e+04  1277s
[2025-09-16 06:31:04] DEBUG    58   1.95567566e+13 -5.36979981e+10  3.45e-05 4.89e-03  7.04e+04  1289s
[2025-09-16 06:31:21] DEBUG    59   1.92879144e+13 -4.49640953e+10  3.43e-05 5.04e-03  6.04e+04  1307s
[2025-09-16 06:31:35] DEBUG    60   1.90820355e+13 -3.28094652e+10  3.87e-05 5.17e-03  5.28e+04  1321s
[2025-09-16 06:31:50] DEBUG    61   1.86642087e+13 -2.27076130e+10  3.54e-05 5.37e-03  4.03e+04  1336s
[2025-09-16 06:32:05] DEBUG    62   1.84033455e+13 -1.87868647e+10  4.46e-05 5.58e-03  3.40e+04  1350s
[2025-09-16 06:32:17] DEBUG    63   1.81514368e+13 -1.51556527e+10  3.29e-05 5.33e-03  2.91e+04  1363s
[2025-09-16 06:32:31] DEBUG    64   1.79475244e+13 -9.95270568e+09  3.43e-05 5.12e-03  2.47e+04  1377s
[2025-09-16 06:32:44] DEBUG    65   1.77417933e+13 -7.00028602e+09  3.24e-05 7.18e-03  2.14e+04  1390s
[2025-09-16 06:33:06] DEBUG    66   1.76938106e+13 -4.91668420e+09  3.04e-05 9.20e-03  2.07e+04  1412s
[2025-09-16 06:33:34] DEBUG    67   1.75407338e+13 -3.40470003e+09  3.12e-05 1.01e-02  1.91e+04  1440s
[2025-09-16 06:34:00] DEBUG    68   1.74897312e+13 -2.91740052e+09  2.43e-05 1.03e-02  1.86e+04  1465s
[2025-09-16 06:34:25] DEBUG    69   1.74875516e+13 -2.51662178e+09  2.85e-05 1.04e-02  1.86e+04  1491s
[2025-09-16 06:34:47] DEBUG    70   1.74146588e+13 -2.53795553e+09  2.60e-05 1.05e-02  1.81e+04  1512s
[2025-09-16 06:35:13] DEBUG    71   1.74124249e+13 -2.16352824e+09  2.66e-05 1.05e-02  2.03e+04  1538s
[2025-09-16 06:35:34] DEBUG    72   1.73589996e+13 -2.21040891e+09  2.44e-05 1.05e-02  1.99e+04  1560s
[2025-09-16 06:35:58] DEBUG    73   1.73527427e+13 -2.03765281e+09  4.00e-05 1.05e-02  2.02e+04  1583s
[2025-09-16 06:36:24] DEBUG    74   1.73485115e+13 -1.59154413e+09  3.36e-05 1.05e-02  2.01e+04  1609s
[2025-09-16 06:36:51] DEBUG    75   1.73027158e+13 -9.93537113e+08  3.77e-05 1.14e-02  1.99e+04  1636s
[2025-09-16 06:36:51] DEBUG    Barrier performed 75 iterations in 1636.35 seconds (393.68 work units)
Numerical trouble encountered

Model may be infeasible or unbounded.  Consider using the
homogeneous algorithm (through parameter 'BarHomogeneous')
[2025-09-16 06:37:55] DEBUG    Waiting for other threads to finish...        1701s
[2025-09-16 06:38:59] DEBUG    Waiting for other threads to finish...        1765s
[2025-09-16 06:40:04] DEBUG    Waiting for other threads to finish...        1829s
[2025-09-16 06:41:08] DEBUG    Waiting for other threads to finish...        1894s
[2025-09-16 06:42:13] DEBUG    Waiting for other threads to finish...        1959s
[2025-09-16 06:43:17] DEBUG    Waiting for other threads to finish...        2023s
[2025-09-16 06:44:22] DEBUG    Waiting for other threads to finish...        2088s
[2025-09-16 06:45:27] DEBUG    Waiting for other threads to finish...        2152s
[2025-09-16 06:46:31] DEBUG    Waiting for other threads to finish...        2217s
[2025-09-16 06:47:36] DEBUG    Waiting for other threads to finish...        2281s
[2025-09-16 06:48:40] DEBUG    Waiting for other threads to finish...        2346s
[2025-09-16 06:49:44] DEBUG    Waiting for other threads to finish...        2410s
[2025-09-16 06:50:49] DEBUG    Waiting for other threads to finish...        2475s
[2025-09-16 06:51:53] DEBUG    Waiting for other threads to finish...        2539s
[2025-09-16 06:52:58] DEBUG    Waiting for other threads to finish...        2603s
[2025-09-16 06:54:02] DEBUG    Waiting for other threads to finish...        2668s
[2025-09-16 06:55:07] DEBUG    Waiting for other threads to finish...        2733s
[2025-09-16 06:56:11] DEBUG    Waiting for other threads to finish...        2797s
[2025-09-16 06:57:16] DEBUG    Waiting for other threads to finish...        2862s
[2025-09-16 06:58:20] DEBUG    Waiting for other threads to finish...        2926s
[2025-09-16 06:59:25] DEBUG    Waiting for other threads to finish...        2991s
[2025-09-16 07:00:30] DEBUG    Waiting for other threads to finish...        3056s
[2025-09-16 07:01:34] DEBUG    Waiting for other threads to finish...        3120s
[2025-09-16 07:02:39] DEBUG    Waiting for other threads to finish...        3185s
[2025-09-16 07:03:43] DEBUG    Waiting for other threads to finish...        3249s
[2025-09-16 07:04:48] DEBUG    Waiting for other threads to finish...        3314s
[2025-09-16 07:05:53] DEBUG    Waiting for other threads to finish...        3378s
[2025-09-16 07:06:57] DEBUG    Waiting for other threads to finish...        3443s
[2025-09-16 07:08:02] DEBUG    Waiting for other threads to finish...        3507s
[2025-09-16 07:09:06] DEBUG    Waiting for other threads to finish...        3572s
[2025-09-16 07:10:10] DEBUG    Waiting for other threads to finish...        3636s
[2025-09-16 07:11:15] DEBUG    Waiting for other threads to finish...        3701s
[2025-09-16 07:12:20] DEBUG    Waiting for other threads to finish...        3765s
[2025-09-16 07:13:24] DEBUG    Waiting for other threads to finish...        3830s
[2025-09-16 07:14:29] DEBUG    Waiting for other threads to finish...        3895s
[2025-09-16 07:15:34] DEBUG    Waiting for other threads to finish...        3959s
[2025-09-16 07:16:38] DEBUG    Waiting for other threads to finish...        4024s
[2025-09-16 07:17:43] DEBUG    Waiting for other threads to finish...        4089s
[2025-09-16 07:18:48] DEBUG    Waiting for other threads to finish...        4153s
[2025-09-16 07:19:52] DEBUG    Waiting for other threads to finish...        4218s
[2025-09-16 07:20:57] DEBUG    Waiting for other threads to finish...        4282s
[2025-09-16 07:22:02] DEBUG    Waiting for other threads to finish...        4347s
[2025-09-16 07:23:06] DEBUG    Waiting for other threads to finish...        4412s
[2025-09-16 07:24:11] DEBUG    Waiting for other threads to finish...        4477s
[2025-09-16 07:25:15] DEBUG    Waiting for other threads to finish...        4541s
[2025-09-16 07:26:20] DEBUG    Waiting for other threads to finish...        4606s
[2025-09-16 07:27:25] DEBUG    Waiting for other threads to finish...        4671s
[2025-09-16 07:28:30] DEBUG    Waiting for other threads to finish...        4735s
[2025-09-16 07:29:34] DEBUG    Waiting for other threads to finish...        4800s
[2025-09-16 07:30:39] DEBUG    Waiting for other threads to finish...        4864s
[2025-09-16 07:31:43] DEBUG    Waiting for other threads to finish...        4929s
[2025-09-16 07:32:48] DEBUG    Waiting for other threads to finish...        4993s
[2025-09-16 07:33:52] DEBUG    Waiting for other threads to finish...        5058s
[2025-09-16 07:34:57] DEBUG    Waiting for other threads to finish...        5122s
[2025-09-16 07:36:01] DEBUG    Waiting for other threads to finish...        5187s
[2025-09-16 07:37:06] DEBUG    Waiting for other threads to finish...        5252s
[2025-09-16 07:38:11] DEBUG    Waiting for other threads to finish...        5316s
[2025-09-16 07:39:15] DEBUG    Waiting for other threads to finish...        5381s
[2025-09-16 07:40:20] DEBUG    Waiting for other threads to finish...        5446s
[2025-09-16 07:41:25] DEBUG    Waiting for other threads to finish...        5511s
[2025-09-16 07:42:30] DEBUG    Waiting for other threads to finish...        5576s
[2025-09-16 07:43:34] DEBUG    Waiting for other threads to finish...        5640s
[2025-09-16 07:44:39] DEBUG    Waiting for other threads to finish...        5705s
[2025-09-16 07:45:44] DEBUG    Waiting for other threads to finish...        5769s
[2025-09-16 07:46:48] DEBUG    Waiting for other threads to finish...        5834s
[2025-09-16 07:47:53] DEBUG    Waiting for other threads to finish...        5899s
[2025-09-16 07:48:57] DEBUG    Waiting for other threads to finish...        5963s
[2025-09-16 07:50:01] DEBUG    Waiting for other threads to finish...        6027s
[2025-09-16 07:51:06] DEBUG    Waiting for other threads to finish...        6092s
[2025-09-16 07:52:10] DEBUG    Waiting for other threads to finish...        6156s
[2025-09-16 07:53:15] DEBUG    Waiting for other threads to finish...        6221s
[2025-09-16 07:54:19] DEBUG    Waiting for other threads to finish...        6285s
[2025-09-16 07:55:24] DEBUG    Waiting for other threads to finish...        6350s
[2025-09-16 07:56:28] DEBUG    Waiting for other threads to finish...        6414s
[2025-09-16 07:57:33] DEBUG    Waiting for other threads to finish...        6478s
[2025-09-16 07:58:37] DEBUG    Waiting for other threads to finish...        6543s
[2025-09-16 07:59:41] DEBUG    Waiting for other threads to finish...        6607s
[2025-09-16 08:00:46] DEBUG    Waiting for other threads to finish...        6672s
[2025-09-16 08:01:50] DEBUG    Waiting for other threads to finish...        6736s
[2025-09-16 08:02:55] DEBUG    Waiting for other threads to finish...        6801s
[2025-09-16 08:04:00] DEBUG    Waiting for other threads to finish...        6865s
[2025-09-16 08:05:04] DEBUG    Waiting for other threads to finish...        6930s
[2025-09-16 08:06:09] DEBUG    Waiting for other threads to finish...        6995s
[2025-09-16 08:07:14] DEBUG    Waiting for other threads to finish...        7059s
[2025-09-16 08:08:18] DEBUG    Waiting for other threads to finish...        7124s
[2025-09-16 08:09:23] DEBUG    Waiting for other threads to finish...        7188s
[2025-09-16 08:10:27] DEBUG    Waiting for other threads to finish...        7253s
[2025-09-16 08:11:32] DEBUG    Waiting for other threads to finish...        7317s
[2025-09-16 08:12:36] DEBUG    Waiting for other threads to finish...        7382s
[2025-09-16 08:13:41] DEBUG    Waiting for other threads to finish...        7446s
[2025-09-16 08:14:45] DEBUG    Waiting for other threads to finish...        7511s
[2025-09-16 08:15:49] DEBUG    Waiting for other threads to finish...        7575s
[2025-09-16 08:16:54] DEBUG    Waiting for other threads to finish...        7640s
[2025-09-16 08:17:58] DEBUG    Waiting for other threads to finish...        7704s
[2025-09-16 08:19:03] DEBUG    Waiting for other threads to finish...        7769s
[2025-09-16 08:20:08] DEBUG    Waiting for other threads to finish...        7833s
[2025-09-16 08:21:13] DEBUG    Waiting for other threads to finish...        7898s
[2025-09-16 08:22:17] DEBUG    Waiting for other threads to finish...        7963s
[2025-09-16 08:23:21] DEBUG    Waiting for other threads to finish...        8027s
[2025-09-16 08:24:26] DEBUG    Waiting for other threads to finish...        8092s
[2025-09-16 08:25:31] DEBUG    Waiting for other threads to finish...        8156s
[2025-09-16 08:26:35] DEBUG    Waiting for other threads to finish...        8221s
[2025-09-16 08:27:39] DEBUG    Waiting for other threads to finish...        8285s
[2025-09-16 08:28:44] DEBUG    Waiting for other threads to finish...        8350s
[2025-09-16 08:29:49] DEBUG    Waiting for other threads to finish...        8414s
[2025-09-16 08:30:53] DEBUG    Waiting for other threads to finish...        8479s
[2025-09-16 08:31:58] DEBUG    Waiting for other threads to finish...        8544s
[2025-09-16 08:33:03] DEBUG    Waiting for other threads to finish...        8609s
[2025-09-16 08:34:08] DEBUG    Waiting for other threads to finish...        8673s
[2025-09-16 08:35:12] DEBUG    Waiting for other threads to finish...        8738s
[2025-09-16 08:36:17] DEBUG    Waiting for other threads to finish...        8803s
[2025-09-16 08:37:22] DEBUG    Waiting for other threads to finish...        8867s
[2025-09-16 08:38:26] DEBUG    Waiting for other threads to finish...        8932s
[2025-09-16 08:39:31] DEBUG    Waiting for other threads to finish...        8997s
[2025-09-16 08:40:35] DEBUG    Waiting for other threads to finish...        9061s
[2025-09-16 08:41:40] DEBUG    Waiting for other threads to finish...        9125s
[2025-09-16 08:42:44] DEBUG    Waiting for other threads to finish...        9190s
[2025-09-16 08:43:49] DEBUG    Waiting for other threads to finish...        9254s
[2025-09-16 08:44:53] DEBUG    Waiting for other threads to finish...        9319s
[2025-09-16 08:45:58] DEBUG    Waiting for other threads to finish...        9384s
[2025-09-16 08:47:03] DEBUG    Waiting for other threads to finish...        9448s
[2025-09-16 08:48:07] DEBUG    Waiting for other threads to finish...        9513s
[2025-09-16 08:49:11] DEBUG    Waiting for other threads to finish...        9577s
[2025-09-16 08:50:16] DEBUG    Waiting for other threads to finish...        9642s
[2025-09-16 08:51:21] DEBUG    Waiting for other threads to finish...        9707s
[2025-09-16 08:52:26] DEBUG    Waiting for other threads to finish...        9772s
[2025-09-16 08:53:31] DEBUG    Waiting for other threads to finish...        9837s
[2025-09-16 08:54:36] DEBUG    Waiting for other threads to finish...        9901s
[2025-09-16 08:55:40] DEBUG    Waiting for other threads to finish...        9966s
[2025-09-16 08:56:45] DEBUG    Waiting for other threads to finish...       10030s
[2025-09-16 08:57:49] DEBUG    Waiting for other threads to finish...       10095s
[2025-09-16 08:58:54] DEBUG    Waiting for other threads to finish...       10160s
[2025-09-16 08:59:58] DEBUG    Waiting for other threads to finish...       10224s
[2025-09-16 09:01:03] DEBUG    Waiting for other threads to finish...       10289s
[2025-09-16 09:02:08] DEBUG    Waiting for other threads to finish...       10354s
[2025-09-16 09:03:12] DEBUG    Waiting for other threads to finish...       10418s
[2025-09-16 09:04:17] DEBUG    Waiting for other threads to finish...       10483s
[2025-09-16 09:05:21] DEBUG    Waiting for other threads to finish...       10547s
[2025-09-16 09:06:26] DEBUG    Waiting for other threads to finish...       10611s
[2025-09-16 09:07:30] DEBUG    Waiting for other threads to finish...       10676s
[2025-09-16 09:08:35] DEBUG    Waiting for other threads to finish...       10741s
[2025-09-16 09:09:40] DEBUG    Waiting for other threads to finish...       10805s
[2025-09-16 09:10:44] DEBUG    Waiting for other threads to finish...       10870s
[2025-09-16 09:11:49] DEBUG    Waiting for other threads to finish...       10934s
[2025-09-16 09:12:53] DEBUG    Waiting for other threads to finish...       10999s
[2025-09-16 09:13:58] DEBUG    Waiting for other threads to finish...       11063s
[2025-09-16 09:14:18] DEBUG    Solved with dual simplex
[2025-09-16 09:14:32] DEBUG    Iteration    Objective       Primal Inf.    Dual Inf.      Time
[2025-09-16 09:14:32] DEBUG    3337810    1.4227165e+10   0.000000e+00   0.000000e+00  11098s

Solved in 3337810 iterations and 11097.55 seconds (9037.77 work units)
[2025-09-16 09:14:32] DEBUG    Optimal objective  1.422716453e+10
✅ Scenario completato: new_trasmission_VRES_2035_PHES

🚀 Lancio scenario: new_trasmission_VRES_2035_nostorage
[2025-09-16 09:26:38] INFO     Loading sets
[2025-09-16 09:26:38] INFO     Loading parameters
[2025-09-16 09:27:14] INFO     constraints are loaded in the following order: ['energy_balance', 'dispatch', 'costs', 'capacity', 'network', 'policy', 'conversion', 'group', 'conversion_plus', 'milp', 'export']
[2025-09-16 09:27:14] INFO     creating energy_balance constraints
[2025-09-16 09:30:35] INFO     creating dispatch constraints
[2025-09-16 09:36:31] INFO     creating costs constraints
[2025-09-16 09:46:34] INFO     creating capacity constraints
[2025-09-16 09:46:34] INFO     creating network constraints
[2025-09-16 09:46:34] INFO     creating policy constraints
[2025-09-16 09:46:34] INFO     creating conversion constraints
[2025-09-16 09:46:34] INFO     creating group constraints
[2025-09-16 09:46:34] INFO     creating conversion_plus constraints
[2025-09-16 09:46:34] INFO     creating milp constraints
[2025-09-16 09:46:34] INFO     creating export constraints
[2025-09-16 10:01:00] DEBUG    Set parameter WLSAccessID
Set parameter WLSSecret
Set parameter LicenseID to value 2680226
[2025-09-16 10:01:00] DEBUG    Academic license 2680226 - for non-commercial use only - registered to an___@mail.polimi.it
[2025-09-16 10:01:41] DEBUG    Read LP format model from file /tmp/tmpfnxjvcoz.pyomo.lp
Reading time = 40.64 seconds
x20107570: 26703944 rows, 20107570 columns, 65291798 nonzeros
[2025-09-16 10:01:41] DEBUG    Set parameter NumericFocus to value 1
Gurobi Optimizer version 12.0.2 build v12.0.2rc0 (linux64 - "Debian GNU/Linux 11 (bullseye)")

CPU model: Intel(R) Xeon(R) Silver 4314 CPU @ 2.40GHz, instruction set [SSE2|AVX|AVX2|AVX512]
Thread count: 32 physical cores, 64 logical processors, using up to 32 threads

Non-default parameters:
NumericFocus  1
[2025-09-16 10:01:41] DEBUG    Academic license 2680226 - for non-commercial use only - registered to an___@mail.polimi.it
Optimize a model with 26703944 rows, 20107570 columns and 65291798 nonzeros
[2025-09-16 10:01:41] DEBUG    Model fingerprint: 0x71e3a536
[2025-09-16 10:01:42] DEBUG    Coefficient statistics:
  Matrix range     [1e-07, 6e+02]
  Objective range  [1e+00, 1e+06]
  Bounds range     [0e+00, 0e+00]
  RHS range        [1e+00, 2e+08]
[2025-09-16 10:01:47] DEBUG    Presolve removed 19648581 rows and 10928711 columns (presolve time = 5s)...
[2025-09-16 10:01:53] DEBUG    Presolve removed 20088446 rows and 12846731 columns (presolve time = 11s)...
[2025-09-16 10:01:57] DEBUG    Presolve removed 23564419 rows and 16322704 columns (presolve time = 15s)...
[2025-09-16 10:02:02] DEBUG    Presolve removed 23564419 rows and 16322704 columns (presolve time = 21s)...
[2025-09-16 10:02:30] DEBUG    Presolve removed 24102256 rows and 16576744 columns (presolve time = 48s)...
[2025-09-16 10:02:33] DEBUG    Presolve removed 24102256 rows and 16822024 columns (presolve time = 51s)...
[2025-09-16 10:02:35] DEBUG    Presolve removed 24242400 rows and 16822024 columns
[2025-09-16 10:03:09] DEBUG    Presolve time: 88.43s
Presolved: 2461544 rows, 3425690 columns, 10533350 nonzeros

Concurrent LP optimizer: primal simplex, dual simplex, and barrier
Showing barrier log only...
[2025-09-16 10:03:13] DEBUG    Ordering time: 1.80s
[2025-09-16 10:03:14] DEBUG    Barrier statistics:
 Dense cols : 145
 AA' NZ     : 8.711e+06
 Factor NZ  : 3.681e+07 (roughly 2.7 GB of memory)
 Factor Ops : 2.181e+09 (less than 1 second per iteration)
 Threads    : 30
[2025-09-16 10:03:19] DEBUG    Objective                Residual
[2025-09-16 10:03:19] DEBUG    Iter       Primal          Dual         Primal    Dual     Compl     Time
[2025-09-16 10:03:19] DEBUG    0   2.22876684e+21 -8.11790686e+18  6.88e+10 2.89e-11  3.67e+15    98s
[2025-09-16 10:03:25] DEBUG    1   1.70754901e+21 -8.17507259e+18  5.22e+10 1.61e+05  2.51e+15   104s
[2025-09-16 10:03:32] DEBUG    2   1.07349304e+21 -7.44295089e+18  3.27e+10 6.23e+04  1.45e+15   112s
[2025-09-16 10:03:41] DEBUG    3   6.16678797e+20 -6.59287427e+18  1.92e+10 1.50e+04  7.41e+14   121s
[2025-09-16 10:03:48] DEBUG    4   4.87391760e+20 -6.24228402e+18  1.55e+10 7.94e+03  5.80e+14   128s
[2025-09-16 10:03:54] DEBUG    5   4.61211910e+20 -6.15296030e+18  1.46e+10 6.59e+03  5.44e+14   133s
[2025-09-16 10:03:59] DEBUG    6   3.92032053e+20 -6.00789160e+18  1.24e+10 4.95e+03  4.57e+14   139s
[2025-09-16 10:04:04] DEBUG    7   3.42687612e+20 -5.94522534e+18  1.08e+10 3.98e+03  4.00e+14   143s
[2025-09-16 10:04:10] DEBUG    8   3.02128541e+20 -5.91992795e+18  9.53e+09 3.20e+03  3.54e+14   149s
[2025-09-16 10:04:18] DEBUG    9   1.57034576e+20 -5.90700726e+18  5.02e+09 2.93e+03  1.95e+14   157s
[2025-09-16 10:04:25] DEBUG    10   4.84965437e+19 -6.00960992e+18  1.27e+09 9.60e+02  5.45e+13   165s
[2025-09-16 10:04:36] DEBUG    11   1.10801173e+19 -5.52860612e+18  2.29e+08 2.98e+02  1.15e+13   175s
[2025-09-16 10:04:47] DEBUG    12   9.19014782e+17 -3.72241327e+18  1.94e+07 6.13e+01  1.59e+12   186s
[2025-09-16 10:04:54] DEBUG    13   1.17010095e+17 -5.01474172e+17  2.35e+06 1.11e+00  1.42e+11   193s
[2025-09-16 10:04:59] DEBUG    14   1.01617068e+15 -7.79463891e+16  1.58e+04 1.57e-02  1.07e+10   199s
[2025-09-16 10:05:05] DEBUG    15   7.95018372e+13 -2.04847900e+15  7.50e+01 6.86e-04  2.77e+08   204s
[2025-09-16 10:05:10] DEBUG    16   6.28305520e+13 -3.53581888e+14  3.36e+00 2.40e-03  5.01e+07   210s
[2025-09-16 10:05:15] DEBUG    17   5.61172574e+13 -2.00200572e+14  1.33e+00 3.00e-03  2.88e+07   215s
[2025-09-16 10:05:21] DEBUG    18   5.47483979e+13 -1.94506348e+14  1.16e+00 1.15e-02  2.80e+07   220s
[2025-09-16 10:05:25] DEBUG    19   5.43197736e+13 -1.10094439e+14  1.11e+00 1.94e-02  1.63e+07   225s
[2025-09-16 10:05:30] DEBUG    20   5.35056989e+13 -9.48139874e+13  1.03e+00 1.78e-02  1.41e+07   229s
[2025-09-16 10:05:35] DEBUG    21   5.34472829e+13 -9.34905383e+13  1.02e+00 1.76e-02  1.39e+07   234s
[2025-09-16 10:05:42] DEBUG    22   5.33571441e+13 -9.18293967e+13  1.01e+00 1.74e-02  1.37e+07   242s
[2025-09-16 10:05:51] DEBUG    23   5.31943903e+13 -8.89501385e+13  9.96e-01 1.69e-02  1.33e+07   250s
[2025-09-16 10:06:01] DEBUG    24   5.19807539e+13 -6.75686677e+13  8.94e-01 1.36e-02  1.02e+07   260s
[2025-09-16 10:06:12] DEBUG    25   5.13152109e+13 -6.27630169e+13  8.36e-01 1.28e-02  9.49e+06   272s
[2025-09-16 10:06:20] DEBUG    26   5.11900687e+13 -6.06012282e+13  8.26e-01 1.24e-02  9.18e+06   280s
[2025-09-16 10:06:28] DEBUG    27   5.08688669e+13 -5.94741369e+13  8.00e-01 1.22e-02  9.01e+06   287s
[2025-09-16 10:06:39] DEBUG    28   4.96646525e+13 -3.18806505e+13  7.10e-01 1.96e-02  5.09e+06   298s
[2025-09-16 10:06:49] DEBUG    29   4.89695249e+13 -2.96982055e+13  6.61e-01 1.69e-02  4.75e+06   308s
[2025-09-16 10:07:00] DEBUG    30   4.67743749e+13 -1.85809377e+13  5.13e-01 1.50e-02  3.07e+06   319s
[2025-09-16 10:07:08] DEBUG    31   4.46039158e+13 -1.22539538e+13  3.93e-01 1.42e-02  2.07e+06   328s
[2025-09-16 10:07:17] DEBUG    32   4.39576030e+13 -1.10856707e+13  3.63e-01 1.55e-02  1.88e+06   337s
[2025-09-16 10:07:28] DEBUG    33   4.32316657e+13 -6.06020614e+12  3.32e-01 1.99e-02  1.14e+06   348s
[2025-09-16 10:07:38] DEBUG    34   4.24538731e+13 -4.17468829e+12  3.02e-01 2.63e-02  8.41e+05   357s
[2025-09-16 10:07:50] DEBUG    35   4.07344033e+13 -3.22532077e+12  2.37e-01 2.89e-02  6.54e+05   370s
[2025-09-16 10:08:01] DEBUG    36   3.95262940e+13 -1.72742460e+12  1.99e-01 3.18e-02  4.06e+05   380s
[2025-09-16 10:08:10] DEBUG    37   3.88334706e+13 -1.10942470e+12  1.79e-01 3.15e-02  3.02e+05   389s
[2025-09-16 10:08:19] DEBUG    38   3.80707658e+13 -7.04230135e+11  1.58e-01 3.12e-02  2.29e+05   398s
[2025-09-16 10:08:26] DEBUG    39   3.76959737e+13 -6.74552426e+11  1.49e-01 3.15e-02  2.17e+05   405s
[2025-09-16 10:08:37] DEBUG    40   3.62787858e+13 -5.14290438e+11  1.15e-01 3.23e-02  1.65e+05   416s
[2025-09-16 10:08:48] DEBUG    41   3.53162944e+13 -3.72412296e+11  9.49e-02 3.20e-02  1.28e+05   427s
[2025-09-16 10:08:58] DEBUG    42   3.48171355e+13 -2.98976740e+11  8.58e-02 3.06e-02  1.10e+05   438s
[2025-09-16 10:09:09] DEBUG    43   3.45206399e+13 -2.29211944e+11  8.09e-02 2.98e-02  9.71e+04   448s
[2025-09-16 10:09:19] DEBUG    44   3.33633205e+13 -1.78026196e+11  6.26e-02 2.86e-02  7.31e+04   459s
[2025-09-16 10:09:33] DEBUG    45   3.20056752e+13 -1.59061590e+11  5.34e-02 2.69e-02  6.05e+04   472s
[2025-09-16 10:09:56] DEBUG    46   3.13537669e+13 -1.50084683e+11  5.19e-02 2.58e-02  5.88e+04   495s
[2025-09-16 10:10:10] DEBUG    47   3.09157121e+13 -1.34819417e+11  4.90e-02 2.42e-02  5.49e+04   510s
[2025-09-16 10:10:20] DEBUG    48   3.07737123e+13 -1.31526779e+11  4.80e-02 2.38e-02  5.40e+04   519s
[2025-09-16 10:10:29] DEBUG    49   3.05576489e+13 -1.24910562e+11  4.54e-02 2.33e-02  5.10e+04   529s
[2025-09-16 10:10:37] DEBUG    50   3.02914277e+13 -1.19275180e+11  4.24e-02 2.29e-02  4.76e+04   536s
[2025-09-16 10:10:48] DEBUG    51   3.00455388e+13 -1.13037635e+11  3.96e-02 2.26e-02  4.42e+04   547s
[2025-09-16 10:11:00] DEBUG    52   2.97793510e+13 -1.05500705e+11  3.69e-02 2.23e-02  4.08e+04   560s
[2025-09-16 10:11:13] DEBUG    53   2.96015213e+13 -1.00980194e+11  3.51e-02 2.29e-02  3.86e+04   573s
[2025-09-16 10:11:23] DEBUG    54   2.94771796e+13 -9.35952012e+10  3.39e-02 2.38e-02  3.67e+04   582s
[2025-09-16 10:11:36] DEBUG    55   2.93466941e+13 -8.99881153e+10  3.27e-02 2.39e-02  3.53e+04   595s
[2025-09-16 10:11:44] DEBUG    56   2.93117043e+13 -8.55539576e+10  3.24e-02 2.39e-02  3.45e+04   603s
[2025-09-16 10:11:58] DEBUG    57   2.90629867e+13 -8.24843243e+10  3.02e-02 2.38e-02  3.21e+04   617s
[2025-09-16 10:12:07] DEBUG    58   2.89247209e+13 -7.75588865e+10  2.91e-02 2.36e-02  3.05e+04   627s
[2025-09-16 10:12:19] DEBUG    59   2.86345231e+13 -7.51717995e+10  2.68e-02 2.33e-02  2.82e+04   638s
[2025-09-16 10:12:29] DEBUG    60   2.82088439e+13 -7.04530285e+10  2.36e-02 2.27e-02  2.50e+04   649s
[2025-09-16 10:12:38] DEBUG    61   2.81308442e+13 -6.83924874e+10  2.31e-02 2.24e-02  2.44e+04   657s
[2025-09-16 10:12:50] DEBUG    62   2.78795841e+13 -6.49156473e+10  2.15e-02 2.18e-02  2.27e+04   670s
[2025-09-16 10:13:01] DEBUG    63   2.76279347e+13 -6.02360207e+10  2.00e-02 2.11e-02  2.08e+04   680s
[2025-09-16 10:13:14] DEBUG    64   2.73919845e+13 -5.73456272e+10  1.86e-02 2.04e-02  1.94e+04   693s
[2025-09-16 10:13:23] DEBUG    65   2.72518244e+13 -5.51980370e+10  1.83e-02 1.98e-02  1.90e+04   702s
[2025-09-16 10:13:54] DEBUG    66   2.67009635e+13 -5.22866269e+10  1.77e-02 1.93e-02  1.86e+04   734s
[2025-09-16 10:14:17] DEBUG    67   2.64820824e+13 -5.15999391e+10  1.75e-02 1.92e-02  1.83e+04   757s
[2025-09-16 10:14:42] DEBUG    68   2.62912310e+13 -5.02885404e+10  1.73e-02 1.89e-02  1.82e+04   782s
[2025-09-16 10:15:09] DEBUG    69   2.60492613e+13 -4.66654801e+10  1.69e-02 1.82e-02  1.81e+04   808s
[2025-09-16 10:15:27] DEBUG    70   2.58296079e+13 -4.56469717e+10  1.65e-02 1.80e-02  2.13e+04   827s
[2025-09-16 10:15:40] DEBUG    71   2.54702845e+13 -4.21874908e+10  1.54e-02 1.72e-02  2.06e+04   840s
[2025-09-16 10:15:53] DEBUG    72   2.53722780e+13 -4.02872310e+10  1.48e-02 1.68e-02  2.00e+04   852s
[2025-09-16 10:16:08] DEBUG    73   2.51880545e+13 -3.90036957e+10  1.38e-02 1.65e-02  1.87e+04   868s
[2025-09-16 10:16:22] DEBUG    74   2.49853385e+13 -3.57778278e+10  1.27e-02 1.57e-02  1.71e+04   882s
[2025-09-16 10:16:36] DEBUG    75   2.48624260e+13 -3.10011054e+10  1.20e-02 1.46e-02  1.58e+04   895s
[2025-09-16 10:16:45] DEBUG    76   2.48331714e+13 -3.02841368e+10  1.19e-02 1.44e-02  1.56e+04   904s
[2025-09-16 10:16:57] DEBUG    77   2.47412048e+13 -2.89247371e+10  1.15e-02 1.41e-02  1.49e+04   917s
[2025-09-16 10:17:03] DEBUG    78   2.46724622e+13 -2.79206323e+10  1.12e-02 1.38e-02  1.45e+04   922s
[2025-09-16 10:17:13] DEBUG    79   2.45300878e+13 -2.66344611e+10  1.05e-02 1.34e-02  1.37e+04   933s
[2025-09-16 10:17:22] DEBUG    80   2.44674450e+13 -2.53083773e+10  1.03e-02 1.30e-02  1.32e+04   941s
[2025-09-16 10:17:33] DEBUG    81   2.43642183e+13 -2.46488259e+10  9.84e-03 1.28e-02  1.27e+04   952s
[2025-09-16 10:17:42] DEBUG    82   2.41946911e+13 -2.29195271e+10  9.18e-03 1.23e-02  1.18e+04   962s
[2025-09-16 10:17:51] DEBUG    83   2.41453795e+13 -2.18658700e+10  8.99e-03 1.19e-02  1.14e+04   971s
[2025-09-16 10:18:00] DEBUG    84   2.40005511e+13 -2.07120994e+10  8.47e-03 1.16e-02  1.07e+04   979s
[2025-09-16 10:18:10] DEBUG    85   2.37425561e+13 -1.94474215e+10  7.59e-03 1.11e-02  9.71e+03   989s
[2025-09-16 10:18:21] DEBUG    86   2.34845244e+13 -1.83026766e+10  6.79e-03 1.07e-02  8.78e+03  1001s
[2025-09-16 10:18:38] DEBUG    87   2.31985688e+13 -1.72176769e+10  6.39e-03 1.04e-02  8.28e+03  1018s
[2025-09-16 10:19:00] DEBUG    88   2.31477862e+13 -1.68283498e+10  6.35e-03 1.03e-02  8.23e+03  1039s
[2025-09-16 10:19:16] DEBUG    89   2.31253806e+13 -1.67597448e+10  6.33e-03 1.03e-02  8.21e+03  1056s
[2025-09-16 10:19:31] DEBUG    90   2.30950979e+13 -1.67015005e+10  6.29e-03 1.03e-02  8.19e+03  1070s
[2025-09-16 10:20:00] DEBUG    91   2.29423454e+13 -1.60410896e+10  6.07e-03 1.00e-02  7.93e+03  1100s
[2025-09-16 10:20:17] DEBUG    92   2.28650854e+13 -1.57271457e+10  5.86e-03 9.92e-03  7.69e+03  1117s
[2025-09-16 10:20:37] DEBUG    93   2.27643354e+13 -1.50633962e+10  5.59e-03 9.67e-03  7.33e+03  1137s
[2025-09-16 10:20:56] DEBUG    94   2.25763877e+13 -1.36762749e+10  5.11e-03 9.13e-03  6.61e+03  1155s
[2025-09-16 10:21:11] DEBUG    95   2.24477437e+13 -1.30629975e+10  4.81e-03 8.86e-03  6.23e+03  1170s
[2025-09-16 10:21:22] DEBUG    96   2.23028807e+13 -1.20170662e+10  4.49e-03 8.41e-03  5.73e+03  1182s
[2025-09-16 10:21:32] DEBUG    97   2.21099831e+13 -1.15104751e+10  4.09e-03 8.21e-03  5.27e+03  1192s
[2025-09-16 10:21:41] DEBUG    98   2.20774693e+13 -1.11795748e+10  4.03e-03 8.05e-03  5.16e+03  1201s
[2025-09-16 10:21:54] DEBUG    99   2.18436668e+13 -1.06057923e+10  3.60e-03 7.74e-03  4.66e+03  1214s
[2025-09-16 10:22:09] DEBUG    100   2.17246835e+13 -9.87453277e+09  3.40e-03 7.40e-03  4.34e+03  1228s
[2025-09-16 10:22:20] DEBUG    101   2.15307309e+13 -9.48478183e+09  3.09e-03 7.25e-03  3.99e+03  1240s
[2025-09-16 10:22:32] DEBUG    102   2.14074880e+13 -9.04687454e+09  2.91e-03 7.39e-03  3.76e+03  1251s
[2025-09-16 10:22:44] DEBUG    103   2.12998596e+13 -8.13915211e+09  2.77e-03 8.54e-03  3.46e+03  1264s
[2025-09-16 10:22:57] DEBUG    104   2.11752952e+13 -7.75113312e+09  2.61e-03 9.07e-03  3.24e+03  1276s
[2025-09-16 10:23:09] DEBUG    105   2.10258404e+13 -7.43617239e+09  2.43e-03 9.45e-03  3.02e+03  1288s
[2025-09-16 10:23:18] DEBUG    106   2.09380121e+13 -7.13373937e+09  2.33e-03 9.74e-03  2.88e+03  1297s
[2025-09-16 10:23:30] DEBUG    107   2.08169893e+13 -6.82862645e+09  2.19e-03 9.97e-03  2.70e+03  1309s
[2025-09-16 10:23:37] DEBUG    108   2.07518937e+13 -6.64737011e+09  2.13e-03 9.98e-03  2.61e+03  1317s
[2025-09-16 10:23:47] DEBUG    109   2.06365038e+13 -6.41740588e+09  2.01e-03 1.00e-02  2.48e+03  1326s
[2025-09-16 10:23:57] DEBUG    110   2.05457953e+13 -6.12897685e+09  1.93e-03 1.00e-02  2.35e+03  1337s
[2025-09-16 10:24:09] DEBUG    111   2.04635527e+13 -5.83783559e+09  1.85e-03 9.94e-03  2.24e+03  1348s
[2025-09-16 10:24:20] DEBUG    112   2.03758025e+13 -5.62769991e+09  1.77e-03 9.83e-03  2.14e+03  1360s
[2025-09-16 10:24:30] DEBUG    113   2.03302955e+13 -5.39268285e+09  1.74e-03 9.66e-03  2.07e+03  1369s
[2025-09-16 10:24:42] DEBUG    114   2.02125865e+13 -5.27606768e+09  1.64e-03 9.50e-03  1.98e+03  1381s
[2025-09-16 10:24:52] DEBUG    115   2.01421947e+13 -5.12079939e+09  1.59e-03 9.34e-03  1.91e+03  1392s
[2025-09-16 10:25:01] DEBUG    116   2.01135046e+13 -5.00744420e+09  1.56e-03 9.20e-03  1.87e+03  1401s
[2025-09-16 10:25:14] DEBUG    117   1.99631134e+13 -4.82747913e+09  1.45e-03 8.93e-03  1.76e+03  1414s
[2025-09-16 10:25:23] DEBUG    118   1.99100937e+13 -4.73966281e+09  1.42e-03 8.81e-03  1.72e+03  1422s
[2025-09-16 10:25:34] DEBUG    119   1.98221349e+13 -4.58221599e+09  1.36e-03 8.61e-03  1.65e+03  1433s
[2025-09-16 10:25:47] DEBUG    120   1.97615651e+13 -4.36395875e+09  1.32e-03 8.31e-03  1.59e+03  1447s
[2025-09-16 10:25:56] DEBUG    121   1.97163769e+13 -4.26445403e+09  1.29e-03 8.16e-03  1.55e+03  1455s
[2025-09-16 10:26:07] DEBUG    122   1.95656251e+13 -4.19260617e+09  1.20e-03 8.04e-03  1.47e+03  1467s
[2025-09-16 10:26:20] DEBUG    123   1.94925174e+13 -3.93820546e+09  1.16e-03 7.67e-03  1.40e+03  1479s
[2025-09-16 10:26:31] DEBUG    124   1.94320420e+13 -3.86358404e+09  1.12e-03 7.56e-03  1.37e+03  1490s
[2025-09-16 10:26:43] DEBUG    125   1.93820007e+13 -3.71001129e+09  1.10e-03 7.33e-03  1.33e+03  1502s
[2025-09-16 10:26:52] DEBUG    126   1.93367654e+13 -3.62270383e+09  1.07e-03 7.18e-03  1.30e+03  1511s
[2025-09-16 10:27:03] DEBUG    127   1.92578704e+13 -3.46743983e+09  1.04e-03 6.95e-03  1.25e+03  1522s
[2025-09-16 10:27:15] DEBUG    128   1.91489653e+13 -3.27701671e+09  9.83e-04 6.67e-03  1.19e+03  1535s
[2025-09-16 10:27:26] DEBUG    129   1.90763141e+13 -3.10384377e+09  9.49e-04 6.41e-03  1.14e+03  1546s
[2025-09-16 10:27:38] DEBUG    130   1.90470739e+13 -3.01805396e+09  9.35e-04 6.29e-03  1.13e+03  1557s
[2025-09-16 10:28:00] DEBUG    131   1.90050140e+13 -2.99053180e+09  9.31e-04 6.27e-03  1.12e+03  1580s
[2025-09-16 10:28:21] DEBUG    132   1.89747947e+13 -2.97874291e+09  9.27e-04 6.26e-03  1.12e+03  1600s
[2025-09-16 10:28:43] DEBUG    133   1.89516920e+13 -2.94477611e+09  9.26e-04 6.24e-03  1.12e+03  1623s
[2025-09-16 10:29:02] DEBUG    134   1.89362447e+13 -2.91466653e+09  9.23e-04 6.22e-03  1.12e+03  1641s
[2025-09-16 10:29:41] DEBUG    135   1.89189518e+13 -2.88162253e+09  9.21e-04 6.20e-03  1.12e+03  1680s
[2025-09-16 10:30:01] DEBUG    136   1.88893971e+13 -2.85452640e+09  9.16e-04 6.18e-03  1.11e+03  1700s
[2025-09-16 10:30:42] DEBUG    137   1.88563577e+13 -2.76284119e+09  9.10e-04 6.10e-03  1.11e+03  1742s
[2025-09-16 10:31:05] DEBUG    138   1.87916634e+13 -2.70580763e+09  8.95e-04 6.04e-03  1.09e+03  1765s
[2025-09-16 10:31:05] DEBUG    Barrier performed 138 iterations in 1764.69 seconds (417.40 work units)
Numerical trouble encountered
[2025-09-16 10:31:05] DEBUG    Model may be infeasible or unbounded.  Consider using the
homogeneous algorithm (through parameter 'BarHomogeneous')
[2025-09-16 10:32:10] DEBUG    Waiting for other threads to finish...        1829s
[2025-09-16 10:33:15] DEBUG    Waiting for other threads to finish...        1894s
[2025-09-16 10:34:19] DEBUG    Waiting for other threads to finish...        1958s
[2025-09-16 10:35:24] DEBUG    Waiting for other threads to finish...        2023s
[2025-09-16 10:36:28] DEBUG    Waiting for other threads to finish...        2087s
[2025-09-16 10:37:33] DEBUG    Waiting for other threads to finish...        2152s
[2025-09-16 10:38:37] DEBUG    Waiting for other threads to finish...        2216s
[2025-09-16 10:39:42] DEBUG    Waiting for other threads to finish...        2281s
[2025-09-16 10:40:46] DEBUG    Waiting for other threads to finish...        2345s
[2025-09-16 10:41:51] DEBUG    Waiting for other threads to finish...        2410s
[2025-09-16 10:42:55] DEBUG    Waiting for other threads to finish...        2475s
[2025-09-16 10:44:00] DEBUG    Waiting for other threads to finish...        2539s
[2025-09-16 10:45:04] DEBUG    Waiting for other threads to finish...        2604s
[2025-09-16 10:46:09] DEBUG    Waiting for other threads to finish...        2668s
[2025-09-16 10:47:13] DEBUG    Waiting for other threads to finish...        2733s
[2025-09-16 10:48:17] DEBUG    Waiting for other threads to finish...        2797s
[2025-09-16 10:49:22] DEBUG    Waiting for other threads to finish...        2861s
[2025-09-16 10:50:27] DEBUG    Waiting for other threads to finish...        2926s
[2025-09-16 10:51:31] DEBUG    Waiting for other threads to finish...        2990s
[2025-09-16 10:52:35] DEBUG    Waiting for other threads to finish...        3055s
[2025-09-16 10:53:40] DEBUG    Waiting for other threads to finish...        3119s
[2025-09-16 10:54:44] DEBUG    Waiting for other threads to finish...        3184s
[2025-09-16 10:55:49] DEBUG    Waiting for other threads to finish...        3248s
[2025-09-16 10:56:53] DEBUG    Waiting for other threads to finish...        3313s
[2025-09-16 10:57:58] DEBUG    Waiting for other threads to finish...        3377s
[2025-09-16 10:59:02] DEBUG    Waiting for other threads to finish...        3441s
[2025-09-16 11:00:07] DEBUG    Waiting for other threads to finish...        3506s
[2025-09-16 11:01:11] DEBUG    Waiting for other threads to finish...        3571s
[2025-09-16 11:02:16] DEBUG    Waiting for other threads to finish...        3635s
[2025-09-16 11:03:21] DEBUG    Waiting for other threads to finish...        3700s
[2025-09-16 11:04:25] DEBUG    Waiting for other threads to finish...        3764s
[2025-09-16 11:05:29] DEBUG    Waiting for other threads to finish...        3829s
[2025-09-16 11:06:16] DEBUG    Solved with dual simplex
[2025-09-16 11:06:28] DEBUG    Iteration    Objective       Primal Inf.    Dual Inf.      Time
[2025-09-16 11:06:28] DEBUG    1289636    1.4230186e+10   0.000000e+00   0.000000e+00   3888s

Solved in 1289636 iterations and 3887.85 seconds (2828.13 work units)
[2025-09-16 11:06:28] DEBUG    Optimal objective  1.423018573e+10
✅ Scenario completato: new_trasmission_VRES_2035_nostorage

🚀 Lancio scenario: new_trasmission_CG+VRES_2035_BESS
[2025-09-16 11:21:31] INFO     Loading sets
[2025-09-16 11:21:31] INFO     Loading parameters
[2025-09-16 11:22:09] INFO     constraints are loaded in the following order: ['energy_balance', 'dispatch', 'costs', 'capacity', 'network', 'policy', 'conversion', 'group', 'conversion_plus', 'milp', 'export']
[2025-09-16 11:22:09] INFO     creating energy_balance constraints
[2025-09-16 11:25:43] INFO     creating dispatch constraints
[2025-09-16 11:28:12] INFO     creating costs constraints
[2025-09-16 11:44:41] INFO     creating capacity constraints
[2025-09-16 11:44:41] INFO     creating network constraints
[2025-09-16 11:44:41] INFO     creating policy constraints
[2025-09-16 11:44:41] INFO     creating conversion constraints
[2025-09-16 11:44:41] INFO     creating group constraints
[2025-09-16 11:44:41] INFO     creating conversion_plus constraints
[2025-09-16 11:44:41] INFO     creating milp constraints
[2025-09-16 11:44:41] INFO     creating export constraints
[2025-09-16 12:01:33] DEBUG    Set parameter WLSAccessID
Set parameter WLSSecret
Set parameter LicenseID to value 2680226
[2025-09-16 12:01:33] DEBUG    Academic license 2680226 - for non-commercial use only - registered to an___@mail.polimi.it
[2025-09-16 12:02:18] DEBUG    Read LP format model from file /tmp/tmpo60zbarw.pyomo.lp
Reading time = 45.15 seconds
[2025-09-16 12:02:18] DEBUG    x22087647: 29157031 rows, 22087647 columns, 71967440 nonzeros
Set parameter NumericFocus to value 1
Gurobi Optimizer version 12.0.2 build v12.0.2rc0 (linux64 - "Debian GNU/Linux 11 (bullseye)")

CPU model: Intel(R) Xeon(R) Silver 4314 CPU @ 2.40GHz, instruction set [SSE2|AVX|AVX2|AVX512]
Thread count: 32 physical cores, 64 logical processors, using up to 32 threads

Non-default parameters:
NumericFocus  1
[2025-09-16 12:02:19] DEBUG    Academic license 2680226 - for non-commercial use only - registered to an___@mail.polimi.it
Optimize a model with 29157031 rows, 22087647 columns and 71967440 nonzeros
[2025-09-16 12:02:19] DEBUG    Model fingerprint: 0xc74e784a
[2025-09-16 12:02:20] DEBUG    Coefficient statistics:
  Matrix range     [1e-07, 6e+02]
  Objective range  [1e+00, 1e+06]
  Bounds range     [0e+00, 0e+00]
  RHS range        [1e+00, 2e+08]
[2025-09-16 12:02:25] DEBUG    Presolve removed 20603650 rows and 11918821 columns (presolve time = 6s)...
[2025-09-16 12:02:30] DEBUG    Presolve removed 21034696 rows and 12420839 columns (presolve time = 10s)...
[2025-09-16 12:02:35] DEBUG    Presolve removed 22282634 rows and 15330000 columns (presolve time = 15s)...
[2025-09-16 12:02:40] DEBUG    Presolve removed 24747277 rows and 17743864 columns (presolve time = 20s)...
[2025-09-16 12:03:15] DEBUG    Presolve removed 25285172 rows and 17997904 columns (presolve time = 55s)...
[2025-09-16 12:03:20] DEBUG    Presolve removed 25285172 rows and 18225664 columns (presolve time = 61s)...
[2025-09-16 12:03:21] DEBUG    Presolve removed 25425316 rows and 18225664 columns
[2025-09-16 12:04:03] DEBUG    Presolve time: 104.07s
Presolved: 3731715 rows, 4002127 columns, 15326648 nonzeros
[2025-09-16 12:04:03] DEBUG    Concurrent LP optimizer: primal simplex, dual simplex, and barrier
Showing barrier log only...
[2025-09-16 12:04:32] DEBUG    Elapsed ordering time = 27s
[2025-09-16 12:04:35] DEBUG    Elapsed ordering time = 30s
[2025-09-16 12:04:59] DEBUG    Ordering time: 53.93s
[2025-09-16 12:05:02] DEBUG    Barrier statistics:
[2025-09-16 12:05:02] DEBUG    Dense cols : 203
 AA' NZ     : 1.618e+07
 Factor NZ  : 6.781e+07 (roughly 4.0 GB of memory)
 Factor Ops : 7.645e+09 (less than 1 second per iteration)
 Threads    : 30
[2025-09-16 12:05:07] DEBUG    Objective                Residual
[2025-09-16 12:05:07] DEBUG    Iter       Primal          Dual         Primal    Dual     Compl     Time
[2025-09-16 12:05:08] DEBUG    0   9.08398637e+14 -9.42139844e+14  7.38e+10 2.51e-01  4.06e+11   169s
[2025-09-16 12:05:14] DEBUG    1   7.95766477e+14 -9.52404466e+14  6.33e+10 2.30e+01  3.04e+11   176s
[2025-09-16 12:05:23] DEBUG    2   6.79511497e+14 -9.25661540e+14  5.11e+10 8.56e+00  1.98e+11   185s
[2025-09-16 12:05:35] DEBUG    3   5.50007863e+14 -8.65160739e+14  3.71e+10 2.47e+00  1.20e+11   196s
[2025-09-16 12:05:43] DEBUG    4   4.47195990e+14 -7.77329797e+14  2.63e+10 1.05e+00  8.08e+10   204s
[2025-09-16 12:05:49] DEBUG    5   3.37696555e+14 -7.23539189e+14  1.02e+10 5.08e-01  3.28e+10   211s
[2025-09-16 12:05:56] DEBUG    6   3.16086020e+14 -6.54366028e+14  6.50e+09 2.63e-01  1.96e+10   217s
[2025-09-16 12:06:02] DEBUG    7   3.21290289e+14 -6.17107565e+14  4.66e+09 1.77e-01  1.40e+10   224s
[2025-09-16 12:06:11] DEBUG    8   3.14911775e+14 -5.08047449e+14  3.76e+09 6.31e-02  9.87e+09   232s
[2025-09-16 12:06:17] DEBUG    9   3.58253468e+14 -4.64127668e+14  2.13e+09 2.25e-02  5.54e+09   239s
[2025-09-16 12:06:26] DEBUG    10   3.83556955e+14 -4.02258618e+14  5.64e+08 5.63e-02  1.50e+09   247s
[2025-09-16 12:06:33] DEBUG    11   3.53369527e+14 -3.08489278e+14  2.31e+08 7.30e-02  6.39e+08   254s
[2025-09-16 12:06:41] DEBUG    12   3.16554181e+14 -2.44752155e+14  6.20e+07 8.27e-02  1.88e+08   263s
[2025-09-16 12:06:52] DEBUG    13   2.93457031e+14 -1.91882011e+14  3.69e+07 7.15e-02  1.16e+08   273s
[2025-09-16 12:07:00] DEBUG    14   2.88083659e+14 -1.78133101e+14  3.33e+07 7.08e-02  1.04e+08   281s
[2025-09-16 12:07:07] DEBUG    15   2.83179108e+14 -1.47157707e+14  3.03e+07 6.69e-02  8.93e+07   289s
[2025-09-16 12:07:14] DEBUG    16   2.70637482e+14 -1.23879908e+14  2.28e+07 6.45e-02  6.74e+07   295s
[2025-09-16 12:07:23] DEBUG    17   2.53029023e+14 -1.02984195e+14  1.44e+07 6.10e-02  4.49e+07   304s
[2025-09-16 12:07:31] DEBUG    18   2.51665189e+14 -9.21369920e+13  1.40e+07 5.63e-02  4.16e+07   312s
[2025-09-16 12:07:39] DEBUG    19   2.43401952e+14 -6.77397835e+13  1.06e+07 4.86e-02  2.97e+07   321s
[2025-09-16 12:07:50] DEBUG    20   2.37766160e+14 -4.22606902e+13  8.98e+06 3.29e-02  2.11e+07   331s
[2025-09-16 12:07:59] DEBUG    21   2.30267965e+14 -2.34062875e+13  6.90e+06 3.52e-02  1.37e+07   341s
[2025-09-16 12:08:11] DEBUG    22   2.22696944e+14 -1.75365829e+13  5.27e+06 3.51e-02  9.41e+06   353s
[2025-09-16 12:08:22] DEBUG    23   2.08318169e+14 -1.21134743e+13  2.76e+06 3.32e-02  4.88e+06   363s
[2025-09-16 12:08:30] DEBUG    24   2.02468372e+14 -8.14103749e+12  2.15e+06 3.23e-02  3.18e+06   371s
[2025-09-16 12:08:36] DEBUG    25   1.96223456e+14 -6.58141662e+12  1.61e+06 2.93e-02  2.35e+06   378s
[2025-09-16 12:08:43] DEBUG    26   1.92488081e+14 -5.47008406e+12  1.36e+06 2.75e-02  1.89e+06   385s
[2025-09-16 12:08:48] DEBUG    27   1.89547687e+14 -4.15373308e+12  1.18e+06 2.40e-02  1.48e+06   390s
[2025-09-16 12:08:57] DEBUG    28   1.83064817e+14 -2.42138476e+12  8.31e+05 2.52e-02  8.51e+05   399s
[2025-09-16 12:09:05] DEBUG    29   1.78016053e+14 -1.53203415e+12  6.22e+05 2.63e-02  5.37e+05   407s
[2025-09-16 12:09:17] DEBUG    30   1.71863070e+14 -9.93799785e+11  4.23e+05 2.53e-02  3.20e+05   419s
[2025-09-16 12:09:27] DEBUG    31   1.69923334e+14 -6.61871634e+11  3.78e+05 2.48e-02  2.27e+05   428s
[2025-09-16 12:09:35] DEBUG    32   1.67730148e+14 -5.67006419e+11  3.31e+05 2.42e-02  1.92e+05   437s
[2025-09-16 12:09:41] DEBUG    33   1.65675994e+14 -5.26123611e+11  2.92e+05 2.39e-02  1.71e+05   443s
[2025-09-16 12:09:50] DEBUG    34   1.63162779e+14 -4.29215699e+11  2.49e+05 2.37e-02  1.38e+05   452s
[2025-09-16 12:09:59] DEBUG    35   1.62605806e+14 -3.52864322e+11  2.41e+05 2.33e-02  1.22e+05   461s
[2025-09-16 12:10:10] DEBUG    36   1.59162142e+14 -2.77790744e+11  1.92e+05 2.36e-02  8.95e+04   472s
[2025-09-16 12:10:23] DEBUG    37   1.56279560e+14 -2.35108766e+11  1.57e+05 2.38e-02  7.10e+04   485s
[2025-09-16 12:10:36] DEBUG    38   1.54115870e+14 -2.06477239e+11  1.36e+05 2.28e-02  5.87e+04   498s
[2025-09-16 12:10:51] DEBUG    39   1.53372849e+14 -1.93803019e+11  1.29e+05 2.27e-02  5.45e+04   512s
[2025-09-16 12:11:03] DEBUG    40   1.51150779e+14 -1.72273472e+11  1.10e+05 2.62e-02  4.45e+04   524s
[2025-09-16 12:11:14] DEBUG    41   1.50167248e+14 -1.57881840e+11  1.03e+05 2.79e-02  4.01e+04   536s
[2025-09-16 12:11:27] DEBUG    42   1.49158900e+14 -1.45425842e+11  9.61e+04 2.84e-02  3.62e+04   548s
[2025-09-16 12:11:40] DEBUG    43   1.47885516e+14 -1.37907007e+11  8.79e+04 2.74e-02  3.25e+04   561s
[2025-09-16 12:11:53] DEBUG    44   1.46457501e+14 -1.30254195e+11  7.91e+04 2.88e-02  2.89e+04   574s
[2025-09-16 12:12:03] DEBUG    45   1.45470914e+14 -1.28854106e+11  7.36e+04 2.83e-02  2.70e+04   584s
[2025-09-16 12:12:13] DEBUG    46   1.44992291e+14 -1.26311866e+11  7.11e+04 2.77e-02  2.59e+04   594s
[2025-09-16 12:12:26] DEBUG    47   1.44400119e+14 -1.24477359e+11  6.82e+04 2.70e-02  2.47e+04   607s
[2025-09-16 12:12:40] DEBUG    48   1.44113265e+14 -1.23541025e+11  6.67e+04 2.67e-02  2.42e+04   621s
[2025-09-16 12:12:53] DEBUG    49   1.43816908e+14 -1.22864302e+11  6.53e+04 2.63e-02  2.37e+04   635s
[2025-09-16 12:13:04] DEBUG    50   1.43084000e+14 -1.20623078e+11  6.19e+04 2.52e-02  2.23e+04   646s
[2025-09-16 12:13:18] DEBUG    51   1.42450162e+14 -1.19223083e+11  5.91e+04 2.44e-02  2.12e+04   659s
[2025-09-16 12:13:31] DEBUG    52   1.41903973e+14 -1.18125085e+11  5.68e+04 2.41e-02  2.03e+04   672s
[2025-09-16 12:13:43] DEBUG    53   1.41784857e+14 -1.17737354e+11  5.63e+04 2.41e-02  2.01e+04   684s
[2025-09-16 12:13:56] DEBUG    54   1.41118010e+14 -1.16436748e+11  5.35e+04 2.41e-02  1.90e+04   698s
[2025-09-16 12:14:09] DEBUG    55   1.40748678e+14 -1.15847661e+11  5.21e+04 2.41e-02  2.55e+04   711s
[2025-09-16 12:14:21] DEBUG    56   1.40284924e+14 -1.14841997e+11  5.03e+04 2.45e-02  2.43e+04   722s
[2025-09-16 12:14:30] DEBUG    57   1.39888828e+14 -1.14343543e+11  4.89e+04 2.49e-02  2.64e+04   731s
[2025-09-16 12:14:43] DEBUG    58   1.39459527e+14 -1.13866067e+11  4.73e+04 2.52e-02  2.56e+04   744s
[2025-09-16 12:14:51] DEBUG    59   1.38917613e+14 -1.13228705e+11  4.54e+04 2.57e-02  2.56e+04   752s
[2025-09-16 12:15:01] DEBUG    60   1.38594088e+14 -1.12773451e+11  4.43e+04 2.61e-02  2.50e+04   762s
[2025-09-16 12:15:11] DEBUG    61   1.38146791e+14 -1.12510872e+11  4.29e+04 2.62e-02  2.48e+04   772s
[2025-09-16 12:15:23] DEBUG    62   1.37878177e+14 -1.11960734e+11  4.20e+04 2.64e-02  2.41e+04   785s
[2025-09-16 12:15:34] DEBUG    63   1.37597568e+14 -1.11289616e+11  4.11e+04 2.64e-02  2.35e+04   796s
[2025-09-16 12:15:46] DEBUG    64   1.36485453e+14 -1.10731306e+11  3.77e+04 2.60e-02  2.18e+04   808s
[2025-09-16 12:15:57] DEBUG    65   1.35998270e+14 -1.10065532e+11  3.63e+04 2.57e-02  2.08e+04   819s
[2025-09-16 12:16:09] DEBUG    66   1.35907080e+14 -1.09912880e+11  3.60e+04 2.55e-02  2.06e+04   830s
[2025-09-16 12:16:22] DEBUG    67   1.35552889e+14 -1.09298483e+11  3.51e+04 2.49e-02  1.98e+04   844s
[2025-09-16 12:16:30] DEBUG    68   1.35322454e+14 -1.09155401e+11  3.45e+04 2.46e-02  1.99e+04   852s
[2025-09-16 12:16:44] DEBUG    69   1.34304340e+14 -1.08796485e+11  3.18e+04 2.41e-02  1.85e+04   865s
[2025-09-16 12:16:53] DEBUG    70   1.33955035e+14 -1.08280223e+11  3.09e+04 2.44e-02  1.78e+04   875s
[2025-09-16 12:17:04] DEBUG    71   1.33629164e+14 -1.07795978e+11  3.02e+04 2.46e-02  1.72e+04   886s
[2025-09-16 12:17:14] DEBUG    72   1.33466176e+14 -1.07742970e+11  2.98e+04 2.45e-02  1.70e+04   895s
[2025-09-16 12:17:26] DEBUG    73   1.32799181e+14 -1.07378357e+11  2.82e+04 2.45e-02  1.61e+04   908s
[2025-09-16 12:17:39] DEBUG    74   1.32407930e+14 -1.07106958e+11  2.74e+04 2.43e-02  1.56e+04   921s
[2025-09-16 12:17:48] DEBUG    75   1.32303749e+14 -1.06949295e+11  2.72e+04 2.42e-02  1.54e+04   930s
[2025-09-16 12:18:02] DEBUG    76   1.31722045e+14 -1.06601366e+11  2.59e+04 2.42e-02  1.46e+04   943s
[2025-09-16 12:18:16] DEBUG    77   1.31369984e+14 -1.06404208e+11  2.52e+04 2.43e-02  1.42e+04   958s
[2025-09-16 12:18:30] DEBUG    78   1.30954731e+14 -1.06167410e+11  2.44e+04 2.46e-02  1.36e+04   971s
[2025-09-16 12:18:42] DEBUG    79   1.30471114e+14 -1.05899997e+11  2.35e+04 2.48e-02  1.31e+04   983s
[2025-09-16 12:18:50] DEBUG    80   1.30294009e+14 -1.05822535e+11  2.32e+04 2.49e-02  1.29e+04   991s
[2025-09-16 12:18:57] DEBUG    81   1.29967934e+14 -1.05694016e+11  2.26e+04 2.50e-02  1.25e+04   998s
[2025-09-16 12:19:05] DEBUG    82   1.29737408e+14 -1.05645634e+11  2.22e+04 2.51e-02  1.23e+04  1006s
[2025-09-16 12:19:17] DEBUG    83   1.29406891e+14 -1.05505088e+11  2.16e+04 2.52e-02  1.20e+04  1019s
[2025-09-16 12:19:29] DEBUG    84   1.29103476e+14 -1.05324124e+11  2.11e+04 2.54e-02  1.16e+04  1031s
[2025-09-16 12:19:39] DEBUG    85   1.28981390e+14 -1.05264641e+11  2.09e+04 2.54e-02  1.15e+04  1040s
[2025-09-16 12:19:52] DEBUG    86   1.28661685e+14 -1.05124948e+11  2.03e+04 2.56e-02  1.12e+04  1054s
[2025-09-16 12:20:01] DEBUG    87   1.28393926e+14 -1.05079539e+11  1.99e+04 2.56e-02  1.10e+04  1063s
[2025-09-16 12:20:15] DEBUG    88   1.28025395e+14 -1.04910108e+11  1.93e+04 2.58e-02  1.06e+04  1077s
[2025-09-16 12:20:27] DEBUG    89   1.27744459e+14 -1.04778243e+11  1.89e+04 2.59e-02  1.03e+04  1088s
[2025-09-16 12:20:38] DEBUG    90   1.27650957e+14 -1.04689436e+11  1.87e+04 2.60e-02  1.02e+04  1100s
[2025-09-16 12:20:46] DEBUG    91   1.27488969e+14 -1.04651645e+11  1.85e+04 2.61e-02  1.00e+04  1108s
[2025-09-16 12:20:58] DEBUG    92   1.27087511e+14 -1.04557379e+11  1.79e+04 2.61e-02  9.71e+03  1119s
[2025-09-16 12:21:07] DEBUG    93   1.27034111e+14 -1.04519281e+11  1.78e+04 2.62e-02  9.65e+03  1128s
[2025-09-16 12:21:17] DEBUG    94   1.27005182e+14 -1.04468788e+11  1.78e+04 2.62e-02  9.58e+03  1139s
[2025-09-16 12:21:27] DEBUG    95   1.26940411e+14 -1.04444592e+11  1.77e+04 2.63e-02  9.99e+03  1148s
[2025-09-16 12:21:36] DEBUG    96   1.26794235e+14 -1.04425034e+11  1.75e+04 2.63e-02  1.01e+04  1157s
[2025-09-16 12:21:43] DEBUG    97   1.26764174e+14 -1.04393725e+11  1.74e+04 2.63e-02  1.01e+04  1165s
[2025-09-16 12:21:54] DEBUG    98   1.26647738e+14 -1.04367815e+11  1.73e+04 2.64e-02  1.01e+04  1175s
[2025-09-16 12:22:05] DEBUG    99   1.26607860e+14 -1.04347934e+11  1.72e+04 2.64e-02  1.00e+04  1186s
[2025-09-16 12:22:14] DEBUG    100   1.26585711e+14 -1.04323133e+11  1.72e+04 2.64e-02  1.00e+04  1195s
[2025-09-16 12:22:26] DEBUG    101   1.26423329e+14 -1.04302654e+11  1.70e+04 2.65e-02  9.90e+03  1207s
[2025-09-16 12:22:38] DEBUG    102   1.26396319e+14 -1.04277922e+11  1.69e+04 2.65e-02  9.86e+03  1220s
[2025-09-16 12:22:50] DEBUG    103   1.26369012e+14 -1.04255300e+11  1.69e+04 2.65e-02  9.83e+03  1231s
[2025-09-16 12:22:58] DEBUG    104   1.26257255e+14 -1.04242180e+11  1.67e+04 2.65e-02  9.78e+03  1240s
[2025-09-16 12:23:07] DEBUG    105   1.26155837e+14 -1.04226161e+11  1.66e+04 2.66e-02  9.71e+03  1249s
[2025-09-16 12:23:20] DEBUG    106   1.25804509e+14 -1.04138926e+11  1.61e+04 2.67e-02  9.41e+03  1262s
[2025-09-16 12:23:30] DEBUG    107   1.25704012e+14 -1.04125161e+11  1.60e+04 2.67e-02  9.35e+03  1271s
[2025-09-16 12:23:40] DEBUG    108   1.25552545e+14 -1.04096172e+11  1.58e+04 2.67e-02  9.23e+03  1282s
[2025-09-16 12:23:50] DEBUG    109   1.25418755e+14 -1.04064863e+11  1.56e+04 2.68e-02  9.13e+03  1292s
[2025-09-16 12:24:02] DEBUG    110   1.25200738e+14 -1.04009971e+11  1.53e+04 2.68e-02  8.93e+03  1303s
[2025-09-16 12:24:11] DEBUG    111   1.25107876e+14 -1.04002837e+11  1.52e+04 2.69e-02  8.87e+03  1312s
[2025-09-16 12:24:24] DEBUG    112   1.24904588e+14 -1.03958931e+11  1.50e+04 2.69e-02  8.70e+03  1326s
[2025-09-16 12:24:33] DEBUG    113   1.24811461e+14 -1.03948494e+11  1.48e+04 2.70e-02  8.66e+03  1335s
[2025-09-16 12:24:45] DEBUG    114   1.24545961e+14 -1.03937776e+11  1.45e+04 2.70e-02  8.49e+03  1347s
[2025-09-16 12:24:54] DEBUG    115   1.24255595e+14 -1.03918378e+11  1.42e+04 2.70e-02  8.36e+03  1356s
[2025-09-16 12:25:05] DEBUG    116   1.23954797e+14 -1.03896923e+11  1.38e+04 2.71e-02  8.17e+03  1367s
[2025-09-16 12:25:13] DEBUG    117   1.23887679e+14 -1.03879575e+11  1.37e+04 2.71e-02  8.10e+03  1375s
[2025-09-16 12:25:22] DEBUG    118   1.23834031e+14 -1.03871526e+11  1.37e+04 2.71e-02  8.05e+03  1383s
[2025-09-16 12:25:31] DEBUG    119   1.23819776e+14 -1.03861709e+11  1.37e+04 2.72e-02  8.02e+03  1393s
[2025-09-16 12:25:40] DEBUG    120   1.23633852e+14 -1.03853637e+11  1.35e+04 2.72e-02  7.94e+03  1401s
[2025-09-16 12:25:51] DEBUG    121   1.23617588e+14 -1.03834638e+11  1.34e+04 2.72e-02  7.88e+03  1413s
[2025-09-16 12:26:00] DEBUG    122   1.23484195e+14 -1.03851793e+11  1.33e+04 2.72e-02  7.80e+03  1421s
[2025-09-16 12:26:10] DEBUG    123   1.23458708e+14 -1.03849268e+11  1.33e+04 2.73e-02  7.80e+03  1431s
[2025-09-16 12:26:21] DEBUG    124   1.23273830e+14 -1.03845308e+11  1.31e+04 2.73e-02  7.71e+03  1442s
[2025-09-16 12:26:31] DEBUG    125   1.23092843e+14 -1.03832891e+11  1.29e+04 2.73e-02  7.60e+03  1453s
[2025-09-16 12:26:40] DEBUG    126   1.22946688e+14 -1.03831748e+11  1.27e+04 2.73e-02  7.52e+03  1462s
[2025-09-16 12:26:49] DEBUG    127   1.22724791e+14 -1.03829775e+11  1.25e+04 2.74e-02  7.40e+03  1470s
[2025-09-16 12:27:01] DEBUG    128   1.22374988e+14 -1.03812451e+11  1.21e+04 2.74e-02  7.20e+03  1482s
[2025-09-16 12:27:12] DEBUG    129   1.22230156e+14 -1.03799566e+11  1.20e+04 2.74e-02  7.10e+03  1494s
[2025-09-16 12:27:23] DEBUG    130   1.22103128e+14 -1.03777781e+11  1.18e+04 2.75e-02  6.99e+03  1504s
[2025-09-16 12:27:31] DEBUG    131   1.21941587e+14 -1.03768930e+11  1.17e+04 2.75e-02  6.89e+03  1512s
[2025-09-16 12:27:44] DEBUG    132   1.21521328e+14 -1.03742452e+11  1.13e+04 2.76e-02  6.67e+03  1525s
[2025-09-16 12:27:54] DEBUG    133   1.21360445e+14 -1.03716098e+11  1.11e+04 2.76e-02  6.54e+03  1536s
[2025-09-16 12:28:03] DEBUG    134   1.21259015e+14 -1.03708767e+11  1.10e+04 2.76e-02  6.48e+03  1544s
[2025-09-16 12:28:12] DEBUG    135   1.20934869e+14 -1.03700662e+11  1.07e+04 2.77e-02  6.34e+03  1553s
[2025-09-16 12:28:25] DEBUG    136   1.20615342e+14 -1.03667159e+11  1.04e+04 2.77e-02  6.17e+03  1566s
[2025-09-16 12:28:34] DEBUG    137   1.20511201e+14 -1.03657435e+11  1.03e+04 2.78e-02  6.10e+03  1576s
[2025-09-16 12:28:46] DEBUG    138   1.20144330e+14 -1.03635484e+11  1.00e+04 2.78e-02  5.92e+03  1587s
[2025-09-16 12:28:57] DEBUG    139   1.20130008e+14 -1.03626063e+11  1.00e+04 2.78e-02  5.89e+03  1598s
[2025-09-16 12:29:09] DEBUG    140   1.19907008e+14 -1.03610148e+11  9.82e+03 2.78e-02  5.78e+03  1610s
[2025-09-16 12:29:19] DEBUG    141   1.19865741e+14 -1.03594475e+11  9.78e+03 2.79e-02  5.77e+03  1620s
[2025-09-16 12:29:27] DEBUG    142   1.19831723e+14 -1.03588478e+11  9.76e+03 2.79e-02  5.74e+03  1629s
[2025-09-16 12:29:35] DEBUG    143   1.19759173e+14 -1.03602335e+11  9.70e+03 2.79e-02  5.76e+03  1637s
[2025-09-16 12:29:46] DEBUG    144   1.19231737e+14 -1.03621139e+11  9.26e+03 2.79e-02  5.58e+03  1647s
[2025-09-16 12:29:57] DEBUG    145   1.19117219e+14 -1.03607314e+11  9.17e+03 2.79e-02  5.51e+03  1658s
[2025-09-16 12:30:08] DEBUG    146   1.18975215e+14 -1.03590940e+11  9.06e+03 2.80e-02  5.43e+03  1669s
[2025-09-16 12:30:25] DEBUG    147   1.18692789e+14 -1.03575153e+11  8.84e+03 2.80e-02  5.30e+03  1686s
[2025-09-16 12:30:36] DEBUG    148   1.18601598e+14 -1.03562223e+11  8.78e+03 2.80e-02  5.24e+03  1698s
[2025-09-16 12:30:48] DEBUG    149   1.18484528e+14 -1.03555179e+11  8.69e+03 2.80e-02  5.18e+03  1710s
[2025-09-16 12:30:57] DEBUG    150   1.18454240e+14 -1.03548191e+11  8.67e+03 2.81e-02  5.15e+03  1719s
[2025-09-16 12:31:07] DEBUG    151   1.18308943e+14 -1.03544106e+11  8.56e+03 2.81e-02  5.09e+03  1729s
[2025-09-16 12:31:18] DEBUG    152   1.18284275e+14 -1.03541584e+11  8.54e+03 2.81e-02  5.09e+03  1740s
[2025-09-16 12:31:27] DEBUG    153   1.18232129e+14 -1.03539145e+11  8.50e+03 2.81e-02  5.07e+03  1749s
[2025-09-16 12:31:37] DEBUG    154   1.18148567e+14 -1.03537744e+11  8.44e+03 2.81e-02  5.05e+03  1759s
[2025-09-16 12:31:48] DEBUG    155   1.18049856e+14 -1.03541921e+11  8.37e+03 2.81e-02  4.99e+03  1770s
[2025-09-16 12:31:58] DEBUG    156   1.17983700e+14 -1.03541216e+11  8.32e+03 2.81e-02  4.99e+03  1779s
[2025-09-16 12:32:07] DEBUG    157   1.17980864e+14 -1.03539692e+11  8.32e+03 2.81e-02  4.98e+03  1788s
[2025-09-16 12:32:19] DEBUG    158   1.17811250e+14 -1.03537968e+11  8.20e+03 2.81e-02  4.93e+03  1801s
[2025-09-16 12:32:28] DEBUG    159   1.17802862e+14 -1.03536844e+11  8.19e+03 2.81e-02  4.92e+03  1809s
[2025-09-16 12:32:37] DEBUG    160   1.17650115e+14 -1.03534693e+11  8.08e+03 2.82e-02  4.86e+03  1819s
[2025-09-16 12:32:46] DEBUG    161   1.17648007e+14 -1.03533244e+11  8.08e+03 2.82e-02  4.85e+03  1827s
[2025-09-16 12:32:58] DEBUG    162   1.17615186e+14 -1.03532803e+11  8.06e+03 2.82e-02  4.84e+03  1839s
[2025-09-16 12:33:11] DEBUG    163   1.17497714e+14 -1.03531428e+11  7.98e+03 2.82e-02  4.79e+03  1852s
[2025-09-16 12:33:20] DEBUG    164   1.17404242e+14 -1.03527983e+11  7.91e+03 2.82e-02  4.75e+03  1861s
[2025-09-16 12:33:28] DEBUG    165   1.17332008e+14 -1.03524746e+11  7.86e+03 2.82e-02  4.71e+03  1870s
[2025-09-16 12:33:43] DEBUG    166   1.17285437e+14 -1.03524087e+11  7.83e+03 2.82e-02  4.70e+03  1884s
[2025-09-16 12:33:54] DEBUG    167   1.17253085e+14 -1.03525586e+11  7.81e+03 2.82e-02  4.67e+03  1896s
[2025-09-16 12:34:04] DEBUG    168   1.17143515e+14 -1.03523075e+11  7.74e+03 2.82e-02  4.63e+03  1905s
[2025-09-16 12:34:13] DEBUG    169   1.17117521e+14 -1.03527010e+11  7.72e+03 2.83e-02  4.63e+03  1914s
[2025-09-16 12:34:26] DEBUG    170   1.17002734e+14 -1.03532832e+11  7.64e+03 2.83e-02  4.59e+03  1927s
[2025-09-16 12:34:37] DEBUG    171   1.16930768e+14 -1.03531314e+11  7.59e+03 2.83e-02  4.57e+03  1938s
[2025-09-16 12:34:50] DEBUG    172   1.16673223e+14 -1.03529403e+11  7.42e+03 2.83e-02  4.48e+03  1952s
[2025-09-16 12:34:59] DEBUG    173   1.16632932e+14 -1.03534171e+11  7.40e+03 2.83e-02  4.46e+03  1961s
[2025-09-16 12:35:13] DEBUG    174   1.16253372e+14 -1.03559632e+11  7.15e+03 2.84e-02  4.33e+03  1974s
[2025-09-16 12:35:24] DEBUG    175   1.16062788e+14 -1.03563217e+11  7.03e+03 2.84e-02  4.26e+03  1985s
[2025-09-16 12:35:34] DEBUG    176   1.15902308e+14 -1.03572310e+11  6.93e+03 2.84e-02  4.19e+03  1995s
[2025-09-16 12:35:42] DEBUG    177   1.15770855e+14 -1.03598830e+11  6.85e+03 2.84e-02  4.15e+03  2003s
[2025-09-16 12:35:54] DEBUG    178   1.15465111e+14 -1.03612449e+11  6.67e+03 2.84e-02  4.04e+03  2015s
[2025-09-16 12:36:06] DEBUG    179   1.15327577e+14 -1.03626444e+11  6.59e+03 2.84e-02  3.99e+03  2027s
[2025-09-16 12:36:15] DEBUG    180   1.15207854e+14 -1.03638225e+11  6.52e+03 2.84e-02  3.94e+03  2036s
[2025-09-16 12:36:25] DEBUG    181   1.15191349e+14 -1.03653314e+11  6.51e+03 2.85e-02  3.93e+03  2047s
[2025-09-16 12:36:34] DEBUG    182   1.15021949e+14 -1.03669079e+11  6.41e+03 2.85e-02  3.87e+03  2056s
[2025-09-16 12:36:45] DEBUG    183   1.14973563e+14 -1.03681464e+11  6.38e+03 2.85e-02  3.89e+03  2066s
[2025-09-16 12:36:58] DEBUG    184   1.14915447e+14 -1.03722246e+11  6.35e+03 2.85e-02  3.87e+03  2079s
[2025-09-16 12:37:07] DEBUG    185   1.14771692e+14 -1.03789047e+11  6.27e+03 2.85e-02  3.85e+03  2088s
[2025-09-16 12:37:19] DEBUG    186   1.14553582e+14 -1.03860693e+11  6.14e+03 2.85e-02  3.80e+03  2100s
[2025-09-16 12:37:31] DEBUG    187   1.14190921e+14 -1.03989766e+11  5.95e+03 2.85e-02  3.68e+03  2113s
[2025-09-16 12:37:43] DEBUG    188   1.14085887e+14 -1.04078435e+11  5.89e+03 2.85e-02  3.64e+03  2124s
[2025-09-16 12:37:53] DEBUG    189   1.13924207e+14 -1.04139834e+11  5.80e+03 2.86e-02  3.58e+03  2134s
[2025-09-16 12:38:01] DEBUG    190   1.13829509e+14 -1.04201404e+11  5.75e+03 2.86e-02  3.55e+03  2142s
[2025-09-16 12:38:14] DEBUG    191   1.13292261e+14 -1.04396859e+11  5.48e+03 2.86e-02  3.41e+03  2155s
[2025-09-16 12:38:22] DEBUG    192   1.13179075e+14 -1.04451227e+11  5.42e+03 2.86e-02  3.38e+03  2164s
[2025-09-16 12:38:33] DEBUG    193   1.12884959e+14 -1.04540246e+11  5.28e+03 2.86e-02  3.30e+03  2175s
[2025-09-16 12:38:42] DEBUG    194   1.12788042e+14 -1.04614658e+11  5.23e+03 2.86e-02  3.27e+03  2183s
[2025-09-16 12:38:51] DEBUG    195   1.12462298e+14 -1.04689917e+11  5.08e+03 2.86e-02  3.19e+03  2192s
[2025-09-16 12:39:03] DEBUG    196   1.12327463e+14 -1.04857608e+11  5.01e+03 2.87e-02  3.13e+03  2204s
[2025-09-16 12:39:14] DEBUG    197   1.12106155e+14 -1.04946243e+11  4.91e+03 2.87e-02  3.07e+03  2216s
[2025-09-16 12:39:23] DEBUG    198   1.12060333e+14 -1.05013842e+11  4.89e+03 2.87e-02  3.05e+03  2224s
[2025-09-16 12:39:35] DEBUG    199   1.11522288e+14 -1.05132730e+11  4.65e+03 2.87e-02  2.93e+03  2236s
[2025-09-16 12:39:48] DEBUG    200   1.11077550e+14 -1.05318277e+11  4.46e+03 2.87e-02  2.82e+03  2250s
[2025-09-16 12:40:01] DEBUG    201   1.10864587e+14 -1.05398790e+11  4.38e+03 2.87e-02  2.77e+03  2262s
[2025-09-16 12:40:12] DEBUG    202   1.10687539e+14 -1.05458367e+11  4.31e+03 2.87e-02  2.73e+03  2273s
[2025-09-16 12:40:20] DEBUG    203   1.10570613e+14 -1.05531565e+11  4.26e+03 2.87e-02  2.70e+03  2281s
[2025-09-16 12:40:31] DEBUG    204   1.10485162e+14 -1.05632678e+11  4.23e+03 2.87e-02  2.66e+03  2292s
[2025-09-16 12:40:41] DEBUG    205   1.10424679e+14 -1.05665780e+11  4.20e+03 2.88e-02  2.65e+03  2303s
[2025-09-16 12:40:53] DEBUG    206   1.09848826e+14 -1.05733059e+11  3.98e+03 2.88e-02  2.54e+03  2314s
[2025-09-16 12:41:02] DEBUG    207   1.09515837e+14 -1.05838327e+11  3.86e+03 2.88e-02  2.47e+03  2323s
[2025-09-16 12:41:11] DEBUG    208   1.09509697e+14 -1.05865952e+11  3.86e+03 2.88e-02  2.47e+03  2333s
[2025-09-16 12:41:22] DEBUG    209   1.09335835e+14 -1.05927569e+11  3.80e+03 2.88e-02  2.43e+03  2344s
[2025-09-16 12:41:35] DEBUG    210   1.09031725e+14 -1.06018888e+11  3.69e+03 2.88e-02  2.37e+03  2356s
[2025-09-16 12:41:49] DEBUG    211   1.08711346e+14 -1.06111162e+11  3.58e+03 2.88e-02  2.30e+03  2370s
[2025-09-16 12:41:59] DEBUG    212   1.08428589e+14 -1.06285366e+11  3.49e+03 2.88e-02  2.23e+03  2381s
[2025-09-16 12:42:08] DEBUG    213   1.08197555e+14 -1.06342430e+11  3.42e+03 2.88e-02  2.19e+03  2390s
[2025-09-16 12:42:19] DEBUG    214   1.07982772e+14 -1.06434314e+11  3.35e+03 2.88e-02  2.14e+03  2400s
[2025-09-16 12:42:30] DEBUG    215   1.07837376e+14 -1.06470057e+11  3.30e+03 2.88e-02  2.12e+03  2412s
[2025-09-16 12:42:38] DEBUG    216   1.07816749e+14 -1.06497497e+11  3.30e+03 2.88e-02  2.11e+03  2420s
[2025-09-16 12:42:49] DEBUG    217   1.07409093e+14 -1.06562154e+11  3.17e+03 2.88e-02  2.04e+03  2431s
[2025-09-16 12:42:59] DEBUG    218   1.07268351e+14 -1.06626467e+11  3.13e+03 2.88e-02  2.02e+03  2441s
[2025-09-16 12:43:09] DEBUG    219   1.07194105e+14 -1.06660914e+11  3.11e+03 2.89e-02  2.00e+03  2451s
[2025-09-16 12:43:19] DEBUG    220   1.07120509e+14 -1.06709097e+11  3.09e+03 2.89e-02  1.99e+03  2460s
[2025-09-16 12:43:30] DEBUG    221   1.06999608e+14 -1.06746549e+11  3.05e+03 2.89e-02  1.98e+03  2471s
[2025-09-16 12:43:41] DEBUG    222   1.06947981e+14 -1.06789011e+11  3.04e+03 2.89e-02  1.97e+03  2482s
[2025-09-16 12:43:51] DEBUG    223   1.06899519e+14 -1.06817007e+11  3.02e+03 2.89e-02  1.96e+03  2493s
[2025-09-16 12:44:02] DEBUG    224   1.06841760e+14 -1.06849351e+11  3.01e+03 2.89e-02  1.95e+03  2504s
[2025-09-16 12:44:13] DEBUG    225   1.06808752e+14 -1.06874478e+11  3.00e+03 2.89e-02  1.95e+03  2515s
[2025-09-16 12:44:23] DEBUG    226   1.06703203e+14 -1.06906592e+11  2.97e+03 2.89e-02  1.94e+03  2524s
[2025-09-16 12:44:31] DEBUG    227   1.06623970e+14 -1.06925464e+11  2.95e+03 2.89e-02  1.93e+03  2533s
[2025-09-16 12:44:42] DEBUG    228   1.06546170e+14 -1.06957935e+11  2.93e+03 2.89e-02  1.91e+03  2543s
[2025-09-16 12:44:50] DEBUG    229   1.06478894e+14 -1.06976654e+11  2.91e+03 2.89e-02  1.90e+03  2551s
[2025-09-16 12:45:01] DEBUG    230   1.06219018e+14 -1.07017542e+11  2.84e+03 2.89e-02  1.86e+03  2562s
[2025-09-16 12:45:10] DEBUG    231   1.06158564e+14 -1.07046918e+11  2.82e+03 2.89e-02  1.85e+03  2571s
[2025-09-16 12:45:21] DEBUG    232   1.06105590e+14 -1.07083618e+11  2.81e+03 2.89e-02  1.84e+03  2582s
[2025-09-16 12:45:30] DEBUG    233   1.06044457e+14 -1.07117222e+11  2.79e+03 2.89e-02  1.83e+03  2591s
[2025-09-16 12:45:41] DEBUG    234   1.05969879e+14 -1.07139226e+11  2.77e+03 2.89e-02  1.82e+03  2602s
[2025-09-16 12:45:50] DEBUG    235   1.05640989e+14 -1.07167899e+11  2.69e+03 2.89e-02  1.78e+03  2611s
[2025-09-16 12:46:01] DEBUG    236   1.05607449e+14 -1.07200459e+11  2.68e+03 2.89e-02  1.77e+03  2623s
[2025-09-16 12:46:12] DEBUG    237   1.05553494e+14 -1.07232082e+11  2.67e+03 2.89e-02  1.76e+03  2634s
[2025-09-16 12:46:25] DEBUG    238   1.05461849e+14 -1.07257359e+11  2.64e+03 2.89e-02  1.74e+03  2647s
[2025-09-16 12:46:35] DEBUG    239   1.05388873e+14 -1.07282719e+11  2.62e+03 2.89e-02  1.73e+03  2657s
[2025-09-16 12:46:43] DEBUG    240   1.05360115e+14 -1.07309359e+11  2.62e+03 2.89e-02  1.72e+03  2665s
[2025-09-16 12:46:54] DEBUG    241   1.05213853e+14 -1.07335300e+11  2.58e+03 2.89e-02  1.71e+03  2675s
[2025-09-16 12:47:02] DEBUG    242   1.05110940e+14 -1.07358429e+11  2.56e+03 2.89e-02  1.69e+03  2683s
[2025-09-16 12:47:12] DEBUG    243   1.05065875e+14 -1.07377260e+11  2.55e+03 2.89e-02  1.69e+03  2693s
[2025-09-16 12:47:22] DEBUG    244   1.04946083e+14 -1.07406339e+11  2.52e+03 2.89e-02  1.67e+03  2703s
[2025-09-16 12:47:32] DEBUG    245   1.04911770e+14 -1.07425890e+11  2.51e+03 2.89e-02  1.66e+03  2714s
[2025-09-16 12:47:44] DEBUG    246   1.04855949e+14 -1.07455335e+11  2.50e+03 2.89e-02  1.65e+03  2725s
[2025-09-16 12:47:56] DEBUG    247   1.04731083e+14 -1.07477758e+11  2.47e+03 2.89e-02  1.64e+03  2737s
[2025-09-16 12:48:08] DEBUG    248   1.04664106e+14 -1.07501586e+11  2.45e+03 2.89e-02  1.63e+03  2750s
[2025-09-16 12:48:19] DEBUG    249   1.04607798e+14 -1.07527085e+11  2.44e+03 2.89e-02  1.62e+03  2761s
[2025-09-16 12:48:28] DEBUG    250   1.04529407e+14 -1.07544805e+11  2.42e+03 2.89e-02  1.62e+03  2769s
[2025-09-16 12:48:40] DEBUG    251   1.04493112e+14 -1.07558882e+11  2.41e+03 2.89e-02  1.61e+03  2781s
[2025-09-16 12:48:50] DEBUG    252   1.04384292e+14 -1.07574503e+11  2.39e+03 2.89e-02  1.60e+03  2792s
[2025-09-16 12:49:00] DEBUG    253   1.04352031e+14 -1.07593433e+11  2.38e+03 2.89e-02  1.59e+03  2802s
[2025-09-16 12:49:12] DEBUG    254   1.04272144e+14 -1.07611485e+11  2.36e+03 2.89e-02  1.58e+03  2814s
[2025-09-16 12:49:23] DEBUG    255   1.04225106e+14 -1.07625367e+11  2.35e+03 2.89e-02  1.58e+03  2825s
[2025-09-16 12:49:34] DEBUG    256   1.04149337e+14 -1.07645184e+11  2.34e+03 2.89e-02  1.57e+03  2835s
[2025-09-16 12:49:45] DEBUG    257   1.04099637e+14 -1.07679163e+11  2.32e+03 2.89e-02  1.56e+03  2846s
[2025-09-16 12:49:54] DEBUG    258   1.04054348e+14 -1.07694151e+11  2.31e+03 2.89e-02  1.56e+03  2856s
[2025-09-16 12:50:05] DEBUG    259   1.04043441e+14 -1.07706305e+11  2.31e+03 2.89e-02  1.56e+03  2867s
[2025-09-16 12:50:17] DEBUG    260   1.03924413e+14 -1.07720871e+11  2.29e+03 2.89e-02  1.55e+03  2878s
[2025-09-16 12:50:27] DEBUG    261   1.03889987e+14 -1.07742597e+11  2.28e+03 2.89e-02  1.54e+03  2888s
[2025-09-16 12:50:37] DEBUG    262   1.03757594e+14 -1.07761881e+11  2.25e+03 2.89e-02  1.53e+03  2899s
[2025-09-16 12:50:48] DEBUG    263   1.03716145e+14 -1.07773911e+11  2.24e+03 2.89e-02  1.52e+03  2909s
[2025-09-16 12:50:58] DEBUG    264   1.03698776e+14 -1.07790514e+11  2.24e+03 2.89e-02  1.52e+03  2919s
[2025-09-16 12:51:13] DEBUG    265   1.03585762e+14 -1.07824688e+11  2.21e+03 2.89e-02  1.51e+03  2934s
[2025-09-16 12:51:24] DEBUG    266   1.03543317e+14 -1.07841110e+11  2.20e+03 2.89e-02  1.51e+03  2946s
[2025-09-16 12:51:36] DEBUG    267   1.03532526e+14 -1.07857189e+11  2.20e+03 2.89e-02  1.51e+03  2957s
[2025-09-16 12:51:48] DEBUG    268   1.03276540e+14 -1.07876205e+11  2.15e+03 2.89e-02  1.48e+03  2970s
[2025-09-16 12:52:00] DEBUG    269   1.03238854e+14 -1.07886504e+11  2.14e+03 2.89e-02  1.48e+03  2982s
[2025-09-16 12:52:09] DEBUG    270   1.03063047e+14 -1.07890448e+11  2.11e+03 2.89e-02  1.46e+03  2990s
[2025-09-16 12:52:18] DEBUG    271   1.03037243e+14 -1.07903548e+11  2.10e+03 2.89e-02  1.45e+03  3000s
[2025-09-16 12:52:27] DEBUG    272   1.03030477e+14 -1.07910954e+11  2.10e+03 2.89e-02  1.45e+03  3009s
[2025-09-16 12:52:40] DEBUG    273   1.03025755e+14 -1.07914702e+11  2.10e+03 2.89e-02  1.45e+03  3022s
[2025-09-16 12:52:40] DEBUG    Barrier performed 273 iterations in 3021.70 seconds (828.21 work units)
[2025-09-16 12:52:40] DEBUG    Numerical trouble encountered

Model may be infeasible or unbounded.  Consider using the
homogeneous algorithm (through parameter 'BarHomogeneous')
[2025-09-16 12:53:45] DEBUG    Waiting for other threads to finish...        3087s
[2025-09-16 12:54:49] DEBUG    Waiting for other threads to finish...        3151s
[2025-09-16 12:55:54] DEBUG    Waiting for other threads to finish...        3215s
[2025-09-16 12:56:58] DEBUG    Waiting for other threads to finish...        3280s
[2025-09-16 12:58:03] DEBUG    Waiting for other threads to finish...        3344s
[2025-09-16 12:59:07] DEBUG    Waiting for other threads to finish...        3409s
[2025-09-16 13:00:12] DEBUG    Waiting for other threads to finish...        3473s
[2025-09-16 13:01:16] DEBUG    Waiting for other threads to finish...        3538s
[2025-09-16 13:02:21] DEBUG    Waiting for other threads to finish...        3602s
[2025-09-16 13:03:25] DEBUG    Waiting for other threads to finish...        3667s
[2025-09-16 13:04:30] DEBUG    Waiting for other threads to finish...        3731s
[2025-09-16 13:05:34] DEBUG    Waiting for other threads to finish...        3796s
[2025-09-16 13:06:39] DEBUG    Waiting for other threads to finish...        3861s
[2025-09-16 13:07:44] DEBUG    Waiting for other threads to finish...        3925s
[2025-09-16 13:08:49] DEBUG    Waiting for other threads to finish...        3990s
[2025-09-16 13:09:53] DEBUG    Waiting for other threads to finish...        4055s
[2025-09-16 13:10:58] DEBUG    Waiting for other threads to finish...        4119s
[2025-09-16 13:12:02] DEBUG    Waiting for other threads to finish...        4184s
[2025-09-16 13:13:06] DEBUG    Waiting for other threads to finish...        4248s
[2025-09-16 13:14:11] DEBUG    Waiting for other threads to finish...        4312s
[2025-09-16 13:15:16] DEBUG    Waiting for other threads to finish...        4377s
[2025-09-16 13:16:20] DEBUG    Waiting for other threads to finish...        4442s
[2025-09-16 13:17:25] DEBUG    Waiting for other threads to finish...        4507s
[2025-09-16 13:18:30] DEBUG    Waiting for other threads to finish...        4571s
[2025-09-16 13:19:34] DEBUG    Waiting for other threads to finish...        4636s
[2025-09-16 13:20:39] DEBUG    Waiting for other threads to finish...        4700s
[2025-09-16 13:21:43] DEBUG    Waiting for other threads to finish...        4765s
[2025-09-16 13:22:48] DEBUG    Waiting for other threads to finish...        4829s
[2025-09-16 13:23:52] DEBUG    Waiting for other threads to finish...        4894s
[2025-09-16 13:24:57] DEBUG    Waiting for other threads to finish...        4958s
[2025-09-16 13:26:01] DEBUG    Waiting for other threads to finish...        5023s
[2025-09-16 13:27:06] DEBUG    Waiting for other threads to finish...        5088s
[2025-09-16 13:28:11] DEBUG    Waiting for other threads to finish...        5152s
[2025-09-16 13:29:15] DEBUG    Waiting for other threads to finish...        5217s
[2025-09-16 13:30:20] DEBUG    Waiting for other threads to finish...        5281s
[2025-09-16 13:31:24] DEBUG    Waiting for other threads to finish...        5346s
[2025-09-16 13:32:29] DEBUG    Waiting for other threads to finish...        5411s
[2025-09-16 13:33:34] DEBUG    Waiting for other threads to finish...        5476s
[2025-09-16 13:34:39] DEBUG    Waiting for other threads to finish...        5540s
[2025-09-16 13:35:43] DEBUG    Waiting for other threads to finish...        5605s
[2025-09-16 13:36:48] DEBUG    Waiting for other threads to finish...        5670s
[2025-09-16 13:37:53] DEBUG    Waiting for other threads to finish...        5734s
[2025-09-16 13:38:57] DEBUG    Waiting for other threads to finish...        5799s
[2025-09-16 13:40:02] DEBUG    Waiting for other threads to finish...        5863s
[2025-09-16 13:41:06] DEBUG    Waiting for other threads to finish...        5927s
[2025-09-16 13:42:10] DEBUG    Waiting for other threads to finish...        5992s
[2025-09-16 13:43:15] DEBUG    Waiting for other threads to finish...        6057s
[2025-09-16 13:44:20] DEBUG    Waiting for other threads to finish...        6121s
[2025-09-16 13:45:24] DEBUG    Waiting for other threads to finish...        6186s
[2025-09-16 13:46:29] DEBUG    Waiting for other threads to finish...        6250s
[2025-09-16 13:47:33] DEBUG    Waiting for other threads to finish...        6315s
[2025-09-16 13:48:38] DEBUG    Waiting for other threads to finish...        6380s
[2025-09-16 13:49:42] DEBUG    Waiting for other threads to finish...        6444s
[2025-09-16 13:50:47] DEBUG    Waiting for other threads to finish...        6508s
[2025-09-16 13:51:51] DEBUG    Waiting for other threads to finish...        6573s
[2025-09-16 13:52:56] DEBUG    Waiting for other threads to finish...        6638s
[2025-09-16 13:54:01] DEBUG    Waiting for other threads to finish...        6702s
[2025-09-16 13:55:05] DEBUG    Waiting for other threads to finish...        6767s
[2025-09-16 13:56:10] DEBUG    Waiting for other threads to finish...        6831s
[2025-09-16 13:57:14] DEBUG    Waiting for other threads to finish...        6896s
[2025-09-16 13:58:19] DEBUG    Waiting for other threads to finish...        6960s
[2025-09-16 13:59:23] DEBUG    Waiting for other threads to finish...        7025s
[2025-09-16 14:00:28] DEBUG    Waiting for other threads to finish...        7090s
[2025-09-16 14:01:33] DEBUG    Waiting for other threads to finish...        7155s
[2025-09-16 14:02:38] DEBUG    Waiting for other threads to finish...        7219s
[2025-09-16 14:03:42] DEBUG    Waiting for other threads to finish...        7284s
[2025-09-16 14:04:47] DEBUG    Waiting for other threads to finish...        7348s
[2025-09-16 14:05:51] DEBUG    Waiting for other threads to finish...        7413s
[2025-09-16 14:06:55] DEBUG    Waiting for other threads to finish...        7477s
[2025-09-16 14:08:00] DEBUG    Waiting for other threads to finish...        7541s
[2025-09-16 14:09:04] DEBUG    Waiting for other threads to finish...        7606s
[2025-09-16 14:10:09] DEBUG    Waiting for other threads to finish...        7670s
[2025-09-16 14:11:13] DEBUG    Waiting for other threads to finish...        7735s
[2025-09-16 14:12:18] DEBUG    Waiting for other threads to finish...        7799s
[2025-09-16 14:12:34] DEBUG    Solved with dual simplex
[2025-09-16 14:12:48] DEBUG    Iteration    Objective       Primal Inf.    Dual Inf.      Time
[2025-09-16 14:12:48] DEBUG    2973165    1.4125984e+10   0.000000e+00   0.000000e+00   7829s

Solved in 2973165 iterations and 7829.25 seconds (5040.33 work units)
[2025-09-16 14:12:48] DEBUG    Optimal objective  1.412598415e+10
✅ Scenario completato: new_trasmission_CG+VRES_2035_BESS

🚀 Lancio scenario: new_trasmission_CG+VRES_2035_nostorage
[2025-09-16 14:27:53] INFO     Loading sets
[2025-09-16 14:27:53] INFO     Loading parameters
[2025-09-16 14:28:31] INFO     constraints are loaded in the following order: ['energy_balance', 'dispatch', 'costs', 'capacity', 'network', 'policy', 'conversion', 'group', 'conversion_plus', 'milp', 'export']
[2025-09-16 14:28:31] INFO     creating energy_balance constraints
[2025-09-16 14:31:52] INFO     creating dispatch constraints
[2025-09-16 14:34:11] INFO     creating costs constraints
[2025-09-16 14:52:25] INFO     creating capacity constraints
[2025-09-16 14:52:25] INFO     creating network constraints
[2025-09-16 14:52:25] INFO     creating policy constraints
[2025-09-16 14:52:25] INFO     creating conversion constraints
[2025-09-16 14:52:25] INFO     creating group constraints
[2025-09-16 14:52:25] INFO     creating conversion_plus constraints
[2025-09-16 14:52:25] INFO     creating milp constraints
[2025-09-16 14:52:25] INFO     creating export constraints
[2025-09-16 15:07:32] DEBUG    Set parameter WLSAccessID
Set parameter WLSSecret
Set parameter LicenseID to value 2680226
[2025-09-16 15:07:32] DEBUG    Academic license 2680226 - for non-commercial use only - registered to an___@mail.polimi.it
[2025-09-16 15:08:14] DEBUG    Read LP format model from file /tmp/tmp1oseq2zv.pyomo.lp
[2025-09-16 15:08:14] DEBUG    Reading time = 42.09 seconds
x20817273: 27378577 rows, 20817273 columns, 67394401 nonzeros
Set parameter NumericFocus to value 1
Gurobi Optimizer version 12.0.2 build v12.0.2rc0 (linux64 - "Debian GNU/Linux 11 (bullseye)")

CPU model: Intel(R) Xeon(R) Silver 4314 CPU @ 2.40GHz, instruction set [SSE2|AVX|AVX2|AVX512]
Thread count: 32 physical cores, 64 logical processors, using up to 32 threads

Non-default parameters:
NumericFocus  1
[2025-09-16 15:08:14] DEBUG    Academic license 2680226 - for non-commercial use only - registered to an___@mail.polimi.it
Optimize a model with 27378577 rows, 20817273 columns and 67394401 nonzeros
[2025-09-16 15:08:15] DEBUG    Model fingerprint: 0x73a971f3
[2025-09-16 15:08:15] DEBUG    Coefficient statistics:
  Matrix range     [1e-07, 6e+02]
  Objective range  [1e+00, 1e+06]
  Bounds range     [0e+00, 0e+00]
  RHS range        [1e+00, 2e+08]
[2025-09-16 15:08:20] DEBUG    Presolve removed 20095454 rows and 11410625 columns (presolve time = 5s)...
[2025-09-16 15:08:25] DEBUG    Presolve removed 20526500 rows and 13573925 columns (presolve time = 10s)...
[2025-09-16 15:08:30] DEBUG    Presolve removed 23832634 rows and 16880000 columns (presolve time = 15s)...
[2025-09-16 15:08:35] DEBUG    Presolve removed 23985012 rows and 17032378 columns (presolve time = 20s)...
[2025-09-16 15:09:05] DEBUG    Presolve removed 24522849 rows and 17286418 columns (presolve time = 50s)...
[2025-09-16 15:09:10] DEBUG    Presolve removed 24522849 rows and 17514178 columns (presolve time = 55s)...
[2025-09-16 15:09:11] DEBUG    Presolve removed 24662993 rows and 17514178 columns
[2025-09-16 15:09:46] DEBUG    Presolve time: 91.89s
Presolved: 2715584 rows, 3443239 columns, 11058950 nonzeros

Concurrent LP optimizer: primal simplex, dual simplex, and barrier
Showing barrier log only...
[2025-09-16 15:09:49] DEBUG    Ordering time: 1.80s
[2025-09-16 15:09:51] DEBUG    Barrier statistics:
 Dense cols : 174
 AA' NZ     : 9.219e+06
 Factor NZ  : 3.993e+07 (roughly 3.0 GB of memory)
 Factor Ops : 2.328e+09 (less than 1 second per iteration)
 Threads    : 30
[2025-09-16 15:09:56] DEBUG    Objective                Residual
[2025-09-16 15:09:56] DEBUG    Iter       Primal          Dual         Primal    Dual     Compl     Time
[2025-09-16 15:09:56] DEBUG    0   9.19885961e+14 -9.80797850e+14  7.38e+10 3.11e-01  4.21e+11   102s
[2025-09-16 15:10:02] DEBUG    1   8.09893758e+14 -9.92100639e+14  6.38e+10 2.21e+01  3.23e+11   108s
[2025-09-16 15:10:08] DEBUG    2   6.82353797e+14 -9.78016849e+14  5.20e+10 1.06e+01  2.33e+11   114s
[2025-09-16 15:10:17] DEBUG    3   5.12470917e+14 -9.20548844e+14  3.61e+10 3.43e+00  1.42e+11   123s
[2025-09-16 15:10:24] DEBUG    4   3.87491204e+14 -8.16636947e+14  2.42e+10 1.40e+00  9.15e+10   130s
[2025-09-16 15:10:29] DEBUG    5   2.32393472e+14 -7.63499181e+14  6.69e+09 7.76e-01  2.81e+10   135s
[2025-09-16 15:10:35] DEBUG    6   2.31078972e+14 -6.77263793e+14  5.05e+09 3.30e-01  1.99e+10   141s
[2025-09-16 15:10:38] DEBUG    7   2.25316405e+14 -6.17862627e+14  2.53e+09 1.87e-01  1.00e+10   145s
[2025-09-16 15:10:43] DEBUG    8   2.27402437e+14 -5.34076947e+14  1.24e+09 7.03e-02  4.89e+09   149s
[2025-09-16 15:10:50] DEBUG    9   2.29291191e+14 -4.36709336e+14  6.97e+08 1.51e-02  2.62e+09   156s
[2025-09-16 15:10:59] DEBUG    10   2.09052186e+14 -3.41301972e+14  9.47e+07 4.33e-02  4.04e+08   165s
[2025-09-16 15:11:05] DEBUG    11   1.77956644e+14 -1.87425964e+14  3.23e+07 7.05e-02  1.37e+08   171s
[2025-09-16 15:11:09] DEBUG    12   1.56723972e+14 -1.21048775e+14  1.73e+07 6.68e-02  7.15e+07   175s
[2025-09-16 15:11:13] DEBUG    13   1.45798887e+14 -9.69026719e+13  1.29e+07 6.44e-02  5.25e+07   179s
[2025-09-16 15:11:18] DEBUG    14   1.39290715e+14 -8.64226286e+13  1.08e+07 6.33e-02  4.41e+07   185s
[2025-09-16 15:11:23] DEBUG    15   1.37647569e+14 -7.44969391e+13  1.04e+07 6.26e-02  3.97e+07   189s
[2025-09-16 15:11:30] DEBUG    16   1.26140862e+14 -4.88431695e+13  7.39e+06 9.27e-02  2.56e+07   196s
[2025-09-16 15:11:39] DEBUG    17   1.17919694e+14 -3.43817388e+13  5.67e+06 9.98e-02  1.80e+07   205s
[2025-09-16 15:11:50] DEBUG    18   1.08355164e+14 -2.48427109e+13  4.04e+06 1.04e-01  1.19e+07   216s
[2025-09-16 15:12:01] DEBUG    19   1.05335110e+14 -1.65411424e+13  3.64e+06 1.04e-01  8.44e+06   227s
[2025-09-16 15:12:09] DEBUG    20   9.88850111e+13 -1.41861055e+13  2.83e+06 1.02e-01  6.45e+06   235s
[2025-09-16 15:12:16] DEBUG    21   9.65164717e+13 -1.05694810e+13  2.57e+06 9.88e-02  4.99e+06   242s
[2025-09-16 15:12:25] DEBUG    22   9.26840001e+13 -9.08148080e+12  2.20e+06 9.64e-02  4.15e+06   251s
[2025-09-16 15:12:35] DEBUG    23   8.95523676e+13 -7.09230474e+12  1.92e+06 9.20e-02  3.19e+06   261s
[2025-09-16 15:12:45] DEBUG    24   8.57356660e+13 -5.75338631e+12  1.60e+06 8.54e-02  2.47e+06   271s
[2025-09-16 15:12:56] DEBUG    25   8.16409582e+13 -4.72049226e+12  1.27e+06 7.59e-02  1.88e+06   282s
[2025-09-16 15:13:06] DEBUG    26   7.89524054e+13 -3.63897404e+12  1.06e+06 6.29e-02  1.42e+06   292s
[2025-09-16 15:13:16] DEBUG    27   7.71261043e+13 -3.01223626e+12  9.16e+05 5.04e-02  1.17e+06   302s
[2025-09-16 15:13:26] DEBUG    28   7.45229680e+13 -1.99671472e+12  7.47e+05 3.01e-02  8.14e+05   312s
[2025-09-16 15:13:37] DEBUG    29   7.20660698e+13 -1.38282888e+12  6.05e+05 2.52e-02  5.62e+05   323s
[2025-09-16 15:13:48] DEBUG    30   7.00222531e+13 -1.16700665e+12  5.04e+05 2.54e-02  4.49e+05   334s
[2025-09-16 15:13:58] DEBUG    31   6.85035871e+13 -8.93727109e+11  4.39e+05 2.77e-02  3.48e+05   344s
[2025-09-16 15:14:10] DEBUG    32   6.75967493e+13 -7.38797647e+11  4.03e+05 2.90e-02  2.97e+05   356s
[2025-09-16 15:14:17] DEBUG    33   6.71961009e+13 -6.89927200e+11  3.88e+05 2.85e-02  2.81e+05   363s
[2025-09-16 15:14:24] DEBUG    34   6.66800696e+13 -6.51901581e+11  3.70e+05 2.76e-02  2.65e+05   370s
[2025-09-16 15:14:29] DEBUG    35   6.64804215e+13 -5.94127190e+11  3.63e+05 2.59e-02  2.52e+05   375s
[2025-09-16 15:14:40] DEBUG    36   6.47633041e+13 -5.33837136e+11  3.02e+05 2.59e-02  2.08e+05   386s
[2025-09-16 15:14:51] DEBUG    37   6.43482962e+13 -4.98813771e+11  2.89e+05 2.59e-02  1.95e+05   397s
[2025-09-16 15:15:01] DEBUG    38   6.33012486e+13 -4.56270269e+11  2.58e+05 2.59e-02  1.72e+05   407s
[2025-09-16 15:15:11] DEBUG    39   6.27916352e+13 -4.37326889e+11  2.45e+05 2.59e-02  1.62e+05   417s
[2025-09-16 15:15:21] DEBUG    40   6.26109432e+13 -4.19606254e+11  2.40e+05 2.58e-02  1.57e+05   427s
[2025-09-16 15:15:31] DEBUG    41   6.20218976e+13 -3.96858314e+11  2.25e+05 2.58e-02  1.45e+05   437s
[2025-09-16 15:15:38] DEBUG    42   6.18260626e+13 -3.86791393e+11  2.20e+05 2.58e-02  1.42e+05   444s
[2025-09-16 15:15:48] DEBUG    43   6.15257032e+13 -3.67244890e+11  2.13e+05 2.57e-02  1.35e+05   454s
[2025-09-16 15:15:58] DEBUG    44   6.11832138e+13 -3.51847742e+11  2.05e+05 2.57e-02  1.28e+05   464s
[2025-09-16 15:16:08] DEBUG    45   6.10010391e+13 -3.26751943e+11  2.00e+05 2.56e-02  1.22e+05   474s
[2025-09-16 15:16:19] DEBUG    46   6.07182750e+13 -3.10410523e+11  1.94e+05 2.55e-02  1.16e+05   485s
[2025-09-16 15:16:30] DEBUG    47   6.05191420e+13 -3.01957239e+11  1.89e+05 2.55e-02  1.12e+05   496s
[2025-09-16 15:16:40] DEBUG    48   6.01524655e+13 -2.84830257e+11  1.81e+05 2.54e-02  1.06e+05   506s
[2025-09-16 15:16:51] DEBUG    49   5.97581362e+13 -2.75782276e+11  1.73e+05 2.54e-02  1.01e+05   517s
[2025-09-16 15:17:02] DEBUG    50   5.93395267e+13 -2.66128265e+11  1.64e+05 2.53e-02  9.52e+04   528s
[2025-09-16 15:17:13] DEBUG    51   5.89550103e+13 -2.49429717e+11  1.56e+05 2.52e-02  8.92e+04   539s
[2025-09-16 15:17:24] DEBUG    52   5.87369615e+13 -2.36617186e+11  1.52e+05 2.51e-02  8.52e+04   550s
[2025-09-16 15:17:34] DEBUG    53   5.85721941e+13 -2.31344435e+11  1.49e+05 2.50e-02  8.32e+04   560s
[2025-09-16 15:17:43] DEBUG    54   5.80535742e+13 -2.26358611e+11  1.39e+05 2.50e-02  7.87e+04   569s
[2025-09-16 15:17:51] DEBUG    55   5.77420604e+13 -2.18821840e+11  1.33e+05 2.49e-02  7.54e+04   577s
[2025-09-16 15:18:01] DEBUG    56   5.75646063e+13 -2.02908088e+11  1.30e+05 2.47e-02  7.15e+04   587s
[2025-09-16 15:18:09] DEBUG    57   5.73425229e+13 -1.99429729e+11  1.27e+05 2.47e-02  6.96e+04   595s
[2025-09-16 15:18:15] DEBUG    58   5.71747434e+13 -1.94029612e+11  1.24e+05 2.46e-02  6.77e+04   601s
[2025-09-16 15:18:26] DEBUG    59   5.70269060e+13 -1.88547833e+11  1.21e+05 2.45e-02  6.58e+04   612s
[2025-09-16 15:18:33] DEBUG    60   5.70126270e+13 -1.83706652e+11  1.21e+05 2.45e-02  6.50e+04   619s
[2025-09-16 15:18:38] DEBUG    61   5.67902353e+13 -1.81448401e+11  1.18e+05 2.44e-02  6.34e+04   625s
[2025-09-16 15:18:47] DEBUG    62   5.67284093e+13 -1.74557298e+11  1.17e+05 2.44e-02  6.20e+04   633s
[2025-09-16 15:18:54] DEBUG    63   5.65506021e+13 -1.71105269e+11  1.14e+05 2.43e-02  6.05e+04   640s
[2025-09-16 15:19:04] DEBUG    64   5.62920017e+13 -1.64240299e+11  1.10e+05 2.42e-02  5.79e+04   650s
[2025-09-16 15:19:14] DEBUG    65   5.60646146e+13 -1.61550520e+11  1.07e+05 2.42e-02  5.63e+04   660s
[2025-09-16 15:19:24] DEBUG    66   5.58659858e+13 -1.55901949e+11  1.04e+05 2.41e-02  5.43e+04   670s
[2025-09-16 15:19:30] DEBUG    67   5.57385841e+13 -1.53590583e+11  1.02e+05 2.40e-02  5.34e+04   676s
[2025-09-16 15:19:36] DEBUG    68   5.57149359e+13 -1.51619070e+11  1.02e+05 2.40e-02  5.30e+04   682s
[2025-09-16 15:19:46] DEBUG    69   5.55464227e+13 -1.47478812e+11  9.92e+04 2.39e-02  5.14e+04   692s
[2025-09-16 15:19:55] DEBUG    70   5.55106211e+13 -1.42736862e+11  9.88e+04 2.38e-02  6.33e+04   701s
[2025-09-16 15:20:03] DEBUG    71   5.53481655e+13 -1.40286095e+11  9.65e+04 2.38e-02  6.19e+04   709s
[2025-09-16 15:20:10] DEBUG    72   5.51471001e+13 -1.36182909e+11  9.38e+04 2.37e-02  6.35e+04   717s
[2025-09-16 15:20:22] DEBUG    73   5.49478412e+13 -1.32732073e+11  9.12e+04 2.36e-02  6.16e+04   728s
[2025-09-16 15:20:29] DEBUG    74   5.48414174e+13 -1.30324965e+11  8.99e+04 2.35e-02  6.15e+04   735s
[2025-09-16 15:20:37] DEBUG    75   5.46609518e+13 -1.27742002e+11  8.76e+04 2.35e-02  6.00e+04   743s
[2025-09-16 15:20:45] DEBUG    76   5.46086231e+13 -1.26494472e+11  8.69e+04 2.35e-02  5.97e+04   751s
[2025-09-16 15:20:52] DEBUG    77   5.43522832e+13 -1.25558543e+11  8.38e+04 2.34e-02  5.83e+04   758s
[2025-09-16 15:21:02] DEBUG    78   5.42534812e+13 -1.21914191e+11  8.25e+04 2.34e-02  5.69e+04   768s
[2025-09-16 15:21:09] DEBUG    79   5.41279906e+13 -1.20841359e+11  8.10e+04 2.33e-02  5.61e+04   775s
[2025-09-16 15:21:16] DEBUG    80   5.40901763e+13 -1.18062231e+11  8.06e+04 2.33e-02  5.52e+04   782s
[2025-09-16 15:21:23] DEBUG    81   5.39949754e+13 -1.17139637e+11  7.94e+04 2.32e-02  5.45e+04   789s
[2025-09-16 15:21:32] DEBUG    82   5.39805815e+13 -1.14377763e+11  7.92e+04 2.32e-02  5.37e+04   799s
[2025-09-16 15:21:42] DEBUG    83   5.39333450e+13 -1.13241339e+11  7.87e+04 2.31e-02  5.32e+04   808s
[2025-09-16 15:21:50] DEBUG    84   5.36835106e+13 -1.09004668e+11  7.57e+04 2.30e-02  5.10e+04   816s
[2025-09-16 15:21:58] DEBUG    85   5.35409213e+13 -1.06776905e+11  7.41e+04 2.29e-02  5.02e+04   824s
[2025-09-16 15:22:09] DEBUG    86   5.32618767e+13 -1.04086486e+11  7.09e+04 2.29e-02  4.83e+04   835s
[2025-09-16 15:22:16] DEBUG    87   5.31198565e+13 -1.02288775e+11  6.93e+04 2.28e-02  4.73e+04   842s
[2025-09-16 15:22:25] DEBUG    88   5.31050897e+13 -1.01036072e+11  6.92e+04 2.28e-02  4.69e+04   851s
[2025-09-16 15:22:32] DEBUG    89   5.29805006e+13 -9.92561140e+10  6.78e+04 2.27e-02  4.60e+04   858s
[2025-09-16 15:22:43] DEBUG    90   5.27580124e+13 -9.60597768e+10  6.55e+04 2.26e-02  4.45e+04   869s
[2025-09-16 15:22:50] DEBUG    91   5.27213155e+13 -9.40640308e+10  6.51e+04 2.25e-02  4.38e+04   876s
[2025-09-16 15:22:57] DEBUG    92   5.25461133e+13 -9.21638363e+10  6.33e+04 2.24e-02  4.27e+04   883s
[2025-09-16 15:23:03] DEBUG    93   5.24746085e+13 -9.09832489e+10  6.26e+04 2.24e-02  4.22e+04   889s
[2025-09-16 15:23:09] DEBUG    94   5.23434939e+13 -8.97607639e+10  6.13e+04 2.23e-02  4.14e+04   895s
[2025-09-16 15:23:16] DEBUG    95   5.21920987e+13 -8.82302133e+10  5.98e+04 2.23e-02  4.05e+04   902s
[2025-09-16 15:23:23] DEBUG    96   5.19670011e+13 -8.68619090e+10  5.76e+04 2.22e-02  3.94e+04   909s
[2025-09-16 15:23:30] DEBUG    97   5.18852805e+13 -8.59366493e+10  5.69e+04 2.22e-02  3.89e+04   916s
[2025-09-16 15:23:38] DEBUG    98   5.17991519e+13 -8.47535212e+10  5.61e+04 2.21e-02  3.84e+04   924s
[2025-09-16 15:23:48] DEBUG    99   5.17018539e+13 -8.25713179e+10  5.52e+04 2.20e-02  3.75e+04   934s
[2025-09-16 15:23:56] DEBUG    100   5.16291271e+13 -8.16533982e+10  5.45e+04 2.20e-02  3.70e+04   942s
[2025-09-16 15:24:03] DEBUG    101   5.15429967e+13 -8.03866032e+10  5.38e+04 2.21e-02  3.64e+04   949s
[2025-09-16 15:24:10] DEBUG    102   5.14081218e+13 -7.95266341e+10  5.26e+04 2.23e-02  3.58e+04   957s
[2025-09-16 15:24:19] DEBUG    103   5.12634547e+13 -7.84906552e+10  5.13e+04 2.25e-02  3.51e+04   965s
[2025-09-16 15:24:26] DEBUG    104   5.12116345e+13 -7.74594114e+10  5.09e+04 2.27e-02  3.47e+04   972s
[2025-09-16 15:24:34] DEBUG    105   5.11154803e+13 -7.63356661e+10  5.01e+04 2.29e-02  3.41e+04   980s
[2025-09-16 15:24:41] DEBUG    106   5.10953420e+13 -7.51548836e+10  4.99e+04 2.31e-02  3.38e+04   988s
[2025-09-16 15:24:48] DEBUG    107   5.09754817e+13 -7.40560975e+10  4.89e+04 2.33e-02  3.32e+04   994s
[2025-09-16 15:24:57] DEBUG    108   5.09093581e+13 -7.30719986e+10  4.84e+04 2.34e-02  3.29e+04  1003s
[2025-09-16 15:25:05] DEBUG    109   5.08985555e+13 -7.19919457e+10  4.83e+04 2.36e-02  3.26e+04  1011s
[2025-09-16 15:25:13] DEBUG    110   5.08483732e+13 -7.06418745e+10  4.79e+04 2.39e-02  3.23e+04  1019s
[2025-09-16 15:25:20] DEBUG    111   5.08066620e+13 -6.98953656e+10  4.76e+04 2.39e-02  3.20e+04  1026s
[2025-09-16 15:25:30] DEBUG    112   5.05940797e+13 -6.91643775e+10  4.59e+04 2.40e-02  3.12e+04  1036s
[2025-09-16 15:25:38] DEBUG    113   5.05145783e+13 -6.83894078e+10  4.53e+04 2.40e-02  3.09e+04  1044s
[2025-09-16 15:25:47] DEBUG    114   5.04009146e+13 -6.71337554e+10  4.44e+04 2.42e-02  3.02e+04  1053s
[2025-09-16 15:25:53] DEBUG    115   5.03067128e+13 -6.60078065e+10  4.37e+04 2.42e-02  2.97e+04  1059s
[2025-09-16 15:26:00] DEBUG    116   5.01614840e+13 -6.48014395e+10  4.26e+04 2.42e-02  2.91e+04  1066s
[2025-09-16 15:26:07] DEBUG    117   5.01140934e+13 -6.39316949e+10  4.23e+04 2.42e-02  2.87e+04  1073s
[2025-09-16 15:26:14] DEBUG    118   5.00144619e+13 -6.31678314e+10  4.15e+04 2.42e-02  2.83e+04  1080s
[2025-09-16 15:26:23] DEBUG    119   4.99984662e+13 -6.23335590e+10  4.14e+04 2.42e-02  2.81e+04  1089s
[2025-09-16 15:26:32] DEBUG    120   4.99786033e+13 -6.15007342e+10  4.13e+04 2.42e-02  2.78e+04  1098s
[2025-09-16 15:26:41] DEBUG    121   4.99531562e+13 -6.06905640e+10  4.11e+04 2.42e-02  2.76e+04  1107s
[2025-09-16 15:26:50] DEBUG    122   4.98930756e+13 -6.02463379e+10  4.07e+04 2.42e-02  2.74e+04  1116s
[2025-09-16 15:27:01] DEBUG    123   4.96875071e+13 -5.93261233e+10  3.92e+04 2.41e-02  2.67e+04  1127s
[2025-09-16 15:27:12] DEBUG    124   4.96241456e+13 -5.79313296e+10  3.88e+04 2.41e-02  2.62e+04  1138s
[2025-09-16 15:27:23] DEBUG    125   4.95541891e+13 -5.62965624e+10  3.83e+04 2.41e-02  2.56e+04  1149s
[2025-09-16 15:27:34] DEBUG    126   4.94894828e+13 -5.49676445e+10  3.79e+04 2.40e-02  2.52e+04  1160s
[2025-09-16 15:27:42] DEBUG    127   4.93731701e+13 -5.43336548e+10  3.71e+04 2.40e-02  2.47e+04  1168s
[2025-09-16 15:27:49] DEBUG    128   4.93200237e+13 -5.32980956e+10  3.68e+04 2.39e-02  2.44e+04  1175s
[2025-09-16 15:27:57] DEBUG    129   4.92480836e+13 -5.24767344e+10  3.63e+04 2.39e-02  2.40e+04  1183s
[2025-09-16 15:28:08] DEBUG    130   4.91807674e+13 -5.16498001e+10  3.59e+04 2.38e-02  2.37e+04  1194s
[2025-09-16 15:28:16] DEBUG    131   4.90940430e+13 -5.05939652e+10  3.54e+04 2.37e-02  2.32e+04  1202s
[2025-09-16 15:28:25] DEBUG    132   4.90065045e+13 -4.93710833e+10  3.48e+04 2.37e-02  2.28e+04  1211s
[2025-09-16 15:28:33] DEBUG    133   4.89752710e+13 -4.89548386e+10  3.46e+04 2.36e-02  2.26e+04  1219s
[2025-09-16 15:28:40] DEBUG    134   4.89225666e+13 -4.85770346e+10  3.43e+04 2.36e-02  2.24e+04  1226s
[2025-09-16 15:28:50] DEBUG    135   4.88577991e+13 -4.76097893e+10  3.39e+04 2.35e-02  2.22e+04  1236s
[2025-09-16 15:28:56] DEBUG    136   4.88164748e+13 -4.72854086e+10  3.37e+04 2.34e-02  2.21e+04  1242s
[2025-09-16 15:29:05] DEBUG    137   4.87675750e+13 -4.65391853e+10  3.34e+04 2.33e-02  2.18e+04  1251s
[2025-09-16 15:29:14] DEBUG    138   4.87110155e+13 -4.57836773e+10  3.30e+04 2.33e-02  2.15e+04  1260s
[2025-09-16 15:29:22] DEBUG    139   4.86783867e+13 -4.49372875e+10  3.29e+04 2.32e-02  2.12e+04  1268s
[2025-09-16 15:29:32] DEBUG    140   4.86214389e+13 -4.42542723e+10  3.25e+04 2.31e-02  2.09e+04  1278s
[2025-09-16 15:29:42] DEBUG    141   4.85303872e+13 -4.36178893e+10  3.20e+04 2.30e-02  2.06e+04  1288s
[2025-09-16 15:29:49] DEBUG    142   4.84002612e+13 -4.31697790e+10  3.13e+04 2.29e-02  2.02e+04  1295s
[2025-09-16 15:30:00] DEBUG    143   4.82635762e+13 -4.20365115e+10  3.05e+04 2.27e-02  1.96e+04  1306s
[2025-09-16 15:30:07] DEBUG    144   4.81997427e+13 -4.16940936e+10  3.01e+04 2.27e-02  1.94e+04  1313s
[2025-09-16 15:30:15] DEBUG    145   4.81319177e+13 -4.10278014e+10  2.98e+04 2.26e-02  1.91e+04  1321s
[2025-09-16 15:30:24] DEBUG    146   4.80721177e+13 -4.03136282e+10  2.95e+04 2.25e-02  1.88e+04  1330s
[2025-09-16 15:30:35] DEBUG    147   4.80022390e+13 -3.95556833e+10  2.91e+04 2.23e-02  1.85e+04  1341s
[2025-09-16 15:30:44] DEBUG    148   4.79169923e+13 -3.89055483e+10  2.86e+04 2.22e-02  1.82e+04  1350s
[2025-09-16 15:30:53] DEBUG    149   4.78365142e+13 -3.82307848e+10  2.82e+04 2.21e-02  1.79e+04  1360s
[2025-09-16 15:31:01] DEBUG    150   4.77586952e+13 -3.75779573e+10  2.78e+04 2.20e-02  1.76e+04  1367s
[2025-09-16 15:31:10] DEBUG    151   4.77026938e+13 -3.69833565e+10  2.75e+04 2.19e-02  1.73e+04  1376s
[2025-09-16 15:31:20] DEBUG    152   4.76021392e+13 -3.62538433e+10  2.70e+04 2.17e-02  1.70e+04  1386s
[2025-09-16 15:31:29] DEBUG    153   4.75730734e+13 -3.58710924e+10  2.69e+04 2.16e-02  1.68e+04  1395s
[2025-09-16 15:31:36] DEBUG    154   4.74823588e+13 -3.54905209e+10  2.65e+04 2.16e-02  1.66e+04  1402s
[2025-09-16 15:31:45] DEBUG    155   4.74201953e+13 -3.50017055e+10  2.62e+04 2.14e-02  1.65e+04  1411s
[2025-09-16 15:31:54] DEBUG    156   4.73432458e+13 -3.47528321e+10  2.58e+04 2.14e-02  1.63e+04  1420s
[2025-09-16 15:32:00] DEBUG    157   4.73387583e+13 -3.44534031e+10  2.58e+04 2.13e-02  1.63e+04  1426s
[2025-09-16 15:32:09] DEBUG    158   4.72768525e+13 -3.36870289e+10  2.55e+04 2.11e-02  1.60e+04  1435s
[2025-09-16 15:32:15] DEBUG    159   4.71957160e+13 -3.34014081e+10  2.51e+04 2.11e-02  1.59e+04  1442s
[2025-09-16 15:32:25] DEBUG    160   4.70463347e+13 -3.30939310e+10  2.44e+04 2.10e-02  1.55e+04  1451s
[2025-09-16 15:32:34] DEBUG    161   4.68940490e+13 -3.23373793e+10  2.37e+04 2.08e-02  1.51e+04  1461s
[2025-09-16 15:32:43] DEBUG    162   4.67796819e+13 -3.16661555e+10  2.32e+04 2.06e-02  1.47e+04  1469s
[2025-09-16 15:32:54] DEBUG    163   4.67343723e+13 -3.11341242e+10  2.30e+04 2.05e-02  1.45e+04  1480s
[2025-09-16 15:33:01] DEBUG    164   4.66279494e+13 -3.09053625e+10  2.26e+04 2.04e-02  1.43e+04  1487s
[2025-09-16 15:33:11] DEBUG    165   4.64613304e+13 -3.02074204e+10  2.19e+04 2.02e-02  1.39e+04  1497s
[2025-09-16 15:33:21] DEBUG    166   4.63690913e+13 -2.97199290e+10  2.15e+04 2.01e-02  1.36e+04  1507s
[2025-09-16 15:33:30] DEBUG    167   4.63508349e+13 -2.91601677e+10  2.14e+04 1.99e-02  1.35e+04  1516s
[2025-09-16 15:33:38] DEBUG    168   4.62883386e+13 -2.87134006e+10  2.12e+04 1.98e-02  1.33e+04  1525s
[2025-09-16 15:33:48] DEBUG    169   4.62286513e+13 -2.81591046e+10  2.09e+04 1.96e-02  1.30e+04  1534s
[2025-09-16 15:33:58] DEBUG    170   4.61747834e+13 -2.77110577e+10  2.07e+04 1.95e-02  1.28e+04  1544s
[2025-09-16 15:34:05] DEBUG    171   4.60817282e+13 -2.68640376e+10  2.04e+04 1.92e-02  1.25e+04  1551s
[2025-09-16 15:34:15] DEBUG    172   4.60425702e+13 -2.65441567e+10  2.02e+04 1.91e-02  1.24e+04  1561s
[2025-09-16 15:34:24] DEBUG    173   4.59986394e+13 -2.61490393e+10  2.00e+04 1.90e-02  1.22e+04  1571s
[2025-09-16 15:34:32] DEBUG    174   4.58845035e+13 -2.58376902e+10  1.96e+04 1.88e-02  1.20e+04  1578s
[2025-09-16 15:34:41] DEBUG    175   4.56957635e+13 -2.55087078e+10  1.89e+04 1.87e-02  1.16e+04  1587s
[2025-09-16 15:34:51] DEBUG    176   4.56474524e+13 -2.51593701e+10  1.87e+04 1.87e-02  1.15e+04  1597s
[2025-09-16 15:35:03] DEBUG    177   4.55368995e+13 -2.47964297e+10  1.83e+04 1.86e-02  1.13e+04  1609s
[2025-09-16 15:35:10] DEBUG    178   4.55047803e+13 -2.43232252e+10  1.82e+04 1.86e-02  1.11e+04  1616s
[2025-09-16 15:35:17] DEBUG    179   4.54899238e+13 -2.41733051e+10  1.82e+04 1.86e-02  1.11e+04  1623s
[2025-09-16 15:35:26] DEBUG    180   4.53713474e+13 -2.36687164e+10  1.78e+04 1.85e-02  1.08e+04  1632s
[2025-09-16 15:35:37] DEBUG    181   4.52088381e+13 -2.31568312e+10  1.72e+04 1.85e-02  1.06e+04  1643s
[2025-09-16 15:35:44] DEBUG    182   4.51551532e+13 -2.27234139e+10  1.70e+04 1.85e-02  1.04e+04  1651s
[2025-09-16 15:35:55] DEBUG    183   4.50887516e+13 -2.23415371e+10  1.68e+04 1.84e-02  1.02e+04  1661s
[2025-09-16 15:36:03] DEBUG    184   4.50126419e+13 -2.20477699e+10  1.66e+04 1.84e-02  1.01e+04  1670s
[2025-09-16 15:36:12] DEBUG    185   4.49696478e+13 -2.19190998e+10  1.64e+04 1.84e-02  1.00e+04  1678s
[2025-09-16 15:36:20] DEBUG    186   4.49471950e+13 -2.15441620e+10  1.63e+04 1.83e-02  9.88e+03  1686s
[2025-09-16 15:36:29] DEBUG    187   4.48968463e+13 -2.14042443e+10  1.62e+04 1.83e-02  9.87e+03  1695s
[2025-09-16 15:36:38] DEBUG    188   4.47425344e+13 -2.12945040e+10  1.57e+04 1.83e-02  9.67e+03  1704s
[2025-09-16 15:36:47] DEBUG    189   4.46852415e+13 -2.08566516e+10  1.55e+04 1.83e-02  9.50e+03  1713s
[2025-09-16 15:36:58] DEBUG    190   4.45721493e+13 -2.04761591e+10  1.52e+04 1.82e-02  9.28e+03  1724s
[2025-09-16 15:37:06] DEBUG    191   4.45295020e+13 -2.00922332e+10  1.51e+04 1.82e-02  9.14e+03  1732s
[2025-09-16 15:37:11] DEBUG    192   4.44371947e+13 -1.99145558e+10  1.48e+04 1.82e-02  9.00e+03  1737s
[2025-09-16 15:37:18] DEBUG    193   4.43874676e+13 -1.97779603e+10  1.46e+04 1.82e-02  8.92e+03  1744s
[2025-09-16 15:37:26] DEBUG    194   4.42380190e+13 -1.96256891e+10  1.42e+04 1.82e-02  8.73e+03  1752s
[2025-09-16 15:37:35] DEBUG    195   4.41280907e+13 -1.92256898e+10  1.39e+04 1.81e-02  8.53e+03  1761s
[2025-09-16 15:37:43] DEBUG    196   4.41065786e+13 -1.91388936e+10  1.38e+04 1.81e-02  8.48e+03  1769s
[2025-09-16 15:37:52] DEBUG    197   4.40983133e+13 -1.89524694e+10  1.38e+04 1.81e-02  8.43e+03  1778s
[2025-09-16 15:38:04] DEBUG    198   4.40076947e+13 -1.88271349e+10  1.36e+04 1.81e-02  8.33e+03  1790s
[2025-09-16 15:38:11] DEBUG    199   4.40023792e+13 -1.87290634e+10  1.36e+04 1.81e-02  8.30e+03  1797s
[2025-09-16 15:38:23] DEBUG    200   4.39227609e+13 -1.85093973e+10  1.33e+04 1.80e-02  8.17e+03  1809s
[2025-09-16 15:38:32] DEBUG    201   4.38965731e+13 -1.84495231e+10  1.33e+04 1.80e-02  8.14e+03  1818s
[2025-09-16 15:38:41] DEBUG    202   4.38368667e+13 -1.83570534e+10  1.31e+04 1.80e-02  8.06e+03  1827s
[2025-09-16 15:38:49] DEBUG    203   4.37816452e+13 -1.82428553e+10  1.30e+04 1.80e-02  7.98e+03  1835s
[2025-09-16 15:38:57] DEBUG    204   4.37384962e+13 -1.81211140e+10  1.29e+04 1.80e-02  7.92e+03  1843s
[2025-09-16 15:39:04] DEBUG    205   4.37362348e+13 -1.80247710e+10  1.29e+04 1.80e-02  7.89e+03  1850s
[2025-09-16 15:39:11] DEBUG    206   4.36726365e+13 -1.78181977e+10  1.27e+04 1.80e-02  7.79e+03  1857s
[2025-09-16 15:39:18] DEBUG    207   4.36080886e+13 -1.75769588e+10  1.25e+04 1.79e-02  7.68e+03  1864s
[2025-09-16 15:39:24] DEBUG    208   4.36048283e+13 -1.74565074e+10  1.25e+04 1.79e-02  7.64e+03  1870s
[2025-09-16 15:39:31] DEBUG    209   4.35246849e+13 -1.73946929e+10  1.23e+04 1.79e-02  7.56e+03  1877s
[2025-09-16 15:39:42] DEBUG    210   4.34290571e+13 -1.70988812e+10  1.21e+04 1.79e-02  7.41e+03  1888s
[2025-09-16 15:39:53] DEBUG    211   4.33185227e+13 -1.68300462e+10  1.18e+04 1.78e-02  7.24e+03  1899s
[2025-09-16 15:40:00] DEBUG    212   4.33087914e+13 -1.66327583e+10  1.18e+04 1.78e-02  7.19e+03  1906s
[2025-09-16 15:40:11] DEBUG    213   4.32592753e+13 -1.64042303e+10  1.17e+04 1.78e-02  7.09e+03  1917s
[2025-09-16 15:40:19] DEBUG    214   4.31891081e+13 -1.62299139e+10  1.15e+04 1.78e-02  7.01e+03  1925s
[2025-09-16 15:40:26] DEBUG    215   4.31500483e+13 -1.60624749e+10  1.14e+04 1.78e-02  6.94e+03  1932s
[2025-09-16 15:40:34] DEBUG    216   4.31113519e+13 -1.59372405e+10  1.13e+04 1.77e-02  6.88e+03  1940s
[2025-09-16 15:40:42] DEBUG    217   4.30825952e+13 -1.57765172e+10  1.13e+04 1.77e-02  6.81e+03  1948s
[2025-09-16 15:40:53] DEBUG    218   4.30485073e+13 -1.56955868e+10  1.12e+04 1.77e-02  6.79e+03  1959s
[2025-09-16 15:41:00] DEBUG    219   4.30288558e+13 -1.55535674e+10  1.11e+04 1.77e-02  6.74e+03  1966s
[2025-09-16 15:41:09] DEBUG    220   4.29480775e+13 -1.54235499e+10  1.10e+04 1.77e-02  6.65e+03  1975s
[2025-09-16 15:41:17] DEBUG    221   4.29290185e+13 -1.53331177e+10  1.09e+04 1.77e-02  6.62e+03  1983s
[2025-09-16 15:41:22] DEBUG    222   4.28986713e+13 -1.52278816e+10  1.08e+04 1.77e-02  6.57e+03  1988s
[2025-09-16 15:41:29] DEBUG    223   4.28822752e+13 -1.51378865e+10  1.08e+04 1.76e-02  6.54e+03  1995s
[2025-09-16 15:41:36] DEBUG    224   4.28523127e+13 -1.50343919e+10  1.07e+04 1.76e-02  6.49e+03  2002s
[2025-09-16 15:41:45] DEBUG    225   4.28427521e+13 -1.49404883e+10  1.07e+04 1.76e-02  6.47e+03  2011s
[2025-09-16 15:41:54] DEBUG    226   4.27713595e+13 -1.48069589e+10  1.06e+04 1.76e-02  6.38e+03  2020s
[2025-09-16 15:42:02] DEBUG    227   4.27565267e+13 -1.47239601e+10  1.05e+04 1.76e-02  6.35e+03  2028s
[2025-09-16 15:42:09] DEBUG    228   4.27080824e+13 -1.45971542e+10  1.04e+04 1.76e-02  6.28e+03  2035s
[2025-09-16 15:42:18] DEBUG    229   4.26507270e+13 -1.45022218e+10  1.03e+04 1.76e-02  6.22e+03  2044s
[2025-09-16 15:42:26] DEBUG    230   4.26188066e+13 -1.44002157e+10  1.02e+04 1.75e-02  6.17e+03  2053s
[2025-09-16 15:42:35] DEBUG    231   4.25862257e+13 -1.43056882e+10  1.02e+04 1.75e-02  6.12e+03  2061s
[2025-09-16 15:42:42] DEBUG    232   4.25656633e+13 -1.42527381e+10  1.01e+04 1.75e-02  6.10e+03  2068s
[2025-09-16 15:42:50] DEBUG    233   4.25432521e+13 -1.41579837e+10  1.01e+04 1.75e-02  6.06e+03  2076s
[2025-09-16 15:42:59] DEBUG    234   4.25199230e+13 -1.39853342e+10  1.00e+04 1.75e-02  6.00e+03  2085s
[2025-09-16 15:43:07] DEBUG    235   4.24505915e+13 -1.38586574e+10  9.89e+03 1.75e-02  5.93e+03  2093s
[2025-09-16 15:43:14] DEBUG    236   4.24091113e+13 -1.37973696e+10  9.80e+03 1.75e-02  5.89e+03  2100s
[2025-09-16 15:43:23] DEBUG    237   4.23832560e+13 -1.36430619e+10  9.75e+03 1.74e-02  5.83e+03  2109s
[2025-09-16 15:43:29] DEBUG    238   4.23731698e+13 -1.35732350e+10  9.73e+03 1.74e-02  5.81e+03  2115s
[2025-09-16 15:43:38] DEBUG    239   4.23674817e+13 -1.34954985e+10  9.72e+03 1.74e-02  5.79e+03  2124s
[2025-09-16 15:43:45] DEBUG    240   4.23598801e+13 -1.34365846e+10  9.70e+03 1.74e-02  5.78e+03  2131s
[2025-09-16 15:43:56] DEBUG    241   4.23076263e+13 -1.33354842e+10  9.60e+03 1.74e-02  5.72e+03  2142s
[2025-09-16 15:44:04] DEBUG    242   4.22713818e+13 -1.32571663e+10  9.52e+03 1.74e-02  5.68e+03  2151s
[2025-09-16 15:44:13] DEBUG    243   4.22679652e+13 -1.31702469e+10  9.52e+03 1.74e-02  5.66e+03  2159s
[2025-09-16 15:44:24] DEBUG    244   4.22432301e+13 -1.30899103e+10  9.47e+03 1.74e-02  5.63e+03  2170s
[2025-09-16 15:44:29] DEBUG    245   4.21893816e+13 -1.29763086e+10  9.36e+03 1.73e-02  5.57e+03  2175s
[2025-09-16 15:44:35] DEBUG    246   4.21856451e+13 -1.29391764e+10  9.36e+03 1.73e-02  5.56e+03  2181s
[2025-09-16 15:44:41] DEBUG    247   4.21669585e+13 -1.28303160e+10  9.32e+03 1.73e-02  5.52e+03  2187s
[2025-09-16 15:44:50] DEBUG    248   4.21475860e+13 -1.27597431e+10  9.28e+03 1.73e-02  5.50e+03  2196s
[2025-09-16 15:44:58] DEBUG    249   4.21283948e+13 -1.27112915e+10  9.25e+03 1.73e-02  5.48e+03  2204s
[2025-09-16 15:45:08] DEBUG    250   4.20977573e+13 -1.25980609e+10  9.19e+03 1.73e-02  5.43e+03  2214s
[2025-09-16 15:45:15] DEBUG    251   4.20669210e+13 -1.25374077e+10  9.13e+03 1.73e-02  5.40e+03  2221s
[2025-09-16 15:45:23] DEBUG    252   4.20176941e+13 -1.24886719e+10  9.03e+03 1.73e-02  5.36e+03  2229s
[2025-09-16 15:45:34] DEBUG    253   4.19768130e+13 -1.23701406e+10  8.96e+03 1.73e-02  5.30e+03  2240s
[2025-09-16 15:45:41] DEBUG    254   4.19454742e+13 -1.22043334e+10  8.90e+03 1.72e-02  5.24e+03  2247s
[2025-09-16 15:45:53] DEBUG    255   4.19173326e+13 -1.20963435e+10  8.85e+03 1.72e-02  5.19e+03  2259s
[2025-09-16 15:45:59] DEBUG    256   4.19055201e+13 -1.20398532e+10  8.82e+03 1.72e-02  5.17e+03  2265s
[2025-09-16 15:46:06] DEBUG    257   4.18040738e+13 -1.20295048e+10  8.64e+03 1.72e-02  5.12e+03  2272s
[2025-09-16 15:46:13] DEBUG    258   4.17787430e+13 -1.18968933e+10  8.59e+03 1.72e-02  5.07e+03  2279s
[2025-09-16 15:46:21] DEBUG    259   4.17727309e+13 -1.18238710e+10  8.58e+03 1.72e-02  5.05e+03  2287s
[2025-09-16 15:46:30] DEBUG    260   4.17038429e+13 -1.17211883e+10  8.46e+03 1.72e-02  4.97e+03  2297s
[2025-09-16 15:46:38] DEBUG    261   4.16756159e+13 -1.16032895e+10  8.41e+03 1.71e-02  4.93e+03  2304s
[2025-09-16 15:46:44] DEBUG    262   4.16703793e+13 -1.15270558e+10  8.40e+03 1.71e-02  4.91e+03  2310s
[2025-09-16 15:46:50] DEBUG    263   4.16166688e+13 -1.14769589e+10  8.30e+03 1.71e-02  4.88e+03  2316s
[2025-09-16 15:46:58] DEBUG    264   4.15745964e+13 -1.13909854e+10  8.23e+03 1.71e-02  4.83e+03  2324s
[2025-09-16 15:47:06] DEBUG    265   4.15327841e+13 -1.12943807e+10  8.16e+03 1.71e-02  4.78e+03  2332s
[2025-09-16 15:47:16] DEBUG    266   4.14707291e+13 -1.12144322e+10  8.05e+03 1.71e-02  4.72e+03  2342s
[2025-09-16 15:47:21] DEBUG    267   4.14661047e+13 -1.11975352e+10  8.04e+03 1.71e-02  4.71e+03  2348s
[2025-09-16 15:47:28] DEBUG    268   4.14652393e+13 -1.11910867e+10  8.04e+03 1.71e-02  4.71e+03  2354s
[2025-09-16 15:47:35] DEBUG    269   4.14612187e+13 -1.11790213e+10  8.04e+03 1.71e-02  4.71e+03  2362s
[2025-09-16 15:47:42] DEBUG    270   4.14533016e+13 -1.11381966e+10  8.02e+03 1.71e-02  4.69e+03  2368s
[2025-09-16 15:48:02] DEBUG    271   4.12617844e+13 -1.09977146e+10  7.70e+03 1.70e-02  4.54e+03  2388s
[2025-09-16 15:48:16] DEBUG    272   4.11987563e+13 -1.08371709e+10  7.60e+03 1.72e-02  4.46e+03  2402s
[2025-09-16 15:48:27] DEBUG    273   4.11386520e+13 -1.07317286e+10  7.50e+03 1.73e-02  4.39e+03  2413s
[2025-09-16 15:48:36] DEBUG    274   4.10966569e+13 -1.06407508e+10  7.43e+03 1.73e-02  4.34e+03  2422s
[2025-09-16 15:48:45] DEBUG    275   4.10917038e+13 -1.05625564e+10  7.42e+03 1.74e-02  4.31e+03  2431s
[2025-09-16 15:48:56] DEBUG    276   4.10422195e+13 -1.05108971e+10  7.35e+03 1.74e-02  4.27e+03  2442s
[2025-09-16 15:49:06] DEBUG    277   4.09442448e+13 -1.04080044e+10  7.19e+03 1.74e-02  4.20e+03  2453s
[2025-09-16 15:49:14] DEBUG    278   4.09270020e+13 -1.03252131e+10  7.17e+03 1.74e-02  4.17e+03  2460s
[2025-09-16 15:49:22] DEBUG    279   4.09036566e+13 -1.02569827e+10  7.13e+03 1.74e-02  4.14e+03  2468s
[2025-09-16 15:49:30] DEBUG    280   4.08695278e+13 -1.01710354e+10  7.08e+03 1.73e-02  4.11e+03  2476s
[2025-09-16 15:49:37] DEBUG    281   4.08645191e+13 -1.01512795e+10  7.07e+03 1.73e-02  4.11e+03  2483s
[2025-09-16 15:49:43] DEBUG    282   4.08514573e+13 -1.01139654e+10  7.05e+03 1.73e-02  4.10e+03  2489s
[2025-09-16 15:49:52] DEBUG    283   4.08090790e+13 -1.00747850e+10  6.99e+03 1.73e-02  4.07e+03  2499s
[2025-09-16 15:50:00] DEBUG    284   4.07403671e+13 -1.00329870e+10  6.89e+03 1.72e-02  4.02e+03  2506s
[2025-09-16 15:50:14] DEBUG    285   4.06573800e+13 -9.90026503e+09  6.76e+03 1.71e-02  3.94e+03  2520s
[2025-09-16 15:50:22] DEBUG    286   4.05639481e+13 -9.81601955e+09  6.63e+03 1.70e-02  3.86e+03  2528s
[2025-09-16 15:50:31] DEBUG    287   4.05072105e+13 -9.73581704e+09  6.55e+03 1.69e-02  3.80e+03  2537s
[2025-09-16 15:50:38] DEBUG    288   4.04864895e+13 -9.68340299e+09  6.52e+03 1.69e-02  3.78e+03  2544s
[2025-09-16 15:50:45] DEBUG    289   4.04351390e+13 -9.62763350e+09  6.45e+03 1.68e-02  3.74e+03  2551s
[2025-09-16 15:50:54] DEBUG    290   4.03864469e+13 -9.55420621e+09  6.38e+03 1.68e-02  3.70e+03  2560s
[2025-09-16 15:51:02] DEBUG    291   4.03461854e+13 -9.50028457e+09  6.33e+03 1.68e-02  3.66e+03  2568s
[2025-09-16 15:51:10] DEBUG    292   4.03359464e+13 -9.45367141e+09  6.31e+03 1.67e-02  3.66e+03  2576s
[2025-09-16 15:51:20] DEBUG    293   4.03192643e+13 -9.39386135e+09  6.29e+03 1.67e-02  3.64e+03  2586s
[2025-09-16 15:51:28] DEBUG    294   4.03102670e+13 -9.32384806e+09  6.28e+03 1.67e-02  3.62e+03  2594s
[2025-09-16 15:51:36] DEBUG    295   4.02810953e+13 -9.28410709e+09  6.24e+03 1.67e-02  3.61e+03  2602s
[2025-09-16 15:51:44] DEBUG    296   4.02723603e+13 -9.21510290e+09  6.23e+03 1.67e-02  3.59e+03  2610s
[2025-09-16 15:51:52] DEBUG    297   4.02121991e+13 -9.16853119e+09  6.14e+03 1.67e-02  3.55e+03  2618s
[2025-09-16 15:52:01] DEBUG    298   4.01921773e+13 -9.11010625e+09  6.12e+03 1.67e-02  3.53e+03  2627s
[2025-09-16 15:52:08] DEBUG    299   4.01693309e+13 -9.06103742e+09  6.09e+03 1.67e-02  3.51e+03  2634s
[2025-09-16 15:52:14] DEBUG    300   4.01364332e+13 -9.03863154e+09  6.04e+03 1.67e-02  3.50e+03  2640s
[2025-09-16 15:52:20] DEBUG    301   4.01055149e+13 -9.01058560e+09  6.00e+03 1.67e-02  3.47e+03  2647s
[2025-09-16 15:52:29] DEBUG    302   4.00950791e+13 -8.95765669e+09  5.99e+03 1.67e-02  3.46e+03  2655s
[2025-09-16 15:52:36] DEBUG    303   4.00516063e+13 -8.93217179e+09  5.93e+03 1.67e-02  3.43e+03  2662s
[2025-09-16 15:52:44] DEBUG    304   3.99848483e+13 -8.87312151e+09  5.85e+03 1.68e-02  3.38e+03  2670s
[2025-09-16 15:52:54] DEBUG    305   3.99592783e+13 -8.85079658e+09  5.82e+03 1.69e-02  3.37e+03  2680s
[2025-09-16 15:53:01] DEBUG    306   3.99401333e+13 -8.80927819e+09  5.79e+03 1.71e-02  3.35e+03  2687s
[2025-09-16 15:53:14] DEBUG    307   3.98951463e+13 -8.76271548e+09  5.74e+03 1.74e-02  3.32e+03  2700s
[2025-09-16 15:53:21] DEBUG    308   3.98920412e+13 -8.72121006e+09  5.73e+03 1.76e-02  3.31e+03  2707s
[2025-09-16 15:53:35] DEBUG    309   3.98308996e+13 -8.66944293e+09  5.66e+03 1.79e-02  3.27e+03  2721s
[2025-09-16 15:53:44] DEBUG    310   3.98125951e+13 -8.59591452e+09  5.63e+03 1.82e-02  3.25e+03  2730s
[2025-09-16 15:53:52] DEBUG    311   3.97915727e+13 -8.55633426e+09  5.61e+03 1.84e-02  3.23e+03  2738s
[2025-09-16 15:54:01] DEBUG    312   3.97731041e+13 -8.54121086e+09  5.58e+03 1.85e-02  3.23e+03  2747s
[2025-09-16 15:54:08] DEBUG    313   3.96177621e+13 -8.50635803e+09  5.40e+03 1.87e-02  3.15e+03  2754s
[2025-09-16 15:54:18] DEBUG    314   3.95705274e+13 -8.43207154e+09  5.34e+03 1.90e-02  3.10e+03  2764s
[2025-09-16 15:54:27] DEBUG    315   3.95309701e+13 -8.37297378e+09  5.29e+03 1.93e-02  3.07e+03  2773s
[2025-09-16 15:54:35] DEBUG    316   3.94954589e+13 -8.33768033e+09  5.25e+03 1.94e-02  3.04e+03  2781s
[2025-09-16 15:54:43] DEBUG    317   3.94702623e+13 -8.28718688e+09  5.22e+03 1.96e-02  3.02e+03  2789s
[2025-09-16 15:54:48] DEBUG    318   3.94643215e+13 -8.26060532e+09  5.22e+03 1.97e-02  3.02e+03  2794s
[2025-09-16 15:54:56] DEBUG    319   3.94616036e+13 -8.23291505e+09  5.21e+03 1.99e-02  3.02e+03  2802s
[2025-09-16 15:55:03] DEBUG    320   3.94582551e+13 -8.21744390e+09  5.21e+03 1.99e-02  3.02e+03  2809s
[2025-09-16 15:55:11] DEBUG    321   3.94312361e+13 -8.19618844e+09  5.18e+03 2.00e-02  3.01e+03  2817s
[2025-09-16 15:55:20] DEBUG    322   3.94295027e+13 -8.17568228e+09  5.18e+03 2.01e-02  3.00e+03  2826s
[2025-09-16 15:55:27] DEBUG    323   3.94112562e+13 -8.16558556e+09  5.16e+03 2.02e-02  3.00e+03  2833s
[2025-09-16 15:55:41] DEBUG    324   3.93317077e+13 -8.14150935e+09  5.07e+03 2.02e-02  2.96e+03  2847s
[2025-09-16 15:55:50] DEBUG    325   3.92987922e+13 -8.10546546e+09  5.03e+03 2.04e-02  2.93e+03  2856s
[2025-09-16 15:55:58] DEBUG    326   3.91986132e+13 -8.08144061e+09  4.92e+03 2.04e-02  2.88e+03  2864s
[2025-09-16 15:56:11] DEBUG    327   3.91492802e+13 -8.02047779e+09  4.86e+03 2.06e-02  2.84e+03  2877s
[2025-09-16 15:56:20] DEBUG    328   3.91159786e+13 -7.98767548e+09  4.83e+03 2.07e-02  2.82e+03  2886s
[2025-09-16 15:56:29] DEBUG    329   3.90799203e+13 -7.94535543e+09  4.79e+03 2.08e-02  2.80e+03  2895s
[2025-09-16 15:56:37] DEBUG    330   3.90326106e+13 -7.91032706e+09  4.74e+03 2.08e-02  2.77e+03  2903s
[2025-09-16 15:56:46] DEBUG    331   3.90245770e+13 -7.86805974e+09  4.73e+03 2.09e-02  2.76e+03  2912s
[2025-09-16 15:56:55] DEBUG    332   3.89847203e+13 -7.83823948e+09  4.69e+03 2.10e-02  2.74e+03  2921s
[2025-09-16 15:57:02] DEBUG    333   3.89382749e+13 -7.80111674e+09  4.64e+03 2.10e-02  2.72e+03  2928s
[2025-09-16 15:57:08] DEBUG    334   3.89327329e+13 -7.78348017e+09  4.63e+03 2.11e-02  2.72e+03  2934s
[2025-09-16 15:57:17] DEBUG    335   3.89190811e+13 -7.75418807e+09  4.62e+03 2.11e-02  2.71e+03  2943s
[2025-09-16 15:57:24] DEBUG    336   3.89147067e+13 -7.74373384e+09  4.62e+03 2.11e-02  2.71e+03  2950s
[2025-09-16 15:57:32] DEBUG    337   3.88195974e+13 -7.72927558e+09  4.52e+03 2.11e-02  2.66e+03  2958s
[2025-09-16 15:57:44] DEBUG    338   3.88028071e+13 -7.67205125e+09  4.50e+03 2.11e-02  2.65e+03  2970s
[2025-09-16 15:57:51] DEBUG    339   3.87777076e+13 -7.65000611e+09  4.48e+03 2.11e-02  2.63e+03  2977s
[2025-09-16 15:57:59] DEBUG    340   3.87338733e+13 -7.61746035e+09  4.43e+03 2.11e-02  2.61e+03  2985s
[2025-09-16 15:58:06] DEBUG    341   3.87303153e+13 -7.59447129e+09  4.43e+03 2.11e-02  2.61e+03  2992s
[2025-09-16 15:58:15] DEBUG    342   3.87140655e+13 -7.55935852e+09  4.41e+03 2.11e-02  2.60e+03  3002s
[2025-09-16 15:58:24] DEBUG    343   3.87042489e+13 -7.54244650e+09  4.40e+03 2.10e-02  2.60e+03  3010s
[2025-09-16 15:58:33] DEBUG    344   3.86871704e+13 -7.51416544e+09  4.39e+03 2.10e-02  2.59e+03  3020s
[2025-09-16 15:58:41] DEBUG    345   3.86358897e+13 -7.49238644e+09  4.34e+03 2.09e-02  2.57e+03  3027s
[2025-09-16 15:58:50] DEBUG    346   3.86029693e+13 -7.45545747e+09  4.30e+03 2.09e-02  2.55e+03  3036s
[2025-09-16 15:58:57] DEBUG    347   3.85968725e+13 -7.42991617e+09  4.30e+03 2.08e-02  2.55e+03  3043s
[2025-09-16 15:59:06] DEBUG    348   3.85886744e+13 -7.39647578e+09  4.29e+03 2.08e-02  2.54e+03  3052s
[2025-09-16 15:59:12] DEBUG    349   3.85497386e+13 -7.38939626e+09  4.25e+03 2.07e-02  2.53e+03  3058s
[2025-09-16 15:59:22] DEBUG    350   3.85380541e+13 -7.33015117e+09  4.24e+03 2.06e-02  2.52e+03  3068s
[2025-09-16 15:59:32] DEBUG    351   3.85109679e+13 -7.30360463e+09  4.21e+03 2.05e-02  2.52e+03  3078s
[2025-09-16 15:59:41] DEBUG    352   3.85077593e+13 -7.27313190e+09  4.21e+03 2.04e-02  2.52e+03  3087s
[2025-09-16 15:59:51] DEBUG    353   3.84699494e+13 -7.26291647e+09  4.18e+03 2.03e-02  2.51e+03  3097s
[2025-09-16 16:00:03] DEBUG    354   3.84122311e+13 -7.22315906e+09  4.12e+03 2.02e-02  2.48e+03  3109s
[2025-09-16 16:00:12] DEBUG    355   3.83545356e+13 -7.17551995e+09  4.07e+03 2.01e-02  2.45e+03  3118s
[2025-09-16 16:00:21] DEBUG    356   3.83421544e+13 -7.14750505e+09  4.06e+03 2.00e-02  2.44e+03  3127s
[2025-09-16 16:00:29] DEBUG    357   3.82378109e+13 -7.13165675e+09  3.96e+03 1.99e-02  2.39e+03  3135s
[2025-09-16 16:00:35] DEBUG    358   3.82333656e+13 -7.09629764e+09  3.96e+03 1.97e-02  2.38e+03  3141s
[2025-09-16 16:00:43] DEBUG    359   3.81686168e+13 -7.07175817e+09  3.90e+03 1.97e-02  2.35e+03  3149s
[2025-09-16 16:00:52] DEBUG    360   3.81600970e+13 -7.02988012e+09  3.89e+03 1.95e-02  2.34e+03  3158s
[2025-09-16 16:01:00] DEBUG    361   3.81580449e+13 -7.00918215e+09  3.89e+03 1.94e-02  2.34e+03  3166s
[2025-09-16 16:01:07] DEBUG    362   3.81034050e+13 -6.98559176e+09  3.84e+03 1.93e-02  2.32e+03  3173s
[2025-09-16 16:01:21] DEBUG    363   3.80784447e+13 -6.94189355e+09  3.82e+03 1.93e-02  2.31e+03  3187s
[2025-09-16 16:01:30] DEBUG    364   3.80077031e+13 -6.91065062e+09  3.76e+03 1.93e-02  2.28e+03  3196s
[2025-09-16 16:01:36] DEBUG    365   3.79785800e+13 -6.90291210e+09  3.73e+03 1.93e-02  2.26e+03  3202s
[2025-09-16 16:01:45] DEBUG    366   3.79481445e+13 -6.88432555e+09  3.71e+03 1.93e-02  2.25e+03  3211s
[2025-09-16 16:01:53] DEBUG    367   3.79365694e+13 -6.85582516e+09  3.70e+03 1.93e-02  2.24e+03  3219s
[2025-09-16 16:02:00] DEBUG    368   3.78928059e+13 -6.82131627e+09  3.66e+03 1.94e-02  2.22e+03  3226s
[2025-09-16 16:02:06] DEBUG    369   3.78906682e+13 -6.81004430e+09  3.66e+03 1.94e-02  2.22e+03  3232s
[2025-09-16 16:02:14] DEBUG    370   3.78717521e+13 -6.78824899e+09  3.64e+03 1.94e-02  2.21e+03  3240s
[2025-09-16 16:02:25] DEBUG    371   3.78654770e+13 -6.77090321e+09  3.64e+03 1.94e-02  2.21e+03  3251s
[2025-09-16 16:02:32] DEBUG    372   3.78599323e+13 -6.75990080e+09  3.63e+03 1.94e-02  2.21e+03  3258s
[2025-09-16 16:02:42] DEBUG    373   3.78227929e+13 -6.72641602e+09  3.60e+03 1.94e-02  2.19e+03  3268s
[2025-09-16 16:02:53] DEBUG    374   3.77871137e+13 -6.69393311e+09  3.57e+03 1.94e-02  2.17e+03  3279s
[2025-09-16 16:03:05] DEBUG    375   3.77702643e+13 -6.65034898e+09  3.56e+03 1.94e-02  2.16e+03  3291s
[2025-09-16 16:03:17] DEBUG    376   3.76704732e+13 -6.61578759e+09  3.47e+03 1.94e-02  2.12e+03  3303s
[2025-09-16 16:03:27] DEBUG    377   3.76609859e+13 -6.58344215e+09  3.47e+03 1.94e-02  2.12e+03  3313s
[2025-09-16 16:03:36] DEBUG    378   3.76166853e+13 -6.52743677e+09  3.43e+03 1.94e-02  2.09e+03  3322s
[2025-09-16 16:03:42] DEBUG    379   3.75750631e+13 -6.49328989e+09  3.40e+03 1.94e-02  2.08e+03  3329s
[2025-09-16 16:03:50] DEBUG    380   3.75659457e+13 -6.46772915e+09  3.39e+03 1.94e-02  2.07e+03  3336s
[2025-09-16 16:03:57] DEBUG    381   3.75331370e+13 -6.44149245e+09  3.37e+03 1.93e-02  2.06e+03  3343s
[2025-09-16 16:04:06] DEBUG    382   3.75172124e+13 -6.41648858e+09  3.35e+03 1.93e-02  2.06e+03  3352s
[2025-09-16 16:04:15] DEBUG    383   3.74808700e+13 -6.39314427e+09  3.32e+03 1.93e-02  2.04e+03  3361s
[2025-09-16 16:04:22] DEBUG    384   3.74652483e+13 -6.36438245e+09  3.31e+03 1.93e-02  2.03e+03  3368s
[2025-09-16 16:04:29] DEBUG    385   3.74604507e+13 -6.35396094e+09  3.31e+03 1.93e-02  2.03e+03  3375s
[2025-09-16 16:04:40] DEBUG    386   3.74448908e+13 -6.33336021e+09  3.30e+03 1.93e-02  2.03e+03  3386s
[2025-09-16 16:04:48] DEBUG    387   3.74149483e+13 -6.32052838e+09  3.27e+03 1.93e-02  2.02e+03  3394s
[2025-09-16 16:04:57] DEBUG    388   3.74064372e+13 -6.28881401e+09  3.27e+03 1.93e-02  2.01e+03  3403s
[2025-09-16 16:05:06] DEBUG    389   3.73767174e+13 -6.26378551e+09  3.25e+03 1.93e-02  2.00e+03  3412s
[2025-09-16 16:05:15] DEBUG    390   3.73577763e+13 -6.24660756e+09  3.23e+03 1.93e-02  2.00e+03  3421s
[2025-09-16 16:05:21] DEBUG    391   3.73535624e+13 -6.23103410e+09  3.23e+03 1.93e-02  2.00e+03  3427s
[2025-09-16 16:05:31] DEBUG    392   3.73358509e+13 -6.21009385e+09  3.21e+03 1.93e-02  1.99e+03  3437s
[2025-09-16 16:05:38] DEBUG    393   3.73346572e+13 -6.20101128e+09  3.21e+03 1.92e-02  1.99e+03  3444s
[2025-09-16 16:05:49] DEBUG    394   3.72945465e+13 -6.18328180e+09  3.18e+03 1.92e-02  1.97e+03  3455s
[2025-09-16 16:05:59] DEBUG    395   3.72817002e+13 -6.16610642e+09  3.17e+03 1.92e-02  1.97e+03  3465s
[2025-09-16 16:06:07] DEBUG    396   3.72744841e+13 -6.14163487e+09  3.17e+03 1.92e-02  1.96e+03  3474s
[2025-09-16 16:06:20] DEBUG    397   3.72351293e+13 -6.11771858e+09  3.14e+03 1.92e-02  1.95e+03  3486s
[2025-09-16 16:06:29] DEBUG    398   3.72139516e+13 -6.10809968e+09  3.12e+03 1.92e-02  1.94e+03  3495s
[2025-09-16 16:06:38] DEBUG    399   3.71899991e+13 -6.09424049e+09  3.11e+03 1.92e-02  1.93e+03  3504s
[2025-09-16 16:06:45] DEBUG    400   3.71885971e+13 -6.07454797e+09  3.11e+03 1.91e-02  1.93e+03  3511s
[2025-09-16 16:06:54] DEBUG    401   3.71762528e+13 -6.05953098e+09  3.10e+03 1.91e-02  1.93e+03  3520s
[2025-09-16 16:07:08] DEBUG    402   3.71214109e+13 -6.03487891e+09  3.06e+03 1.91e-02  1.91e+03  3534s
[2025-09-16 16:07:17] DEBUG    403   3.70967912e+13 -6.01182005e+09  3.04e+03 1.91e-02  1.90e+03  3543s
[2025-09-16 16:07:25] DEBUG    404   3.70957725e+13 -5.99684382e+09  3.04e+03 1.91e-02  1.89e+03  3551s
[2025-09-16 16:07:32] DEBUG    405   3.70697517e+13 -5.99085673e+09  3.02e+03 1.91e-02  1.89e+03  3558s
[2025-09-16 16:07:38] DEBUG    406   3.70495903e+13 -5.98178534e+09  3.01e+03 1.90e-02  1.88e+03  3564s
[2025-09-16 16:07:47] DEBUG    407   3.70244135e+13 -5.95925539e+09  2.99e+03 1.90e-02  1.87e+03  3573s
[2025-09-16 16:07:56] DEBUG    408   3.70018971e+13 -5.94408552e+09  2.97e+03 1.90e-02  1.86e+03  3582s
[2025-09-16 16:08:09] DEBUG    409   3.69605261e+13 -5.92171971e+09  2.94e+03 1.90e-02  1.85e+03  3595s
[2025-09-16 16:08:17] DEBUG    410   3.69500487e+13 -5.90487078e+09  2.94e+03 1.91e-02  1.84e+03  3603s
[2025-09-16 16:08:26] DEBUG    411   3.69065738e+13 -5.88084345e+09  2.91e+03 1.92e-02  1.82e+03  3612s
[2025-09-16 16:08:32] DEBUG    412   3.68944029e+13 -5.86695008e+09  2.90e+03 1.92e-02  1.82e+03  3618s
[2025-09-16 16:08:38] DEBUG    413   3.68817756e+13 -5.85641981e+09  2.89e+03 1.93e-02  1.81e+03  3624s
[2025-09-16 16:08:53] DEBUG    414   3.68328641e+13 -5.82524284e+09  2.86e+03 1.94e-02  1.79e+03  3639s
[2025-09-16 16:09:02] DEBUG    415   3.68132657e+13 -5.79524646e+09  2.84e+03 1.95e-02  1.79e+03  3648s
[2025-09-16 16:09:10] DEBUG    416   3.67911826e+13 -5.78376673e+09  2.83e+03 1.95e-02  1.78e+03  3656s
[2025-09-16 16:09:21] DEBUG    417   3.67619482e+13 -5.75945581e+09  2.81e+03 1.96e-02  1.77e+03  3667s
[2025-09-16 16:09:34] DEBUG    418   3.67381791e+13 -5.73700600e+09  2.79e+03 1.97e-02  1.76e+03  3680s
[2025-09-16 16:09:42] DEBUG    419   3.67243601e+13 -5.71504002e+09  2.78e+03 1.98e-02  1.76e+03  3688s
[2025-09-16 16:09:50] DEBUG    420   3.67176181e+13 -5.69821227e+09  2.78e+03 1.98e-02  1.76e+03  3696s
[2025-09-16 16:09:58] DEBUG    421   3.66731002e+13 -5.68173071e+09  2.75e+03 1.99e-02  1.74e+03  3704s
[2025-09-16 16:10:05] DEBUG    422   3.66674297e+13 -5.66147077e+09  2.75e+03 1.99e-02  1.74e+03  3711s
[2025-09-16 16:10:14] DEBUG    423   3.66424398e+13 -5.64544270e+09  2.73e+03 2.00e-02  1.73e+03  3720s
[2025-09-16 16:10:25] DEBUG    424   3.66275887e+13 -5.62725235e+09  2.72e+03 2.01e-02  1.73e+03  3731s
[2025-09-16 16:10:36] DEBUG    425   3.65949599e+13 -5.61231393e+09  2.70e+03 2.01e-02  1.71e+03  3742s
[2025-09-16 16:10:45] DEBUG    426   3.65679372e+13 -5.59592912e+09  2.68e+03 2.02e-02  1.70e+03  3751s
[2025-09-16 16:10:54] DEBUG    427   3.65584162e+13 -5.58399703e+09  2.68e+03 2.02e-02  1.70e+03  3760s
[2025-09-16 16:11:02] DEBUG    428   3.65422581e+13 -5.57583109e+09  2.67e+03 2.02e-02  1.70e+03  3768s
[2025-09-16 16:11:09] DEBUG    429   3.65350791e+13 -5.56439847e+09  2.66e+03 2.03e-02  1.69e+03  3776s
[2025-09-16 16:11:18] DEBUG    430   3.65315989e+13 -5.55679321e+09  2.66e+03 2.03e-02  1.69e+03  3784s
[2025-09-16 16:11:27] DEBUG    431   3.65239500e+13 -5.54304891e+09  2.65e+03 2.03e-02  1.69e+03  3793s
[2025-09-16 16:11:27] DEBUG    Barrier performed 431 iterations in 3793.11 seconds (1019.64 work units)
Numerical trouble encountered
[2025-09-16 16:11:27] DEBUG    Model may be infeasible or unbounded.  Consider using the
homogeneous algorithm (through parameter 'BarHomogeneous')
[2025-09-16 16:12:32] DEBUG    Waiting for other threads to finish...        3858s
[2025-09-16 16:13:37] DEBUG    Waiting for other threads to finish...        3923s
[2025-09-16 16:14:41] DEBUG    Waiting for other threads to finish...        3987s
[2025-09-16 16:15:46] DEBUG    Waiting for other threads to finish...        4052s
[2025-09-16 16:16:50] DEBUG    Waiting for other threads to finish...        4116s
[2025-09-16 16:17:55] DEBUG    Waiting for other threads to finish...        4181s
[2025-09-16 16:19:00] DEBUG    Waiting for other threads to finish...        4246s
[2025-09-16 16:20:05] DEBUG    Waiting for other threads to finish...        4311s
[2025-09-16 16:21:09] DEBUG    Waiting for other threads to finish...        4375s
[2025-09-16 16:22:13] DEBUG    Waiting for other threads to finish...        4439s
[2025-09-16 16:23:18] DEBUG    Waiting for other threads to finish...        4504s
[2025-09-16 16:24:22] DEBUG    Waiting for other threads to finish...        4568s
[2025-09-16 16:25:27] DEBUG    Waiting for other threads to finish...        4633s
[2025-09-16 16:26:32] DEBUG    Waiting for other threads to finish...        4698s
[2025-09-16 16:27:37] DEBUG    Waiting for other threads to finish...        4763s
[2025-09-16 16:28:41] DEBUG    Waiting for other threads to finish...        4828s
[2025-09-16 16:29:46] DEBUG    Waiting for other threads to finish...        4892s
[2025-09-16 16:30:51] DEBUG    Waiting for other threads to finish...        4957s
[2025-09-16 16:31:13] DEBUG    Solved with dual simplex
[2025-09-16 16:31:26] DEBUG    Iteration    Objective       Primal Inf.    Dual Inf.      Time
[2025-09-16 16:31:26] DEBUG    1324576    1.4125984e+10   0.000000e+00   0.000000e+00   4992s

Solved in 1324576 iterations and 4992.33 seconds (2366.62 work units)
[2025-09-16 16:31:26] DEBUG    Optimal objective  1.412598415e+10
✅ Scenario completato: new_trasmission_CG+VRES_2035_nostorage

🚀 Lancio scenario: new_trasmission_GT+VRES_2035_PHES
[2025-09-16 16:46:26] INFO     Loading sets
[2025-09-16 16:46:26] INFO     Loading parameters
[2025-09-16 16:47:04] INFO     constraints are loaded in the following order: ['energy_balance', 'dispatch', 'costs', 'capacity', 'network', 'policy', 'conversion', 'group', 'conversion_plus', 'milp', 'export']
[2025-09-16 16:47:04] INFO     creating energy_balance constraints
[2025-09-16 16:50:38] INFO     creating dispatch constraints
[2025-09-16 16:53:07] INFO     creating costs constraints
[2025-09-16 17:04:16] INFO     creating capacity constraints
[2025-09-16 17:04:16] INFO     creating network constraints
[2025-09-16 17:04:16] INFO     creating policy constraints
[2025-09-16 17:04:16] INFO     creating conversion constraints
[2025-09-16 17:04:16] INFO     creating group constraints
[2025-09-16 17:04:16] INFO     creating conversion_plus constraints
[2025-09-16 17:04:16] INFO     creating milp constraints
[2025-09-16 17:04:16] INFO     creating export constraints
[2025-09-16 17:20:13] DEBUG    Set parameter WLSAccessID
Set parameter WLSSecret
Set parameter LicenseID to value 2680226
[2025-09-16 17:20:13] DEBUG    Academic license 2680226 - for non-commercial use only - registered to an___@mail.polimi.it
[2025-09-16 17:20:58] DEBUG    Read LP format model from file /tmp/tmpu7r1vvvl.pyomo.lp
Reading time = 44.74 seconds
x22087647: 29157089 rows, 22087647 columns, 72221538 nonzeros
[2025-09-16 17:20:58] DEBUG    Set parameter NumericFocus to value 1
Gurobi Optimizer version 12.0.2 build v12.0.2rc0 (linux64 - "Debian GNU/Linux 11 (bullseye)")

CPU model: Intel(R) Xeon(R) Silver 4314 CPU @ 2.40GHz, instruction set [SSE2|AVX|AVX2|AVX512]
Thread count: 32 physical cores, 64 logical processors, using up to 32 threads

Non-default parameters:
NumericFocus  1
[2025-09-16 17:20:58] DEBUG    Academic license 2680226 - for non-commercial use only - registered to an___@mail.polimi.it
Optimize a model with 29157089 rows, 22087647 columns and 72221538 nonzeros
[2025-09-16 17:20:59] DEBUG    Model fingerprint: 0xef9bd7f3
[2025-09-16 17:20:59] DEBUG    Coefficient statistics:
  Matrix range     [1e-07, 6e+02]
  Objective range  [1e+00, 1e+06]
  Bounds range     [0e+00, 0e+00]
  RHS range        [1e+00, 6e+09]
Warning: Model contains large rhs
[2025-09-16 17:21:05] DEBUG    Presolve removed 20603708 rows and 11918824 columns (presolve time = 5s)...
[2025-09-16 17:21:09] DEBUG    Presolve removed 21166160 rows and 12873138 columns (presolve time = 10s)...
[2025-09-16 17:21:14] DEBUG    Presolve removed 22415278 rows and 15410000 columns (presolve time = 15s)...
[2025-09-16 17:21:19] DEBUG    Presolve removed 24852536 rows and 17801680 columns (presolve time = 20s)...
[2025-09-16 17:21:26] DEBUG    Presolve removed 24852536 rows and 17801680 columns (presolve time = 27s)...
[2025-09-16 17:22:05] DEBUG    Presolve removed 25390425 rows and 18055720 columns (presolve time = 65s)...
[2025-09-16 17:22:09] DEBUG    Presolve removed 25390425 rows and 18283480 columns (presolve time = 70s)...
[2025-09-16 17:22:12] DEBUG    Presolve removed 25530569 rows and 18283480 columns
[2025-09-16 17:23:08] DEBUG    Presolve time: 129.78s
Presolved: 3626520 rows, 3944311 columns, 14884798 nonzeros

Concurrent LP optimizer: primal simplex, dual simplex, and barrier
Showing barrier log only...
[2025-09-16 17:23:55] DEBUG    Elapsed ordering time = 45s
[2025-09-16 17:23:56] DEBUG    Elapsed ordering time = 46s
[2025-09-16 17:24:06] DEBUG    Ordering time: 55.36s
[2025-09-16 17:24:08] DEBUG    Barrier statistics:
 Dense cols : 200
 AA' NZ     : 1.546e+07
[2025-09-16 17:24:08] DEBUG    Factor NZ  : 6.478e+07 (roughly 3.6 GB of memory)
 Factor Ops : 7.110e+09 (less than 1 second per iteration)
 Threads    : 30
[2025-09-16 17:24:15] DEBUG    Objective                Residual
Iter       Primal          Dual         Primal    Dual     Compl     Time
[2025-09-16 17:24:15] DEBUG    0   9.46214995e+14 -8.24489883e+14  7.38e+10 2.58e-01  3.66e+11   197s
[2025-09-16 17:24:22] DEBUG    1   8.72640581e+14 -8.51123231e+14  6.73e+10 1.97e+01  2.83e+11   204s
[2025-09-16 17:24:31] DEBUG    2   8.27222835e+14 -2.37424146e+15  6.33e+10 1.63e+01  2.59e+11   213s
[2025-09-16 17:24:42] DEBUG    3   7.49314572e+14 -7.60237727e+15  5.63e+10 7.24e+00  2.03e+11   224s
[2025-09-16 17:24:50] DEBUG    4   5.48062004e+14 -9.52541829e+15  3.78e+10 2.76e+00  1.26e+11   232s
[2025-09-16 17:25:01] DEBUG    5   3.65105929e+14 -9.48368386e+15  2.10e+10 1.05e+00  6.88e+10   243s
[2025-09-16 17:25:12] DEBUG    6   2.19561448e+14 -7.87560763e+15  5.21e+09 4.17e-01  1.85e+10   254s
[2025-09-16 17:25:20] DEBUG    7   2.21925182e+14 -5.05136535e+15  2.16e+09 2.18e-01  7.68e+09   262s
[2025-09-16 17:25:26] DEBUG    8   2.27133578e+14 -2.56378331e+15  1.22e+09 5.79e-02  3.96e+09   268s
[2025-09-16 17:25:32] DEBUG    9   2.14644415e+14 -1.15436050e+15  6.54e+08 1.21e-02  1.96e+09   274s
[2025-09-16 17:25:38] DEBUG    10   2.05853706e+14 -5.89793458e+14  3.00e+08 2.90e-02  8.86e+08   280s
[2025-09-16 17:25:43] DEBUG    11   1.80167514e+14 -3.63357615e+14  1.13e+08 5.93e-02  3.44e+08   285s
[2025-09-16 17:25:49] DEBUG    12   1.61279140e+14 -3.00051624e+14  6.80e+07 5.93e-02  2.16e+08   291s
[2025-09-16 17:25:55] DEBUG    13   1.44221114e+14 -2.15584792e+14  4.15e+07 6.70e-02  1.32e+08   297s
[2025-09-16 17:26:01] DEBUG    14   1.29266125e+14 -1.16093289e+14  2.54e+07 5.83e-02  7.29e+07   303s
[2025-09-16 17:26:08] DEBUG    15   1.15441451e+14 -7.65459492e+13  1.56e+07 6.71e-02  4.34e+07   310s
[2025-09-16 17:26:14] DEBUG    16   1.08705030e+14 -6.62539944e+13  1.26e+07 6.79e-02  3.48e+07   316s
[2025-09-16 17:26:23] DEBUG    17   1.04435402e+14 -6.03217212e+13  1.11e+07 6.77e-02  3.00e+07   325s
[2025-09-16 17:26:29] DEBUG    18   1.01243779e+14 -5.27082036e+13  9.92e+06 6.73e-02  2.61e+07   331s
[2025-09-16 17:26:37] DEBUG    19   9.29509215e+13 -4.13121938e+13  7.17e+06 6.72e-02  1.84e+07   339s
[2025-09-16 17:26:49] DEBUG    20   8.77584114e+13 -3.20822442e+13  5.71e+06 7.06e-02  1.36e+07   351s
[2025-09-16 17:27:02] DEBUG    21   8.37660206e+13 -1.87206195e+13  4.70e+06 4.87e-02  8.72e+06   364s
[2025-09-16 17:27:14] DEBUG    22   7.53479900e+13 -1.29839259e+13  2.53e+06 3.05e-02  4.82e+06   376s
[2025-09-16 17:27:26] DEBUG    23   7.10829996e+13 -1.01054590e+13  1.79e+06 2.30e-02  3.39e+06   388s
[2025-09-16 17:27:35] DEBUG    24   6.70207075e+13 -6.43153574e+12  1.25e+06 2.52e-02  2.10e+06   397s
[2025-09-16 17:27:42] DEBUG    25   6.61253829e+13 -5.11317101e+12  1.15e+06 2.39e-02  1.74e+06   404s
[2025-09-16 17:27:49] DEBUG    26   6.38989528e+13 -4.26141432e+12  9.36e+05 2.41e-02  1.38e+06   411s
[2025-09-16 17:27:56] DEBUG    27   6.26923014e+13 -3.82104811e+12  8.33e+05 2.41e-02  1.20e+06   418s
[2025-09-16 17:28:06] DEBUG    28   6.00886558e+13 -2.99926483e+12  6.31e+05 2.41e-02  8.72e+05   428s
[2025-09-16 17:28:17] DEBUG    29   5.84915334e+13 -2.46813684e+12  5.30e+05 2.41e-02  6.81e+05   439s
[2025-09-16 17:28:29] DEBUG    30   5.70120995e+13 -1.96352978e+12  4.47e+05 2.40e-02  5.28e+05   451s
[2025-09-16 17:28:41] DEBUG    31   5.57048146e+13 -1.55562582e+12  3.80e+05 2.40e-02  4.14e+05   463s
[2025-09-16 17:28:54] DEBUG    32   5.52282287e+13 -1.44366807e+12  3.58e+05 2.41e-02  3.82e+05   476s
[2025-09-16 17:29:05] DEBUG    33   5.39881354e+13 -1.20168121e+12  3.04e+05 2.41e-02  3.09e+05   487s
[2025-09-16 17:29:14] DEBUG    34   5.37990445e+13 -1.02871370e+12  2.97e+05 2.41e-02  2.77e+05   496s
[2025-09-16 17:29:25] DEBUG    35   5.29115491e+13 -9.78138075e+11  2.64e+05 2.40e-02  2.50e+05   507s
[2025-09-16 17:29:38] DEBUG    36   5.20963024e+13 -8.29293585e+11  2.36e+05 2.36e-02  2.12e+05   520s
[2025-09-16 17:29:50] DEBUG    37   5.11861700e+13 -7.76654435e+11  2.07e+05 2.34e-02  1.90e+05   532s
[2025-09-16 17:30:03] DEBUG    38   5.06375926e+13 -7.09427501e+11  1.92e+05 2.32e-02  1.72e+05   545s
[2025-09-16 17:30:16] DEBUG    39   5.04539694e+13 -6.86511268e+11  1.87e+05 2.31e-02  1.66e+05   558s
[2025-09-16 17:30:27] DEBUG    40   4.99933936e+13 -6.06052407e+11  1.75e+05 2.28e-02  1.48e+05   569s
[2025-09-16 17:30:39] DEBUG    41   4.94374934e+13 -5.38957756e+11  1.61e+05 2.24e-02  1.31e+05   581s
[2025-09-16 17:30:50] DEBUG    42   4.91742599e+13 -5.01215115e+11  1.55e+05 2.22e-02  1.23e+05   592s
[2025-09-16 17:30:59] DEBUG    43   4.90402236e+13 -4.79159647e+11  1.52e+05 2.21e-02  1.19e+05   601s
[2025-09-16 17:31:09] DEBUG    44   4.88694769e+13 -4.55417754e+11  1.48e+05 2.19e-02  1.14e+05   611s
[2025-09-16 17:31:21] DEBUG    45   4.79395892e+13 -4.30273704e+11  1.27e+05 2.17e-02  1.02e+05   623s
[2025-09-16 17:31:32] DEBUG    46   4.76511272e+13 -3.80504956e+11  1.22e+05 2.14e-02  9.18e+04   634s
[2025-09-16 17:31:45] DEBUG    47   4.70709586e+13 -3.69630541e+11  1.11e+05 2.13e-02  8.57e+04   647s
[2025-09-16 17:31:57] DEBUG    48   4.67887627e+13 -3.27860115e+11  1.06e+05 2.10e-02  7.79e+04   659s
[2025-09-16 17:32:09] DEBUG    49   4.63753810e+13 -3.05168463e+11  9.87e+04 2.08e-02  7.19e+04   671s
[2025-09-16 17:32:20] DEBUG    50   4.60589519e+13 -2.59301554e+11  9.37e+04 2.04e-02  6.35e+04   682s
[2025-09-16 17:32:30] DEBUG    51   4.57070174e+13 -2.48289577e+11  8.83e+04 2.03e-02  6.00e+04   692s
[2025-09-16 17:32:43] DEBUG    52   4.54366096e+13 -2.32999827e+11  8.44e+04 2.02e-02  5.65e+04   705s
[2025-09-16 17:32:51] DEBUG    53   4.52553525e+13 -2.25141405e+11  8.19e+04 2.01e-02  5.46e+04   713s
[2025-09-16 17:33:04] DEBUG    54   4.50649544e+13 -2.14520338e+11  7.94e+04 2.00e-02  5.23e+04   726s
[2025-09-16 17:33:14] DEBUG    55   4.48776327e+13 -2.02664298e+11  7.69e+04 1.98e-02  4.98e+04   736s
[2025-09-16 17:33:23] DEBUG    56   4.47318954e+13 -1.94056292e+11  7.50e+04 1.97e-02  4.82e+04   745s
[2025-09-16 17:33:31] DEBUG    57   4.45190329e+13 -1.87659699e+11  7.23e+04 1.97e-02  4.64e+04   753s
[2025-09-16 17:33:43] DEBUG    58   4.42431956e+13 -1.78148075e+11  6.90e+04 1.96e-02  4.40e+04   765s
[2025-09-16 17:33:55] DEBUG    59   4.37718337e+13 -1.71855935e+11  6.34e+04 1.95e-02  4.12e+04   777s
[2025-09-16 17:34:07] DEBUG    60   4.34783631e+13 -1.54429453e+11  6.02e+04 1.93e-02  3.78e+04   789s
[2025-09-16 17:34:15] DEBUG    61   4.32912022e+13 -1.50142851e+11  5.83e+04 1.92e-02  3.67e+04   797s
[2025-09-16 17:34:27] DEBUG    62   4.29828662e+13 -1.41415701e+11  5.51e+04 1.91e-02  3.45e+04   809s
[2025-09-16 17:34:38] DEBUG    63   4.27998945e+13 -1.35125454e+11  5.34e+04 1.90e-02  3.31e+04   820s
[2025-09-16 17:34:50] DEBUG    64   4.26035432e+13 -1.31820707e+11  5.15e+04 1.90e-02  3.20e+04   832s
[2025-09-16 17:34:58] DEBUG    65   4.25125295e+13 -1.29269929e+11  5.07e+04 1.89e-02  3.15e+04   840s
[2025-09-16 17:35:06] DEBUG    66   4.24861565e+13 -1.24149375e+11  5.04e+04 1.89e-02  3.08e+04   848s
[2025-09-16 17:35:15] DEBUG    67   4.22929968e+13 -1.20510832e+11  4.87e+04 1.88e-02  2.98e+04   857s
[2025-09-16 17:35:23] DEBUG    68   4.22034302e+13 -1.17679619e+11  4.79e+04 1.88e-02  2.92e+04   865s
[2025-09-16 17:35:35] DEBUG    69   4.18938989e+13 -1.13944057e+11  4.52e+04 1.87e-02  2.78e+04   877s
[2025-09-16 17:35:46] DEBUG    70   4.16205305e+13 -1.10009516e+11  4.30e+04 1.87e-02  2.66e+04   888s
[2025-09-16 17:35:58] DEBUG    71   4.13864102e+13 -1.04991635e+11  4.12e+04 1.86e-02  2.53e+04   900s
[2025-09-16 17:36:11] DEBUG    72   4.11729210e+13 -1.00953681e+11  3.96e+04 1.85e-02  2.43e+04   913s
[2025-09-16 17:36:23] DEBUG    73   4.11161071e+13 -9.91022739e+10  3.91e+04 1.85e-02  2.39e+04   925s
[2025-09-16 17:36:33] DEBUG    74   4.10326572e+13 -9.72008963e+10  3.85e+04 1.85e-02  2.35e+04   935s
[2025-09-16 17:36:41] DEBUG    75   4.09218678e+13 -9.61163634e+10  3.78e+04 1.84e-02  2.31e+04   944s
[2025-09-16 17:36:54] DEBUG    76   4.07123543e+13 -9.45878219e+10  3.63e+04 1.84e-02  2.24e+04   956s
[2025-09-16 17:37:05] DEBUG    77   4.05831717e+13 -9.14368369e+10  3.54e+04 1.84e-02  2.18e+04   967s
[2025-09-16 17:37:19] DEBUG    78   4.02363574e+13 -8.71850512e+10  3.31e+04 1.83e-02  2.05e+04   981s
[2025-09-16 17:37:30] DEBUG    79   3.99942963e+13 -8.15032128e+10  3.16e+04 1.82e-02  1.92e+04   992s
[2025-09-16 17:37:43] DEBUG    80   3.98474868e+13 -7.77586539e+10  3.07e+04 1.81e-02  1.85e+04  1005s
[2025-09-16 17:37:54] DEBUG    81   3.96032129e+13 -7.43659292e+10  2.93e+04 1.81e-02  1.76e+04  1016s
[2025-09-16 17:38:07] DEBUG    82   3.93869924e+13 -7.14166917e+10  2.81e+04 1.80e-02  1.68e+04  1029s
[2025-09-16 17:38:18] DEBUG    83   3.92081262e+13 -6.71029576e+10  2.71e+04 1.79e-02  1.60e+04  1040s
[2025-09-16 17:38:30] DEBUG    84   3.90555385e+13 -6.51370697e+10  2.63e+04 1.79e-02  1.55e+04  1052s
[2025-09-16 17:38:41] DEBUG    85   3.89228692e+13 -6.33676885e+10  2.56e+04 1.78e-02  1.50e+04  1063s
[2025-09-16 17:38:52] DEBUG    86   3.87298670e+13 -6.05557332e+10  2.47e+04 1.78e-02  1.44e+04  1074s
[2025-09-16 17:39:02] DEBUG    87   3.86331155e+13 -5.79933319e+10  2.42e+04 1.77e-02  1.39e+04  1084s
[2025-09-16 17:39:12] DEBUG    88   3.84326219e+13 -5.62699598e+10  2.32e+04 1.77e-02  1.34e+04  1094s
[2025-09-16 17:39:22] DEBUG    89   3.82983940e+13 -5.47475208e+10  2.26e+04 1.77e-02  1.30e+04  1104s
[2025-09-16 17:39:34] DEBUG    90   3.80964711e+13 -5.22603305e+10  2.17e+04 1.76e-02  1.24e+04  1116s
[2025-09-16 17:39:45] DEBUG    91   3.79343108e+13 -5.01335331e+10  2.10e+04 1.75e-02  1.20e+04  1128s
[2025-09-16 17:39:56] DEBUG    92   3.78155638e+13 -4.84586706e+10  2.05e+04 1.75e-02  1.16e+04  1138s
[2025-09-16 17:40:08] DEBUG    93   3.77278317e+13 -4.71674664e+10  2.02e+04 1.75e-02  1.13e+04  1150s
[2025-09-16 17:40:16] DEBUG    94   3.76418233e+13 -4.59666795e+10  1.98e+04 1.74e-02  1.11e+04  1158s
[2025-09-16 17:40:25] DEBUG    95   3.75589329e+13 -4.54209329e+10  1.95e+04 1.74e-02  1.09e+04  1167s
[2025-09-16 17:40:36] DEBUG    96   3.74162345e+13 -4.40052872e+10  1.89e+04 1.75e-02  1.06e+04  1178s
[2025-09-16 17:40:45] DEBUG    97   3.72949632e+13 -4.20438738e+10  1.85e+04 1.81e-02  1.02e+04  1187s
[2025-09-16 17:40:58] DEBUG    98   3.71508646e+13 -4.09187199e+10  1.79e+04 1.84e-02  9.91e+03  1200s
[2025-09-16 17:41:10] DEBUG    99   3.70170458e+13 -3.91849027e+10  1.74e+04 1.88e-02  9.55e+03  1213s
[2025-09-16 17:41:22] DEBUG    100   3.68654834e+13 -3.76739451e+10  1.69e+04 1.92e-02  9.20e+03  1224s
[2025-09-16 17:41:33] DEBUG    101   3.68225316e+13 -3.65138985e+10  1.67e+04 1.95e-02  9.02e+03  1235s
[2025-09-16 17:41:46] DEBUG    102   3.67146845e+13 -3.55819673e+10  1.64e+04 1.97e-02  8.80e+03  1248s
[2025-09-16 17:41:59] DEBUG    103   3.65828083e+13 -3.43859089e+10  1.59e+04 2.00e-02  8.53e+03  1261s
[2025-09-16 17:42:08] DEBUG    104   3.64642531e+13 -3.35564218e+10  1.55e+04 2.02e-02  8.31e+03  1270s
[2025-09-16 17:42:19] DEBUG    105   3.63531000e+13 -3.24481455e+10  1.52e+04 2.05e-02  8.08e+03  1281s
[2025-09-16 17:42:29] DEBUG    106   3.62261486e+13 -3.14494092e+10  1.48e+04 2.07e-02  7.84e+03  1291s
[2025-09-16 17:42:38] DEBUG    107   3.61449477e+13 -3.07723044e+10  1.45e+04 2.09e-02  7.69e+03  1301s
[2025-09-16 17:42:49] DEBUG    108   3.60472715e+13 -3.00297242e+10  1.42e+04 2.11e-02  7.51e+03  1311s
[2025-09-16 17:43:02] DEBUG    109   3.59176440e+13 -2.91052264e+10  1.38e+04 2.13e-02  7.29e+03  1324s
[2025-09-16 17:43:12] DEBUG    110   3.58158656e+13 -2.83710353e+10  1.35e+04 2.15e-02  7.11e+03  1334s
[2025-09-16 17:43:24] DEBUG    111   3.56945261e+13 -2.73901144e+10  1.32e+04 2.17e-02  6.89e+03  1346s
[2025-09-16 17:43:34] DEBUG    112   3.56037159e+13 -2.68399751e+10  1.29e+04 2.18e-02  6.76e+03  1356s
[2025-09-16 17:43:44] DEBUG    113   3.55784001e+13 -2.61317562e+10  1.29e+04 2.20e-02  6.65e+03  1366s
[2025-09-16 17:43:55] DEBUG    114   3.54801708e+13 -2.52776336e+10  1.26e+04 2.22e-02  6.47e+03  1377s
[2025-09-16 17:44:02] DEBUG    115   3.54226271e+13 -2.50471852e+10  1.24e+04 2.23e-02  6.40e+03  1384s
[2025-09-16 17:44:11] DEBUG    116   3.53638831e+13 -2.45897137e+10  1.23e+04 2.24e-02  6.31e+03  1393s
[2025-09-16 17:44:22] DEBUG    117   3.52965224e+13 -2.39166884e+10  1.21e+04 2.25e-02  6.18e+03  1404s
[2025-09-16 17:44:33] DEBUG    118   3.51906467e+13 -2.34288164e+10  1.18e+04 2.27e-02  6.04e+03  1415s
[2025-09-16 17:44:42] DEBUG    119   3.51031758e+13 -2.29459308e+10  1.16e+04 2.28e-02  5.91e+03  1424s
[2025-09-16 17:44:49] DEBUG    120   3.50698395e+13 -2.27021003e+10  1.15e+04 2.28e-02  5.86e+03  1431s
[2025-09-16 17:44:57] DEBUG    121   3.50549768e+13 -2.24943801e+10  1.15e+04 2.29e-02  5.83e+03  1439s
[2025-09-16 17:45:07] DEBUG    122   3.50298193e+13 -2.21692797e+10  1.14e+04 2.30e-02  6.87e+03  1449s
[2025-09-16 17:45:17] DEBUG    123   3.49966126e+13 -2.18105141e+10  1.13e+04 2.31e-02  7.04e+03  1459s
[2025-09-16 17:45:27] DEBUG    124   3.49769684e+13 -2.14562754e+10  1.13e+04 2.31e-02  7.03e+03  1469s
[2025-09-16 17:45:37] DEBUG    125   3.49411298e+13 -2.11283875e+10  1.12e+04 2.32e-02  6.97e+03  1479s
[2025-09-16 17:45:46] DEBUG    126   3.48873341e+13 -2.09127029e+10  1.11e+04 2.33e-02  6.90e+03  1488s
[2025-09-16 17:45:56] DEBUG    127   3.48602829e+13 -2.07150109e+10  1.10e+04 2.33e-02  6.85e+03  1498s
[2025-09-16 17:46:07] DEBUG    128   3.47939418e+13 -2.02763952e+10  1.08e+04 2.34e-02  6.73e+03  1510s
[2025-09-16 17:46:19] DEBUG    129   3.47189655e+13 -1.99334499e+10  1.07e+04 2.35e-02  6.62e+03  1521s
[2025-09-16 17:46:29] DEBUG    130   3.46885804e+13 -1.96887903e+10  1.06e+04 2.35e-02  6.56e+03  1532s
[2025-09-16 17:46:42] DEBUG    131   3.46149247e+13 -1.92469511e+10  1.04e+04 2.36e-02  6.43e+03  1544s
[2025-09-16 17:46:52] DEBUG    132   3.45615693e+13 -1.89596288e+10  1.03e+04 2.37e-02  6.36e+03  1554s
[2025-09-16 17:47:01] DEBUG    133   3.45006582e+13 -1.86844297e+10  1.01e+04 2.37e-02  6.26e+03  1563s
[2025-09-16 17:47:11] DEBUG    134   3.44301348e+13 -1.84432279e+10  9.98e+03 2.38e-02  6.17e+03  1573s
[2025-09-16 17:47:21] DEBUG    135   3.43762297e+13 -1.80659296e+10  9.85e+03 2.38e-02  6.07e+03  1583s
[2025-09-16 17:47:32] DEBUG    136   3.43074390e+13 -1.76984184e+10  9.69e+03 2.36e-02  5.96e+03  1594s
[2025-09-16 17:47:39] DEBUG    137   3.42470410e+13 -1.75539300e+10  9.54e+03 2.35e-02  5.88e+03  1601s
[2025-09-16 17:47:50] DEBUG    138   3.42032172e+13 -1.72692479e+10  9.44e+03 2.33e-02  5.80e+03  1612s
[2025-09-16 17:47:58] DEBUG    139   3.41459219e+13 -1.70420017e+10  9.30e+03 2.30e-02  5.72e+03  1620s
[2025-09-16 17:48:09] DEBUG    140   3.40824018e+13 -1.66253807e+10  9.15e+03 2.26e-02  5.60e+03  1631s
[2025-09-16 17:48:18] DEBUG    141   3.39795858e+13 -1.63240221e+10  8.91e+03 2.22e-02  5.47e+03  1641s
[2025-09-16 17:48:28] DEBUG    142   3.39576362e+13 -1.60108586e+10  8.86e+03 2.18e-02  5.41e+03  1650s
[2025-09-16 17:48:38] DEBUG    143   3.39361605e+13 -1.57308300e+10  8.81e+03 2.15e-02  5.34e+03  1660s
[2025-09-16 17:48:46] DEBUG    144   3.39053490e+13 -1.55627380e+10  8.74e+03 2.12e-02  5.30e+03  1668s
[2025-09-16 17:48:56] DEBUG    145   3.38255365e+13 -1.52718324e+10  8.56e+03 2.09e-02  5.19e+03  1678s
[2025-09-16 17:49:07] DEBUG    146   3.36512554e+13 -1.47938868e+10  8.17e+03 2.02e-02  5.02e+03  1689s
[2025-09-16 17:49:18] DEBUG    147   3.36135494e+13 -1.44071685e+10  8.09e+03 1.97e-02  4.93e+03  1700s
[2025-09-16 17:49:26] DEBUG    148   3.35290657e+13 -1.42615799e+10  7.91e+03 1.95e-02  4.85e+03  1709s
[2025-09-16 17:49:37] DEBUG    149   3.34862593e+13 -1.39070525e+10  7.82e+03 1.91e-02  4.76e+03  1719s
[2025-09-16 17:49:45] DEBUG    150   3.34583265e+13 -1.36915412e+10  7.77e+03 1.88e-02  4.71e+03  1727s
[2025-09-16 17:49:55] DEBUG    151   3.33705542e+13 -1.34459068e+10  7.59e+03 1.85e-02  4.61e+03  1737s
[2025-09-16 17:50:07] DEBUG    152   3.32875704e+13 -1.31040839e+10  7.42e+03 1.80e-02  4.50e+03  1749s
[2025-09-16 17:50:17] DEBUG    153   3.32305865e+13 -1.28674788e+10  7.31e+03 1.77e-02  4.42e+03  1759s
[2025-09-16 17:50:26] DEBUG    154   3.31582077e+13 -1.26608863e+10  7.17e+03 1.74e-02  4.34e+03  1768s
[2025-09-16 17:50:33] DEBUG    155   3.31373658e+13 -1.25484537e+10  7.13e+03 1.73e-02  4.31e+03  1775s
[2025-09-16 17:50:40] DEBUG    156   3.30863524e+13 -1.23886611e+10  7.03e+03 1.71e-02  4.26e+03  1782s
[2025-09-16 17:50:48] DEBUG    157   3.30225351e+13 -1.22690057e+10  6.91e+03 1.69e-02  4.22e+03  1790s
[2025-09-16 17:50:55] DEBUG    158   3.29231382e+13 -1.21056648e+10  6.72e+03 1.67e-02  4.14e+03  1797s
[2025-09-16 17:51:03] DEBUG    159   3.29178702e+13 -1.19901309e+10  6.72e+03 1.65e-02  4.12e+03  1805s
[2025-09-16 17:51:12] DEBUG    160   3.29014596e+13 -1.18324083e+10  6.69e+03 1.63e-02  4.08e+03  1814s
[2025-09-16 17:51:23] DEBUG    161   3.28809039e+13 -1.15469284e+10  6.65e+03 1.59e-02  4.03e+03  1825s
[2025-09-16 17:51:33] DEBUG    162   3.28497046e+13 -1.13135549e+10  6.59e+03 1.56e-02  3.98e+03  1835s
[2025-09-16 17:51:44] DEBUG    163   3.28181041e+13 -1.10388296e+10  6.54e+03 1.52e-02  3.91e+03  1846s
[2025-09-16 17:51:56] DEBUG    164   3.27647358e+13 -1.07866069e+10  6.44e+03 1.49e-02  3.84e+03  1858s
[2025-09-16 17:52:04] DEBUG    165   3.27035800e+13 -1.06670160e+10  6.33e+03 1.48e-02  3.78e+03  1866s
[2025-09-16 17:52:16] DEBUG    166   3.26488100e+13 -1.04495518e+10  6.24e+03 1.48e-02  3.72e+03  1878s
[2025-09-16 17:52:27] DEBUG    167   3.24969702e+13 -1.02345837e+10  5.98e+03 1.47e-02  3.59e+03  1889s
[2025-09-16 17:52:35] DEBUG    168   3.24892859e+13 -1.01013488e+10  5.97e+03 1.46e-02  3.57e+03  1897s
[2025-09-16 17:52:43] DEBUG    169   3.24795971e+13 -9.95266907e+09  5.95e+03 1.46e-02  3.54e+03  1905s
[2025-09-16 17:52:50] DEBUG    170   3.24470333e+13 -9.84027569e+09  5.90e+03 1.45e-02  3.53e+03  1912s
[2025-09-16 17:53:00] DEBUG    171   3.23442894e+13 -9.69668951e+09  5.74e+03 1.45e-02  3.46e+03  1922s
[2025-09-16 17:53:08] DEBUG    172   3.23131279e+13 -9.59577139e+09  5.69e+03 1.44e-02  3.42e+03  1930s
[2025-09-16 17:53:16] DEBUG    173   3.22795225e+13 -9.48320778e+09  5.63e+03 1.44e-02  3.39e+03  1938s
[2025-09-16 17:53:28] DEBUG    174   3.21568636e+13 -9.34098649e+09  5.44e+03 1.43e-02  3.30e+03  1950s
[2025-09-16 17:53:39] DEBUG    175   3.21142273e+13 -9.23032180e+09  5.38e+03 1.43e-02  3.26e+03  1961s
[2025-09-16 17:53:50] DEBUG    176   3.20735103e+13 -9.11582478e+09  5.32e+03 1.42e-02  3.22e+03  1972s
[2025-09-16 17:54:00] DEBUG    177   3.20452543e+13 -9.00713003e+09  5.28e+03 1.42e-02  3.18e+03  1982s
[2025-09-16 17:54:11] DEBUG    178   3.20294974e+13 -8.92531218e+09  5.25e+03 1.41e-02  3.16e+03  1993s
[2025-09-16 17:54:19] DEBUG    179   3.20244732e+13 -8.87624238e+09  5.25e+03 1.41e-02  3.15e+03  2001s
[2025-09-16 17:54:28] DEBUG    180   3.20185281e+13 -8.79480202e+09  5.24e+03 1.41e-02  3.14e+03  2010s
[2025-09-16 17:54:37] DEBUG    181   3.20161595e+13 -8.67899473e+09  5.24e+03 1.41e-02  3.12e+03  2019s
[2025-09-16 17:54:46] DEBUG    182   3.20025507e+13 -8.60218137e+09  5.22e+03 1.41e-02  3.11e+03  2028s
[2025-09-16 17:55:01] DEBUG    183   3.19600065e+13 -8.40568395e+09  5.15e+03 1.41e-02  3.05e+03  2043s
[2025-09-16 17:55:09] DEBUG    184   3.19568490e+13 -8.36483305e+09  5.15e+03 1.41e-02  3.05e+03  2051s
[2025-09-16 17:55:20] DEBUG    185   3.19441431e+13 -8.28937036e+09  5.13e+03 1.41e-02  3.03e+03  2062s
[2025-09-16 17:55:28] DEBUG    186   3.19399396e+13 -8.21720341e+09  5.13e+03 1.41e-02  3.02e+03  2071s
[2025-09-16 17:55:39] DEBUG    187   3.19253747e+13 -8.16102143e+09  5.10e+03 1.41e-02  3.01e+03  2081s
[2025-09-16 17:55:50] DEBUG    188   3.18118412e+13 -8.10732140e+09  4.94e+03 1.41e-02  2.95e+03  2092s
[2025-09-16 17:56:01] DEBUG    189   3.17977768e+13 -7.92303649e+09  4.92e+03 1.42e-02  2.91e+03  2103s
[2025-09-16 17:56:14] DEBUG    190   3.17371392e+13 -7.79782019e+09  4.84e+03 1.42e-02  2.86e+03  2116s
[2025-09-16 17:56:24] DEBUG    191   3.17254378e+13 -7.72730812e+09  4.83e+03 1.42e-02  2.84e+03  2126s
[2025-09-16 17:56:33] DEBUG    192   3.17224685e+13 -7.64141987e+09  4.82e+03 1.42e-02  2.82e+03  2135s
[2025-09-16 17:56:42] DEBUG    193   3.17194831e+13 -7.58236218e+09  4.82e+03 1.42e-02  2.82e+03  2144s
[2025-09-16 17:56:52] DEBUG    194   3.17034067e+13 -7.51691656e+09  4.80e+03 1.42e-02  2.80e+03  2154s
[2025-09-16 17:57:01] DEBUG    195   3.16992268e+13 -7.46319218e+09  4.79e+03 1.42e-02  2.79e+03  2163s
[2025-09-16 17:57:11] DEBUG    196   3.16702279e+13 -7.35875205e+09  4.75e+03 1.42e-02  2.77e+03  2173s
[2025-09-16 17:57:22] DEBUG    197   3.16421505e+13 -7.25523872e+09  4.71e+03 1.42e-02  2.74e+03  2184s
[2025-09-16 17:57:31] DEBUG    198   3.16347690e+13 -7.20655178e+09  4.70e+03 1.43e-02  2.73e+03  2193s
[2025-09-16 17:57:39] DEBUG    199   3.16327812e+13 -7.19119757e+09  4.70e+03 1.43e-02  2.72e+03  2201s
[2025-09-16 17:57:48] DEBUG    200   3.16026823e+13 -7.13820694e+09  4.66e+03 1.43e-02  2.70e+03  2210s
[2025-09-16 17:57:58] DEBUG    201   3.15775000e+13 -7.05818969e+09  4.63e+03 1.43e-02  2.68e+03  2220s
[2025-09-16 17:58:08] DEBUG    202   3.15748404e+13 -7.01408410e+09  4.63e+03 1.43e-02  2.67e+03  2230s
[2025-09-16 17:58:17] DEBUG    203   3.15731719e+13 -6.97656058e+09  4.62e+03 1.43e-02  2.67e+03  2239s
[2025-09-16 17:58:30] DEBUG    204   3.14514917e+13 -6.91518953e+09  4.47e+03 1.43e-02  2.61e+03  2252s
[2025-09-16 17:58:46] DEBUG    205   3.13873250e+13 -6.83053639e+09  4.39e+03 1.43e-02  2.56e+03  2268s
[2025-09-16 17:58:54] DEBUG    206   3.13616810e+13 -6.75522080e+09  4.35e+03 1.43e-02  2.54e+03  2276s
[2025-09-16 17:59:04] DEBUG    207   3.13394821e+13 -6.67166616e+09  4.33e+03 1.43e-02  2.52e+03  2286s
[2025-09-16 17:59:17] DEBUG    208   3.13063023e+13 -6.56864393e+09  4.29e+03 1.43e-02  2.49e+03  2299s
[2025-09-16 17:59:27] DEBUG    209   3.12704118e+13 -6.47890740e+09  4.24e+03 1.43e-02  2.45e+03  2309s
[2025-09-16 17:59:33] DEBUG    210   3.12601383e+13 -6.43890793e+09  4.23e+03 1.43e-02  2.44e+03  2315s
[2025-09-16 17:59:43] DEBUG    211   3.12318070e+13 -6.38884058e+09  4.20e+03 1.43e-02  2.42e+03  2325s
[2025-09-16 17:59:53] DEBUG    212   3.12090665e+13 -6.30696891e+09  4.17e+03 1.43e-02  2.40e+03  2335s
[2025-09-16 18:00:00] DEBUG    213   3.12012640e+13 -6.25792673e+09  4.16e+03 1.44e-02  2.39e+03  2342s
[2025-09-16 18:00:10] DEBUG    214   3.11930319e+13 -6.16563988e+09  4.15e+03 1.44e-02  2.38e+03  2352s
[2025-09-16 18:00:19] DEBUG    215   3.11504145e+13 -6.12186825e+09  4.10e+03 1.44e-02  2.36e+03  2361s
[2025-09-16 18:00:36] DEBUG    216   3.10260009e+13 -6.04863406e+09  3.96e+03 1.44e-02  2.29e+03  2378s
[2025-09-16 18:00:44] DEBUG    217   3.09574573e+13 -5.96998808e+09  3.88e+03 1.44e-02  2.25e+03  2386s
[2025-09-16 18:00:58] DEBUG    218   3.09089591e+13 -5.89246591e+09  3.83e+03 1.44e-02  2.22e+03  2400s
[2025-09-16 18:01:09] DEBUG    219   3.08298136e+13 -5.81561389e+09  3.74e+03 1.44e-02  2.18e+03  2411s
[2025-09-16 18:01:21] DEBUG    220   3.08034246e+13 -5.70306440e+09  3.71e+03 1.44e-02  2.15e+03  2423s
[2025-09-16 18:01:30] DEBUG    221   3.07781358e+13 -5.64130138e+09  3.69e+03 1.44e-02  2.13e+03  2432s
[2025-09-16 18:01:37] DEBUG    222   3.07720844e+13 -5.60275378e+09  3.68e+03 1.44e-02  2.12e+03  2439s
[2025-09-16 18:01:47] DEBUG    223   3.07355689e+13 -5.55049355e+09  3.64e+03 1.44e-02  2.10e+03  2449s
[2025-09-16 18:01:55] DEBUG    224   3.07234461e+13 -5.50851974e+09  3.63e+03 1.44e-02  2.09e+03  2457s
[2025-09-16 18:02:05] DEBUG    225   3.06659729e+13 -5.46147517e+09  3.57e+03 1.44e-02  2.06e+03  2467s
[2025-09-16 18:02:18] DEBUG    226   3.06086841e+13 -5.34520721e+09  3.51e+03 1.44e-02  2.02e+03  2480s
[2025-09-16 18:02:31] DEBUG    227   3.05531525e+13 -5.24322626e+09  3.45e+03 1.44e-02  1.98e+03  2493s
[2025-09-16 18:02:41] DEBUG    228   3.05323132e+13 -5.14399456e+09  3.43e+03 1.45e-02  1.95e+03  2503s
[2025-09-16 18:02:51] DEBUG    229   3.04953530e+13 -5.08126157e+09  3.40e+03 1.45e-02  1.93e+03  2513s
[2025-09-16 18:02:58] DEBUG    230   3.04617762e+13 -5.03998256e+09  3.36e+03 1.45e-02  1.91e+03  2520s
[2025-09-16 18:03:06] DEBUG    231   3.04440188e+13 -5.01089891e+09  3.35e+03 1.45e-02  1.90e+03  2528s
[2025-09-16 18:03:17] DEBUG    232   3.03808291e+13 -4.93459293e+09  3.29e+03 1.45e-02  1.88e+03  2539s
[2025-09-16 18:03:26] DEBUG    233   3.02970110e+13 -4.87674463e+09  3.21e+03 1.45e-02  1.84e+03  2548s
[2025-09-16 18:03:38] DEBUG    234   3.02541706e+13 -4.79484428e+09  3.17e+03 1.45e-02  1.81e+03  2560s
[2025-09-16 18:03:50] DEBUG    235   3.01802840e+13 -4.71981348e+09  3.10e+03 1.45e-02  1.77e+03  2573s
[2025-09-16 18:04:01] DEBUG    236   3.01381551e+13 -4.61721240e+09  3.06e+03 1.45e-02  1.74e+03  2583s
[2025-09-16 18:04:09] DEBUG    237   3.01000102e+13 -4.57868348e+09  3.03e+03 1.45e-02  1.73e+03  2592s
[2025-09-16 18:04:16] DEBUG    238   3.00674928e+13 -4.53605163e+09  3.00e+03 1.45e-02  1.71e+03  2598s
[2025-09-16 18:04:28] DEBUG    239   3.00582760e+13 -4.49462839e+09  2.99e+03 1.45e-02  1.70e+03  2610s
[2025-09-16 18:04:35] DEBUG    240   2.99569776e+13 -4.48321701e+09  2.90e+03 1.45e-02  1.67e+03  2617s
[2025-09-16 18:04:44] DEBUG    241   2.99060544e+13 -4.42988207e+09  2.86e+03 1.45e-02  1.65e+03  2626s
[2025-09-16 18:04:54] DEBUG    242   2.98563913e+13 -4.37419066e+09  2.82e+03 1.45e-02  1.62e+03  2636s
[2025-09-16 18:05:07] DEBUG    243   2.98172734e+13 -4.30309148e+09  2.79e+03 1.45e-02  1.60e+03  2649s
[2025-09-16 18:05:20] DEBUG    244   2.97661857e+13 -4.24182097e+09  2.75e+03 1.45e-02  1.57e+03  2662s
[2025-09-16 18:05:33] DEBUG    245   2.96923274e+13 -4.17890958e+09  2.69e+03 1.45e-02  1.54e+03  2675s
[2025-09-16 18:05:40] DEBUG    246   2.96771384e+13 -4.15532714e+09  2.67e+03 1.45e-02  1.54e+03  2682s
[2025-09-16 18:05:52] DEBUG    247   2.96084182e+13 -4.06490485e+09  2.62e+03 1.45e-02  1.50e+03  2694s
[2025-09-16 18:06:02] DEBUG    248   2.95465009e+13 -4.01017165e+09  2.57e+03 1.45e-02  1.48e+03  2704s
[2025-09-16 18:06:12] DEBUG    249   2.95092437e+13 -3.95502172e+09  2.54e+03 1.45e-02  1.46e+03  2714s
[2025-09-16 18:06:21] DEBUG    250   2.94735221e+13 -3.89235730e+09  2.52e+03 1.45e-02  1.44e+03  2723s
[2025-09-16 18:06:33] DEBUG    251   2.94485406e+13 -3.85309353e+09  2.50e+03 1.45e-02  1.43e+03  2735s
[2025-09-16 18:06:41] DEBUG    252   2.94395191e+13 -3.82979438e+09  2.49e+03 1.45e-02  1.42e+03  2743s
[2025-09-16 18:06:52] DEBUG    253   2.94313081e+13 -3.79132288e+09  2.49e+03 1.45e-02  1.42e+03  2754s
[2025-09-16 18:07:04] DEBUG    254   2.93478156e+13 -3.75932257e+09  2.43e+03 1.45e-02  1.39e+03  2766s
[2025-09-16 18:07:19] DEBUG    255   2.92746729e+13 -3.71410877e+09  2.37e+03 1.45e-02  1.37e+03  2781s
[2025-09-16 18:07:27] DEBUG    256   2.92454355e+13 -3.68088289e+09  2.35e+03 1.45e-02  1.36e+03  2789s
[2025-09-16 18:07:42] DEBUG    257   2.91504982e+13 -3.62513845e+09  2.29e+03 1.45e-02  1.33e+03  2804s
[2025-09-16 18:07:52] DEBUG    258   2.91209384e+13 -3.58283601e+09  2.27e+03 1.45e-02  1.31e+03  2814s
[2025-09-16 18:08:03] DEBUG    259   2.90746841e+13 -3.53400387e+09  2.23e+03 1.45e-02  1.29e+03  2825s
[2025-09-16 18:08:10] DEBUG    260   2.90726096e+13 -3.50151941e+09  2.23e+03 1.45e-02  1.29e+03  2832s
[2025-09-16 18:08:19] DEBUG    261   2.90237044e+13 -3.45609657e+09  2.20e+03 1.45e-02  1.27e+03  2841s
[2025-09-16 18:08:30] DEBUG    262   2.89601527e+13 -3.41476878e+09  2.16e+03 1.45e-02  1.25e+03  2852s
[2025-09-16 18:08:40] DEBUG    263   2.89209241e+13 -3.37468924e+09  2.13e+03 1.45e-02  1.23e+03  2862s
[2025-09-16 18:08:48] DEBUG    264   2.88940365e+13 -3.34013283e+09  2.12e+03 1.45e-02  1.22e+03  2870s
[2025-09-16 18:08:58] DEBUG    265   2.88449981e+13 -3.31486711e+09  2.08e+03 1.45e-02  1.21e+03  2880s
[2025-09-16 18:09:11] DEBUG    266   2.87742577e+13 -3.22915675e+09  2.04e+03 1.45e-02  1.18e+03  2893s
[2025-09-16 18:09:19] DEBUG    267   2.87707554e+13 -3.19856647e+09  2.04e+03 1.45e-02  1.18e+03  2901s
[2025-09-16 18:09:27] DEBUG    268   2.87565520e+13 -3.16252017e+09  2.03e+03 1.45e-02  1.17e+03  2909s
[2025-09-16 18:09:37] DEBUG    269   2.87232052e+13 -3.12951327e+09  2.01e+03 1.45e-02  1.16e+03  2919s
[2025-09-16 18:09:44] DEBUG    270   2.87203313e+13 -3.09816582e+09  2.01e+03 1.45e-02  1.15e+03  2927s
[2025-09-16 18:09:56] DEBUG    271   2.86898217e+13 -3.06467557e+09  1.99e+03 1.45e-02  1.14e+03  2938s
[2025-09-16 18:10:07] DEBUG    272   2.86824182e+13 -3.02693593e+09  1.98e+03 1.45e-02  1.14e+03  2949s
[2025-09-16 18:10:18] DEBUG    273   2.86661534e+13 -2.98875737e+09  1.97e+03 1.45e-02  1.13e+03  2960s
[2025-09-16 18:10:25] DEBUG    274   2.86652634e+13 -2.97839949e+09  1.97e+03 1.45e-02  1.13e+03  2967s
[2025-09-16 18:10:34] DEBUG    275   2.86260503e+13 -2.93962710e+09  1.95e+03 1.45e-02  1.12e+03  2976s
[2025-09-16 18:10:43] DEBUG    276   2.86236469e+13 -2.92236163e+09  1.95e+03 1.45e-02  1.12e+03  2985s
[2025-09-16 18:10:51] DEBUG    277   2.86234180e+13 -2.92109977e+09  1.95e+03 1.45e-02  1.12e+03  2993s
[2025-09-16 18:11:04] DEBUG    278   2.86078567e+13 -2.88601143e+09  1.94e+03 1.45e-02  1.11e+03  3006s
[2025-09-16 18:11:13] DEBUG    279   2.86067647e+13 -2.86897659e+09  1.94e+03 1.45e-02  1.11e+03  3015s
[2025-09-16 18:11:27] DEBUG    280   2.85541110e+13 -2.84464635e+09  1.91e+03 1.45e-02  1.10e+03  3029s
[2025-09-16 18:11:36] DEBUG    281   2.85514909e+13 -2.81662770e+09  1.91e+03 1.45e-02  1.09e+03  3038s
[2025-09-16 18:11:48] DEBUG    282   2.85359205e+13 -2.77875733e+09  1.90e+03 1.45e-02  1.09e+03  3050s
[2025-09-16 18:12:02] DEBUG    283   2.85123178e+13 -2.74372931e+09  1.88e+03 1.45e-02  1.08e+03  3064s
[2025-09-16 18:12:13] DEBUG    284   2.84832809e+13 -2.70576855e+09  1.87e+03 1.45e-02  1.07e+03  3075s
[2025-09-16 18:12:22] DEBUG    285   2.84798976e+13 -2.67900579e+09  1.87e+03 1.45e-02  1.07e+03  3084s
[2025-09-16 18:12:30] DEBUG    286   2.84613122e+13 -2.66827337e+09  1.85e+03 1.45e-02  1.06e+03  3092s
[2025-09-16 18:12:41] DEBUG    287   2.84590291e+13 -2.65049432e+09  1.85e+03 1.45e-02  1.06e+03  3103s
[2025-09-16 18:12:52] DEBUG    288   2.84460846e+13 -2.63681454e+09  1.85e+03 1.45e-02  1.06e+03  3114s
[2025-09-16 18:13:03] DEBUG    289   2.83624280e+13 -2.60828487e+09  1.80e+03 1.45e-02  1.04e+03  3125s
[2025-09-16 18:13:12] DEBUG    290   2.83609155e+13 -2.59850856e+09  1.80e+03 1.45e-02  1.04e+03  3134s
[2025-09-16 18:13:27] DEBUG    291   2.83444425e+13 -2.56533649e+09  1.79e+03 1.45e-02  1.03e+03  3149s
[2025-09-16 18:13:39] DEBUG    292   2.83355714e+13 -2.55334845e+09  1.78e+03 1.45e-02  1.03e+03  3161s
[2025-09-16 18:13:53] DEBUG    293   2.83287098e+13 -2.51880037e+09  1.78e+03 1.45e-02  1.02e+03  3175s
[2025-09-16 18:14:01] DEBUG    294   2.83249723e+13 -2.49635077e+09  1.78e+03 1.45e-02  1.02e+03  3183s
[2025-09-16 18:14:13] DEBUG    295   2.82903683e+13 -2.48080831e+09  1.76e+03 1.45e-02  1.01e+03  3195s
[2025-09-16 18:14:21] DEBUG    296   2.82091616e+13 -2.46152091e+09  1.72e+03 1.45e-02  9.94e+02  3203s
[2025-09-16 18:14:30] DEBUG    297   2.82002391e+13 -2.44748479e+09  1.71e+03 1.45e-02  9.91e+02  3212s
[2025-09-16 18:14:46] DEBUG    298   2.81805666e+13 -2.41060035e+09  1.70e+03 1.45e-02  9.83e+02  3228s
[2025-09-16 18:14:56] DEBUG    299   2.81684149e+13 -2.37452609e+09  1.69e+03 1.47e-02  9.77e+02  3238s
[2025-09-16 18:15:11] DEBUG    300   2.81302370e+13 -2.34449759e+09  1.67e+03 1.48e-02  9.68e+02  3253s
[2025-09-16 18:15:19] DEBUG    301   2.81285141e+13 -2.32956353e+09  1.67e+03 1.49e-02  9.67e+02  3261s
[2025-09-16 18:15:30] DEBUG    302   2.81099703e+13 -2.30986484e+09  1.66e+03 1.50e-02  9.62e+02  3272s
[2025-09-16 18:15:41] DEBUG    303   2.80874490e+13 -2.28050258e+09  1.65e+03 1.51e-02  9.55e+02  3283s
[2025-09-16 18:15:48] DEBUG    304   2.80869393e+13 -2.26641201e+09  1.65e+03 1.52e-02  9.55e+02  3290s
[2025-09-16 18:15:59] DEBUG    305   2.80615113e+13 -2.24716084e+09  1.64e+03 1.52e-02  9.49e+02  3301s
[2025-09-16 18:16:07] DEBUG    306   2.80565583e+13 -2.23424636e+09  1.64e+03 1.53e-02  9.47e+02  3309s
[2025-09-16 18:16:14] DEBUG    307   2.80491158e+13 -2.22090965e+09  1.63e+03 1.54e-02  9.45e+02  3316s
[2025-09-16 18:16:26] DEBUG    308   2.80364326e+13 -2.19063694e+09  1.63e+03 1.55e-02  9.41e+02  3328s
[2025-09-16 18:16:38] DEBUG    309   2.80281870e+13 -2.16825243e+09  1.62e+03 1.56e-02  9.40e+02  3340s
[2025-09-16 18:16:48] DEBUG    310   2.80198364e+13 -2.13671134e+09  1.62e+03 1.57e-02  9.37e+02  3350s
[2025-09-16 18:16:59] DEBUG    311   2.80154975e+13 -2.11835917e+09  1.61e+03 1.58e-02  9.38e+02  3362s
[2025-09-16 18:17:08] DEBUG    312   2.79764568e+13 -2.11093474e+09  1.60e+03 1.58e-02  9.30e+02  3370s
[2025-09-16 18:17:17] DEBUG    313   2.79604982e+13 -2.09583405e+09  1.59e+03 1.58e-02  9.26e+02  3379s
[2025-09-16 18:17:26] DEBUG    314   2.79562985e+13 -2.08892720e+09  1.59e+03 1.59e-02  9.24e+02  3388s
[2025-09-16 18:17:37] DEBUG    315   2.79393078e+13 -2.07471873e+09  1.58e+03 1.59e-02  9.20e+02  3399s
[2025-09-16 18:17:48] DEBUG    316   2.79307147e+13 -2.05810854e+09  1.57e+03 1.60e-02  9.17e+02  3410s
[2025-09-16 18:17:58] DEBUG    317   2.79140998e+13 -2.04247207e+09  1.56e+03 1.60e-02  9.13e+02  3420s
[2025-09-16 18:17:58] DEBUG    Barrier performed 317 iterations in 3419.74 seconds (970.56 work units)
Numerical trouble encountered
[2025-09-16 18:17:58] DEBUG    Model may be infeasible or unbounded.  Consider using the
homogeneous algorithm (through parameter 'BarHomogeneous')
[2025-09-16 18:19:02] DEBUG    Waiting for other threads to finish...        3484s
[2025-09-16 18:20:06] DEBUG    Waiting for other threads to finish...        3548s
[2025-09-16 18:21:10] DEBUG    Waiting for other threads to finish...        3612s
[2025-09-16 18:22:14] DEBUG    Waiting for other threads to finish...        3676s
[2025-09-16 18:23:18] DEBUG    Waiting for other threads to finish...        3740s
[2025-09-16 18:24:23] DEBUG    Waiting for other threads to finish...        3805s
[2025-09-16 18:25:27] DEBUG    Waiting for other threads to finish...        3869s
[2025-09-16 18:26:32] DEBUG    Waiting for other threads to finish...        3934s
[2025-09-16 18:27:36] DEBUG    Waiting for other threads to finish...        3998s
[2025-09-16 18:28:41] DEBUG    Waiting for other threads to finish...        4063s
[2025-09-16 18:29:46] DEBUG    Waiting for other threads to finish...        4128s
[2025-09-16 18:30:51] DEBUG    Waiting for other threads to finish...        4193s
[2025-09-16 18:31:55] DEBUG    Waiting for other threads to finish...        4257s
[2025-09-16 18:33:00] DEBUG    Waiting for other threads to finish...        4322s
[2025-09-16 18:34:04] DEBUG    Waiting for other threads to finish...        4386s
[2025-09-16 18:35:08] DEBUG    Waiting for other threads to finish...        4450s
[2025-09-16 18:36:12] DEBUG    Waiting for other threads to finish...        4514s
[2025-09-16 18:37:17] DEBUG    Waiting for other threads to finish...        4579s
[2025-09-16 18:38:21] DEBUG    Waiting for other threads to finish...        4643s
[2025-09-16 18:39:26] DEBUG    Waiting for other threads to finish...        4708s
[2025-09-16 18:40:30] DEBUG    Waiting for other threads to finish...        4772s
[2025-09-16 18:41:34] DEBUG    Waiting for other threads to finish...        4836s
[2025-09-16 18:42:39] DEBUG    Waiting for other threads to finish...        4901s
[2025-09-16 18:43:43] DEBUG    Waiting for other threads to finish...        4965s
[2025-09-16 18:44:48] DEBUG    Waiting for other threads to finish...        5030s
[2025-09-16 18:45:52] DEBUG    Waiting for other threads to finish...        5094s
[2025-09-16 18:46:57] DEBUG    Waiting for other threads to finish...        5159s
[2025-09-16 18:48:01] DEBUG    Waiting for other threads to finish...        5223s
[2025-09-16 18:49:05] DEBUG    Waiting for other threads to finish...        5287s
[2025-09-16 18:50:10] DEBUG    Waiting for other threads to finish...        5352s
[2025-09-16 18:51:15] DEBUG    Waiting for other threads to finish...        5417s
[2025-09-16 18:52:19] DEBUG    Waiting for other threads to finish...        5481s
[2025-09-16 18:53:24] DEBUG    Waiting for other threads to finish...        5546s
[2025-09-16 18:54:29] DEBUG    Waiting for other threads to finish...        5611s
[2025-09-16 18:55:34] DEBUG    Waiting for other threads to finish...        5676s
[2025-09-16 18:56:38] DEBUG    Waiting for other threads to finish...        5740s
[2025-09-16 18:57:42] DEBUG    Waiting for other threads to finish...        5804s
[2025-09-16 18:58:47] DEBUG    Waiting for other threads to finish...        5869s
[2025-09-16 18:59:52] DEBUG    Waiting for other threads to finish...        5934s
[2025-09-16 19:00:56] DEBUG    Waiting for other threads to finish...        5998s
[2025-09-16 19:02:01] DEBUG    Waiting for other threads to finish...        6063s
[2025-09-16 19:03:05] DEBUG    Waiting for other threads to finish...        6127s
[2025-09-16 19:04:10] DEBUG    Waiting for other threads to finish...        6192s
[2025-09-16 19:05:14] DEBUG    Waiting for other threads to finish...        6256s
[2025-09-16 19:06:19] DEBUG    Waiting for other threads to finish...        6321s
[2025-09-16 19:07:23] DEBUG    Waiting for other threads to finish...        6385s
[2025-09-16 19:08:27] DEBUG    Waiting for other threads to finish...        6449s
[2025-09-16 19:09:32] DEBUG    Waiting for other threads to finish...        6514s
[2025-09-16 19:10:37] DEBUG    Waiting for other threads to finish...        6579s
[2025-09-16 19:11:41] DEBUG    Waiting for other threads to finish...        6643s
[2025-09-16 19:12:46] DEBUG    Waiting for other threads to finish...        6708s
[2025-09-16 19:13:50] DEBUG    Waiting for other threads to finish...        6772s
[2025-09-16 19:14:55] DEBUG    Waiting for other threads to finish...        6837s
[2025-09-16 19:15:59] DEBUG    Waiting for other threads to finish...        6901s
[2025-09-16 19:17:04] DEBUG    Waiting for other threads to finish...        6966s
[2025-09-16 19:18:09] DEBUG    Waiting for other threads to finish...        7031s
[2025-09-16 19:19:13] DEBUG    Waiting for other threads to finish...        7095s
[2025-09-16 19:20:18] DEBUG    Waiting for other threads to finish...        7160s
[2025-09-16 19:21:22] DEBUG    Waiting for other threads to finish...        7224s
[2025-09-16 19:22:27] DEBUG    Waiting for other threads to finish...        7289s
[2025-09-16 19:23:31] DEBUG    Waiting for other threads to finish...        7353s
[2025-09-16 19:24:36] DEBUG    Waiting for other threads to finish...        7418s
[2025-09-16 19:25:40] DEBUG    Waiting for other threads to finish...        7482s
[2025-09-16 19:26:45] DEBUG    Waiting for other threads to finish...        7547s
[2025-09-16 19:27:49] DEBUG    Waiting for other threads to finish...        7611s
[2025-09-16 19:28:54] DEBUG    Waiting for other threads to finish...        7676s
[2025-09-16 19:29:11] DEBUG    Solved with dual simplex
[2025-09-16 19:29:26] DEBUG    Iteration    Objective       Primal Inf.    Dual Inf.      Time
[2025-09-16 19:29:26] DEBUG    2866951    1.4125984e+10   0.000000e+00   0.000000e+00   7708s

Solved in 2866951 iterations and 7707.71 seconds (4930.91 work units)
[2025-09-16 19:29:26] DEBUG    Optimal objective  1.412598415e+10
✅ Scenario completato: new_trasmission_GT+VRES_2035_PHES
🏁 Tutti gli scenari sono stati processati.
