
🚀 Lancio scenario: new_trasmission_VRES_2035_BESS
[2025-08-27 11:01:44] INFO     Loading sets
[2025-08-27 11:01:44] INFO     Loading parameters
[2025-08-27 11:02:39] INFO     constraints are loaded in the following order: ['energy_balance', 'dispatch', 'costs', 'capacity', 'network', 'policy', 'conversion', 'group', 'conversion_plus', 'milp', 'export']
[2025-08-27 11:02:39] INFO     creating energy_balance constraints
[2025-08-27 11:07:13] INFO     creating dispatch constraints
[2025-08-27 11:10:42] INFO     creating costs constraints
[2025-08-27 11:23:17] INFO     creating capacity constraints
[2025-08-27 11:23:17] INFO     creating network constraints
[2025-08-27 11:23:17] INFO     creating policy constraints
[2025-08-27 11:23:17] INFO     creating conversion constraints
[2025-08-27 11:23:17] INFO     creating group constraints
[2025-08-27 11:23:17] INFO     creating conversion_plus constraints
[2025-08-27 11:23:17] INFO     creating milp constraints
[2025-08-27 11:23:17] INFO     creating export constraints
[2025-08-27 11:38:48] DEBUG    Set parameter WLSAccessID
Set parameter WLSSecret
Set parameter LicenseID to value 2680226
[2025-08-27 11:38:48] DEBUG    Academic license 2680226 - for non-commercial use only - registered to an___@mail.polimi.it
[2025-08-27 11:39:32] DEBUG    Read LP format model from file /tmp/tmpar6kfc2x.pyomo.lp
[2025-08-27 11:39:32] DEBUG    Reading time = 44.31 seconds
x21737196: 29016846 rows, 21737196 columns, 71109206 nonzeros
Set parameter NumericFocus to value 1
Gurobi Optimizer version 12.0.2 build v12.0.2rc0 (linux64 - "Debian GNU/Linux 11 (bullseye)")

CPU model: Intel(R) Xeon(R) Silver 4314 CPU @ 2.40GHz, instruction set [SSE2|AVX|AVX2|AVX512]
Thread count: 32 physical cores, 64 logical processors, using up to 32 threads

Non-default parameters:
NumericFocus  1
[2025-08-27 11:39:32] DEBUG    Academic license 2680226 - for non-commercial use only - registered to an___@mail.polimi.it
Optimize a model with 29016846 rows, 21737196 columns and 71109206 nonzeros
[2025-08-27 11:39:33] DEBUG    Model fingerprint: 0x12825cb2
[2025-08-27 11:39:33] DEBUG    Coefficient statistics:
  Matrix range     [1e-07, 6e+02]
  Objective range  [1e+00, 1e+06]
  Bounds range     [0e+00, 0e+00]
  RHS range        [1e+00, 2e+08]
[2025-08-27 11:39:39] DEBUG    Presolve removed 20621144 rows and 11655685 columns (presolve time = 5s)...
[2025-08-27 11:39:44] DEBUG    Presolve removed 21122273 rows and 13679482 columns (presolve time = 11s)...
[2025-08-27 11:39:48] DEBUG    Presolve removed 23192850 rows and 15750000 columns (presolve time = 15s)...
[2025-08-27 11:39:54] DEBUG    Presolve removed 24817334 rows and 17323705 columns (presolve time = 20s)...
[2025-08-27 11:40:27] DEBUG    Presolve removed 25355229 rows and 17577745 columns (presolve time = 54s)...
[2025-08-27 11:40:28] DEBUG    Presolve removed 25355229 rows and 17700385 columns (presolve time = 55s)...
[2025-08-27 11:40:33] DEBUG    Presolve removed 25355229 rows and 17700385 columns (presolve time = 60s)...
[2025-08-27 11:40:34] DEBUG    Presolve removed 25504132 rows and 17700385 columns
[2025-08-27 11:41:15] DEBUG    Presolve time: 102.67s
Presolved: 3512714 rows, 4185714 columns, 15186139 nonzeros

Concurrent LP optimizer: primal simplex, dual simplex, and barrier
Showing barrier log only...
[2025-08-27 11:41:58] DEBUG    Elapsed ordering time = 41s
[2025-08-27 11:42:02] DEBUG    Elapsed ordering time = 45s
[2025-08-27 11:42:07] DEBUG    Elapsed ordering time = 50s
[2025-08-27 11:42:17] DEBUG    Ordering time: 59.89s
[2025-08-27 11:42:20] DEBUG    Barrier statistics:
 Dense cols : 174
 AA' NZ     : 1.575e+07
[2025-08-27 11:42:20] DEBUG    Factor NZ  : 6.706e+07 (roughly 4.0 GB of memory)
 Factor Ops : 7.445e+09 (less than 1 second per iteration)
 Threads    : 30
[2025-08-27 11:42:26] DEBUG    Objective                Residual
[2025-08-27 11:42:26] DEBUG    Iter       Primal          Dual         Primal    Dual     Compl     Time
[2025-08-27 11:42:27] DEBUG    0   2.18021723e+21 -8.87499250e+18  7.88e+10 2.90e-11  3.23e+15   174s
[2025-08-27 11:42:31] DEBUG    1   1.49192982e+21 -8.86046619e+18  5.31e+10 1.77e+05  2.14e+15   179s
[2025-08-27 11:42:40] DEBUG    2   1.06269599e+21 -7.81699618e+18  3.75e+10 5.52e+04  1.18e+15   188s
[2025-08-27 11:42:49] DEBUG    3   7.26856558e+20 -7.22947536e+18  2.61e+10 2.24e+04  7.41e+14   197s
[2025-08-27 11:42:58] DEBUG    4   6.09329906e+20 -7.01534248e+18  2.22e+10 1.51e+04  6.10e+14   206s
[2025-08-27 11:43:04] DEBUG    5   5.28547148e+20 -6.90108829e+18  1.92e+10 1.25e+04  5.26e+14   212s
[2025-08-27 11:43:10] DEBUG    6   4.84629277e+20 -6.82076071e+18  1.75e+10 1.00e+04  4.74e+14   218s
[2025-08-27 11:43:18] DEBUG    7   4.14635213e+20 -6.75038447e+18  1.50e+10 8.33e+03  4.07e+14   226s
[2025-08-27 11:43:28] DEBUG    8   3.42835651e+20 -6.70951484e+18  1.24e+10 5.65e+03  3.29e+14   236s
[2025-08-27 11:43:38] DEBUG    9   1.05419245e+20 -6.58423794e+18  3.24e+09 1.20e+03  8.86e+13   246s
[2025-08-27 11:43:50] DEBUG    10   3.47960239e+19 -6.39568248e+18  9.02e+08 2.67e+02  2.54e+13   257s
[2025-08-27 11:44:00] DEBUG    11   3.41372115e+18 -5.02442287e+18  8.16e+07 4.04e+01  2.85e+12   268s
[2025-08-27 11:44:09] DEBUG    12   5.74865942e+17 -1.46950238e+18  1.35e+07 2.56e+00  4.63e+11   276s
[2025-08-27 11:44:14] DEBUG    13   5.14505359e+16 -5.09470199e+17  1.16e+06 3.49e-01  7.72e+10   282s
[2025-08-27 11:44:20] DEBUG    14   6.83813662e+14 -4.17006288e+16  1.14e+04 6.33e-03  4.54e+09   288s
[2025-08-27 11:44:27] DEBUG    15   1.23745111e+14 -4.48057078e+15  1.57e+02 2.30e-02  4.78e+08   294s
[2025-08-27 11:44:33] DEBUG    16   1.06304624e+14 -1.66952292e+15  3.18e+00 1.95e-02  1.80e+08   301s
[2025-08-27 11:44:39] DEBUG    17   9.52098756e+13 -2.75877774e+14  7.49e-01 2.00e-02  3.16e+07   307s
[2025-08-27 11:44:45] DEBUG    18   8.86224458e+13 -1.22846031e+14  4.32e-01 3.26e-02  1.45e+07   312s
[2025-08-27 11:44:51] DEBUG    19   8.14867068e+13 -4.70350868e+13  2.19e-01 3.79e-02  5.89e+06   319s
[2025-08-27 11:44:57] DEBUG    20   7.94142466e+13 -3.84393846e+13  1.84e-01 3.83e-02  4.87e+06   325s
[2025-08-27 11:45:11] DEBUG    21   7.91654692e+13 -3.69208747e+13  1.81e-01 3.84e-02  4.69e+06   338s
[2025-08-27 11:45:17] DEBUG    22   7.89660118e+13 -3.50516686e+13  1.78e-01 3.85e-02  4.47e+06   345s
[2025-08-27 11:45:24] DEBUG    23   7.84820710e+13 -3.17847242e+13  1.72e-01 3.88e-02  4.08e+06   351s
[2025-08-27 11:45:32] DEBUG    24   7.82985759e+13 -3.14496549e+13  1.69e-01 3.88e-02  4.04e+06   360s
[2025-08-27 11:45:42] DEBUG    25   7.76978588e+13 -2.99609692e+13  1.62e-01 3.89e-02  3.85e+06   370s
[2025-08-27 11:45:59] DEBUG    26   7.74301793e+13 -2.93310245e+13  1.59e-01 3.89e-02  3.77e+06   387s
[2025-08-27 11:46:11] DEBUG    27   7.73199480e+13 -2.78946993e+13  1.57e-01 3.91e-02  3.60e+06   398s
[2025-08-27 11:46:22] DEBUG    28   7.61890040e+13 -1.57825893e+13  1.44e-01 3.98e-02  2.18e+06   410s
[2025-08-27 11:46:35] DEBUG    29   7.45710537e+13 -1.09500690e+13  1.26e-01 4.00e-02  1.57e+06   423s
[2025-08-27 11:46:45] DEBUG    30   7.39909481e+13 -9.75409051e+12  1.20e-01 4.00e-02  1.42e+06   433s
[2025-08-27 11:46:59] DEBUG    31   7.34797373e+13 -8.01814255e+12  1.15e-01 4.00e-02  1.21e+06   446s
[2025-08-27 11:47:11] DEBUG    32   7.31911697e+13 -7.41092174e+12  1.12e-01 4.00e-02  1.13e+06   458s
[2025-08-27 11:47:24] DEBUG    33   7.29814792e+13 -6.24515247e+12  1.10e-01 3.99e-02  9.97e+05   472s
[2025-08-27 11:47:37] DEBUG    34   7.27520182e+13 -6.14607757e+12  1.08e-01 3.99e-02  9.80e+05   485s
[2025-08-27 11:47:48] DEBUG    35   7.22329926e+13 -5.90226607e+12  1.03e-01 3.99e-02  9.41e+05   495s
[2025-08-27 11:48:00] DEBUG    36   7.20418101e+13 -5.57985402e+12  1.01e-01 3.99e-02  9.00e+05   508s
[2025-08-27 11:48:13] DEBUG    37   7.13547127e+13 -5.16496522e+12  9.53e-02 3.98e-02  8.39e+05   521s
[2025-08-27 11:48:25] DEBUG    38   7.08833929e+13 -3.72388907e+12  9.14e-02 3.97e-02  6.63e+05   533s
[2025-08-27 11:48:42] DEBUG    39   7.00893503e+13 -2.83854795e+12  8.50e-02 3.96e-02  5.43e+05   550s
[2025-08-27 11:49:04] DEBUG    40   6.83765510e+13 -2.47680804e+12  8.18e-02 3.93e-02  5.00e+05   571s
[2025-08-27 11:49:17] DEBUG    41   6.81367780e+13 -2.41891411e+12  8.12e-02 3.92e-02  4.92e+05   584s
[2025-08-27 11:49:29] DEBUG    42   6.68761032e+13 -2.21814992e+12  7.84e-02 3.90e-02  4.65e+05   597s
[2025-08-27 11:49:46] DEBUG    43   6.57241430e+13 -2.10859773e+12  7.66e-02 3.89e-02  4.50e+05   614s
[2025-08-27 11:50:05] DEBUG    44   6.45788934e+13 -2.06514530e+12  7.48e-02 3.88e-02  4.43e+05   633s
[2025-08-27 11:50:20] DEBUG    45   6.16488525e+13 -1.90838804e+12  7.03e-02 3.84e-02  4.17e+05   648s
[2025-08-27 11:50:44] DEBUG    46   6.08497897e+13 -1.80238359e+12  6.91e-02 3.82e-02  4.05e+05   672s
[2025-08-27 11:51:05] DEBUG    47   5.91184993e+13 -1.71815907e+12  6.60e-02 3.77e-02  3.90e+05   692s
[2025-08-27 11:51:21] DEBUG    48   5.80007858e+13 -1.52157872e+12  6.36e-02 3.73e-02  3.64e+05   708s
[2025-08-27 11:51:44] DEBUG    49   5.74964258e+13 -1.26622170e+12  6.26e-02 3.65e-02  3.41e+05   732s
[2025-08-27 11:51:56] DEBUG    50   5.58614085e+13 -1.11997703e+12  5.97e-02 3.60e-02  3.21e+05   744s
[2025-08-27 11:52:15] DEBUG    51   5.12270666e+13 -9.08818697e+11  5.30e-02 3.50e-02  2.76e+05   763s
[2025-08-27 11:52:44] DEBUG    52   4.78817054e+13 -7.86304044e+11  4.82e-02 3.43e-02  2.46e+05   792s
[2025-08-27 11:53:03] DEBUG    53   4.67829335e+13 -6.07227514e+11  4.54e-02 3.30e-02  2.21e+05   811s
[2025-08-27 11:53:18] DEBUG    54   4.54540506e+13 -5.27792881e+11  4.20e-02 3.20e-02  2.03e+05   826s
[2025-08-27 11:53:34] DEBUG    55   4.28807042e+13 -4.28803706e+11  3.58e-02 3.03e-02  1.72e+05   842s
[2025-08-27 11:53:51] DEBUG    56   4.19475946e+13 -3.87678267e+11  3.45e-02 2.97e-02  1.65e+05   858s
[2025-08-27 11:54:15] DEBUG    57   3.95787202e+13 -3.23267655e+11  3.19e-02 2.85e-02  1.51e+05   882s
[2025-08-27 11:54:33] DEBUG    58   3.81282669e+13 -2.70113453e+11  2.95e-02 2.76e-02  1.40e+05   900s
[2025-08-27 11:54:48] DEBUG    59   3.68000193e+13 -2.49177057e+11  2.69e-02 2.72e-02  1.27e+05   916s
[2025-08-27 11:55:08] DEBUG    60   3.59246061e+13 -2.22833492e+11  2.56e-02 2.68e-02  1.21e+05   936s
[2025-08-27 11:55:28] DEBUG    61   3.56586206e+13 -2.15266143e+11  2.52e-02 2.67e-02  1.19e+05   956s
[2025-08-27 11:55:49] DEBUG    62   3.43739491e+13 -1.86563580e+11  2.34e-02 2.60e-02  1.11e+05   977s
[2025-08-27 11:56:13] DEBUG    63   3.27704135e+13 -1.75930780e+11  2.16e-02 2.57e-02  1.03e+05  1001s
[2025-08-27 11:56:39] DEBUG    64   3.14072777e+13 -1.55726810e+11  2.04e-02 2.50e-02  9.69e+04  1027s
[2025-08-27 11:57:03] DEBUG    65   3.07353846e+13 -1.49825618e+11  1.98e-02 2.46e-02  9.39e+04  1051s
[2025-08-27 11:57:28] DEBUG    66   3.03541084e+13 -1.46805263e+11  1.94e-02 2.43e-02  9.22e+04  1076s
[2025-08-27 11:57:54] DEBUG    67   2.97097414e+13 -1.40441992e+11  1.88e-02 2.33e-02  8.94e+04  1101s
[2025-08-27 11:58:18] DEBUG    68   2.93501873e+13 -1.37198989e+11  1.83e-02 2.28e-02  8.71e+04  1126s
[2025-08-27 11:58:37] DEBUG    69   2.84615999e+13 -1.25764816e+11  1.67e-02 2.05e-02  7.94e+04  1144s
[2025-08-27 11:59:06] DEBUG    70   2.76372218e+13 -1.07330750e+11  1.58e-02 1.96e-02  7.51e+04  1173s
[2025-08-27 11:59:33] DEBUG    71   2.66594616e+13 -9.29073825e+10  1.49e-02 1.91e-02  7.07e+04  1201s
[2025-08-27 12:00:04] DEBUG    72   2.60381576e+13 -8.12008066e+10  1.43e-02 1.90e-02  6.93e+04  1231s
[2025-08-27 12:00:22] DEBUG    73   2.56211851e+13 -7.46027677e+10  1.38e-02 1.89e-02  6.84e+04  1250s
[2025-08-27 12:00:45] DEBUG    74   2.53257820e+13 -6.25192920e+10  1.35e-02 1.87e-02  6.86e+04  1273s
[2025-08-27 12:01:15] DEBUG    75   2.39843694e+13 -5.68026659e+10  1.21e-02 1.86e-02  6.13e+04  1303s
[2025-08-27 12:01:42] DEBUG    76   2.31627198e+13 -5.40044896e+10  1.13e-02 1.86e-02  6.86e+04  1330s
[2025-08-27 12:02:07] DEBUG    77   2.30133783e+13 -5.11679336e+10  1.11e-02 1.85e-02  6.83e+04  1355s
[2025-08-27 12:02:35] DEBUG    78   2.21940946e+13 -4.88410457e+10  1.03e-02 1.84e-02  6.54e+04  1382s
[2025-08-27 12:02:53] DEBUG    79   2.18476185e+13 -4.09689095e+10  9.56e-03 1.83e-02  6.12e+04  1401s
[2025-08-27 12:03:10] DEBUG    80   2.11345019e+13 -2.79915394e+10  8.20e-03 1.81e-02  5.25e+04  1418s
[2025-08-27 12:03:20] DEBUG    81   2.09909315e+13 -2.52762577e+10  7.86e-03 1.80e-02  5.03e+04  1428s
[2025-08-27 12:03:29] DEBUG    82   2.08462734e+13 -2.26868998e+10  7.53e-03 1.79e-02  4.80e+04  1437s
[2025-08-27 12:03:39] DEBUG    83   2.03638366e+13 -1.99315739e+10  6.46e-03 1.78e-02  4.11e+04  1447s
[2025-08-27 12:04:03] DEBUG    84   2.00495480e+13 -1.75814215e+10  6.13e-03 1.77e-02  3.86e+04  1471s
[2025-08-27 12:04:30] DEBUG    85   1.94251909e+13 -1.58093018e+10  5.60e-03 1.76e-02  3.52e+04  1498s
[2025-08-27 12:04:56] DEBUG    86   1.90817929e+13 -1.35613454e+10  5.15e-03 1.75e-02  3.22e+04  1523s
[2025-08-27 12:05:10] DEBUG    87   1.89290544e+13 -9.99596273e+09  4.88e-03 1.73e-02  2.97e+04  1538s
[2025-08-27 12:05:29] DEBUG    88   1.86764525e+13 -8.53718617e+09  4.45e-03 1.72e-02  2.70e+04  1557s
[2025-08-27 12:05:44] DEBUG    89   1.86257643e+13 -7.02003914e+09  4.30e-03 1.71e-02  2.57e+04  1572s
[2025-08-27 12:06:02] DEBUG    90   1.84350624e+13 -4.98065989e+09  4.00e-03 1.68e-02  2.34e+04  1589s
[2025-08-27 12:06:16] DEBUG    91   1.82677034e+13 -4.05549335e+09  3.76e-03 1.67e-02  2.19e+04  1604s
[2025-08-27 12:06:32] DEBUG    92   1.79132385e+13 -2.81102856e+09  3.26e-03 1.65e-02  1.91e+04  1620s
[2025-08-27 12:06:47] DEBUG    93   1.77119425e+13 -1.70433340e+09  2.80e-03 1.63e-02  1.63e+04  1635s
[2025-08-27 12:06:55] DEBUG    94   1.76468502e+13 -1.13709117e+09  2.66e-03 1.62e-02  1.55e+04  1643s
[2025-08-27 12:07:06] DEBUG    95   1.75586455e+13 -4.54758892e+08  2.49e-03 1.62e-02  1.44e+04  1654s
[2025-08-27 12:07:19] DEBUG    96   1.74880045e+13  2.69307081e+08  2.36e-03 1.61e-02  1.34e+04  1667s
[2025-08-27 12:07:32] DEBUG    97   1.73697305e+13  9.62848068e+08  2.16e-03 1.59e-02  1.22e+04  1679s
[2025-08-27 12:07:45] DEBUG    98   1.71847508e+13  1.75490544e+09  1.86e-03 1.58e-02  1.05e+04  1693s
[2025-08-27 12:07:59] DEBUG    99   1.71584701e+13  2.04642599e+09  1.82e-03 1.57e-02  1.02e+04  1707s
[2025-08-27 12:08:12] DEBUG    100   1.70455087e+13  2.60531596e+09  1.66e-03 1.56e-02  9.30e+03  1720s
[2025-08-27 12:08:29] DEBUG    101   1.69824482e+13  2.94492632e+09  1.58e-03 1.55e-02  8.82e+03  1736s
[2025-08-27 12:08:46] DEBUG    102   1.69336679e+13  3.55339980e+09  1.52e-03 1.53e-02  8.31e+03  1753s
[2025-08-27 12:09:00] DEBUG    103   1.67754451e+13  4.10581217e+09  1.34e-03 1.52e-02  7.36e+03  1768s
[2025-08-27 12:09:15] DEBUG    104   1.66948925e+13  4.58061376e+09  1.25e-03 1.51e-02  6.85e+03  1783s
[2025-08-27 12:09:31] DEBUG    105   1.66257878e+13  4.97985004e+09  1.18e-03 1.50e-02  6.43e+03  1799s
[2025-08-27 12:09:45] DEBUG    106   1.65475436e+13  5.24088887e+09  1.11e-03 1.49e-02  6.02e+03  1812s
[2025-08-27 12:09:59] DEBUG    107   1.64795588e+13  5.65149676e+09  1.05e-03 1.48e-02  5.64e+03  1826s
[2025-08-27 12:10:09] DEBUG    108   1.64370244e+13  5.85331164e+09  1.02e-03 1.47e-02  5.43e+03  1837s
[2025-08-27 12:10:24] DEBUG    109   1.64115523e+13  6.10967672e+09  9.96e-04 1.46e-02  5.27e+03  1852s
[2025-08-27 12:10:38] DEBUG    110   1.63526226e+13  6.37644842e+09  9.49e-04 1.45e-02  4.97e+03  1866s
[2025-08-27 12:10:50] DEBUG    111   1.63088907e+13  6.50722301e+09  9.16e-04 1.45e-02  4.79e+03  1878s
[2025-08-27 12:11:04] DEBUG    112   1.62685104e+13  6.71772978e+09  8.86e-04 1.44e-02  4.60e+03  1892s
[2025-08-27 12:11:20] DEBUG    113   1.62424193e+13  6.76075964e+09  8.68e-04 1.44e-02  4.51e+03  1907s
[2025-08-27 12:11:36] DEBUG    114   1.62109765e+13  6.85805382e+09  8.46e-04 1.44e-02  4.38e+03  1924s
[2025-08-27 12:12:00] DEBUG    115   1.62084052e+13  6.93879342e+09  8.43e-04 1.43e-02  4.36e+03  1947s
[2025-08-27 12:12:15] DEBUG    116   1.62005007e+13  6.95463741e+09  8.38e-04 1.43e-02  4.33e+03  1962s
[2025-08-27 12:12:32] DEBUG    117   1.61652233e+13  6.92088907e+09  8.13e-04 1.43e-02  4.44e+03  1980s
[2025-08-27 12:12:50] DEBUG    118   1.61364952e+13  6.96943508e+09  7.93e-04 1.43e-02  4.38e+03  1998s
[2025-08-27 12:13:16] DEBUG    119   1.61327445e+13  7.02010716e+09  7.91e-04 1.43e-02  4.35e+03  2024s
[2025-08-27 12:13:32] DEBUG    120   1.61148422e+13  7.04072848e+09  7.79e-04 1.43e-02  4.29e+03  2040s
[2025-08-27 12:13:48] DEBUG    121   1.61054800e+13  7.06212185e+09  7.73e-04 1.43e-02  4.26e+03  2056s
[2025-08-27 12:14:02] DEBUG    122   1.60879699e+13  7.13474615e+09  7.61e-04 1.42e-02  4.19e+03  2069s
[2025-08-27 12:14:02] DEBUG    Barrier performed 122 iterations in 2069.44 seconds (539.20 work units)
[2025-08-27 12:14:02] DEBUG    Numerical trouble encountered
[2025-08-27 12:14:02] DEBUG    Model may be infeasible or unbounded.  Consider using the
[2025-08-27 12:14:02] DEBUG    homogeneous algorithm (through parameter 'BarHomogeneous')
[2025-08-27 12:15:06] DEBUG    Waiting for other threads to finish...        2134s
[2025-08-27 12:16:11] DEBUG    Waiting for other threads to finish...        2198s
[2025-08-27 12:17:15] DEBUG    Waiting for other threads to finish...        2263s
[2025-08-27 12:18:20] DEBUG    Waiting for other threads to finish...        2327s
[2025-08-27 12:19:24] DEBUG    Waiting for other threads to finish...        2392s
[2025-08-27 12:20:29] DEBUG    Waiting for other threads to finish...        2457s
[2025-08-27 12:21:33] DEBUG    Waiting for other threads to finish...        2521s
[2025-08-27 12:22:38] DEBUG    Waiting for other threads to finish...        2586s
[2025-08-27 12:23:42] DEBUG    Waiting for other threads to finish...        2650s
[2025-08-27 12:24:47] DEBUG    Waiting for other threads to finish...        2715s
[2025-08-27 12:25:51] DEBUG    Waiting for other threads to finish...        2779s
[2025-08-27 12:26:56] DEBUG    Waiting for other threads to finish...        2844s
[2025-08-27 12:28:00] DEBUG    Waiting for other threads to finish...        2908s
[2025-08-27 12:29:05] DEBUG    Waiting for other threads to finish...        2973s
[2025-08-27 12:30:10] DEBUG    Waiting for other threads to finish...        3038s
[2025-08-27 12:31:14] DEBUG    Waiting for other threads to finish...        3102s
[2025-08-27 12:31:21] DEBUG    Solved with dual simplex
[2025-08-27 12:31:34] DEBUG    Iteration    Objective       Primal Inf.    Dual Inf.      Time
[2025-08-27 12:31:34] DEBUG    1865302    1.6495340e+10   0.000000e+00   0.000000e+00   3122s

Solved in 1865302 iterations and 3121.97 seconds (1892.10 work units)
[2025-08-27 12:31:34] DEBUG    Optimal objective  1.649534007e+10
✅ Scenario completato: new_trasmission_VRES_2035_BESS

🚀 Lancio scenario: new_trasmission_VRES_2035_PHES
[2025-08-27 12:40:39] INFO     Loading sets
[2025-08-27 12:40:39] INFO     Loading parameters
[2025-08-27 12:41:18] INFO     constraints are loaded in the following order: ['energy_balance', 'dispatch', 'costs', 'capacity', 'network', 'policy', 'conversion', 'group', 'conversion_plus', 'milp', 'export']
[2025-08-27 12:41:18] INFO     creating energy_balance constraints
[2025-08-27 12:46:47] INFO     creating dispatch constraints
[2025-08-27 12:51:22] INFO     creating costs constraints
[2025-08-27 13:04:28] INFO     creating capacity constraints
[2025-08-27 13:04:28] INFO     creating network constraints
[2025-08-27 13:04:28] INFO     creating policy constraints
[2025-08-27 13:04:28] INFO     creating conversion constraints
[2025-08-27 13:04:28] INFO     creating group constraints
[2025-08-27 13:04:28] INFO     creating conversion_plus constraints
[2025-08-27 13:04:28] INFO     creating milp constraints
[2025-08-27 13:04:28] INFO     creating export constraints
[2025-08-27 13:20:00] DEBUG    Set parameter WLSAccessID
Set parameter WLSSecret
Set parameter LicenseID to value 2680226
[2025-08-27 13:20:00] DEBUG    Academic license 2680226 - for non-commercial use only - registered to an___@mail.polimi.it
[2025-08-27 13:20:45] DEBUG    Read LP format model from file /tmp/tmpp3hzz_fr.pyomo.lp
Reading time = 44.42 seconds
[2025-08-27 13:20:45] DEBUG    x21816042: 29113269 rows, 21816042 columns, 71573532 nonzeros
Set parameter NumericFocus to value 1
Gurobi Optimizer version 12.0.2 build v12.0.2rc0 (linux64 - "Debian GNU/Linux 11 (bullseye)")

CPU model: Intel(R) Xeon(R) Silver 4314 CPU @ 2.40GHz, instruction set [SSE2|AVX|AVX2|AVX512]
Thread count: 32 physical cores, 64 logical processors, using up to 32 threads

Non-default parameters:
NumericFocus  1
[2025-08-27 13:20:45] DEBUG    Academic license 2680226 - for non-commercial use only - registered to an___@mail.polimi.it
Optimize a model with 29113269 rows, 21816042 columns and 71573532 nonzeros
[2025-08-27 13:20:46] DEBUG    Model fingerprint: 0xad130470
[2025-08-27 13:20:46] DEBUG    Coefficient statistics:
  Matrix range     [1e-07, 6e+02]
  Objective range  [1e+00, 1e+06]
  Bounds range     [0e+00, 0e+00]
  RHS range        [1e+00, 6e+09]
Warning: Model contains large rhs
[2025-08-27 13:20:52] DEBUG    Presolve removed 20743850 rows and 11725775 columns (presolve time = 6s)...
[2025-08-27 13:20:57] DEBUG    Presolve removed 21367586 rows and 13863428 columns (presolve time = 11s)...
[2025-08-27 13:21:01] DEBUG    Presolve removed 23454243 rows and 15950000 columns (presolve time = 15s)...
[2025-08-27 13:21:06] DEBUG    Presolve removed 25053986 rows and 17504165 columns (presolve time = 20s)...
[2025-08-27 13:21:40] DEBUG    Presolve removed 25583127 rows and 17758205 columns (presolve time = 54s)...
[2025-08-27 13:21:41] DEBUG    Presolve removed 25583127 rows and 17758205 columns (presolve time = 55s)...
[2025-08-27 13:21:46] DEBUG    Presolve removed 25583127 rows and 17880845 columns (presolve time = 60s)...
[2025-08-27 13:21:47] DEBUG    Presolve removed 25732030 rows and 17880845 columns
[2025-08-27 13:22:27] DEBUG    Presolve time: 102.42s
Presolved: 3381239 rows, 4084100 columns, 14647947 nonzeros
[2025-08-27 13:22:27] DEBUG    Concurrent LP optimizer: primal simplex, dual simplex, and barrier
Showing barrier log only...
[2025-08-27 13:23:00] DEBUG    Elapsed ordering time = 30s
[2025-08-27 13:23:05] DEBUG    Elapsed ordering time = 35s
[2025-08-27 13:23:10] DEBUG    Ordering time: 40.25s
[2025-08-27 13:23:13] DEBUG    Barrier statistics:
 Dense cols : 170
[2025-08-27 13:23:13] DEBUG    AA' NZ     : 1.497e+07
 Factor NZ  : 6.282e+07 (roughly 3.5 GB of memory)
 Factor Ops : 6.750e+09 (less than 1 second per iteration)
 Threads    : 30
[2025-08-27 13:23:18] DEBUG    Objective                Residual
[2025-08-27 13:23:18] DEBUG    Iter       Primal          Dual         Primal    Dual     Compl     Time
[2025-08-27 13:23:19] DEBUG    0   2.23787168e+21 -9.04208472e+18  6.90e+10 2.90e-11  3.32e+15   154s
[2025-08-27 13:23:25] DEBUG    1   2.05015438e+21 -9.17780114e+18  6.30e+10 1.67e+05  2.63e+15   160s
[2025-08-27 13:23:34] DEBUG    2   1.90793243e+21 -2.16316401e+19  5.91e+10 1.39e+05  2.42e+15   169s
[2025-08-27 13:23:45] DEBUG    3   1.64886520e+21 -7.10808848e+19  5.17e+10 5.54e+04  1.90e+15   180s
[2025-08-27 13:23:53] DEBUG    4   9.86315097e+20 -8.31719947e+19  3.09e+10 2.42e+04  1.11e+15   188s
[2025-08-27 13:24:03] DEBUG    5   6.75846218e+20 -8.20141180e+19  2.12e+10 8.97e+03  7.27e+14   198s
[2025-08-27 13:24:11] DEBUG    6   5.44390390e+20 -7.60348611e+19  1.70e+10 4.21e+03  5.72e+14   207s
[2025-08-27 13:24:18] DEBUG    7   4.81772709e+20 -7.33392323e+19  1.51e+10 3.40e+03  5.05e+14   213s
[2025-08-27 13:24:23] DEBUG    8   4.08194709e+20 -6.90711256e+19  1.27e+10 2.53e+03  4.26e+14   219s
[2025-08-27 13:24:30] DEBUG    9   3.41849467e+20 -6.36531676e+19  1.06e+10 1.70e+03  3.56e+14   225s
[2025-08-27 13:24:38] DEBUG    10   9.96378321e+19 -5.33017338e+19  2.85e+09 1.00e+03  1.04e+14   233s
[2025-08-27 13:24:48] DEBUG    11   3.01838269e+19 -3.49941950e+19  7.72e+08 3.90e+02  3.10e+13   244s
[2025-08-27 13:24:56] DEBUG    12   1.12624495e+19 -2.49435194e+19  2.71e+08 2.24e+02  1.26e+13   251s
[2025-08-27 13:25:03] DEBUG    13   5.97769137e+18 -1.59420196e+19  1.41e+08 1.17e+02  6.79e+12   258s
[2025-08-27 13:25:09] DEBUG    14   1.29999452e+18 -8.70787568e+18  3.15e+07 4.79e+01  2.18e+12   264s
[2025-08-27 13:25:15] DEBUG    15   1.39132898e+17 -1.20150061e+18  3.68e+06 2.89e+00  2.36e+11   270s
[2025-08-27 13:25:21] DEBUG    16   6.51639440e+15 -1.49204155e+17  1.61e+05 3.60e-02  1.90e+10   277s
[2025-08-27 13:25:27] DEBUG    17   1.05730996e+14 -5.27525158e+15  1.15e+02 7.05e-04  5.79e+08   282s
[2025-08-27 13:25:33] DEBUG    18   8.27055201e+13 -1.09649727e+15  2.47e-01 2.37e-02  1.25e+08   288s
[2025-08-27 13:25:39] DEBUG    19   7.12564892e+13 -4.17995053e+14  3.88e-03 1.13e-02  4.84e+07   294s
[2025-08-27 13:25:58] DEBUG    20   6.03651191e+13 -2.67782164e+14  2.91e-03 9.13e-03  3.15e+07   313s
[2025-08-27 13:26:25] DEBUG    21   4.73826665e+13 -9.80369633e+13  1.55e-03 1.21e-02  1.23e+07   341s
[2025-08-27 13:26:54] DEBUG    22   4.66432203e+13 -9.68897574e+13  1.51e-03 1.20e-02  1.22e+07   369s
[2025-08-27 13:27:18] DEBUG    23   4.57844876e+13 -5.66489113e+13  1.45e-03 1.03e-02  7.68e+06   393s
[2025-08-27 13:27:43] DEBUG    24   3.71314460e+13 -3.50608690e+13  9.19e-04 1.12e-02  4.90e+06   418s
[2025-08-27 13:28:08] DEBUG    25   3.60524241e+13 -2.67374619e+13  8.70e-04 1.08e-02  3.93e+06   443s
[2025-08-27 13:28:35] DEBUG    26   3.52377662e+13 -2.45889081e+13  8.35e-04 1.05e-02  3.66e+06   470s
[2025-08-27 13:29:00] DEBUG    27   3.28900651e+13 -1.30280471e+13  7.37e-04 8.68e-03  2.27e+06   495s
[2025-08-27 13:29:31] DEBUG    28   3.17130379e+13 -9.93249160e+12  6.91e-04 7.85e-03  1.88e+06   526s
[2025-08-27 13:29:57] DEBUG    29   3.06522442e+13 -8.45191047e+12  6.49e-04 7.26e-03  1.68e+06   552s
[2025-08-27 13:30:26] DEBUG    30   2.88186647e+13 -6.50906174e+12  5.82e-04 7.57e-03  1.39e+06   581s
[2025-08-27 13:30:56] DEBUG    31   2.83586482e+13 -5.62581533e+12  5.65e-04 6.94e-03  1.28e+06   611s
[2025-08-27 13:31:26] DEBUG    32   2.78499809e+13 -5.44390222e+12  5.47e-04 6.93e-03  1.24e+06   641s
[2025-08-27 13:31:55] DEBUG    33   2.73273670e+13 -5.24959222e+12  5.28e-04 6.81e-03  1.19e+06   670s
[2025-08-27 13:32:19] DEBUG    34   2.69807012e+13 -5.07083830e+12  5.15e-04 6.66e-03  1.16e+06   694s
[2025-08-27 13:32:46] DEBUG    35   2.63056221e+13 -4.17888118e+12  4.93e-04 6.20e-03  1.04e+06   721s
[2025-08-27 13:33:13] DEBUG    36   2.55809568e+13 -3.62775460e+12  4.67e-04 5.98e-03  9.48e+05   748s
[2025-08-27 13:33:38] DEBUG    37   2.52318172e+13 -3.45994198e+12  4.56e-04 5.85e-03  9.14e+05   774s
[2025-08-27 13:34:01] DEBUG    38   2.46971078e+13 -3.26825913e+12  4.37e-04 5.57e-03  8.73e+05   797s
[2025-08-27 13:34:33] DEBUG    39   2.42626090e+13 -2.94360773e+12  4.22e-04 5.30e-03  8.22e+05   828s
[2025-08-27 13:34:57] DEBUG    40   2.34950559e+13 -2.59373236e+12  3.97e-04 4.81e-03  7.56e+05   852s
[2025-08-27 13:35:22] DEBUG    41   2.21184981e+13 -2.40636374e+12  3.49e-04 4.62e-03  6.73e+05   877s
[2025-08-27 13:35:55] DEBUG    42   2.01243815e+13 -1.75057811e+12  2.84e-04 3.46e-03  5.29e+05   911s
[2025-08-27 13:36:19] DEBUG    43   1.92935467e+13 -1.54989293e+12  2.59e-04 3.21e-03  4.72e+05   934s
[2025-08-27 13:36:47] DEBUG    44   1.87298265e+13 -1.22762240e+12  2.42e-04 3.18e-03  4.16e+05   962s
[2025-08-27 13:37:08] DEBUG    45   1.71676745e+13 -7.33796459e+11  1.92e-04 2.51e-03  3.02e+05   983s
[2025-08-27 13:37:28] DEBUG    46   1.70273987e+13 -6.54244241e+11  1.89e-04 2.25e-03  2.90e+05  1003s
[2025-08-27 13:37:50] DEBUG    47   1.67212928e+13 -5.85142477e+11  1.80e-04 2.07e-03  2.73e+05  1025s
[2025-08-27 13:38:17] DEBUG    48   1.63921706e+13 -5.73273515e+11  1.71e-04 2.09e-03  2.60e+05  1052s
[2025-08-27 13:38:41] DEBUG    49   1.53792647e+13 -5.05723966e+11  1.43e-04 1.95e-03  2.21e+05  1076s
[2025-08-27 13:39:03] DEBUG    50   1.52435334e+13 -4.44858957e+11  1.40e-04 1.74e-03  2.11e+05  1098s
[2025-08-27 13:39:27] DEBUG    51   1.43902302e+13 -3.92327143e+11  1.20e-04 3.23e-03  1.78e+05  1122s
[2025-08-27 13:39:53] DEBUG    52   1.35871437e+13 -3.17899968e+11  9.85e-05 5.30e-03  1.47e+05  1148s
[2025-08-27 13:40:17] DEBUG    53   1.29361413e+13 -2.34569396e+11  8.48e-05 4.98e-03  1.22e+05  1172s
[2025-08-27 13:40:42] DEBUG    54   1.24050309e+13 -1.64768241e+11  7.34e-05 4.99e-03  1.01e+05  1197s
[2025-08-27 13:41:00] DEBUG    55   1.19982553e+13 -1.32716881e+11  6.50e-05 4.91e-03  8.85e+04  1215s
[2025-08-27 13:41:17] DEBUG    56   1.14925293e+13 -9.61954330e+10  5.55e-05 4.56e-03  7.27e+04  1232s
[2025-08-27 13:41:44] DEBUG    57   1.09929390e+13 -7.43368270e+10  4.75e-05 4.17e-03  6.21e+04  1259s
[2025-08-27 13:42:07] DEBUG    58   1.07146201e+13 -5.89807305e+10  4.24e-05 4.04e-03  5.61e+04  1282s
[2025-08-27 13:42:40] DEBUG    59   1.05140315e+13 -5.26859151e+10  3.93e-05 3.92e-03  5.21e+04  1315s
[2025-08-27 13:43:06] DEBUG    60   1.03096620e+13 -4.07286896e+10  3.61e-05 3.77e-03  4.69e+04  1341s
[2025-08-27 13:43:33] DEBUG    61   1.01271003e+13 -2.28453048e+10  3.30e-05 4.51e-03  4.12e+04  1368s
[2025-08-27 13:43:55] DEBUG    62   9.92825318e+12 -1.60917094e+10  2.88e-05 4.66e-03  3.62e+04  1390s
[2025-08-27 13:44:19] DEBUG    63   9.74295164e+12 -1.09768760e+10  2.53e-05 4.81e-03  3.16e+04  1414s
[2025-08-27 13:44:47] DEBUG    64   9.52588924e+12 -5.29194000e+09  2.21e-05 4.50e-03  2.69e+04  1442s
[2025-08-27 13:45:11] DEBUG    65   9.30968704e+12 -1.46554422e+09  1.86e-05 4.60e-03  2.10e+04  1466s
[2025-08-27 13:45:28] DEBUG    66   9.13883018e+12  1.56556175e+09  1.98e-05 4.55e-03  1.67e+04  1483s
[2025-08-27 13:45:45] DEBUG    67   8.97860051e+12  3.44295467e+09  1.99e-05 4.21e-03  1.36e+04  1500s
[2025-08-27 13:46:11] DEBUG    68   8.83445963e+12  4.60265187e+09  2.09e-05 3.65e-03  1.23e+04  1526s
[2025-08-27 13:46:37] DEBUG    69   8.75535557e+12  5.26815749e+09  2.15e-05 3.53e-03  1.10e+04  1552s
[2025-08-27 13:46:52] DEBUG    70   8.68500700e+12  6.31613002e+09  1.85e-05 3.68e-03  9.69e+03  1567s
[2025-08-27 13:47:07] DEBUG    71   8.62514741e+12  6.48180815e+09  1.93e-05 3.75e-03  8.62e+03  1582s
[2025-08-27 13:47:22] DEBUG    72   8.60210088e+12  6.93651834e+09  1.94e-05 3.77e-03  8.17e+03  1597s
[2025-08-27 13:47:34] DEBUG    73   8.57791438e+12  7.17825859e+09  2.23e-05 3.75e-03  7.80e+03  1609s
[2025-08-27 13:47:44] DEBUG    74   8.56975646e+12  7.39976916e+09  1.98e-05 3.74e-03  7.65e+03  1619s
[2025-08-27 13:47:56] DEBUG    75   8.54081592e+12  7.57784843e+09  2.32e-05 3.73e-03  7.22e+03  1631s
[2025-08-27 13:48:12] DEBUG    76   8.50823697e+12  7.94651674e+09  8.56e-05 3.72e-03  6.70e+03  1647s
[2025-08-27 13:48:26] DEBUG    77   8.48132522e+12  8.83127929e+09  1.12e-04 3.66e-03  6.26e+03  1661s
[2025-08-27 13:48:42] DEBUG    78   8.42968677e+12  1.06261184e+10  2.55e-04 3.63e-03  5.47e+03  1677s
[2025-08-27 13:48:55] DEBUG    79   8.39942660e+12  1.12680305e+10  2.41e-04 3.59e-03  5.11e+03  1690s
[2025-08-27 13:49:16] DEBUG    80   8.36962989e+12  1.15617374e+10  1.35e-04 3.80e-03  4.76e+03  1711s
[2025-08-27 13:49:29] DEBUG    81   8.34486965e+12  1.18706071e+10  1.35e-04 3.93e-03  4.50e+03  1724s
[2025-08-27 13:49:42] DEBUG    82   8.31757216e+12  1.22786266e+10  1.04e-04 4.06e-03  4.20e+03  1737s
[2025-08-27 13:49:58] DEBUG    83   8.27804050e+12  1.23558254e+10  1.28e-04 4.09e-03  3.88e+03  1753s
[2025-08-27 13:50:12] DEBUG    84   8.25674925e+12  1.25869710e+10  1.52e-04 4.15e-03  3.71e+03  1767s
[2025-08-27 13:50:25] DEBUG    85   8.23047055e+12  1.29201309e+10  1.42e-04 4.29e-03  3.44e+03  1780s
[2025-08-27 13:50:37] DEBUG    86   8.22315611e+12  1.30057693e+10  2.34e-04 4.38e-03  3.33e+03  1792s
[2025-08-27 13:50:49] DEBUG    87   8.20638241e+12  1.32985890e+10  2.81e-04 4.74e-03  3.07e+03  1804s
[2025-08-27 13:51:10] DEBUG    88   8.18279074e+12  1.34645641e+10  3.44e-04 4.96e-03  2.76e+03  1825s
[2025-08-27 13:51:28] DEBUG    89   8.16291687e+12  1.37595460e+10  3.55e-04 5.19e-03  2.51e+03  1843s
[2025-08-27 13:51:41] DEBUG    90   8.14182649e+12  1.39227113e+10  3.16e-04 5.30e-03  2.30e+03  1856s
[2025-08-27 13:51:57] DEBUG    91   8.12318739e+12  1.41426937e+10  3.94e-04 5.46e-03  2.10e+03  1872s
[2025-08-27 13:52:08] DEBUG    92   8.11522119e+12  1.41802468e+10  3.85e-04 5.52e-03  2.03e+03  1883s
[2025-08-27 13:52:20] DEBUG    93   8.10145092e+12  1.42886144e+10  3.44e-04 5.59e-03  1.91e+03  1895s
[2025-08-27 13:52:33] DEBUG    94   8.08209146e+12  1.43416095e+10  3.51e-04 5.62e-03  1.77e+03  1908s
[2025-08-27 13:52:54] DEBUG    95   8.06880249e+12  1.44220726e+10  3.19e-04 5.69e-03  1.66e+03  1929s
[2025-08-27 13:53:07] DEBUG    96   8.05623677e+12  1.45427374e+10  3.78e-04 5.78e-03  1.55e+03  1942s
[2025-08-27 13:53:18] DEBUG    97   8.04238361e+12  1.45778110e+10  3.42e-04 5.79e-03  1.47e+03  1953s
[2025-08-27 13:53:27] DEBUG    98   8.03832548e+12  1.46060001e+10  3.42e-04 5.80e-03  1.44e+03  1962s
[2025-08-27 13:53:40] DEBUG    99   8.00875735e+12  1.46535120e+10  3.75e-04 5.87e-03  1.26e+03  1975s
[2025-08-27 13:53:51] DEBUG    100   8.00603933e+12  1.47246496e+10  3.66e-04 5.89e-03  1.23e+03  1987s
[2025-08-27 13:54:00] DEBUG    101   7.99515472e+12  1.47755541e+10  3.41e-04 5.90e-03  1.17e+03  1995s
[2025-08-27 13:54:12] DEBUG    102   7.98740990e+12  1.48692333e+10  3.43e-04 5.91e-03  1.12e+03  2007s
[2025-08-27 13:54:25] DEBUG    103   7.95981851e+12  1.48899962e+10  2.85e-04 5.89e-03  9.89e+02  2020s
[2025-08-27 13:54:39] DEBUG    104   7.93805953e+12  1.49258721e+10  2.16e-04 5.83e-03  8.98e+02  2034s
[2025-08-27 13:54:52] DEBUG    105   7.92405039e+12  1.49827500e+10  2.76e-04 5.95e-03  8.41e+02  2047s
[2025-08-27 13:55:06] DEBUG    106   7.90289008e+12  1.50375341e+10  2.77e-04 6.13e-03  7.61e+02  2061s
[2025-08-27 13:55:19] DEBUG    107   7.88642697e+12  1.50845638e+10  3.09e-04 6.28e-03  7.04e+02  2075s
[2025-08-27 13:55:35] DEBUG    108   7.87517851e+12  1.51363977e+10  2.74e-04 6.41e-03  6.65e+02  2090s
[2025-08-27 13:55:47] DEBUG    109   7.86005979e+12  1.51852626e+10  2.82e-04 6.53e-03  6.20e+02  2102s
[2025-08-27 13:56:01] DEBUG    110   7.85287979e+12  1.52354228e+10  2.67e-04 6.66e-03  5.95e+02  2116s
[2025-08-27 13:56:11] DEBUG    111   7.84156397e+12  1.52504058e+10  2.42e-04 6.70e-03  5.67e+02  2126s
[2025-08-27 13:56:24] DEBUG    112   7.83243112e+12  1.52771610e+10  2.44e-04 6.78e-03  5.42e+02  2139s
[2025-08-27 13:56:37] DEBUG    113   7.81912306e+12  1.52872705e+10  2.24e-04 6.81e-03  5.13e+02  2152s
[2025-08-27 13:56:53] DEBUG    114   7.80431467e+12  1.53221416e+10  2.14e-04 6.89e-03  4.77e+02  2169s
[2025-08-27 13:57:08] DEBUG    115   7.79422697e+12  1.53491294e+10  2.05e-04 6.95e-03  4.55e+02  2183s
[2025-08-27 13:57:23] DEBUG    116   7.77873981e+12  1.53761421e+10  1.91e-04 7.02e-03  4.22e+02  2198s
[2025-08-27 13:57:35] DEBUG    117   7.76229507e+12  1.54057873e+10  1.79e-04 7.09e-03  3.90e+02  2210s
[2025-08-27 13:57:46] DEBUG    118   7.75148645e+12  1.54254195e+10  1.94e-04 7.12e-03  3.72e+02  2221s
[2025-08-27 13:58:00] DEBUG    119   7.74073144e+12  1.54376398e+10  1.62e-04 7.14e-03  3.55e+02  2235s
[2025-08-27 13:58:13] DEBUG    120   7.73920644e+12  1.54453658e+10  1.64e-04 7.15e-03  3.52e+02  2248s
[2025-08-27 13:58:28] DEBUG    121   7.72737972e+12  1.54832656e+10  1.87e-04 7.21e-03  3.31e+02  2263s
[2025-08-27 13:58:35] DEBUG    122   7.71885016e+12  1.54849167e+10  1.87e-04 7.22e-03  3.55e+02  2271s
[2025-08-27 13:58:45] DEBUG    123   7.70687771e+12  1.55074842e+10  2.74e-04 7.25e-03  3.35e+02  2280s
[2025-08-27 13:58:56] DEBUG    124   7.69640571e+12  1.55254659e+10  2.35e-04 7.27e-03  3.23e+02  2291s
[2025-08-27 13:59:09] DEBUG    125   7.68642818e+12  1.55432078e+10  2.28e-04 7.28e-03  3.08e+02  2304s
[2025-08-27 13:59:21] DEBUG    126   7.67975865e+12  1.55566912e+10  2.57e-04 7.29e-03  2.98e+02  2316s
[2025-08-27 13:59:34] DEBUG    127   7.67467761e+12  1.55615740e+10  3.06e-04 7.29e-03  2.92e+02  2329s
[2025-08-27 13:59:44] DEBUG    128   7.67154384e+12  1.55670685e+10  3.03e-04 7.30e-03  2.88e+02  2339s
[2025-08-27 13:59:59] DEBUG    129   7.66803329e+12  1.55826419e+10  3.28e-04 7.30e-03  2.82e+02  2354s
[2025-08-27 14:00:05] DEBUG    130   7.66327891e+12  1.55875094e+10  4.34e-04 7.30e-03  2.76e+02  2360s
[2025-08-27 14:00:17] DEBUG    131   7.65553167e+12  1.55914192e+10  4.76e-04 7.30e-03  2.68e+02  2372s
[2025-08-27 14:00:29] DEBUG    132   7.64879315e+12  1.56019224e+10  4.27e-04 7.30e-03  2.60e+02  2385s
[2025-08-27 14:00:40] DEBUG    133   7.64545650e+12  1.56092358e+10  4.84e-04 7.29e-03  2.56e+02  2395s
[2025-08-27 14:01:01] DEBUG    134   7.63897177e+12  1.56269309e+10  4.23e-04 7.29e-03  2.48e+02  2416s
[2025-08-27 14:01:13] DEBUG    135   7.63301872e+12  1.56275148e+10  3.71e-04 7.29e-03  2.43e+02  2428s
[2025-08-27 14:01:33] DEBUG    136   7.63226468e+12  1.56290755e+10  3.73e-04 7.28e-03  2.42e+02  2448s
[2025-08-27 14:01:48] DEBUG    137   7.62579114e+12  1.56373728e+10  3.73e-04 7.26e-03  2.36e+02  2463s
[2025-08-27 14:02:12] DEBUG    138   7.62551968e+12  1.56375074e+10  3.78e-04 7.26e-03  2.36e+02  2487s
[2025-08-27 14:02:31] DEBUG    139   7.62520559e+12  1.56388774e+10  3.79e-04 7.26e-03  2.36e+02  2506s
[2025-08-27 14:02:48] DEBUG    140   7.62288917e+12  1.56446973e+10  3.96e-04 7.24e-03  2.33e+02  2523s
[2025-08-27 14:03:05] DEBUG    141   7.62101218e+12  1.56493532e+10  4.35e-04 7.21e-03  2.32e+02  2540s
[2025-08-27 14:03:25] DEBUG    142   7.62045621e+12  1.56498131e+10  4.44e-04 7.20e-03  2.31e+02  2560s
[2025-08-27 14:03:47] DEBUG    143   7.61917999e+12  1.56506124e+10  4.54e-04 7.20e-03  2.30e+02  2582s
[2025-08-27 14:04:11] DEBUG    144   7.61746623e+12  1.56606708e+10  4.66e-04 7.14e-03  2.27e+02  2606s
[2025-08-27 14:04:11] DEBUG    Barrier performed 144 iterations in 2605.74 seconds (631.99 work units)
Numerical trouble encountered
[2025-08-27 14:04:11] DEBUG    Model may be infeasible or unbounded.  Consider using the
homogeneous algorithm (through parameter 'BarHomogeneous')
[2025-08-27 14:05:15] DEBUG    Waiting for other threads to finish...        2670s
[2025-08-27 14:06:20] DEBUG    Waiting for other threads to finish...        2735s
[2025-08-27 14:07:24] DEBUG    Waiting for other threads to finish...        2799s
[2025-08-27 14:08:29] DEBUG    Waiting for other threads to finish...        2864s
[2025-08-27 14:09:34] DEBUG    Waiting for other threads to finish...        2929s
[2025-08-27 14:10:38] DEBUG    Waiting for other threads to finish...        2993s
[2025-08-27 14:11:43] DEBUG    Waiting for other threads to finish...        3058s
[2025-08-27 14:12:47] DEBUG    Waiting for other threads to finish...        3122s
[2025-08-27 14:13:52] DEBUG    Waiting for other threads to finish...        3187s
[2025-08-27 14:14:57] DEBUG    Waiting for other threads to finish...        3252s
[2025-08-27 14:16:01] DEBUG    Waiting for other threads to finish...        3316s
[2025-08-27 14:17:05] DEBUG    Waiting for other threads to finish...        3381s
[2025-08-27 14:18:10] DEBUG    Waiting for other threads to finish...        3445s
[2025-08-27 14:19:15] DEBUG    Waiting for other threads to finish...        3510s
[2025-08-27 14:20:19] DEBUG    Waiting for other threads to finish...        3574s
[2025-08-27 14:21:24] DEBUG    Waiting for other threads to finish...        3639s
[2025-08-27 14:22:28] DEBUG    Waiting for other threads to finish...        3703s
[2025-08-27 14:23:33] DEBUG    Waiting for other threads to finish...        3768s
[2025-08-27 14:24:38] DEBUG    Waiting for other threads to finish...        3833s
[2025-08-27 14:25:11] DEBUG    Solved with dual simplex
[2025-08-27 14:25:26] DEBUG    Iteration    Objective       Primal Inf.    Dual Inf.      Time
[2025-08-27 14:25:26] DEBUG    1777651    1.8315953e+10   0.000000e+00   0.000000e+00   3881s

Solved in 1777651 iterations and 3881.42 seconds (2387.93 work units)
[2025-08-27 14:25:26] DEBUG    Optimal objective  1.831595344e+10
✅ Scenario completato: new_trasmission_VRES_2035_PHES

🚀 Lancio scenario: new_trasmission_VRES_2035_nostorage
[2025-08-27 14:37:48] INFO     Loading sets
[2025-08-27 14:37:48] INFO     Loading parameters
[2025-08-27 14:38:26] INFO     constraints are loaded in the following order: ['energy_balance', 'dispatch', 'costs', 'capacity', 'network', 'policy', 'conversion', 'group', 'conversion_plus', 'milp', 'export']
[2025-08-27 14:38:26] INFO     creating energy_balance constraints
[2025-08-27 14:41:48] INFO     creating dispatch constraints
[2025-08-27 14:47:53] INFO     creating costs constraints
[2025-08-27 14:58:09] INFO     creating capacity constraints
[2025-08-27 14:58:09] INFO     creating network constraints
[2025-08-27 14:58:09] INFO     creating policy constraints
[2025-08-27 14:58:09] INFO     creating conversion constraints
[2025-08-27 14:58:09] INFO     creating group constraints
[2025-08-27 14:58:09] INFO     creating conversion_plus constraints
[2025-08-27 14:58:09] INFO     creating milp constraints
[2025-08-27 14:58:09] INFO     creating export constraints
[2025-08-27 15:12:52] DEBUG    Set parameter WLSAccessID
Set parameter WLSSecret
Set parameter LicenseID to value 2680226
[2025-08-27 15:12:52] DEBUG    Academic license 2680226 - for non-commercial use only - registered to an___@mail.polimi.it
[2025-08-27 15:13:34] DEBUG    Read LP format model from file /tmp/tmpo8f_0u0c.pyomo.lp
[2025-08-27 15:13:34] DEBUG    Reading time = 41.48 seconds
x20545668: 27334757 rows, 20545668 columns, 66746395 nonzeros
Set parameter NumericFocus to value 1
Gurobi Optimizer version 12.0.2 build v12.0.2rc0 (linux64 - "Debian GNU/Linux 11 (bullseye)")

CPU model: Intel(R) Xeon(R) Silver 4314 CPU @ 2.40GHz, instruction set [SSE2|AVX|AVX2|AVX512]
Thread count: 32 physical cores, 64 logical processors, using up to 32 threads
[2025-08-27 15:13:34] DEBUG    Non-default parameters:
NumericFocus  1
[2025-08-27 15:13:34] DEBUG    Academic license 2680226 - for non-commercial use only - registered to an___@mail.polimi.it
Optimize a model with 27334757 rows, 20545668 columns and 66746395 nonzeros
[2025-08-27 15:13:34] DEBUG    Model fingerprint: 0xb4188f56
[2025-08-27 15:13:35] DEBUG    Coefficient statistics:
  Matrix range     [1e-07, 6e+02]
  Objective range  [1e+00, 1e+06]
  Bounds range     [0e+00, 0e+00]
  RHS range        [1e+00, 2e+08]
[2025-08-27 15:13:40] DEBUG    Presolve removed 20235596 rows and 11217576 columns (presolve time = 5s)...
[2025-08-27 15:13:45] DEBUG    Presolve removed 20727926 rows and 13276386 columns (presolve time = 10s)...
[2025-08-27 15:13:50] DEBUG    Presolve removed 24186462 rows and 16734863 columns (presolve time = 15s)...
[2025-08-27 15:13:56] DEBUG    Presolve removed 24186462 rows and 16734863 columns (presolve time = 21s)...
[2025-08-27 15:14:24] DEBUG    Presolve removed 24715551 rows and 16988903 columns (presolve time = 49s)...
[2025-08-27 15:14:25] DEBUG    Presolve removed 24715551 rows and 17111543 columns (presolve time = 50s)...
[2025-08-27 15:14:29] DEBUG    Presolve removed 24864454 rows and 17111543 columns
[2025-08-27 15:15:04] DEBUG    Presolve time: 90.59s
Presolved: 2470303 rows, 3583028 columns, 10822099 nonzeros

Concurrent LP optimizer: primal simplex, dual simplex, and barrier
Showing barrier log only...
[2025-08-27 15:15:08] DEBUG    Ordering time: 1.78s
[2025-08-27 15:15:09] DEBUG    Barrier statistics:
 Dense cols : 144
 AA' NZ     : 8.728e+06
[2025-08-27 15:15:09] DEBUG    Factor NZ  : 3.945e+07 (roughly 3.0 GB of memory)
 Factor Ops : 3.402e+09 (less than 1 second per iteration)
 Threads    : 30
[2025-08-27 15:15:14] DEBUG    Objective                Residual
[2025-08-27 15:15:14] DEBUG    Iter       Primal          Dual         Primal    Dual     Compl     Time
[2025-08-27 15:15:14] DEBUG    0   2.15289429e+21 -9.91910908e+18  6.90e+10 2.90e-11  3.53e+15   101s
[2025-08-27 15:15:20] DEBUG    1   1.62905658e+21 -9.87285555e+18  5.17e+10 1.56e+05  2.40e+15   106s
[2025-08-27 15:15:26] DEBUG    2   1.03407395e+21 -9.00286181e+18  3.26e+10 5.97e+04  1.39e+15   113s
[2025-08-27 15:15:34] DEBUG    3   5.94827021e+20 -8.05218162e+18  1.91e+10 1.48e+04  7.21e+14   121s
[2025-08-27 15:15:42] DEBUG    4   4.91505443e+20 -7.62304002e+18  1.61e+10 7.92e+03  5.87e+14   129s
[2025-08-27 15:15:48] DEBUG    5   4.50938412e+20 -7.41062128e+18  1.47e+10 5.55e+03  5.32e+14   134s
[2025-08-27 15:15:53] DEBUG    6   3.77423647e+20 -7.21807727e+18  1.23e+10 4.15e+03  4.41e+14   139s
[2025-08-27 15:15:58] DEBUG    7   3.29940631e+20 -7.08509851e+18  1.07e+10 3.10e+03  3.84e+14   144s
[2025-08-27 15:16:05] DEBUG    8   2.71858454e+20 -6.99576516e+18  8.87e+09 2.34e+03  3.18e+14   151s
[2025-08-27 15:16:14] DEBUG    9   9.33285825e+19 -6.93543347e+18  3.22e+09 1.94e+03  1.22e+14   161s
[2025-08-27 15:16:25] DEBUG    10   3.01635321e+19 -6.65239587e+18  9.68e+08 6.72e+02  3.82e+13   172s
[2025-08-27 15:16:35] DEBUG    11   9.12318649e+18 -5.65212333e+18  2.68e+08 2.48e+02  1.14e+13   182s
[2025-08-27 15:16:44] DEBUG    12   4.58535376e+17 -3.34956000e+18  1.34e+07 5.27e+01  1.13e+12   191s
[2025-08-27 15:16:50] DEBUG    13   4.95804385e+16 -4.57260272e+17  1.35e+06 1.59e+00  9.91e+10   196s
[2025-08-27 15:16:55] DEBUG    14   1.78921848e+14 -3.81127295e+16  1.71e+03 1.20e-02  4.91e+09   201s
[2025-08-27 15:17:01] DEBUG    15   5.92059085e+13 -1.87489001e+15  1.39e+01 9.33e-04  2.43e+08   207s
[2025-08-27 15:17:07] DEBUG    16   4.78532830e+13 -2.82363405e+14  1.15e+00 2.35e-03  3.86e+07   213s
[2025-08-27 15:17:12] DEBUG    17   4.50213212e+13 -2.76462241e+14  8.29e-01 5.96e-03  3.76e+07   218s
[2025-08-27 15:17:16] DEBUG    18   4.45467536e+13 -1.75320059e+14  7.89e-01 2.14e-02  2.43e+07   223s
[2025-08-27 15:17:21] DEBUG    19   4.22064893e+13 -1.05092005e+14  5.96e-01 2.38e-02  1.50e+07   227s
[2025-08-27 15:17:27] DEBUG    20   4.10062781e+13 -6.96356304e+13  5.19e-01 1.03e-02  1.02e+07   234s
[2025-08-27 15:17:34] DEBUG    21   3.95770275e+13 -5.47669614e+13  4.45e-01 1.08e-02  8.09e+06   240s
[2025-08-27 15:17:43] DEBUG    22   3.88868115e+13 -4.58959500e+13  4.18e-01 1.05e-02  6.86e+06   249s
[2025-08-27 15:17:54] DEBUG    23   3.68829748e+13 -3.02942291e+13  3.34e-01 1.26e-02  4.64e+06   260s
[2025-08-27 15:18:04] DEBUG    24   3.55821015e+13 -1.48895607e+13  2.88e-01 1.15e-02  2.48e+06   270s
[2025-08-27 15:18:15] DEBUG    25   3.38816594e+13 -1.03785517e+13  2.34e-01 1.11e-02  1.78e+06   281s
[2025-08-27 15:18:26] DEBUG    26   3.26335450e+13 -5.37267118e+12  1.99e-01 1.75e-02  1.04e+06   292s
[2025-08-27 15:18:37] DEBUG    27   3.14615918e+13 -3.13377279e+12  1.70e-01 1.71e-02  6.87e+05   303s
[2025-08-27 15:18:48] DEBUG    28   3.03519339e+13 -2.20148424e+12  1.44e-01 1.67e-02  5.15e+05   314s
[2025-08-27 15:18:54] DEBUG    29   2.91173866e+13 -1.64964305e+12  1.16e-01 1.92e-02  3.99e+05   321s
[2025-08-27 15:19:03] DEBUG    30   2.87566240e+13 -1.08890456e+12  1.09e-01 2.34e-02  3.12e+05   330s
[2025-08-27 15:19:14] DEBUG    31   2.77564336e+13 -6.65247490e+11  9.10e-02 2.99e-02  2.23e+05   341s
[2025-08-27 15:19:25] DEBUG    32   2.69202959e+13 -5.38218022e+11  7.72e-02 3.11e-02  1.81e+05   351s
[2025-08-27 15:19:35] DEBUG    33   2.64138651e+13 -4.28494101e+11  6.92e-02 3.34e-02  1.54e+05   362s
[2025-08-27 15:19:45] DEBUG    34   2.55002365e+13 -3.19689516e+11  5.54e-02 3.44e-02  1.19e+05   371s
[2025-08-27 15:19:57] DEBUG    35   2.46906808e+13 -2.46792031e+11  4.96e-02 3.03e-02  1.02e+05   384s
[2025-08-27 15:20:13] DEBUG    36   2.31399614e+13 -2.09589442e+11  4.26e-02 2.69e-02  8.65e+04   400s
[2025-08-27 15:20:33] DEBUG    37   2.22087734e+13 -1.96983318e+11  4.06e-02 2.56e-02  8.28e+04   419s
[2025-08-27 15:20:56] DEBUG    38   2.13574111e+13 -1.83812137e+11  3.86e-02 2.45e-02  7.87e+04   442s
[2025-08-27 15:21:12] DEBUG    39   2.11228592e+13 -1.57140411e+11  3.74e-02 2.27e-02  7.58e+04   459s
[2025-08-27 15:21:27] DEBUG    40   2.00679969e+13 -1.37674025e+11  3.26e-02 2.13e-02  6.61e+04   473s
[2025-08-27 15:21:49] DEBUG    41   1.93800937e+13 -1.22444537e+11  3.10e-02 1.99e-02  6.31e+04   496s
[2025-08-27 15:22:03] DEBUG    42   1.87190447e+13 -1.04005548e+11  2.69e-02 1.82e-02  5.40e+04   510s
[2025-08-27 15:22:12] DEBUG    43   1.83934919e+13 -9.24305592e+10  2.35e-02 1.77e-02  4.68e+04   519s
[2025-08-27 15:22:25] DEBUG    44   1.83375651e+13 -8.88330204e+10  2.30e-02 1.75e-02  4.57e+04   532s
[2025-08-27 15:22:38] DEBUG    45   1.80833724e+13 -7.93637572e+10  2.07e-02 1.71e-02  4.06e+04   545s
[2025-08-27 15:22:47] DEBUG    46   1.78229425e+13 -7.23688290e+10  1.84e-02 1.66e-02  3.61e+04   554s
[2025-08-27 15:22:57] DEBUG    47   1.77594212e+13 -6.42652259e+10  1.79e-02 1.61e-02  3.44e+04   564s
[2025-08-27 15:23:05] DEBUG    48   1.76886260e+13 -5.77868410e+10  1.74e-02 1.56e-02  3.28e+04   572s
[2025-08-27 15:23:14] DEBUG    49   1.75827798e+13 -5.18274699e+10  1.66e-02 1.51e-02  3.09e+04   581s
[2025-08-27 15:23:28] DEBUG    50   1.72104356e+13 -4.65212603e+10  1.40e-02 1.48e-02  2.59e+04   595s
[2025-08-27 15:23:42] DEBUG    51   1.68778949e+13 -4.20184832e+10  1.20e-02 1.44e-02  2.20e+04   609s
[2025-08-27 15:23:55] DEBUG    52   1.67331512e+13 -3.82874162e+10  1.12e-02 1.39e-02  2.02e+04   621s
[2025-08-27 15:24:03] DEBUG    53   1.66689749e+13 -3.71832220e+10  1.09e-02 1.37e-02  1.96e+04   630s
[2025-08-27 15:24:15] DEBUG    54   1.64330612e+13 -3.39386652e+10  9.74e-03 1.32e-02  1.75e+04   642s
[2025-08-27 15:24:28] DEBUG    55   1.63508110e+13 -3.14450592e+10  9.38e-03 1.29e-02  1.66e+04   655s
[2025-08-27 15:24:39] DEBUG    56   1.61764781e+13 -2.93924414e+10  8.64e-03 1.26e-02  1.52e+04   666s
[2025-08-27 15:24:49] DEBUG    57   1.61019184e+13 -2.87074128e+10  8.35e-03 1.24e-02  1.47e+04   676s
[2025-08-27 15:25:00] DEBUG    58   1.59960812e+13 -2.62265412e+10  7.95e-03 1.20e-02  1.39e+04   686s
[2025-08-27 15:25:12] DEBUG    59   1.58113903e+13 -2.48044143e+10  7.28e-03 1.18e-02  1.27e+04   699s
[2025-08-27 15:25:21] DEBUG    60   1.56504664e+13 -2.28151057e+10  6.74e-03 1.14e-02  1.16e+04   707s
[2025-08-27 15:25:31] DEBUG    61   1.54395746e+13 -2.17731810e+10  6.09e-03 1.13e-02  1.05e+04   717s
[2025-08-27 15:25:39] DEBUG    62   1.53355071e+13 -1.99195911e+10  5.80e-03 1.09e-02  9.77e+03   726s
[2025-08-27 15:25:51] DEBUG    63   1.52248851e+13 -1.82537135e+10  5.50e-03 1.04e-02  9.15e+03   738s
[2025-08-27 15:26:23] DEBUG    64   1.49679957e+13 -1.70574343e+10  5.32e-03 1.00e-02  8.87e+03   770s
[2025-08-27 15:26:49] DEBUG    65   1.48242122e+13 -1.62474662e+10  5.21e-03 9.76e-03  8.79e+03   796s
[2025-08-27 15:27:08] DEBUG    66   1.46599821e+13 -1.53103739e+10  5.06e-03 9.42e-03  8.60e+03   814s
[2025-08-27 15:27:35] DEBUG    67   1.46335418e+13 -1.53133890e+10  5.04e-03 9.41e-03  1.02e+04   842s
[2025-08-27 15:27:58] DEBUG    68   1.45790119e+13 -1.52167768e+10  5.02e-03 9.38e-03  1.01e+04   864s
[2025-08-27 15:28:17] DEBUG    69   1.44908786e+13 -1.50242722e+10  4.98e-03 9.32e-03  1.04e+04   884s
[2025-08-27 15:29:25] DEBUG    70   1.43246362e+13 -1.44771900e+10  4.88e-03 9.16e-03  1.04e+04   952s
[2025-08-27 15:29:49] DEBUG    71   1.41754571e+13 -1.40080130e+10  4.81e-03 9.03e-03  1.02e+04   976s
[2025-08-27 15:30:23] DEBUG    72   1.40394740e+13 -1.34562502e+10  4.69e-03 8.87e-03  1.01e+04  1009s
[2025-08-27 15:31:12] DEBUG    73   1.38821704e+13 -1.26218308e+10  4.60e-03 8.66e-03  9.99e+03  1058s
[2025-08-27 15:31:40] DEBUG    74   1.37554078e+13 -1.19203264e+10  4.52e-03 8.47e-03  9.87e+03  1087s
[2025-08-27 15:32:05] DEBUG    75   1.35917605e+13 -1.09837115e+10  4.33e-03 8.18e-03  9.61e+03  1111s
[2025-08-27 15:32:29] DEBUG    76   1.35038783e+13 -1.02594904e+10  4.27e-03 7.98e-03  9.56e+03  1136s
[2025-08-27 15:32:54] DEBUG    77   1.34153419e+13 -9.83011917e+09  4.20e-03 7.87e-03  9.44e+03  1161s
[2025-08-27 15:33:12] DEBUG    78   1.32977729e+13 -9.23883874e+09  4.10e-03 7.70e-03  9.35e+03  1179s
[2025-08-27 15:33:33] DEBUG    79   1.32068131e+13 -8.55120205e+09  4.00e-03 7.48e-03  9.17e+03  1199s
[2025-08-27 15:33:47] DEBUG    80   1.30776333e+13 -7.81551789e+09  3.79e-03 7.24e-03  8.67e+03  1213s
[2025-08-27 15:34:01] DEBUG    81   1.29293154e+13 -7.13836105e+09  3.55e-03 7.00e-03  8.09e+03  1228s
[2025-08-27 15:34:17] DEBUG    82   1.28464135e+13 -6.48736215e+09  3.42e-03 6.78e-03  7.79e+03  1243s
[2025-08-27 15:34:46] DEBUG    83   1.27050552e+13 -6.04804975e+09  3.35e-03 6.66e-03  7.61e+03  1273s
[2025-08-27 15:35:19] DEBUG    84   1.26366671e+13 -5.28709075e+09  3.31e-03 6.47e-03  7.68e+03  1305s
[2025-08-27 15:35:49] DEBUG    85   1.26209140e+13 -4.95280078e+09  3.30e-03 6.39e-03  7.74e+03  1335s
[2025-08-27 15:36:19] DEBUG    86   1.25644437e+13 -4.62774701e+09  3.27e-03 6.31e-03  7.81e+03  1366s
[2025-08-27 15:36:41] DEBUG    87   1.25625690e+13 -4.63477115e+09  3.27e-03 6.29e-03  7.87e+03  1388s
[2025-08-27 15:37:10] DEBUG    88   1.25353140e+13 -4.22305197e+09  3.25e-03 6.21e-03  7.91e+03  1417s
[2025-08-27 15:37:34] DEBUG    89   1.25320458e+13 -4.20951540e+09  3.25e-03 6.20e-03  7.94e+03  1440s
[2025-08-27 15:37:57] DEBUG    90   1.25206851e+13 -4.02617784e+09  3.24e-03 6.17e-03  7.94e+03  1464s
[2025-08-27 15:38:24] DEBUG    91   1.25124793e+13 -3.88127482e+09  3.23e-03 6.13e-03  7.97e+03  1491s
[2025-08-27 15:38:51] DEBUG    92   1.24961015e+13 -3.66856866e+09  3.22e-03 6.07e-03  7.97e+03  1517s
[2025-08-27 15:39:13] DEBUG    93   1.24653979e+13 -3.40428575e+09  3.19e-03 6.01e-03  7.93e+03  1539s
[2025-08-27 15:39:13] DEBUG    Barrier performed 93 iterations in 1539.51 seconds (361.48 work units)
[2025-08-27 15:39:13] DEBUG    Numerical trouble encountered

Model may be infeasible or unbounded.  Consider using the
homogeneous algorithm (through parameter 'BarHomogeneous')
[2025-08-27 15:40:18] DEBUG    Waiting for other threads to finish...        1604s
[2025-08-27 15:41:22] DEBUG    Waiting for other threads to finish...        1669s
[2025-08-27 15:42:27] DEBUG    Waiting for other threads to finish...        1733s
[2025-08-27 15:43:31] DEBUG    Waiting for other threads to finish...        1798s
[2025-08-27 15:44:36] DEBUG    Waiting for other threads to finish...        1862s
[2025-08-27 15:45:40] DEBUG    Waiting for other threads to finish...        1927s
[2025-08-27 15:46:45] DEBUG    Waiting for other threads to finish...        1991s
[2025-08-27 15:47:49] DEBUG    Waiting for other threads to finish...        2056s
[2025-08-27 15:48:53] DEBUG    Waiting for other threads to finish...        2120s
[2025-08-27 15:49:58] DEBUG    Waiting for other threads to finish...        2185s
[2025-08-27 15:51:03] DEBUG    Waiting for other threads to finish...        2249s
[2025-08-27 15:52:07] DEBUG    Waiting for other threads to finish...        2313s
[2025-08-27 15:53:11] DEBUG    Waiting for other threads to finish...        2378s
[2025-08-27 15:53:50] DEBUG    Solved with dual simplex
[2025-08-27 15:54:03] DEBUG    Iteration    Objective       Primal Inf.    Dual Inf.      Time
[2025-08-27 15:54:03] DEBUG    966076    1.9614771e+10   0.000000e+00   0.000000e+00   2430s

Solved in 966076 iterations and 2429.63 seconds (1995.51 work units)
[2025-08-27 15:54:03] DEBUG    Optimal objective  1.961477139e+10
✅ Scenario completato: new_trasmission_VRES_2035_nostorage

🚀 Lancio scenario: new_trasmission_CG+VRES_2035_BESS
[2025-08-27 16:09:34] INFO     Loading sets
[2025-08-27 16:09:34] INFO     Loading parameters
[2025-08-27 16:10:14] INFO     constraints are loaded in the following order: ['energy_balance', 'dispatch', 'costs', 'capacity', 'network', 'policy', 'conversion', 'group', 'conversion_plus', 'milp', 'export']
[2025-08-27 16:10:14] INFO     creating energy_balance constraints
[2025-08-27 16:13:45] INFO     creating dispatch constraints
[2025-08-27 16:16:14] INFO     creating costs constraints
[2025-08-27 16:33:03] INFO     creating capacity constraints
[2025-08-27 16:33:03] INFO     creating network constraints
[2025-08-27 16:33:03] INFO     creating policy constraints
[2025-08-27 16:33:03] INFO     creating conversion constraints
[2025-08-27 16:33:03] INFO     creating group constraints
[2025-08-27 16:33:03] INFO     creating conversion_plus constraints
[2025-08-27 16:33:03] INFO     creating milp constraints
[2025-08-27 16:33:03] INFO     creating export constraints
[2025-08-27 16:50:25] DEBUG    Set parameter WLSAccessID
Set parameter WLSSecret
Set parameter LicenseID to value 2680226
[2025-08-27 16:50:26] DEBUG    Academic license 2680226 - for non-commercial use only - registered to an___@mail.polimi.it
[2025-08-27 16:51:12] DEBUG    Read LP format model from file /tmp/tmpoujkqqhc.pyomo.lp
[2025-08-27 16:51:12] DEBUG    Reading time = 46.34 seconds
x22403091: 29595111 rows, 22403091 columns, 73010322 nonzeros
[2025-08-27 16:51:12] DEBUG    Set parameter NumericFocus to value 1
[2025-08-27 16:51:12] DEBUG    Gurobi Optimizer version 12.0.2 build v12.0.2rc0 (linux64 - "Debian GNU/Linux 11 (bullseye)")

CPU model: Intel(R) Xeon(R) Silver 4314 CPU @ 2.40GHz, instruction set [SSE2|AVX|AVX2|AVX512]
Thread count: 32 physical cores, 64 logical processors, using up to 32 threads
[2025-08-27 16:51:12] DEBUG    Non-default parameters:
NumericFocus  1
[2025-08-27 16:51:12] DEBUG    Academic license 2680226 - for non-commercial use only - registered to an___@mail.polimi.it
[2025-08-27 16:51:12] DEBUG    Optimize a model with 29595111 rows, 22403091 columns and 73010322 nonzeros
[2025-08-27 16:51:13] DEBUG    Model fingerprint: 0x009b86f8
[2025-08-27 16:51:13] DEBUG    Coefficient statistics:
  Matrix range     [1e-07, 6e+02]
[2025-08-27 16:51:13] DEBUG    Objective range  [1e+00, 1e+06]
  Bounds range     [0e+00, 0e+00]
  RHS range        [1e+00, 2e+08]
[2025-08-27 16:51:19] DEBUG    Presolve removed 21041732 rows and 12128831 columns (presolve time = 5s)...
[2025-08-27 16:51:23] DEBUG    Presolve removed 21472778 rows and 13538197 columns (presolve time = 10s)...
[2025-08-27 16:51:28] DEBUG    Presolve removed 23073692 rows and 15990000 columns (presolve time = 15s)...
[2025-08-27 16:51:33] DEBUG    Presolve removed 25167839 rows and 18033368 columns (presolve time = 20s)...
[2025-08-27 16:52:08] DEBUG    Presolve removed 25705734 rows and 18287408 columns (presolve time = 55s)...
[2025-08-27 16:52:08] DEBUG    Presolve removed 25705734 rows and 18287408 columns (presolve time = 55s)...
[2025-08-27 16:52:13] DEBUG    Presolve removed 25705734 rows and 18410048 columns (presolve time = 60s)...
[2025-08-27 16:52:14] DEBUG    Presolve removed 25854637 rows and 18410048 columns
[2025-08-27 16:52:55] DEBUG    Presolve time: 103.23s
[2025-08-27 16:52:55] DEBUG    Presolved: 3740474 rows, 4141946 columns, 15571585 nonzeros

Concurrent LP optimizer: primal simplex, dual simplex, and barrier
Showing barrier log only...
[2025-08-27 16:53:39] DEBUG    Elapsed ordering time = 41s
[2025-08-27 16:53:43] DEBUG    Elapsed ordering time = 45s
[2025-08-27 16:54:01] DEBUG    Ordering time: 63.11s
[2025-08-27 16:54:04] DEBUG    Barrier statistics:
 Dense cols : 203
[2025-08-27 16:54:04] DEBUG    AA' NZ     : 1.621e+07
 Factor NZ  : 6.906e+07 (roughly 4.0 GB of memory)
 Factor Ops : 8.193e+09 (less than 1 second per iteration)
 Threads    : 30
[2025-08-27 16:54:10] DEBUG    Objective                Residual
[2025-08-27 16:54:10] DEBUG    Iter       Primal          Dual         Primal    Dual     Compl     Time
[2025-08-27 16:54:10] DEBUG    0   9.24273913e+14 -1.09307976e+15  7.38e+10 2.64e-01  3.95e+11   178s
[2025-08-27 16:54:18] DEBUG    1   8.09562367e+14 -1.09727785e+15  6.33e+10 2.24e+01  2.97e+11   186s
[2025-08-27 16:54:27] DEBUG    2   6.91328991e+14 -1.06187422e+15  5.12e+10 8.41e+00  1.96e+11   195s
[2025-08-27 16:54:38] DEBUG    3   5.49252140e+14 -9.93624670e+14  3.63e+10 2.43e+00  1.17e+11   206s
[2025-08-27 16:54:47] DEBUG    4   5.02478734e+14 -8.86337174e+14  3.18e+10 1.27e+00  9.57e+10   215s
[2025-08-27 16:54:54] DEBUG    5   3.82624766e+14 -8.33896633e+14  1.74e+10 5.77e-01  5.18e+10   222s
[2025-08-27 16:55:00] DEBUG    6   3.47080684e+14 -7.79474587e+14  1.00e+10 3.20e-01  2.99e+10   228s
[2025-08-27 16:55:05] DEBUG    7   3.46612625e+14 -7.31513054e+14  5.46e+09 1.99e-01  1.64e+10   233s
[2025-08-27 16:55:13] DEBUG    8   3.49155874e+14 -6.45082963e+14  3.48e+09 7.15e-02  9.95e+09   241s
[2025-08-27 16:55:20] DEBUG    9   3.77268904e+14 -5.80153529e+14  2.18e+09 2.36e-02  6.15e+09   248s
[2025-08-27 16:55:29] DEBUG    10   3.83907677e+14 -5.04485376e+14  9.27e+08 3.35e-02  2.60e+09   257s
[2025-08-27 16:55:36] DEBUG    11   3.63796119e+14 -4.14137787e+14  2.89e+08 6.68e-02  8.35e+08   264s
[2025-08-27 16:55:45] DEBUG    12   3.31633725e+14 -3.08994942e+14  1.13e+08 7.47e-02  3.41e+08   273s
[2025-08-27 16:55:56] DEBUG    13   3.28400815e+14 -2.33591833e+14  1.06e+08 6.78e-02  2.84e+08   284s
[2025-08-27 16:56:04] DEBUG    14   3.08600875e+14 -1.97154881e+14  7.02e+07 6.46e-02  1.89e+08   292s
[2025-08-27 16:56:10] DEBUG    15   3.06701256e+14 -1.62383276e+14  6.78e+07 6.27e-02  1.74e+08   298s
[2025-08-27 16:56:16] DEBUG    16   2.87488395e+14 -1.36892753e+14  4.42e+07 6.17e-02  1.15e+08   304s
[2025-08-27 16:56:25] DEBUG    17   2.84871514e+14 -8.29771709e+13  4.17e+07 6.74e-02  8.79e+07   313s
[2025-08-27 16:56:36] DEBUG    18   2.71225423e+14 -5.61326134e+13  3.00e+07 6.03e-02  5.87e+07   324s
[2025-08-27 16:56:48] DEBUG    19   2.49364169e+14 -4.24635607e+13  1.63e+07 5.97e-02  3.02e+07   337s
[2025-08-27 16:56:58] DEBUG    20   2.34545213e+14 -3.10254818e+13  1.05e+07 9.01e-02  1.86e+07   346s
[2025-08-27 16:57:07] DEBUG    21   2.27615464e+14 -2.48598588e+13  8.50e+06 7.34e-02  1.39e+07   355s
[2025-08-27 16:57:13] DEBUG    22   2.26382398e+14 -2.01512825e+13  8.17e+06 5.54e-02  1.21e+07   361s
[2025-08-27 16:57:20] DEBUG    23   2.17331026e+14 -1.45168320e+13  5.65e+06 3.65e-02  7.92e+06   368s
[2025-08-27 16:57:28] DEBUG    24   2.05257453e+14 -9.19435350e+12  3.28e+06 3.02e-02  4.23e+06   376s
[2025-08-27 16:57:39] DEBUG    25   1.95910736e+14 -6.49349667e+12  2.13e+06 2.76e-02  2.51e+06   387s
[2025-08-27 16:57:48] DEBUG    26   1.90283000e+14 -4.64822800e+12  1.64e+06 2.65e-02  1.67e+06   396s
[2025-08-27 16:57:54] DEBUG    27   1.87315404e+14 -4.10590892e+12  1.42e+06 2.77e-02  1.42e+06   403s
[2025-08-27 16:58:01] DEBUG    28   1.86184750e+14 -3.49544921e+12  1.36e+06 2.67e-02  1.26e+06   409s
[2025-08-27 16:58:07] DEBUG    29   1.81694715e+14 -2.86199757e+12  1.07e+06 2.83e-02  9.67e+05   415s
[2025-08-27 16:58:15] DEBUG    30   1.78668396e+14 -2.03911043e+12  9.15e+05 2.96e-02  6.94e+05   423s
[2025-08-27 16:58:25] DEBUG    31   1.73515319e+14 -1.45497238e+12  6.76e+05 2.70e-02  4.55e+05   433s
[2025-08-27 16:58:37] DEBUG    32   1.69044163e+14 -1.10524216e+12  5.14e+05 2.58e-02  3.14e+05   445s
[2025-08-27 16:58:48] DEBUG    33   1.65634868e+14 -7.81261774e+11  4.17e+05 2.48e-02  2.10e+05   456s
[2025-08-27 16:59:00] DEBUG    34   1.62521423e+14 -5.76634389e+11  3.42e+05 2.38e-02  1.46e+05   469s
[2025-08-27 16:59:14] DEBUG    35   1.60009784e+14 -4.30750919e+11  2.91e+05 2.31e-02  1.06e+05   482s
[2025-08-27 16:59:27] DEBUG    36   1.58320660e+14 -3.23768697e+11  2.61e+05 2.47e-02  7.89e+04   496s
[2025-08-27 16:59:41] DEBUG    37   1.55532194e+14 -2.81747108e+11  2.16e+05 2.37e-02  6.20e+04   509s
[2025-08-27 16:59:53] DEBUG    38   1.53710663e+14 -2.57305007e+11  1.91e+05 2.38e-02  5.23e+04   521s
[2025-08-27 17:00:06] DEBUG    39   1.52450670e+14 -2.41909411e+11  1.75e+05 2.41e-02  4.67e+04   534s
[2025-08-27 17:00:18] DEBUG    40   1.51685642e+14 -2.34106863e+11  1.66e+05 2.43e-02  4.37e+04   547s
[2025-08-27 17:00:30] DEBUG    41   1.50640096e+14 -2.19235332e+11  1.55e+05 2.45e-02  3.94e+04   558s
[2025-08-27 17:00:42] DEBUG    42   1.49521247e+14 -2.01184807e+11  1.43e+05 2.47e-02  3.44e+04   570s
[2025-08-27 17:00:51] DEBUG    43   1.48551413e+14 -1.96535535e+11  1.34e+05 2.48e-02  3.20e+04   579s
[2025-08-27 17:01:04] DEBUG    44   1.47459967e+14 -1.90050357e+11  1.24e+05 2.48e-02  2.89e+04   592s
[2025-08-27 17:01:16] DEBUG    45   1.46802844e+14 -1.83364251e+11  1.19e+05 2.49e-02  2.71e+04   604s
[2025-08-27 17:01:30] DEBUG    46   1.45401247e+14 -1.80612249e+11  1.07e+05 2.49e-02  2.45e+04   618s
[2025-08-27 17:01:42] DEBUG    47   1.44642819e+14 -1.76211475e+11  1.02e+05 2.50e-02  2.29e+04   630s
[2025-08-27 17:01:54] DEBUG    48   1.43886652e+14 -1.74489116e+11  9.65e+04 2.50e-02  2.16e+04   642s
[2025-08-27 17:02:06] DEBUG    49   1.43155166e+14 -1.71341435e+11  9.15e+04 2.50e-02  2.03e+04   654s
[2025-08-27 17:02:17] DEBUG    50   1.42490203e+14 -1.69188555e+11  8.71e+04 2.50e-02  1.92e+04   665s
[2025-08-27 17:02:27] DEBUG    51   1.41880191e+14 -1.66754264e+11  8.33e+04 2.50e-02  1.82e+04   675s
[2025-08-27 17:02:40] DEBUG    52   1.41336892e+14 -1.65006298e+11  8.01e+04 2.50e-02  1.73e+04   688s
[2025-08-27 17:02:52] DEBUG    53   1.40442676e+14 -1.63558750e+11  7.49e+04 2.50e-02  1.62e+04   700s
[2025-08-27 17:03:05] DEBUG    54   1.40014229e+14 -1.61519014e+11  7.25e+04 2.50e-02  1.56e+04   713s
[2025-08-27 17:03:18] DEBUG    55   1.39295577e+14 -1.59104813e+11  6.87e+04 2.50e-02  1.45e+04   726s
[2025-08-27 17:03:31] DEBUG    56   1.38785350e+14 -1.57663032e+11  6.61e+04 2.50e-02  1.39e+04   739s
[2025-08-27 17:03:37] DEBUG    57   1.38493539e+14 -1.57046767e+11  6.47e+04 2.50e-02  1.36e+04   745s
[2025-08-27 17:03:51] DEBUG    58   1.38061886e+14 -1.55868011e+11  6.26e+04 2.49e-02  1.31e+04   760s
[2025-08-27 17:04:05] DEBUG    59   1.37629469e+14 -1.55210355e+11  6.06e+04 2.49e-02  1.27e+04   773s
[2025-08-27 17:04:18] DEBUG    60   1.37409269e+14 -1.53930652e+11  5.96e+04 2.49e-02  1.24e+04   786s
[2025-08-27 17:04:30] DEBUG    61   1.37081486e+14 -1.53207468e+11  5.82e+04 2.49e-02  1.20e+04   798s
[2025-08-27 17:04:39] DEBUG    62   1.36805120e+14 -1.52428976e+11  5.70e+04 2.49e-02  1.17e+04   807s
[2025-08-27 17:04:48] DEBUG    63   1.36608545e+14 -1.51687036e+11  5.62e+04 2.53e-02  1.15e+04   816s
[2025-08-27 17:04:57] DEBUG    64   1.36436706e+14 -1.51247366e+11  5.54e+04 2.61e-02  1.14e+04   825s
[2025-08-27 17:05:07] DEBUG    65   1.36027999e+14 -1.50617967e+11  5.37e+04 2.74e-02  1.10e+04   835s
[2025-08-27 17:05:18] DEBUG    66   1.35732169e+14 -1.50127715e+11  5.25e+04 2.82e-02  1.07e+04   846s
[2025-08-27 17:05:29] DEBUG    67   1.35253090e+14 -1.49495646e+11  5.06e+04 2.92e-02  1.03e+04   857s
[2025-08-27 17:05:39] DEBUG    68   1.35049454e+14 -1.48988742e+11  4.99e+04 2.99e-02  1.01e+04   867s
[2025-08-27 17:05:49] DEBUG    69   1.35023793e+14 -1.48929745e+11  4.98e+04 2.99e-02  1.01e+04   877s
[2025-08-27 17:06:00] DEBUG    70   1.34822502e+14 -1.48571033e+11  4.90e+04 3.01e-02  9.95e+03   888s
[2025-08-27 17:06:13] DEBUG    71   1.34402034e+14 -1.48091961e+11  4.74e+04 3.00e-02  1.32e+04   901s
[2025-08-27 17:06:24] DEBUG    72   1.34246862e+14 -1.47731842e+11  4.69e+04 2.99e-02  1.30e+04   912s
[2025-08-27 17:06:38] DEBUG    73   1.33673910e+14 -1.47215169e+11  4.48e+04 2.98e-02  1.37e+04   926s
[2025-08-27 17:06:51] DEBUG    74   1.33411836e+14 -1.46694162e+11  4.39e+04 2.99e-02  1.34e+04   939s
[2025-08-27 17:07:02] DEBUG    75   1.33200525e+14 -1.46490945e+11  4.32e+04 3.00e-02  1.37e+04   950s
[2025-08-27 17:07:13] DEBUG    76   1.33002994e+14 -1.46099788e+11  4.25e+04 3.03e-02  1.34e+04   961s
[2025-08-27 17:07:22] DEBUG    77   1.32744834e+14 -1.45920567e+11  4.17e+04 3.03e-02  1.34e+04   970s
[2025-08-27 17:07:34] DEBUG    78   1.32440986e+14 -1.45449158e+11  4.07e+04 3.02e-02  1.30e+04   982s
[2025-08-27 17:07:43] DEBUG    79   1.32396472e+14 -1.45210765e+11  4.06e+04 3.00e-02  1.30e+04   991s
[2025-08-27 17:07:54] DEBUG    80   1.32232205e+14 -1.45146875e+11  4.01e+04 2.99e-02  1.28e+04  1002s
[2025-08-27 17:08:07] DEBUG    81   1.31830066e+14 -1.44912604e+11  3.88e+04 2.96e-02  1.26e+04  1015s
[2025-08-27 17:08:20] DEBUG    82   1.31703324e+14 -1.44610866e+11  3.84e+04 2.93e-02  1.24e+04  1028s
[2025-08-27 17:08:34] DEBUG    83   1.31453178e+14 -1.44342768e+11  3.77e+04 2.89e-02  1.21e+04  1042s
[2025-08-27 17:08:45] DEBUG    84   1.31267229e+14 -1.44008379e+11  3.71e+04 2.85e-02  1.18e+04  1053s
[2025-08-27 17:08:56] DEBUG    85   1.31002014e+14 -1.43721050e+11  3.63e+04 2.80e-02  1.15e+04  1064s
[2025-08-27 17:09:04] DEBUG    86   1.30880084e+14 -1.43660276e+11  3.60e+04 2.79e-02  1.14e+04  1072s
[2025-08-27 17:09:16] DEBUG    87   1.30430917e+14 -1.43339930e+11  3.47e+04 2.73e-02  1.10e+04  1084s
[2025-08-27 17:09:30] DEBUG    88   1.29858383e+14 -1.43004841e+11  3.31e+04 2.67e-02  1.07e+04  1098s
[2025-08-27 17:09:44] DEBUG    89   1.29609286e+14 -1.42712443e+11  3.25e+04 2.68e-02  1.04e+04  1112s
[2025-08-27 17:09:54] DEBUG    90   1.29366876e+14 -1.42499476e+11  3.19e+04 2.69e-02  1.02e+04  1122s
[2025-08-27 17:10:04] DEBUG    91   1.29251160e+14 -1.42350075e+11  3.16e+04 2.70e-02  1.00e+04  1132s
[2025-08-27 17:10:13] DEBUG    92   1.29159364e+14 -1.42242515e+11  3.13e+04 2.70e-02  9.91e+03  1142s
[2025-08-27 17:10:23] DEBUG    93   1.28962825e+14 -1.42051680e+11  3.08e+04 2.71e-02  9.72e+03  1152s
[2025-08-27 17:10:33] DEBUG    94   1.28789375e+14 -1.41906380e+11  3.04e+04 2.71e-02  9.56e+03  1162s
[2025-08-27 17:10:43] DEBUG    95   1.28682746e+14 -1.41803271e+11  3.02e+04 2.71e-02  9.46e+03  1171s
[2025-08-27 17:10:54] DEBUG    96   1.28476305e+14 -1.41597498e+11  2.97e+04 2.72e-02  9.26e+03  1182s
[2025-08-27 17:11:03] DEBUG    97   1.28103503e+14 -1.41504954e+11  2.88e+04 2.72e-02  9.04e+03  1191s
[2025-08-27 17:11:12] DEBUG    98   1.27886474e+14 -1.41422530e+11  2.83e+04 2.72e-02  8.90e+03  1200s
[2025-08-27 17:11:24] DEBUG    99   1.27630027e+14 -1.41188318e+11  2.77e+04 2.73e-02  8.67e+03  1212s
[2025-08-27 17:11:32] DEBUG    100   1.27548925e+14 -1.41122584e+11  2.75e+04 2.73e-02  8.61e+03  1220s
[2025-08-27 17:11:41] DEBUG    101   1.27125205e+14 -1.40969361e+11  2.66e+04 2.74e-02  8.34e+03  1229s
[2025-08-27 17:11:49] DEBUG    102   1.27079052e+14 -1.40903265e+11  2.65e+04 2.74e-02  8.45e+03  1237s
[2025-08-27 17:12:00] DEBUG    103   1.26735183e+14 -1.40792964e+11  2.57e+04 2.74e-02  8.24e+03  1248s
[2025-08-27 17:12:10] DEBUG    104   1.26495431e+14 -1.40587715e+11  2.52e+04 2.75e-02  8.10e+03  1258s
[2025-08-27 17:12:21] DEBUG    105   1.26308525e+14 -1.40447034e+11  2.48e+04 2.75e-02  7.95e+03  1269s
[2025-08-27 17:12:30] DEBUG    106   1.26161334e+14 -1.40318731e+11  2.45e+04 2.76e-02  7.82e+03  1278s
[2025-08-27 17:12:41] DEBUG    107   1.26010242e+14 -1.40238354e+11  2.42e+04 2.76e-02  7.72e+03  1289s
[2025-08-27 17:12:52] DEBUG    108   1.25848667e+14 -1.40168412e+11  2.39e+04 2.76e-02  7.62e+03  1300s
[2025-08-27 17:13:01] DEBUG    109   1.25603681e+14 -1.40097999e+11  2.34e+04 2.77e-02  7.48e+03  1309s
[2025-08-27 17:13:09] DEBUG    110   1.25266945e+14 -1.40033614e+11  2.28e+04 2.77e-02  7.32e+03  1317s
[2025-08-27 17:13:17] DEBUG    111   1.25168674e+14 -1.39957309e+11  2.26e+04 2.77e-02  7.24e+03  1325s
[2025-08-27 17:13:27] DEBUG    112   1.25012549e+14 -1.39798939e+11  2.23e+04 2.78e-02  7.09e+03  1335s
[2025-08-27 17:13:36] DEBUG    113   1.24956223e+14 -1.39741106e+11  2.22e+04 2.78e-02  7.04e+03  1344s
[2025-08-27 17:13:49] DEBUG    114   1.24483041e+14 -1.39580129e+11  2.13e+04 2.78e-02  6.78e+03  1357s
[2025-08-27 17:14:00] DEBUG    115   1.24366118e+14 -1.39513944e+11  2.11e+04 2.79e-02  6.79e+03  1368s
[2025-08-27 17:14:12] DEBUG    116   1.24275209e+14 -1.39424947e+11  2.10e+04 2.79e-02  6.71e+03  1380s
[2025-08-27 17:14:24] DEBUG    117   1.24098587e+14 -1.39306609e+11  2.07e+04 2.79e-02  6.64e+03  1393s
[2025-08-27 17:14:33] DEBUG    118   1.23989847e+14 -1.39247264e+11  2.05e+04 2.79e-02  6.57e+03  1401s
[2025-08-27 17:14:43] DEBUG    119   1.23880281e+14 -1.39176327e+11  2.03e+04 2.80e-02  6.48e+03  1411s
[2025-08-27 17:14:55] DEBUG    120   1.23802607e+14 -1.39102931e+11  2.02e+04 2.80e-02  6.41e+03  1423s
[2025-08-27 17:15:06] DEBUG    121   1.23734133e+14 -1.39065088e+11  2.00e+04 2.80e-02  6.36e+03  1434s
[2025-08-27 17:15:14] DEBUG    122   1.23621637e+14 -1.39050900e+11  1.99e+04 2.80e-02  6.32e+03  1442s
[2025-08-27 17:15:23] DEBUG    123   1.23510199e+14 -1.39025681e+11  1.97e+04 2.80e-02  6.34e+03  1451s
[2025-08-27 17:15:32] DEBUG    124   1.23281464e+14 -1.38971183e+11  1.93e+04 2.81e-02  6.25e+03  1460s
[2025-08-27 17:15:41] DEBUG    125   1.23217517e+14 -1.38949935e+11  1.92e+04 2.81e-02  6.23e+03  1469s
[2025-08-27 17:15:50] DEBUG    126   1.22918787e+14 -1.38922007e+11  1.87e+04 2.81e-02  6.11e+03  1479s
[2025-08-27 17:16:00] DEBUG    127   1.22809728e+14 -1.38844856e+11  1.86e+04 2.81e-02  6.02e+03  1488s
[2025-08-27 17:16:09] DEBUG    128   1.22787407e+14 -1.38823957e+11  1.85e+04 2.81e-02  5.99e+03  1497s
[2025-08-27 17:16:20] DEBUG    129   1.22512969e+14 -1.38792501e+11  1.81e+04 2.81e-02  5.88e+03  1508s
[2025-08-27 17:16:31] DEBUG    130   1.22420378e+14 -1.38755737e+11  1.80e+04 2.82e-02  5.84e+03  1519s
[2025-08-27 17:16:42] DEBUG    131   1.22251673e+14 -1.38700908e+11  1.77e+04 2.82e-02  5.74e+03  1530s
[2025-08-27 17:16:49] DEBUG    132   1.22207472e+14 -1.38672704e+11  1.76e+04 2.82e-02  5.73e+03  1537s
[2025-08-27 17:17:03] DEBUG    133   1.22097768e+14 -1.38627739e+11  1.75e+04 2.82e-02  5.66e+03  1551s
[2025-08-27 17:17:14] DEBUG    134   1.22049752e+14 -1.38610009e+11  1.74e+04 2.82e-02  5.65e+03  1562s
[2025-08-27 17:17:24] DEBUG    135   1.21876976e+14 -1.38576961e+11  1.71e+04 2.82e-02  5.57e+03  1572s
[2025-08-27 17:17:32] DEBUG    136   1.21832830e+14 -1.38555853e+11  1.71e+04 2.83e-02  5.56e+03  1580s
[2025-08-27 17:17:39] DEBUG    137   1.21803342e+14 -1.38546844e+11  1.70e+04 2.83e-02  5.55e+03  1587s
[2025-08-27 17:17:52] DEBUG    138   1.21724024e+14 -1.38522255e+11  1.69e+04 2.83e-02  5.52e+03  1600s
[2025-08-27 17:18:05] DEBUG    139   1.21672925e+14 -1.38495332e+11  1.69e+04 2.83e-02  5.50e+03  1613s
[2025-08-27 17:18:17] DEBUG    140   1.21576096e+14 -1.38462418e+11  1.67e+04 2.83e-02  5.46e+03  1625s
[2025-08-27 17:18:27] DEBUG    141   1.21528285e+14 -1.38448778e+11  1.66e+04 2.83e-02  5.45e+03  1635s
[2025-08-27 17:18:37] DEBUG    142   1.21290570e+14 -1.38418783e+11  1.63e+04 2.83e-02  5.37e+03  1646s
[2025-08-27 17:18:49] DEBUG    143   1.21174283e+14 -1.38404296e+11  1.62e+04 2.83e-02  5.32e+03  1658s
[2025-08-27 17:19:01] DEBUG    144   1.21123264e+14 -1.38386798e+11  1.61e+04 2.83e-02  5.29e+03  1669s
[2025-08-27 17:19:10] DEBUG    145   1.21057561e+14 -1.38364863e+11  1.60e+04 2.84e-02  5.25e+03  1678s
[2025-08-27 17:19:21] DEBUG    146   1.20993398e+14 -1.38353699e+11  1.59e+04 2.84e-02  5.23e+03  1689s
[2025-08-27 17:19:32] DEBUG    147   1.20967364e+14 -1.38328803e+11  1.59e+04 2.84e-02  5.21e+03  1701s
[2025-08-27 17:19:40] DEBUG    148   1.20945957e+14 -1.38322834e+11  1.58e+04 2.84e-02  5.21e+03  1708s
[2025-08-27 17:19:52] DEBUG    149   1.20860809e+14 -1.38315843e+11  1.57e+04 2.84e-02  5.18e+03  1720s
[2025-08-27 17:20:07] DEBUG    150   1.20808068e+14 -1.38290442e+11  1.57e+04 2.84e-02  5.15e+03  1735s
[2025-08-27 17:20:18] DEBUG    151   1.20780142e+14 -1.38282856e+11  1.56e+04 2.84e-02  5.15e+03  1746s
[2025-08-27 17:20:28] DEBUG    152   1.20686531e+14 -1.38276385e+11  1.55e+04 2.84e-02  5.12e+03  1756s
[2025-08-27 17:20:41] DEBUG    153   1.20577606e+14 -1.38262617e+11  1.54e+04 2.84e-02  5.08e+03  1769s
[2025-08-27 17:20:54] DEBUG    154   1.20480207e+14 -1.38245577e+11  1.52e+04 2.84e-02  5.03e+03  1782s
[2025-08-27 17:21:02] DEBUG    155   1.20469283e+14 -1.38240851e+11  1.52e+04 2.84e-02  5.03e+03  1791s
[2025-08-27 17:21:12] DEBUG    156   1.20456276e+14 -1.38250301e+11  1.52e+04 2.84e-02  5.03e+03  1800s
[2025-08-27 17:21:22] DEBUG    157   1.20271425e+14 -1.38241212e+11  1.50e+04 2.85e-02  4.97e+03  1810s
[2025-08-27 17:21:31] DEBUG    158   1.20139648e+14 -1.38225879e+11  1.48e+04 2.85e-02  4.91e+03  1819s
[2025-08-27 17:21:45] DEBUG    159   1.19942205e+14 -1.38209952e+11  1.45e+04 2.85e-02  4.82e+03  1834s
[2025-08-27 17:21:59] DEBUG    160   1.19821386e+14 -1.38203657e+11  1.44e+04 2.85e-02  4.78e+03  1847s
[2025-08-27 17:22:10] DEBUG    161   1.19733684e+14 -1.38195962e+11  1.43e+04 2.85e-02  4.73e+03  1858s
[2025-08-27 17:22:24] DEBUG    162   1.19597933e+14 -1.38188986e+11  1.41e+04 2.85e-02  4.68e+03  1872s
[2025-08-27 17:22:34] DEBUG    163   1.19564292e+14 -1.38179290e+11  1.41e+04 2.85e-02  4.65e+03  1882s
[2025-08-27 17:22:45] DEBUG    164   1.19473963e+14 -1.38174990e+11  1.40e+04 2.85e-02  4.61e+03  1893s
[2025-08-27 17:22:57] DEBUG    165   1.19432552e+14 -1.38170997e+11  1.39e+04 2.85e-02  4.60e+03  1905s
[2025-08-27 17:23:07] DEBUG    166   1.19183407e+14 -1.38165453e+11  1.36e+04 2.86e-02  4.52e+03  1915s
[2025-08-27 17:23:18] DEBUG    167   1.19085360e+14 -1.38162371e+11  1.35e+04 2.86e-02  4.49e+03  1926s
[2025-08-27 17:23:27] DEBUG    168   1.18935671e+14 -1.38158803e+11  1.33e+04 2.86e-02  4.43e+03  1935s
[2025-08-27 17:23:36] DEBUG    169   1.18784677e+14 -1.38161403e+11  1.31e+04 2.86e-02  4.39e+03  1944s
[2025-08-27 17:23:47] DEBUG    170   1.18726249e+14 -1.38160270e+11  1.31e+04 2.86e-02  4.35e+03  1956s
[2025-08-27 17:23:59] DEBUG    171   1.18294487e+14 -1.38158991e+11  1.26e+04 2.86e-02  4.24e+03  1967s
[2025-08-27 17:24:08] DEBUG    172   1.18101597e+14 -1.38157566e+11  1.24e+04 2.86e-02  4.16e+03  1976s
[2025-08-27 17:24:19] DEBUG    173   1.18025756e+14 -1.38157452e+11  1.23e+04 2.86e-02  4.11e+03  1987s
[2025-08-27 17:24:28] DEBUG    174   1.17924341e+14 -1.38157530e+11  1.22e+04 2.87e-02  4.06e+03  1996s
[2025-08-27 17:24:38] DEBUG    175   1.17874083e+14 -1.38157750e+11  1.21e+04 2.87e-02  4.04e+03  2006s
[2025-08-27 17:24:51] DEBUG    176   1.17831706e+14 -1.38157983e+11  1.21e+04 2.87e-02  4.02e+03  2019s
[2025-08-27 17:25:01] DEBUG    177   1.17733709e+14 -1.38159900e+11  1.20e+04 2.87e-02  3.99e+03  2029s
[2025-08-27 17:25:11] DEBUG    178   1.17706146e+14 -1.38160828e+11  1.20e+04 2.87e-02  4.00e+03  2039s
[2025-08-27 17:25:23] DEBUG    179   1.17634601e+14 -1.38163183e+11  1.19e+04 2.87e-02  3.98e+03  2051s
[2025-08-27 17:25:31] DEBUG    180   1.17573467e+14 -1.38163735e+11  1.18e+04 2.87e-02  3.96e+03  2060s
[2025-08-27 17:25:41] DEBUG    181   1.17545145e+14 -1.38164676e+11  1.18e+04 2.87e-02  3.95e+03  2069s
[2025-08-27 17:25:54] DEBUG    182   1.17514457e+14 -1.38167626e+11  1.18e+04 2.87e-02  3.94e+03  2082s
[2025-08-27 17:26:03] DEBUG    183   1.17475295e+14 -1.38181699e+11  1.17e+04 2.87e-02  3.93e+03  2091s
[2025-08-27 17:26:12] DEBUG    184   1.17420871e+14 -1.38194939e+11  1.17e+04 2.87e-02  3.91e+03  2100s
[2025-08-27 17:26:13] DEBUG    Barrier performed 184 iterations in 2100.45 seconds (597.87 work units)
[2025-08-27 17:26:13] DEBUG    Numerical trouble encountered
[2025-08-27 17:26:13] DEBUG    Model may be infeasible or unbounded.  Consider using the
[2025-08-27 17:26:13] DEBUG    homogeneous algorithm (through parameter 'BarHomogeneous')
[2025-08-27 17:27:17] DEBUG    Waiting for other threads to finish...        2165s
[2025-08-27 17:28:21] DEBUG    Waiting for other threads to finish...        2229s
[2025-08-27 17:29:26] DEBUG    Waiting for other threads to finish...        2294s
[2025-08-27 17:30:30] DEBUG    Waiting for other threads to finish...        2359s
[2025-08-27 17:31:35] DEBUG    Waiting for other threads to finish...        2423s
[2025-08-27 17:32:40] DEBUG    Waiting for other threads to finish...        2488s
[2025-08-27 17:33:44] DEBUG    Waiting for other threads to finish...        2552s
[2025-08-27 17:34:49] DEBUG    Waiting for other threads to finish...        2617s
[2025-08-27 17:35:53] DEBUG    Waiting for other threads to finish...        2681s
[2025-08-27 17:36:58] DEBUG    Waiting for other threads to finish...        2746s
[2025-08-27 17:38:02] DEBUG    Waiting for other threads to finish...        2810s
[2025-08-27 17:39:07] DEBUG    Waiting for other threads to finish...        2875s
[2025-08-27 17:40:11] DEBUG    Waiting for other threads to finish...        2939s
[2025-08-27 17:41:16] DEBUG    Waiting for other threads to finish...        3004s
[2025-08-27 17:42:20] DEBUG    Waiting for other threads to finish...        3068s
[2025-08-27 17:42:44] DEBUG    Solved with dual simplex
[2025-08-27 17:42:57] DEBUG    Iteration    Objective       Primal Inf.    Dual Inf.      Time
[2025-08-27 17:42:57] DEBUG    1628694    1.4897119e+10   0.000000e+00   0.000000e+00   3105s

Solved in 1628694 iterations and 3104.85 seconds (1891.82 work units)
[2025-08-27 17:42:57] DEBUG    Optimal objective  1.489711926e+10
✅ Scenario completato: new_trasmission_CG+VRES_2035_BESS

🚀 Lancio scenario: new_trasmission_CG+VRES_2035_nostorage
[2025-08-27 17:58:16] INFO     Loading sets
[2025-08-27 17:58:16] INFO     Loading parameters
[2025-08-27 17:58:55] INFO     constraints are loaded in the following order: ['energy_balance', 'dispatch', 'costs', 'capacity', 'network', 'policy', 'conversion', 'group', 'conversion_plus', 'milp', 'export']
[2025-08-27 17:58:55] INFO     creating energy_balance constraints
[2025-08-27 18:02:17] INFO     creating dispatch constraints
[2025-08-27 18:04:35] INFO     creating costs constraints
[2025-08-27 18:23:06] INFO     creating capacity constraints
[2025-08-27 18:23:06] INFO     creating network constraints
[2025-08-27 18:23:06] INFO     creating policy constraints
[2025-08-27 18:23:06] INFO     creating conversion constraints
[2025-08-27 18:23:06] INFO     creating group constraints
[2025-08-27 18:23:06] INFO     creating conversion_plus constraints
[2025-08-27 18:23:06] INFO     creating milp constraints
[2025-08-27 18:23:06] INFO     creating export constraints
[2025-08-27 18:38:16] DEBUG    Set parameter WLSAccessID
Set parameter WLSSecret
Set parameter LicenseID to value 2680226
[2025-08-27 18:38:17] DEBUG    Academic license 2680226 - for non-commercial use only - registered to an___@mail.polimi.it
[2025-08-27 18:38:59] DEBUG    Read LP format model from file /tmp/tmpq9w3415n.pyomo.lp
Reading time = 42.75 seconds
x21132717: 27816657 rows, 21132717 columns, 68437283 nonzeros
[2025-08-27 18:38:59] DEBUG    Set parameter NumericFocus to value 1
Gurobi Optimizer version 12.0.2 build v12.0.2rc0 (linux64 - "Debian GNU/Linux 11 (bullseye)")

CPU model: Intel(R) Xeon(R) Silver 4314 CPU @ 2.40GHz, instruction set [SSE2|AVX|AVX2|AVX512]
Thread count: 32 physical cores, 64 logical processors, using up to 32 threads

Non-default parameters:
NumericFocus  1
[2025-08-27 18:39:00] DEBUG    Academic license 2680226 - for non-commercial use only - registered to an___@mail.polimi.it
Optimize a model with 27816657 rows, 21132717 columns and 68437283 nonzeros
[2025-08-27 18:39:00] DEBUG    Model fingerprint: 0x28b54e26
[2025-08-27 18:39:01] DEBUG    Coefficient statistics:
  Matrix range     [1e-07, 6e+02]
  Objective range  [1e+00, 1e+06]
  Bounds range     [0e+00, 0e+00]
  RHS range        [1e+00, 2e+08]
[2025-08-27 18:39:06] DEBUG    Presolve removed 20533536 rows and 11620635 columns (presolve time = 5s)...
[2025-08-27 18:39:11] DEBUG    Presolve removed 20964582 rows and 13880949 columns (presolve time = 10s)...
[2025-08-27 18:39:16] DEBUG    Presolve removed 24193692 rows and 17110000 columns (presolve time = 15s)...
[2025-08-27 18:39:21] DEBUG    Presolve removed 24405574 rows and 17321882 columns (presolve time = 20s)...
[2025-08-27 18:39:51] DEBUG    Presolve removed 24943411 rows and 17575922 columns (presolve time = 50s)...
[2025-08-27 18:39:56] DEBUG    Presolve removed 24943411 rows and 17698562 columns (presolve time = 55s)...
[2025-08-27 18:39:56] DEBUG    Presolve removed 25092314 rows and 17698562 columns
[2025-08-27 18:40:34] DEBUG    Presolve time: 94.77s
[2025-08-27 18:40:34] DEBUG    Presolved: 2724343 rows, 3583058 columns, 11303887 nonzeros

Concurrent LP optimizer: primal simplex, dual simplex, and barrier
Showing barrier log only...
[2025-08-27 18:40:38] DEBUG    Ordering time: 1.78s
[2025-08-27 18:40:40] DEBUG    Barrier statistics:
 Dense cols : 174
[2025-08-27 18:40:40] DEBUG    AA' NZ     : 9.245e+06
 Factor NZ  : 4.108e+07 (roughly 3.0 GB of memory)
 Factor Ops : 2.774e+09 (less than 1 second per iteration)
 Threads    : 30
[2025-08-27 18:40:44] DEBUG    Objective                Residual
[2025-08-27 18:40:44] DEBUG    Iter       Primal          Dual         Primal    Dual     Compl     Time
[2025-08-27 18:40:45] DEBUG    0   9.36160453e+14 -1.14356852e+15  7.38e+10 3.26e-01  4.11e+11   105s
[2025-08-27 18:40:51] DEBUG    1   8.24479438e+14 -1.14801341e+15  6.38e+10 2.16e+01  3.17e+11   111s
[2025-08-27 18:40:59] DEBUG    2   6.95957478e+14 -1.13290041e+15  5.21e+10 1.13e+01  2.36e+11   119s
[2025-08-27 18:41:08] DEBUG    3   5.24303614e+14 -1.06019461e+15  3.64e+10 3.31e+00  1.43e+11   128s
[2025-08-27 18:41:14] DEBUG    4   3.79257026e+14 -9.53202669e+14  2.26e+10 1.35e+00  8.58e+10   135s
[2025-08-27 18:41:19] DEBUG    5   2.30598529e+14 -8.82121230e+14  6.22e+09 7.12e-01  2.61e+10   139s
[2025-08-27 18:41:24] DEBUG    6   2.32534009e+14 -7.88064105e+14  3.08e+09 3.18e-01  1.30e+10   145s
[2025-08-27 18:41:29] DEBUG    7   2.38376728e+14 -6.67209959e+14  1.52e+09 1.47e-01  6.30e+09   150s
[2025-08-27 18:41:34] DEBUG    8   2.34928339e+14 -5.38255219e+14  5.85e+08 3.21e-02  2.40e+09   154s
[2025-08-27 18:41:39] DEBUG    9   2.24583472e+14 -4.03081953e+14  3.36e+08 3.09e-02  1.29e+09   159s
[2025-08-27 18:41:46] DEBUG    10   1.91942569e+14 -3.04518795e+14  9.74e+07 6.67e-02  3.85e+08   166s
[2025-08-27 18:41:52] DEBUG    11   1.60433348e+14 -1.72750782e+14  2.99e+07 6.86e-02  1.22e+08   172s
[2025-08-27 18:41:57] DEBUG    12   1.53010271e+14 -1.56279170e+14  2.51e+07 6.74e-02  1.02e+08   178s
[2025-08-27 18:42:02] DEBUG    13   1.45284722e+14 -1.08891028e+14  2.04e+07 6.29e-02  7.59e+07   182s
[2025-08-27 18:42:07] DEBUG    14   1.43864492e+14 -1.03536765e+14  1.98e+07 6.26e-02  7.23e+07   188s
[2025-08-27 18:42:12] DEBUG    15   1.39124973e+14 -8.69075595e+13  1.74e+07 6.40e-02  6.12e+07   193s
[2025-08-27 18:42:19] DEBUG    16   1.36681146e+14 -5.07567503e+13  1.63e+07 8.19e-02  4.88e+07   200s
[2025-08-27 18:42:27] DEBUG    17   1.14909516e+14 -3.77451068e+13  6.80e+06 8.55e-02  2.20e+07   208s
[2025-08-27 18:42:38] DEBUG    18   1.14084405e+14 -3.62668284e+13  6.63e+06 8.51e-02  2.11e+07   219s
[2025-08-27 18:42:47] DEBUG    19   1.05419299e+14 -2.94307488e+13  4.93e+06 8.30e-02  1.53e+07   227s
[2025-08-27 18:42:52] DEBUG    20   1.04217921e+14 -2.36039722e+13  4.73e+06 8.07e-02  1.27e+07   232s
[2025-08-27 18:42:56] DEBUG    21   1.00349824e+14 -2.21611475e+13  4.10e+06 8.01e-02  1.11e+07   237s
[2025-08-27 18:43:02] DEBUG    22   9.53589986e+13 -1.60904932e+13  3.38e+06 9.08e-02  7.79e+06   242s
[2025-08-27 18:43:11] DEBUG    23   9.34271674e+13 -1.31937262e+13  3.14e+06 9.35e-02  6.30e+06   251s
[2025-08-27 18:43:22] DEBUG    24   8.68115291e+13 -1.09858097e+13  2.36e+06 9.44e-02  4.63e+06   263s
[2025-08-27 18:43:32] DEBUG    25   8.54072526e+13 -9.66948860e+12  2.23e+06 9.41e-02  4.08e+06   272s
[2025-08-27 18:43:43] DEBUG    26   8.19728692e+13 -8.15640084e+12  1.91e+06 9.22e-02  3.24e+06   283s
[2025-08-27 18:43:53] DEBUG    27   7.84516221e+13 -6.40298367e+12  1.61e+06 8.97e-02  2.44e+06   293s
[2025-08-27 18:44:04] DEBUG    28   7.61648134e+13 -5.31314553e+12  1.43e+06 8.70e-02  1.99e+06   305s
[2025-08-27 18:44:15] DEBUG    29   7.31510580e+13 -4.35038113e+12  1.21e+06 8.17e-02  1.56e+06   316s
[2025-08-27 18:44:23] DEBUG    30   7.05551141e+13 -3.56672767e+12  1.02e+06 7.28e-02  1.24e+06   323s
[2025-08-27 18:44:33] DEBUG    31   6.71493928e+13 -2.48513532e+12  7.67e+05 5.76e-02  8.38e+05   334s
[2025-08-27 18:44:44] DEBUG    32   6.52024021e+13 -1.70520815e+12  6.49e+05 3.94e-02  5.95e+05   344s
[2025-08-27 18:44:51] DEBUG    33   6.35282470e+13 -1.42327183e+12  5.55e+05 3.23e-02  4.86e+05   352s
[2025-08-27 18:45:02] DEBUG    34   6.21794900e+13 -1.30579872e+12  4.87e+05 3.17e-02  4.24e+05   363s
[2025-08-27 18:45:11] DEBUG    35   6.07724857e+13 -1.20361454e+12  4.22e+05 2.98e-02  3.69e+05   372s
[2025-08-27 18:45:22] DEBUG    36   6.02038140e+13 -1.07791601e+12  3.97e+05 2.80e-02  3.33e+05   382s
[2025-08-27 18:45:31] DEBUG    37   5.96674977e+13 -1.02814192e+12  3.76e+05 2.70e-02  3.13e+05   391s
[2025-08-27 18:45:41] DEBUG    38   5.91300465e+13 -9.64233726e+11  3.55e+05 2.54e-02  2.91e+05   402s
[2025-08-27 18:45:50] DEBUG    39   5.85240859e+13 -8.91062956e+11  3.32e+05 2.47e-02  2.65e+05   410s
[2025-08-27 18:46:00] DEBUG    40   5.79491908e+13 -8.54215437e+11  3.12e+05 2.46e-02  2.49e+05   421s
[2025-08-27 18:46:12] DEBUG    41   5.73303096e+13 -8.19631263e+11  2.90e+05 2.45e-02  2.33e+05   432s
[2025-08-27 18:46:23] DEBUG    42   5.68729000e+13 -7.71278329e+11  2.75e+05 2.44e-02  2.17e+05   443s
[2025-08-27 18:46:34] DEBUG    43   5.64825177e+13 -7.10824080e+11  2.62e+05 2.42e-02  2.01e+05   454s
[2025-08-27 18:46:40] DEBUG    44   5.62059965e+13 -6.72357380e+11  2.53e+05 2.41e-02  1.91e+05   461s
[2025-08-27 18:46:49] DEBUG    45   5.55130462e+13 -6.45572317e+11  2.32e+05 2.40e-02  1.77e+05   470s
[2025-08-27 18:47:00] DEBUG    46   5.50548637e+13 -6.21637071e+11  2.19e+05 2.39e-02  1.67e+05   480s
[2025-08-27 18:47:12] DEBUG    47   5.43306590e+13 -5.90967211e+11  1.99e+05 2.37e-02  1.54e+05   492s
[2025-08-27 18:47:23] DEBUG    48   5.40805416e+13 -5.58724443e+11  1.92e+05 2.36e-02  1.46e+05   503s
[2025-08-27 18:47:34] DEBUG    49   5.37289031e+13 -5.33496500e+11  1.83e+05 2.35e-02  1.38e+05   515s
[2025-08-27 18:47:44] DEBUG    50   5.34289348e+13 -5.01527920e+11  1.76e+05 2.33e-02  1.30e+05   525s
[2025-08-27 18:47:53] DEBUG    51   5.31104233e+13 -4.78185174e+11  1.69e+05 2.32e-02  1.23e+05   534s
[2025-08-27 18:48:01] DEBUG    52   5.29813293e+13 -4.66662650e+11  1.66e+05 2.31e-02  1.20e+05   541s
[2025-08-27 18:48:08] DEBUG    53   5.29689300e+13 -4.55741964e+11  1.65e+05 2.31e-02  1.18e+05   549s
[2025-08-27 18:48:15] DEBUG    54   5.27773496e+13 -4.47541447e+11  1.61e+05 2.30e-02  1.15e+05   556s
[2025-08-27 18:48:23] DEBUG    55   5.26156330e+13 -4.31489301e+11  1.57e+05 2.29e-02  1.12e+05   564s
[2025-08-27 18:48:33] DEBUG    56   5.23562446e+13 -4.24710360e+11  1.51e+05 2.29e-02  1.08e+05   574s
[2025-08-27 18:48:43] DEBUG    57   5.20318489e+13 -4.10540505e+11  1.44e+05 2.28e-02  1.04e+05   584s
[2025-08-27 18:48:50] DEBUG    58   5.20071986e+13 -3.95403253e+11  1.44e+05 2.27e-02  1.01e+05   591s
[2025-08-27 18:49:01] DEBUG    59   5.17298779e+13 -3.77316421e+11  1.38e+05 2.25e-02  9.58e+04   602s
[2025-08-27 18:49:11] DEBUG    60   5.16016346e+13 -3.63012933e+11  1.36e+05 2.24e-02  9.27e+04   612s
[2025-08-27 18:49:24] DEBUG    61   5.14045234e+13 -3.44599112e+11  1.32e+05 2.23e-02  8.82e+04   624s
[2025-08-27 18:49:33] DEBUG    62   5.11244705e+13 -3.33996943e+11  1.26e+05 2.22e-02  8.46e+04   634s
[2025-08-27 18:49:45] DEBUG    63   5.07681318e+13 -3.20993846e+11  1.19e+05 2.21e-02  8.01e+04   646s
[2025-08-27 18:49:52] DEBUG    64   5.06998381e+13 -3.08660516e+11  1.18e+05 2.20e-02  7.79e+04   653s
[2025-08-27 18:50:04] DEBUG    65   5.04459042e+13 -2.91245143e+11  1.14e+05 2.19e-02  7.34e+04   664s
[2025-08-27 18:50:14] DEBUG    66   5.02995795e+13 -2.82326606e+11  1.11e+05 2.18e-02  7.12e+04   675s
[2025-08-27 18:50:22] DEBUG    67   5.02590402e+13 -2.79551331e+11  1.10e+05 2.18e-02  7.06e+04   682s
[2025-08-27 18:50:31] DEBUG    68   5.01913561e+13 -2.75386434e+11  1.09e+05 2.17e-02  6.96e+04   692s
[2025-08-27 18:50:41] DEBUG    69   4.98045606e+13 -2.69559944e+11  1.03e+05 2.16e-02  8.21e+04   701s
[2025-08-27 18:50:48] DEBUG    70   4.96744457e+13 -2.65954363e+11  1.01e+05 2.16e-02  8.06e+04   708s
[2025-08-27 18:50:58] DEBUG    71   4.93566393e+13 -2.59249545e+11  9.57e+04 2.15e-02  8.12e+04   718s
[2025-08-27 18:51:07] DEBUG    72   4.92254122e+13 -2.51407681e+11  9.37e+04 2.15e-02  7.88e+04   728s
[2025-08-27 18:51:15] DEBUG    73   4.91528289e+13 -2.45692970e+11  9.26e+04 2.14e-02  7.81e+04   735s
[2025-08-27 18:51:24] DEBUG    74   4.89222142e+13 -2.38708180e+11  8.92e+04 2.13e-02  7.53e+04   744s
[2025-08-27 18:51:31] DEBUG    75   4.88253990e+13 -2.35251258e+11  8.78e+04 2.13e-02  7.43e+04   751s
[2025-08-27 18:51:38] DEBUG    76   4.87410625e+13 -2.32280696e+11  8.66e+04 2.12e-02  7.33e+04   759s
[2025-08-27 18:51:45] DEBUG    77   4.85820661e+13 -2.27194439e+11  8.44e+04 2.12e-02  7.14e+04   766s
[2025-08-27 18:51:57] DEBUG    78   4.83603809e+13 -2.19791845e+11  8.13e+04 2.11e-02  6.87e+04   778s
[2025-08-27 18:52:06] DEBUG    79   4.82469476e+13 -2.13737284e+11  7.98e+04 2.10e-02  6.69e+04   786s
[2025-08-27 18:52:13] DEBUG    80   4.81541462e+13 -2.11109535e+11  7.86e+04 2.10e-02  6.59e+04   793s
[2025-08-27 18:52:19] DEBUG    81   4.80344444e+13 -2.07929582e+11  7.71e+04 2.09e-02  6.47e+04   800s
[2025-08-27 18:52:25] DEBUG    82   4.79399451e+13 -2.04262234e+11  7.59e+04 2.11e-02  6.35e+04   805s
[2025-08-27 18:52:31] DEBUG    83   4.77755480e+13 -2.00884623e+11  7.38e+04 2.14e-02  6.20e+04   812s
[2025-08-27 18:52:38] DEBUG    84   4.76655819e+13 -1.98003657e+11  7.24e+04 2.17e-02  6.09e+04   818s
[2025-08-27 18:52:45] DEBUG    85   4.75457582e+13 -1.94736066e+11  7.10e+04 2.21e-02  5.97e+04   825s
[2025-08-27 18:52:52] DEBUG    86   4.74257385e+13 -1.91849935e+11  6.96e+04 2.23e-02  5.86e+04   833s
[2025-08-27 18:53:01] DEBUG    87   4.72906694e+13 -1.88883585e+11  6.80e+04 2.25e-02  5.75e+04   842s
[2025-08-27 18:53:08] DEBUG    88   4.70780530e+13 -1.85513345e+11  6.55e+04 2.28e-02  5.59e+04   848s
[2025-08-27 18:53:15] DEBUG    89   4.70282394e+13 -1.83338659e+11  6.50e+04 2.29e-02  5.53e+04   856s
[2025-08-27 18:53:24] DEBUG    90   4.69005859e+13 -1.79316514e+11  6.36e+04 2.32e-02  5.40e+04   864s
[2025-08-27 18:53:31] DEBUG    91   4.68447262e+13 -1.76777028e+11  6.29e+04 2.33e-02  5.32e+04   871s
[2025-08-27 18:53:37] DEBUG    92   4.67221563e+13 -1.73998363e+11  6.16e+04 2.34e-02  5.22e+04   878s
[2025-08-27 18:53:45] DEBUG    93   4.66113459e+13 -1.71591893e+11  6.04e+04 2.35e-02  5.13e+04   885s
[2025-08-27 18:53:51] DEBUG    94   4.64664922e+13 -1.67181767e+11  5.89e+04 2.36e-02  4.99e+04   892s
[2025-08-27 18:53:58] DEBUG    95   4.63717235e+13 -1.64032259e+11  5.80e+04 2.37e-02  4.90e+04   898s
[2025-08-27 18:54:05] DEBUG    96   4.62188390e+13 -1.60261247e+11  5.64e+04 2.37e-02  4.77e+04   906s
[2025-08-27 18:54:12] DEBUG    97   4.60354447e+13 -1.58450777e+11  5.46e+04 2.37e-02  4.67e+04   913s
[2025-08-27 18:54:23] DEBUG    98   4.58882128e+13 -1.53618157e+11  5.32e+04 2.36e-02  4.52e+04   924s
[2025-08-27 18:54:33] DEBUG    99   4.56620300e+13 -1.49387410e+11  5.10e+04 2.36e-02  4.36e+04   934s
[2025-08-27 18:54:42] DEBUG    100   4.55938652e+13 -1.45613800e+11  5.04e+04 2.35e-02  4.26e+04   943s
[2025-08-27 18:54:49] DEBUG    101   4.54958468e+13 -1.44162615e+11  4.95e+04 2.35e-02  4.20e+04   950s
[2025-08-27 18:54:59] DEBUG    102   4.54050925e+13 -1.40224729e+11  4.87e+04 2.34e-02  4.09e+04   959s
[2025-08-27 18:55:08] DEBUG    103   4.53289461e+13 -1.37181569e+11  4.81e+04 2.33e-02  4.01e+04   969s
[2025-08-27 18:55:19] DEBUG    104   4.50780497e+13 -1.32223657e+11  4.59e+04 2.32e-02  3.83e+04   980s
[2025-08-27 18:55:26] DEBUG    105   4.49247810e+13 -1.29694100e+11  4.46e+04 2.30e-02  3.74e+04   986s
[2025-08-27 18:55:36] DEBUG    106   4.46906146e+13 -1.25707448e+11  4.27e+04 2.28e-02  3.59e+04   996s
[2025-08-27 18:55:43] DEBUG    107   4.45948271e+13 -1.23573178e+11  4.20e+04 2.27e-02  3.52e+04  1004s
[2025-08-27 18:55:51] DEBUG    108   4.45338277e+13 -1.21993401e+11  4.15e+04 2.25e-02  3.47e+04  1011s
[2025-08-27 18:56:00] DEBUG    109   4.43736941e+13 -1.18050567e+11  4.03e+04 2.23e-02  3.35e+04  1020s
[2025-08-27 18:56:09] DEBUG    110   4.42750107e+13 -1.14858258e+11  3.96e+04 2.21e-02  3.26e+04  1029s
[2025-08-27 18:56:17] DEBUG    111   4.41390183e+13 -1.13557557e+11  3.86e+04 2.20e-02  3.20e+04  1037s
[2025-08-27 18:56:24] DEBUG    112   4.40034892e+13 -1.12027286e+11  3.76e+04 2.19e-02  3.14e+04  1044s
[2025-08-27 18:56:33] DEBUG    113   4.37837292e+13 -1.09088338e+11  3.61e+04 2.16e-02  3.02e+04  1054s
[2025-08-27 18:56:42] DEBUG    114   4.36529218e+13 -1.06091789e+11  3.52e+04 2.14e-02  2.93e+04  1063s
[2025-08-27 18:56:54] DEBUG    115   4.35123216e+13 -1.03153850e+11  3.43e+04 2.11e-02  2.84e+04  1074s
[2025-08-27 18:57:04] DEBUG    116   4.34546891e+13 -1.00247904e+11  3.39e+04 2.09e-02  2.77e+04  1084s
[2025-08-27 18:57:12] DEBUG    117   4.32768776e+13 -9.69362863e+10  3.27e+04 2.06e-02  2.67e+04  1093s
[2025-08-27 18:57:19] DEBUG    118   4.31882882e+13 -9.45282636e+10  3.22e+04 2.03e-02  2.60e+04  1100s
[2025-08-27 18:57:29] DEBUG    119   4.30440058e+13 -9.29860230e+10  3.13e+04 2.02e-02  2.54e+04  1109s
[2025-08-27 18:57:35] DEBUG    120   4.29441289e+13 -9.13986937e+10  3.07e+04 2.00e-02  2.49e+04  1115s
[2025-08-27 18:57:42] DEBUG    121   4.27868307e+13 -8.95113417e+10  2.98e+04 1.98e-02  2.42e+04  1123s
[2025-08-27 18:57:50] DEBUG    122   4.25507737e+13 -8.84710908e+10  2.85e+04 1.97e-02  2.36e+04  1130s
[2025-08-27 18:58:01] DEBUG    123   4.24005934e+13 -8.56942490e+10  2.76e+04 1.94e-02  2.28e+04  1142s
[2025-08-27 18:58:10] DEBUG    124   4.23488707e+13 -8.36627738e+10  2.74e+04 1.91e-02  2.23e+04  1151s
[2025-08-27 18:58:19] DEBUG    125   4.22412018e+13 -8.20805111e+10  2.68e+04 1.89e-02  2.18e+04  1159s
[2025-08-27 18:58:31] DEBUG    126   4.20821493e+13 -7.98605868e+10  2.60e+04 1.87e-02  2.10e+04  1171s
[2025-08-27 18:58:39] DEBUG    127   4.19698012e+13 -7.88905750e+10  2.54e+04 1.85e-02  2.07e+04  1179s
[2025-08-27 18:58:51] DEBUG    128   4.17978285e+13 -7.62296835e+10  2.46e+04 1.84e-02  1.99e+04  1191s
[2025-08-27 18:59:01] DEBUG    129   4.17083919e+13 -7.47066917e+10  2.41e+04 1.84e-02  1.94e+04  1202s
[2025-08-27 18:59:12] DEBUG    130   4.15700603e+13 -7.27648738e+10  2.35e+04 1.83e-02  1.88e+04  1213s
[2025-08-27 18:59:21] DEBUG    131   4.14304680e+13 -7.09820042e+10  2.28e+04 1.83e-02  1.82e+04  1222s
[2025-08-27 18:59:32] DEBUG    132   4.12307668e+13 -6.91467853e+10  2.19e+04 1.82e-02  1.76e+04  1232s
[2025-08-27 18:59:41] DEBUG    133   4.11758607e+13 -6.76004079e+10  2.17e+04 1.82e-02  1.72e+04  1241s
[2025-08-27 18:59:51] DEBUG    134   4.10779464e+13 -6.65929417e+10  2.13e+04 1.82e-02  1.69e+04  1252s
[2025-08-27 18:59:58] DEBUG    135   4.10762807e+13 -6.61184370e+10  2.13e+04 1.82e-02  1.68e+04  1259s
[2025-08-27 19:00:07] DEBUG    136   4.09819853e+13 -6.50313470e+10  2.09e+04 1.81e-02  1.64e+04  1268s
[2025-08-27 19:00:14] DEBUG    137   4.09802397e+13 -6.46887017e+10  2.08e+04 1.81e-02  1.66e+04  1274s
[2025-08-27 19:00:23] DEBUG    138   4.09583133e+13 -6.40899560e+10  2.08e+04 1.81e-02  1.65e+04  1283s
[2025-08-27 19:00:30] DEBUG    139   4.09373590e+13 -6.34565629e+10  2.07e+04 1.81e-02  1.64e+04  1290s
[2025-08-27 19:00:36] DEBUG    140   4.09167291e+13 -6.29363195e+10  2.06e+04 1.81e-02  1.63e+04  1297s
[2025-08-27 19:00:44] DEBUG    141   4.08820981e+13 -6.26576583e+10  2.04e+04 1.80e-02  1.62e+04  1304s
[2025-08-27 19:00:52] DEBUG    142   4.08173772e+13 -6.17185510e+10  2.02e+04 1.80e-02  1.59e+04  1313s
[2025-08-27 19:01:01] DEBUG    143   4.07914163e+13 -6.11785907e+10  2.01e+04 1.80e-02  1.58e+04  1322s
[2025-08-27 19:01:13] DEBUG    144   4.06088821e+13 -5.99078640e+10  1.93e+04 1.80e-02  1.53e+04  1333s
[2025-08-27 19:01:20] DEBUG    145   4.05615163e+13 -5.91571233e+10  1.91e+04 1.79e-02  1.51e+04  1341s
[2025-08-27 19:01:32] DEBUG    146   4.05372096e+13 -5.82515325e+10  1.91e+04 1.79e-02  1.49e+04  1352s
[2025-08-27 19:01:43] DEBUG    147   4.03269439e+13 -5.72137707e+10  1.82e+04 1.79e-02  1.44e+04  1363s
[2025-08-27 19:01:52] DEBUG    148   4.02263531e+13 -5.61265014e+10  1.79e+04 1.78e-02  1.41e+04  1373s
[2025-08-27 19:02:02] DEBUG    149   4.01982675e+13 -5.55497233e+10  1.78e+04 1.78e-02  1.39e+04  1382s
[2025-08-27 19:02:08] DEBUG    150   4.01572240e+13 -5.49556345e+10  1.76e+04 1.78e-02  1.37e+04  1389s
[2025-08-27 19:02:15] DEBUG    151   4.01182466e+13 -5.45150049e+10  1.75e+04 1.78e-02  1.36e+04  1395s
[2025-08-27 19:02:25] DEBUG    152   3.99606055e+13 -5.38771360e+10  1.69e+04 1.78e-02  1.33e+04  1406s
[2025-08-27 19:02:34] DEBUG    153   3.99212275e+13 -5.36448292e+10  1.68e+04 1.78e-02  1.32e+04  1414s
[2025-08-27 19:02:45] DEBUG    154   3.98433034e+13 -5.27475926e+10  1.65e+04 1.77e-02  1.30e+04  1425s
[2025-08-27 19:02:54] DEBUG    155   3.97858428e+13 -5.24162520e+10  1.63e+04 1.77e-02  1.28e+04  1434s
[2025-08-27 19:03:05] DEBUG    156   3.97294308e+13 -5.18138088e+10  1.61e+04 1.77e-02  1.27e+04  1446s
[2025-08-27 19:03:12] DEBUG    157   3.97214918e+13 -5.16840644e+10  1.61e+04 1.77e-02  1.26e+04  1453s
[2025-08-27 19:03:20] DEBUG    158   3.97140261e+13 -5.15030099e+10  1.61e+04 1.77e-02  1.26e+04  1461s
[2025-08-27 19:03:30] DEBUG    159   3.96763804e+13 -5.12270292e+10  1.59e+04 1.77e-02  1.25e+04  1470s
[2025-08-27 19:03:41] DEBUG    160   3.96548545e+13 -5.07040833e+10  1.59e+04 1.77e-02  1.24e+04  1481s
[2025-08-27 19:03:48] DEBUG    161   3.96434170e+13 -5.03579967e+10  1.58e+04 1.76e-02  1.23e+04  1488s
[2025-08-27 19:04:04] DEBUG    162   3.95106413e+13 -4.95485008e+10  1.54e+04 1.76e-02  1.20e+04  1505s
[2025-08-27 19:04:14] DEBUG    163   3.95021380e+13 -4.88840970e+10  1.54e+04 1.76e-02  1.19e+04  1515s
[2025-08-27 19:04:22] DEBUG    164   3.94977856e+13 -4.85839622e+10  1.54e+04 1.76e-02  1.18e+04  1523s
[2025-08-27 19:04:31] DEBUG    165   3.94843985e+13 -4.82796238e+10  1.53e+04 1.76e-02  1.17e+04  1531s
[2025-08-27 19:04:45] DEBUG    166   3.94532931e+13 -4.78901999e+10  1.52e+04 1.76e-02  1.16e+04  1545s
[2025-08-27 19:04:58] DEBUG    167   3.92709763e+13 -4.71744045e+10  1.46e+04 1.75e-02  1.13e+04  1559s
[2025-08-27 19:05:08] DEBUG    168   3.91793241e+13 -4.65604992e+10  1.43e+04 1.75e-02  1.11e+04  1569s
[2025-08-27 19:05:26] DEBUG    169   3.91037995e+13 -4.52975256e+10  1.41e+04 1.75e-02  1.08e+04  1587s
[2025-08-27 19:05:38] DEBUG    170   3.89995847e+13 -4.47871510e+10  1.38e+04 1.74e-02  1.06e+04  1599s
[2025-08-27 19:05:45] DEBUG    171   3.89792802e+13 -4.41157625e+10  1.38e+04 1.74e-02  1.04e+04  1606s
[2025-08-27 19:05:57] DEBUG    172   3.88618506e+13 -4.35211818e+10  1.34e+04 1.74e-02  1.02e+04  1617s
[2025-08-27 19:06:06] DEBUG    173   3.88547068e+13 -4.29020860e+10  1.34e+04 1.74e-02  1.00e+04  1626s
[2025-08-27 19:06:13] DEBUG    174   3.87809897e+13 -4.27152058e+10  1.32e+04 1.74e-02  9.92e+03  1634s
[2025-08-27 19:06:22] DEBUG    175   3.87231866e+13 -4.22702350e+10  1.30e+04 1.73e-02  9.78e+03  1642s
[2025-08-27 19:06:30] DEBUG    176   3.86792526e+13 -4.19833133e+10  1.29e+04 1.73e-02  9.69e+03  1650s
[2025-08-27 19:06:39] DEBUG    177   3.85900628e+13 -4.14897939e+10  1.27e+04 1.73e-02  9.51e+03  1660s
[2025-08-27 19:06:47] DEBUG    178   3.84815400e+13 -4.08254462e+10  1.24e+04 1.73e-02  9.32e+03  1667s
[2025-08-27 19:06:57] DEBUG    179   3.84442620e+13 -4.04473186e+10  1.23e+04 1.73e-02  9.21e+03  1677s
[2025-08-27 19:07:06] DEBUG    180   3.84250988e+13 -4.01511295e+10  1.22e+04 1.73e-02  9.13e+03  1686s
[2025-08-27 19:07:14] DEBUG    181   3.84115989e+13 -3.97577115e+10  1.22e+04 1.72e-02  9.04e+03  1694s
[2025-08-27 19:07:25] DEBUG    182   3.82960270e+13 -3.91866933e+10  1.19e+04 1.72e-02  8.86e+03  1706s
[2025-08-27 19:07:35] DEBUG    183   3.81314987e+13 -3.85602846e+10  1.15e+04 1.72e-02  8.60e+03  1716s
[2025-08-27 19:07:45] DEBUG    184   3.80903719e+13 -3.80419573e+10  1.14e+04 1.72e-02  8.46e+03  1725s
[2025-08-27 19:07:50] DEBUG    185   3.80368558e+13 -3.77654424e+10  1.12e+04 1.72e-02  8.36e+03  1731s
[2025-08-27 19:08:02] DEBUG    186   3.78464224e+13 -3.71205130e+10  1.08e+04 1.71e-02  8.07e+03  1743s
[2025-08-27 19:08:10] DEBUG    187   3.77859187e+13 -3.66155676e+10  1.06e+04 1.71e-02  7.92e+03  1750s
[2025-08-27 19:08:21] DEBUG    188   3.76558153e+13 -3.61987093e+10  1.03e+04 1.71e-02  7.74e+03  1761s
[2025-08-27 19:08:30] DEBUG    189   3.76341964e+13 -3.57492496e+10  1.03e+04 1.71e-02  7.63e+03  1771s
[2025-08-27 19:08:41] DEBUG    190   3.75718482e+13 -3.53162215e+10  1.01e+04 1.71e-02  7.50e+03  1782s
[2025-08-27 19:08:50] DEBUG    191   3.75556396e+13 -3.49623997e+10  1.01e+04 1.70e-02  7.41e+03  1791s
[2025-08-27 19:08:59] DEBUG    192   3.74880470e+13 -3.48429091e+10  9.96e+03 1.70e-02  7.34e+03  1799s
[2025-08-27 19:09:08] DEBUG    193   3.74092149e+13 -3.45394792e+10  9.79e+03 1.70e-02  7.22e+03  1808s
[2025-08-27 19:09:18] DEBUG    194   3.73741032e+13 -3.43298296e+10  9.71e+03 1.70e-02  7.18e+03  1818s
[2025-08-27 19:09:26] DEBUG    195   3.73726119e+13 -3.42099183e+10  9.71e+03 1.70e-02  7.15e+03  1826s
[2025-08-27 19:09:36] DEBUG    196   3.73255879e+13 -3.39422097e+10  9.61e+03 1.70e-02  7.08e+03  1837s
[2025-08-27 19:09:43] DEBUG    197   3.73230540e+13 -3.38474453e+10  9.60e+03 1.70e-02  7.06e+03  1844s
[2025-08-27 19:09:54] DEBUG    198   3.73122121e+13 -3.32434468e+10  9.58e+03 1.72e-02  6.94e+03  1855s
[2025-08-27 19:10:00] DEBUG    199   3.73075199e+13 -3.30264840e+10  9.57e+03 1.74e-02  6.92e+03  1860s
[2025-08-27 19:10:09] DEBUG    200   3.72527150e+13 -3.27866297e+10  9.46e+03 1.75e-02  6.83e+03  1869s
[2025-08-27 19:10:16] DEBUG    201   3.72429979e+13 -3.26354043e+10  9.44e+03 1.76e-02  6.81e+03  1876s
[2025-08-27 19:10:26] DEBUG    202   3.70914217e+13 -3.25128175e+10  9.12e+03 1.77e-02  6.68e+03  1887s
[2025-08-27 19:10:34] DEBUG    203   3.70779037e+13 -3.22361398e+10  9.09e+03 1.78e-02  6.62e+03  1894s
[2025-08-27 19:10:43] DEBUG    204   3.70333759e+13 -3.19645691e+10  9.00e+03 1.80e-02  6.53e+03  1904s
[2025-08-27 19:10:52] DEBUG    205   3.68551703e+13 -3.16120734e+10  8.65e+03 1.81e-02  6.34e+03  1913s
[2025-08-27 19:11:00] DEBUG    206   3.68466966e+13 -3.13688019e+10  8.63e+03 1.82e-02  6.29e+03  1921s
[2025-08-27 19:11:07] DEBUG    207   3.67732014e+13 -3.12879820e+10  8.49e+03 1.82e-02  6.22e+03  1928s
[2025-08-27 19:11:15] DEBUG    208   3.66198098e+13 -3.10468471e+10  8.20e+03 1.83e-02  6.07e+03  1936s
[2025-08-27 19:11:27] DEBUG    209   3.65306155e+13 -3.07479808e+10  8.04e+03 1.83e-02  5.96e+03  1948s
[2025-08-27 19:11:39] DEBUG    210   3.64418715e+13 -3.03893497e+10  7.88e+03 1.84e-02  5.83e+03  1959s
[2025-08-27 19:11:45] DEBUG    211   3.64212527e+13 -3.02153919e+10  7.85e+03 1.84e-02  5.78e+03  1966s
[2025-08-27 19:11:54] DEBUG    212   3.63646066e+13 -2.98572814e+10  7.75e+03 1.84e-02  5.68e+03  1975s
[2025-08-27 19:12:05] DEBUG    213   3.61860072e+13 -2.95028563e+10  7.44e+03 1.84e-02  5.50e+03  1986s
[2025-08-27 19:12:16] DEBUG    214   3.61391821e+13 -2.91915283e+10  7.36e+03 1.84e-02  5.41e+03  1997s
[2025-08-27 19:12:23] DEBUG    215   3.60977625e+13 -2.90707510e+10  7.29e+03 1.84e-02  5.36e+03  2003s
[2025-08-27 19:12:30] DEBUG    216   3.60896819e+13 -2.89414847e+10  7.28e+03 1.84e-02  5.33e+03  2011s
[2025-08-27 19:12:39] DEBUG    217   3.60397152e+13 -2.87579333e+10  7.20e+03 1.83e-02  5.27e+03  2020s
[2025-08-27 19:12:51] DEBUG    218   3.59647766e+13 -2.85061706e+10  7.07e+03 1.83e-02  5.18e+03  2032s
[2025-08-27 19:13:01] DEBUG    219   3.59485908e+13 -2.83438101e+10  7.05e+03 1.82e-02  5.14e+03  2042s
[2025-08-27 19:13:09] DEBUG    220   3.59415827e+13 -2.83013791e+10  7.04e+03 1.82e-02  5.14e+03  2049s
[2025-08-27 19:13:18] DEBUG    221   3.58969546e+13 -2.81589542e+10  6.96e+03 1.81e-02  5.09e+03  2058s
[2025-08-27 19:13:26] DEBUG    222   3.58883240e+13 -2.80553434e+10  6.95e+03 1.81e-02  5.07e+03  2066s
[2025-08-27 19:13:35] DEBUG    223   3.58775083e+13 -2.79496987e+10  6.93e+03 1.81e-02  5.05e+03  2076s
[2025-08-27 19:13:44] DEBUG    224   3.58618742e+13 -2.77706491e+10  6.91e+03 1.80e-02  5.01e+03  2085s
[2025-08-27 19:13:56] DEBUG    225   3.58439948e+13 -2.76490853e+10  6.88e+03 1.80e-02  4.99e+03  2097s
[2025-08-27 19:14:05] DEBUG    226   3.57965061e+13 -2.73614097e+10  6.81e+03 1.78e-02  4.91e+03  2106s
[2025-08-27 19:14:17] DEBUG    227   3.57519947e+13 -2.70999024e+10  6.74e+03 1.77e-02  4.85e+03  2118s
[2025-08-27 19:14:17] DEBUG    Barrier performed 227 iterations in 2117.75 seconds (561.31 work units)
Barrier solve interrupted - model solved by another algorithm
[2025-08-27 19:14:17] DEBUG    Solved with dual simplex
[2025-08-27 19:14:29] DEBUG    Iteration    Objective       Primal Inf.    Dual Inf.      Time
[2025-08-27 19:14:29] DEBUG    751409    1.4897119e+10   0.000000e+00   0.000000e+00   2129s

Solved in 751409 iterations and 2129.38 seconds (797.56 work units)
[2025-08-27 19:14:29] DEBUG    Optimal objective  1.489711926e+10
✅ Scenario completato: new_trasmission_CG+VRES_2035_nostorage

🚀 Lancio scenario: new_trasmission_GT+VRES_2035_PHES
[2025-08-27 19:29:41] INFO     Loading sets
[2025-08-27 19:29:41] INFO     Loading parameters
[2025-08-27 19:30:21] INFO     constraints are loaded in the following order: ['energy_balance', 'dispatch', 'costs', 'capacity', 'network', 'policy', 'conversion', 'group', 'conversion_plus', 'milp', 'export']
[2025-08-27 19:30:21] INFO     creating energy_balance constraints
[2025-08-27 19:33:54] INFO     creating dispatch constraints
[2025-08-27 19:36:23] INFO     creating costs constraints
[2025-08-27 19:47:41] INFO     creating capacity constraints
[2025-08-27 19:47:41] INFO     creating network constraints
[2025-08-27 19:47:41] INFO     creating policy constraints
[2025-08-27 19:47:41] INFO     creating conversion constraints
[2025-08-27 19:47:41] INFO     creating group constraints
[2025-08-27 19:47:41] INFO     creating conversion_plus constraints
[2025-08-27 19:47:41] INFO     creating milp constraints
[2025-08-27 19:47:41] INFO     creating export constraints
[2025-08-27 20:04:13] DEBUG    Set parameter WLSAccessID
Set parameter WLSSecret
Set parameter LicenseID to value 2680226
[2025-08-27 20:04:13] DEBUG    Academic license 2680226 - for non-commercial use only - registered to an___@mail.polimi.it
[2025-08-27 20:05:01] DEBUG    Read LP format model from file /tmp/tmpf4p09sll.pyomo.lp
[2025-08-27 20:05:01] DEBUG    Reading time = 48.60 seconds
x22403091: 29595169 rows, 22403091 columns, 73264420 nonzeros
[2025-08-27 20:05:01] DEBUG    Set parameter NumericFocus to value 1
[2025-08-27 20:05:01] DEBUG    Gurobi Optimizer version 12.0.2 build v12.0.2rc0 (linux64 - "Debian GNU/Linux 11 (bullseye)")

CPU model: Intel(R) Xeon(R) Silver 4314 CPU @ 2.40GHz, instruction set [SSE2|AVX|AVX2|AVX512]
Thread count: 32 physical cores, 64 logical processors, using up to 32 threads
[2025-08-27 20:05:01] DEBUG    Non-default parameters:
NumericFocus  1
[2025-08-27 20:05:02] DEBUG    Academic license 2680226 - for non-commercial use only - registered to an___@mail.polimi.it
[2025-08-27 20:05:02] DEBUG    Optimize a model with 29595169 rows, 22403091 columns and 73264420 nonzeros
[2025-08-27 20:05:02] DEBUG    Model fingerprint: 0x13363466
[2025-08-27 20:05:03] DEBUG    Coefficient statistics:
  Matrix range     [1e-07, 6e+02]
[2025-08-27 20:05:03] DEBUG    Objective range  [1e+00, 1e+06]
  Bounds range     [0e+00, 0e+00]
  RHS range        [1e+00, 6e+09]
Warning: Model contains large rhs
[2025-08-27 20:05:09] DEBUG    Presolve removed 12729766 rows and 10445400 columns (presolve time = 6s)...
[2025-08-27 20:05:14] DEBUG    Presolve removed 21604242 rows and 12677240 columns (presolve time = 11s)...
[2025-08-27 20:05:20] DEBUG    Presolve removed 21604327 rows and 14467991 columns (presolve time = 17s)...
[2025-08-27 20:05:23] DEBUG    Presolve removed 23326336 rows and 16190000 columns (presolve time = 20s)...
[2025-08-27 20:05:29] DEBUG    Presolve removed 25273098 rows and 18091184 columns (presolve time = 26s)...
[2025-08-27 20:05:33] DEBUG    Presolve removed 25273098 rows and 18091184 columns (presolve time = 31s)...
[2025-08-27 20:06:19] DEBUG    Presolve removed 25810987 rows and 18345224 columns (presolve time = 76s)...
[2025-08-27 20:06:23] DEBUG    Presolve removed 25810987 rows and 18467864 columns (presolve time = 80s)...
[2025-08-27 20:06:28] DEBUG    Presolve removed 25959890 rows and 18467864 columns
[2025-08-27 20:07:32] DEBUG    Presolve time: 150.68s
[2025-08-27 20:07:32] DEBUG    Presolved: 3635279 rows, 4084130 columns, 15129735 nonzeros

Concurrent LP optimizer: primal simplex, dual simplex, and barrier
Showing barrier log only...
[2025-08-27 20:08:06] DEBUG    Elapsed ordering time = 31s
[2025-08-27 20:08:10] DEBUG    Elapsed ordering time = 35s
[2025-08-27 20:08:22] DEBUG    Ordering time: 46.47s
[2025-08-27 20:08:26] DEBUG    Barrier statistics:
 Dense cols : 200
[2025-08-27 20:08:26] DEBUG    AA' NZ     : 1.548e+07
 Factor NZ  : 6.593e+07 (roughly 4.0 GB of memory)
 Factor Ops : 7.598e+09 (less than 1 second per iteration)
 Threads    : 30
[2025-08-27 20:08:33] DEBUG    Objective                Residual
[2025-08-27 20:08:33] DEBUG    Iter       Primal          Dual         Primal    Dual     Compl     Time
[2025-08-27 20:08:34] DEBUG    0   9.62950602e+14 -9.35879395e+14  7.38e+10 2.70e-01  3.48e+11   212s
[2025-08-27 20:08:40] DEBUG    1   8.88051267e+14 -9.55803066e+14  6.73e+10 1.87e+01  2.70e+11   219s
[2025-08-27 20:08:49] DEBUG    2   8.41661304e+14 -2.39462957e+15  6.33e+10 1.55e+01  2.48e+11   227s
[2025-08-27 20:08:59] DEBUG    3   7.62045177e+14 -7.36767475e+15  5.63e+10 6.87e+00  1.95e+11   237s
[2025-08-27 20:09:07] DEBUG    4   5.44624258e+14 -9.18603586e+15  3.67e+10 2.63e+00  1.19e+11   245s
[2025-08-27 20:09:17] DEBUG    5   4.45957389e+14 -9.14210809e+15  2.67e+10 1.00e+00  8.34e+10   256s
[2025-08-27 20:09:27] DEBUG    6   2.38908224e+14 -8.20236118e+15  5.35e+09 4.11e-01  1.87e+10   266s
[2025-08-27 20:09:35] DEBUG    7   2.43002081e+14 -5.16848619e+15  2.22e+09 1.95e-01  7.73e+09   274s
[2025-08-27 20:09:42] DEBUG    8   2.47569393e+14 -2.63457252e+15  1.34e+09 4.79e-02  4.22e+09   281s
[2025-08-27 20:09:49] DEBUG    9   2.48774512e+14 -1.48829330e+15  9.23e+08 1.51e-02  2.74e+09   287s
[2025-08-27 20:09:55] DEBUG    10   2.48148530e+14 -8.28709390e+14  3.56e+08 2.57e-02  1.08e+09   294s
[2025-08-27 20:10:02] DEBUG    11   2.16677435e+14 -4.78770837e+14  1.53e+08 4.88e-02  4.58e+08   300s
[2025-08-27 20:10:08] DEBUG    12   1.96498642e+14 -3.61563269e+14  9.17e+07 6.22e-02  2.77e+08   307s
[2025-08-27 20:10:14] DEBUG    13   1.77549735e+14 -2.75107304e+14  5.54e+07 6.36e-02  1.70e+08   313s
[2025-08-27 20:10:21] DEBUG    14   1.60632615e+14 -1.79715856e+14  3.45e+07 6.29e-02  1.02e+08   319s
[2025-08-27 20:10:27] DEBUG    15   1.46160771e+14 -1.31097496e+14  2.25e+07 6.25e-02  6.56e+07   326s
[2025-08-27 20:10:33] DEBUG    16   1.43797002e+14 -1.29660061e+14  2.12e+07 6.23e-02  6.25e+07   332s
[2025-08-27 20:10:39] DEBUG    17   1.37138590e+14 -1.01802685e+14  1.74e+07 5.85e-02  4.90e+07   338s
[2025-08-27 20:10:46] DEBUG    18   1.29140253e+14 -6.85808911e+13  1.36e+07 6.09e-02  3.47e+07   345s
[2025-08-27 20:10:58] DEBUG    19   1.18879175e+14 -3.88840005e+13  9.61e+06 7.40e-02  1.97e+07   356s
[2025-08-27 20:11:11] DEBUG    20   1.09593813e+14 -2.87219912e+13  6.87e+06 8.05e-02  1.32e+07   369s
[2025-08-27 20:11:19] DEBUG    21   1.04158110e+14 -2.09796261e+13  5.57e+06 8.40e-02  9.36e+06   378s
[2025-08-27 20:11:28] DEBUG    22   1.02101101e+14 -1.80219547e+13  5.01e+06 7.68e-02  7.88e+06   386s
[2025-08-27 20:11:33] DEBUG    23   9.95475717e+13 -1.51418161e+13  4.46e+06 6.55e-02  6.69e+06   392s
[2025-08-27 20:11:41] DEBUG    24   9.46072903e+13 -1.09735750e+13  3.43e+06 4.83e-02  4.59e+06   400s
[2025-08-27 20:11:51] DEBUG    25   8.84686592e+13 -9.68550668e+12  2.34e+06 4.31e-02  3.28e+06   409s
[2025-08-27 20:12:02] DEBUG    26   8.48968743e+13 -6.34568533e+12  1.84e+06 2.78e-02  2.13e+06   421s
[2025-08-27 20:12:12] DEBUG    27   8.10019858e+13 -5.16885567e+12  1.38e+06 2.54e-02  1.53e+06   431s
[2025-08-27 20:12:25] DEBUG    28   7.78465965e+13 -3.85395176e+12  1.06e+06 2.67e-02  1.07e+06   443s
[2025-08-27 20:12:37] DEBUG    29   7.54488171e+13 -3.16706923e+12  8.65e+05 2.58e-02  8.30e+05   455s
[2025-08-27 20:12:49] DEBUG    30   7.39578040e+13 -2.39304917e+12  7.56e+05 2.38e-02  6.31e+05   467s
[2025-08-27 20:13:01] DEBUG    31   7.10323595e+13 -2.07701448e+12  5.59e+05 2.44e-02  4.88e+05   479s
[2025-08-27 20:13:13] DEBUG    32   7.01423658e+13 -1.90967058e+12  5.12e+05 2.47e-02  4.41e+05   492s
[2025-08-27 20:13:24] DEBUG    33   6.97211439e+13 -1.73639525e+12  4.90e+05 2.49e-02  4.04e+05   503s
[2025-08-27 20:13:33] DEBUG    34   6.90210562e+13 -1.50481360e+12  4.56e+05 2.52e-02  3.54e+05   512s
[2025-08-27 20:13:46] DEBUG    35   6.76216757e+13 -1.30695400e+12  3.91e+05 2.55e-02  2.96e+05   524s
[2025-08-27 20:13:58] DEBUG    36   6.65686769e+13 -1.12381059e+12  3.47e+05 2.57e-02  2.50e+05   536s
[2025-08-27 20:14:08] DEBUG    37   6.59632208e+13 -1.01849545e+12  3.23e+05 2.58e-02  2.27e+05   547s
[2025-08-27 20:14:21] DEBUG    38   6.51714870e+13 -9.24244398e+11  2.95e+05 2.58e-02  2.02e+05   559s
[2025-08-27 20:14:34] DEBUG    39   6.47407327e+13 -8.21381131e+11  2.81e+05 2.58e-02  1.82e+05   573s
[2025-08-27 20:14:47] DEBUG    40   6.39421743e+13 -7.64783476e+11  2.56e+05 2.58e-02  1.66e+05   586s
[2025-08-27 20:15:00] DEBUG    41   6.32626297e+13 -7.25737298e+11  2.35e+05 2.57e-02  1.53e+05   598s
[2025-08-27 20:15:13] DEBUG    42   6.29456844e+13 -6.32864234e+11  2.26e+05 2.56e-02  1.37e+05   612s
[2025-08-27 20:15:27] DEBUG    43   6.23114479e+13 -5.78787385e+11  2.09e+05 2.55e-02  1.24e+05   626s
[2025-08-27 20:15:41] DEBUG    44   6.14283150e+13 -5.26785120e+11  1.85e+05 2.53e-02  1.10e+05   639s
[2025-08-27 20:15:52] DEBUG    45   6.07398795e+13 -5.12067215e+11  1.69e+05 2.52e-02  1.03e+05   651s
[2025-08-27 20:16:01] DEBUG    46   6.05031726e+13 -4.88953581e+11  1.64e+05 2.52e-02  9.84e+04   659s
[2025-08-27 20:16:12] DEBUG    47   6.01411598e+13 -4.45704143e+11  1.56e+05 2.50e-02  9.04e+04   670s
[2025-08-27 20:16:20] DEBUG    48   5.99793729e+13 -4.31852422e+11  1.53e+05 2.49e-02  8.77e+04   679s
[2025-08-27 20:16:32] DEBUG    49   5.94217491e+13 -4.12549669e+11  1.41e+05 2.47e-02  8.18e+04   691s
[2025-08-27 20:16:46] DEBUG    50   5.90257897e+13 -3.97181074e+11  1.34e+05 2.46e-02  7.76e+04   705s
[2025-08-27 20:16:59] DEBUG    51   5.86838077e+13 -3.78180299e+11  1.27e+05 2.44e-02  7.33e+04   717s
[2025-08-27 20:17:12] DEBUG    52   5.83543420e+13 -3.54137150e+11  1.21e+05 2.42e-02  6.86e+04   731s
[2025-08-27 20:17:25] DEBUG    53   5.79477946e+13 -3.40163533e+11  1.15e+05 2.41e-02  6.48e+04   744s
[2025-08-27 20:17:37] DEBUG    54   5.76198224e+13 -3.25500534e+11  1.09e+05 2.39e-02  6.15e+04   755s
[2025-08-27 20:17:51] DEBUG    55   5.73625002e+13 -3.11785677e+11  1.05e+05 2.38e-02  5.87e+04   769s
[2025-08-27 20:18:03] DEBUG    56   5.70830044e+13 -2.98453989e+11  1.01e+05 2.36e-02  5.59e+04   782s
[2025-08-27 20:18:16] DEBUG    57   5.68770728e+13 -2.84187229e+11  9.78e+04 2.35e-02  5.33e+04   794s
[2025-08-27 20:18:29] DEBUG    58   5.67291176e+13 -2.73184344e+11  9.56e+04 2.33e-02  5.14e+04   808s
[2025-08-27 20:18:40] DEBUG    59   5.63237475e+13 -2.67175939e+11  8.98e+04 2.32e-02  4.92e+04   819s
[2025-08-27 20:18:54] DEBUG    60   5.61021040e+13 -2.43999273e+11  8.68e+04 2.29e-02  4.55e+04   832s
[2025-08-27 20:19:05] DEBUG    61   5.56933181e+13 -2.36863957e+11  8.14e+04 2.28e-02  4.33e+04   844s
[2025-08-27 20:19:18] DEBUG    62   5.53223458e+13 -2.25783829e+11  7.68e+04 2.26e-02  4.07e+04   856s
[2025-08-27 20:19:28] DEBUG    63   5.50361106e+13 -2.16055003e+11  7.34e+04 2.25e-02  3.87e+04   867s
[2025-08-27 20:19:42] DEBUG    64   5.48001234e+13 -2.04827679e+11  7.07e+04 2.23e-02  3.67e+04   881s
[2025-08-27 20:19:54] DEBUG    65   5.46252497e+13 -1.92482075e+11  6.87e+04 2.20e-02  3.48e+04   892s
[2025-08-27 20:20:06] DEBUG    66   5.43578738e+13 -1.83495522e+11  6.58e+04 2.19e-02  3.30e+04   905s
[2025-08-27 20:20:19] DEBUG    67   5.41000232e+13 -1.76561136e+11  6.31e+04 2.17e-02  3.15e+04   917s
[2025-08-27 20:20:29] DEBUG    68   5.39237517e+13 -1.69832873e+11  6.13e+04 2.16e-02  3.02e+04   927s
[2025-08-27 20:20:42] DEBUG    69   5.36707717e+13 -1.63816809e+11  5.88e+04 2.15e-02  2.89e+04   941s
[2025-08-27 20:20:56] DEBUG    70   5.34813362e+13 -1.57520930e+11  5.70e+04 2.13e-02  2.78e+04   954s
[2025-08-27 20:21:09] DEBUG    71   5.32137225e+13 -1.51504010e+11  5.45e+04 2.12e-02  2.64e+04   968s
[2025-08-27 20:21:20] DEBUG    72   5.30540138e+13 -1.47714545e+11  5.31e+04 2.11e-02  2.57e+04   979s
[2025-08-27 20:21:33] DEBUG    73   5.28589092e+13 -1.43042171e+11  5.14e+04 2.10e-02  2.47e+04   992s
[2025-08-27 20:21:46] DEBUG    74   5.26149472e+13 -1.38319442e+11  4.93e+04 2.09e-02  2.37e+04  1004s
[2025-08-27 20:21:58] DEBUG    75   5.23764811e+13 -1.33995921e+11  4.74e+04 2.08e-02  2.28e+04  1016s
[2025-08-27 20:22:08] DEBUG    76   5.22835628e+13 -1.31636097e+11  4.66e+04 2.08e-02  2.23e+04  1027s
[2025-08-27 20:22:17] DEBUG    77   5.21505125e+13 -1.29082139e+11  4.56e+04 2.07e-02  2.18e+04  1035s
[2025-08-27 20:22:31] DEBUG    78   5.20164291e+13 -1.22827329e+11  4.46e+04 2.05e-02  2.09e+04  1049s
[2025-08-27 20:22:42] DEBUG    79   5.18940169e+13 -1.18857640e+11  4.37e+04 2.05e-02  2.03e+04  1060s
[2025-08-27 20:22:51] DEBUG    80   5.18330503e+13 -1.17488057e+11  4.32e+04 2.04e-02  2.00e+04  1069s
[2025-08-27 20:23:03] DEBUG    81   5.16138089e+13 -1.14645875e+11  4.16e+04 2.04e-02  1.94e+04  1081s
[2025-08-27 20:23:14] DEBUG    82   5.14420438e+13 -1.09775914e+11  4.04e+04 2.03e-02  1.86e+04  1092s
[2025-08-27 20:23:27] DEBUG    83   5.13144323e+13 -1.06606600e+11  3.95e+04 2.02e-02  1.81e+04  1106s
[2025-08-27 20:23:36] DEBUG    84   5.12283044e+13 -1.05040065e+11  3.89e+04 2.01e-02  1.79e+04  1115s
[2025-08-27 20:23:46] DEBUG    85   5.10313490e+13 -9.99149517e+10  3.76e+04 2.00e-02  1.72e+04  1124s
[2025-08-27 20:23:59] DEBUG    86   5.08969323e+13 -9.65908935e+10  3.67e+04 2.00e-02  1.66e+04  1138s
[2025-08-27 20:24:14] DEBUG    87   5.06653862e+13 -9.42188462e+10  3.53e+04 1.99e-02  1.60e+04  1152s
[2025-08-27 20:24:26] DEBUG    88   5.04470002e+13 -9.01096475e+10  3.39e+04 1.98e-02  1.54e+04  1165s
[2025-08-27 20:24:40] DEBUG    89   5.02982438e+13 -8.68449220e+10  3.30e+04 1.97e-02  1.49e+04  1178s
[2025-08-27 20:24:53] DEBUG    90   5.00648741e+13 -8.42547856e+10  3.17e+04 1.97e-02  1.43e+04  1191s
[2025-08-27 20:25:05] DEBUG    91   4.99028074e+13 -8.11857637e+10  3.08e+04 1.96e-02  1.38e+04  1204s
[2025-08-27 20:25:17] DEBUG    92   4.97518830e+13 -7.85213999e+10  3.00e+04 1.95e-02  1.34e+04  1215s
[2025-08-27 20:25:27] DEBUG    93   4.95761993e+13 -7.55967040e+10  2.90e+04 1.94e-02  1.30e+04  1225s
[2025-08-27 20:25:36] DEBUG    94   4.94824318e+13 -7.41102251e+10  2.86e+04 1.94e-02  1.27e+04  1234s
[2025-08-27 20:25:46] DEBUG    95   4.93786123e+13 -7.21203885e+10  2.80e+04 1.93e-02  1.24e+04  1245s
[2025-08-27 20:26:00] DEBUG    96   4.92575978e+13 -6.98840000e+10  2.74e+04 1.93e-02  1.21e+04  1258s
[2025-08-27 20:26:10] DEBUG    97   4.90849654e+13 -6.72504484e+10  2.66e+04 1.92e-02  1.16e+04  1268s
[2025-08-27 20:26:21] DEBUG    98   4.89972335e+13 -6.56398284e+10  2.62e+04 1.92e-02  1.14e+04  1280s
[2025-08-27 20:26:33] DEBUG    99   4.88616294e+13 -6.36006461e+10  2.55e+04 1.91e-02  1.11e+04  1291s
[2025-08-27 20:26:41] DEBUG    100   4.87816932e+13 -6.30026542e+10  2.52e+04 1.91e-02  1.09e+04  1299s
[2025-08-27 20:26:53] DEBUG    101   4.85727685e+13 -6.03766333e+10  2.42e+04 1.90e-02  1.05e+04  1312s
[2025-08-27 20:27:06] DEBUG    102   4.84323693e+13 -5.82998207e+10  2.36e+04 1.89e-02  1.02e+04  1325s
[2025-08-27 20:27:15] DEBUG    103   4.83298971e+13 -5.74297697e+10  2.32e+04 1.89e-02  1.00e+04  1334s
[2025-08-27 20:27:28] DEBUG    104   4.82265923e+13 -5.46402213e+10  2.27e+04 1.88e-02  9.63e+03  1346s
[2025-08-27 20:27:37] DEBUG    105   4.81285869e+13 -5.39832718e+10  2.23e+04 1.88e-02  9.48e+03  1355s
[2025-08-27 20:27:48] DEBUG    106   4.80214371e+13 -5.22385102e+10  2.19e+04 1.87e-02  9.21e+03  1367s
[2025-08-27 20:27:59] DEBUG    107   4.78680098e+13 -5.03962322e+10  2.13e+04 1.87e-02  8.89e+03  1378s
[2025-08-27 20:28:12] DEBUG    108   4.76986229e+13 -4.89670380e+10  2.06e+04 1.86e-02  8.60e+03  1391s
[2025-08-27 20:28:25] DEBUG    109   4.75782110e+13 -4.79580418e+10  2.01e+04 1.86e-02  8.39e+03  1404s
[2025-08-27 20:28:38] DEBUG    110   4.74323510e+13 -4.62656660e+10  1.96e+04 1.85e-02  8.08e+03  1417s
[2025-08-27 20:28:50] DEBUG    111   4.73511997e+13 -4.51460700e+10  1.93e+04 1.85e-02  7.89e+03  1428s
[2025-08-27 20:28:58] DEBUG    112   4.72421217e+13 -4.48896762e+10  1.89e+04 1.85e-02  7.78e+03  1437s
[2025-08-27 20:29:07] DEBUG    113   4.72255040e+13 -4.44872384e+10  1.89e+04 1.84e-02  7.72e+03  1446s
[2025-08-27 20:29:15] DEBUG    114   4.72232958e+13 -4.43704737e+10  1.88e+04 1.84e-02  7.71e+03  1453s
[2025-08-27 20:29:26] DEBUG    115   4.71872779e+13 -4.39121514e+10  1.87e+04 1.84e-02  9.12e+03  1464s
[2025-08-27 20:29:34] DEBUG    116   4.71843331e+13 -4.33795045e+10  1.87e+04 1.84e-02  9.39e+03  1473s
[2025-08-27 20:29:47] DEBUG    117   4.70358302e+13 -4.31098291e+10  1.82e+04 1.84e-02  9.31e+03  1485s
[2025-08-27 20:30:08] DEBUG    118   4.69576174e+13 -4.23698126e+10  1.79e+04 1.83e-02  9.14e+03  1506s
[2025-08-27 20:30:23] DEBUG    119   4.68056472e+13 -4.11686023e+10  1.74e+04 1.83e-02  8.83e+03  1522s
[2025-08-27 20:30:35] DEBUG    120   4.66990242e+13 -4.03717313e+10  1.71e+04 1.82e-02  8.62e+03  1533s
[2025-08-27 20:30:47] DEBUG    121   4.65635677e+13 -3.97663097e+10  1.66e+04 1.82e-02  8.41e+03  1546s
[2025-08-27 20:30:57] DEBUG    122   4.64877965e+13 -3.93914961e+10  1.64e+04 1.82e-02  8.29e+03  1555s
[2025-08-27 20:31:08] DEBUG    123   4.63626571e+13 -3.88202067e+10  1.60e+04 1.82e-02  8.11e+03  1567s
[2025-08-27 20:31:17] DEBUG    124   4.62662957e+13 -3.80485491e+10  1.57e+04 1.81e-02  7.91e+03  1576s
[2025-08-27 20:31:30] DEBUG    125   4.61334510e+13 -3.71343188e+10  1.53e+04 1.81e-02  7.67e+03  1589s
[2025-08-27 20:31:43] DEBUG    126   4.60747054e+13 -3.64023736e+10  1.51e+04 1.80e-02  7.51e+03  1602s
[2025-08-27 20:31:55] DEBUG    127   4.59643418e+13 -3.57911544e+10  1.48e+04 1.80e-02  7.33e+03  1613s
[2025-08-27 20:32:07] DEBUG    128   4.57643233e+13 -3.50888313e+10  1.42e+04 1.80e-02  7.08e+03  1625s
[2025-08-27 20:32:16] DEBUG    129   4.56946558e+13 -3.45638090e+10  1.41e+04 1.79e-02  6.95e+03  1635s
[2025-08-27 20:32:28] DEBUG    130   4.55712562e+13 -3.40880570e+10  1.37e+04 1.79e-02  6.79e+03  1646s
[2025-08-27 20:32:36] DEBUG    131   4.55200765e+13 -3.39042923e+10  1.36e+04 1.79e-02  6.72e+03  1654s
[2025-08-27 20:32:44] DEBUG    132   4.54730891e+13 -3.36563130e+10  1.35e+04 1.79e-02  6.65e+03  1663s
[2025-08-27 20:32:56] DEBUG    133   4.54048897e+13 -3.33895771e+10  1.33e+04 1.79e-02  6.61e+03  1675s
[2025-08-27 20:33:08] DEBUG    134   4.52767337e+13 -3.29651669e+10  1.30e+04 1.78e-02  6.46e+03  1686s
[2025-08-27 20:33:20] DEBUG    135   4.52573673e+13 -3.26125388e+10  1.29e+04 1.78e-02  6.40e+03  1698s
[2025-08-27 20:33:30] DEBUG    136   4.51683249e+13 -3.23714728e+10  1.27e+04 1.78e-02  6.31e+03  1709s
[2025-08-27 20:33:41] DEBUG    137   4.51113632e+13 -3.21792572e+10  1.25e+04 1.78e-02  6.25e+03  1720s
[2025-08-27 20:33:53] DEBUG    138   4.50286259e+13 -3.16271994e+10  1.23e+04 1.77e-02  6.11e+03  1731s
[2025-08-27 20:34:02] DEBUG    139   4.49832595e+13 -3.15242505e+10  1.22e+04 1.77e-02  6.08e+03  1740s
[2025-08-27 20:34:11] DEBUG    140   4.49603519e+13 -3.12102604e+10  1.22e+04 1.78e-02  6.01e+03  1750s
[2025-08-27 20:34:22] DEBUG    141   4.47750028e+13 -3.07990950e+10  1.17e+04 1.81e-02  5.84e+03  1761s
[2025-08-27 20:34:34] DEBUG    142   4.46349788e+13 -3.04407303e+10  1.14e+04 1.83e-02  5.71e+03  1772s
[2025-08-27 20:34:45] DEBUG    143   4.45028740e+13 -2.98605252e+10  1.11e+04 1.87e-02  5.54e+03  1784s
[2025-08-27 20:34:57] DEBUG    144   4.44171062e+13 -2.95340363e+10  1.09e+04 1.89e-02  5.44e+03  1795s
[2025-08-27 20:35:06] DEBUG    145   4.43296214e+13 -2.91905248e+10  1.07e+04 1.91e-02  5.34e+03  1804s
[2025-08-27 20:35:18] DEBUG    146   4.42678356e+13 -2.87502909e+10  1.06e+04 1.94e-02  5.24e+03  1816s
[2025-08-27 20:35:28] DEBUG    147   4.41805125e+13 -2.83524659e+10  1.04e+04 1.96e-02  5.13e+03  1827s
[2025-08-27 20:35:39] DEBUG    148   4.41307988e+13 -2.80932948e+10  1.03e+04 1.98e-02  5.06e+03  1838s
[2025-08-27 20:35:49] DEBUG    149   4.40384525e+13 -2.78921862e+10  1.01e+04 1.99e-02  4.98e+03  1847s
[2025-08-27 20:35:59] DEBUG    150   4.40206740e+13 -2.77379445e+10  1.01e+04 2.00e-02  4.95e+03  1857s
[2025-08-27 20:36:12] DEBUG    151   4.39012178e+13 -2.73770394e+10  9.84e+03 2.02e-02  4.83e+03  1871s
[2025-08-27 20:36:23] DEBUG    152   4.38418148e+13 -2.70743552e+10  9.73e+03 2.04e-02  4.77e+03  1881s
[2025-08-27 20:36:32] DEBUG    153   4.37263917e+13 -2.67602786e+10  9.50e+03 2.06e-02  4.66e+03  1891s
[2025-08-27 20:36:43] DEBUG    154   4.36780550e+13 -2.64518387e+10  9.41e+03 2.08e-02  4.59e+03  1901s
[2025-08-27 20:36:56] DEBUG    155   4.35771958e+13 -2.60844664e+10  9.22e+03 2.10e-02  4.49e+03  1914s
[2025-08-27 20:37:07] DEBUG    156   4.34994469e+13 -2.58016861e+10  9.07e+03 2.12e-02  4.41e+03  1926s
[2025-08-27 20:37:14] DEBUG    157   4.34863418e+13 -2.55927456e+10  9.05e+03 2.13e-02  4.37e+03  1933s
[2025-08-27 20:37:24] DEBUG    158   4.34577433e+13 -2.52965546e+10  9.00e+03 2.15e-02  4.31e+03  1942s
[2025-08-27 20:37:34] DEBUG    159   4.34024559e+13 -2.49673240e+10  8.90e+03 2.17e-02  4.27e+03  1952s
[2025-08-27 20:37:43] DEBUG    160   4.33596420e+13 -2.47315280e+10  8.82e+03 2.18e-02  4.21e+03  1961s
[2025-08-27 20:37:54] DEBUG    161   4.32191684e+13 -2.44311116e+10  8.57e+03 2.20e-02  4.10e+03  1973s
[2025-08-27 20:38:02] DEBUG    162   4.31835351e+13 -2.42281095e+10  8.51e+03 2.21e-02  4.06e+03  1980s
[2025-08-27 20:38:13] DEBUG    163   4.31426950e+13 -2.39692944e+10  8.44e+03 2.23e-02  4.00e+03  1991s
[2025-08-27 20:38:22] DEBUG    164   4.30923591e+13 -2.37268568e+10  8.35e+03 2.24e-02  3.94e+03  2001s
[2025-08-27 20:38:36] DEBUG    165   4.29154501e+13 -2.34626940e+10  8.05e+03 2.25e-02  3.82e+03  2014s
[2025-08-27 20:38:43] DEBUG    166   4.28550261e+13 -2.32861866e+10  7.95e+03 2.26e-02  3.77e+03  2022s
[2025-08-27 20:38:56] DEBUG    167   4.27920638e+13 -2.29496684e+10  7.85e+03 2.28e-02  3.70e+03  2034s
[2025-08-27 20:39:08] DEBUG    168   4.27339743e+13 -2.27046187e+10  7.75e+03 2.30e-02  3.64e+03  2046s
[2025-08-27 20:39:16] DEBUG    169   4.26697808e+13 -2.25189349e+10  7.65e+03 2.31e-02  3.59e+03  2055s
[2025-08-27 20:39:26] DEBUG    170   4.25954137e+13 -2.23016403e+10  7.53e+03 2.32e-02  3.53e+03  2064s
[2025-08-27 20:39:38] DEBUG    171   4.25118536e+13 -2.21258676e+10  7.41e+03 2.33e-02  3.47e+03  2077s
[2025-08-27 20:39:49] DEBUG    172   4.24448018e+13 -2.19391650e+10  7.30e+03 2.34e-02  3.42e+03  2087s
[2025-08-27 20:40:02] DEBUG    173   4.23585569e+13 -2.17402697e+10  7.17e+03 2.35e-02  3.35e+03  2100s
[2025-08-27 20:40:11] DEBUG    174   4.23403232e+13 -2.16427251e+10  7.15e+03 2.35e-02  3.33e+03  2110s
[2025-08-27 20:40:20] DEBUG    175   4.22236165e+13 -2.15877361e+10  6.97e+03 2.36e-02  3.28e+03  2119s
[2025-08-27 20:40:31] DEBUG    176   4.21542091e+13 -2.13458177e+10  6.87e+03 2.37e-02  3.25e+03  2129s
[2025-08-27 20:40:42] DEBUG    177   4.20867497e+13 -2.11837359e+10  6.78e+03 2.38e-02  3.20e+03  2141s
[2025-08-27 20:40:54] DEBUG    178   4.20162104e+13 -2.09430582e+10  6.68e+03 2.39e-02  3.15e+03  2152s
[2025-08-27 20:41:04] DEBUG    179   4.19934904e+13 -2.08610157e+10  6.64e+03 2.39e-02  3.13e+03  2163s
[2025-08-27 20:41:12] DEBUG    180   4.19829484e+13 -2.07015660e+10  6.63e+03 2.40e-02  3.11e+03  2171s
[2025-08-27 20:41:20] DEBUG    181   4.19686766e+13 -2.06083794e+10  6.61e+03 2.41e-02  3.10e+03  2179s
[2025-08-27 20:41:31] DEBUG    182   4.19046525e+13 -2.04591113e+10  6.52e+03 2.41e-02  3.06e+03  2189s
[2025-08-27 20:41:41] DEBUG    183   4.18874798e+13 -2.03215154e+10  6.50e+03 2.42e-02  3.04e+03  2200s
[2025-08-27 20:41:56] DEBUG    184   4.18392793e+13 -2.02082541e+10  6.43e+03 2.43e-02  3.01e+03  2215s
[2025-08-27 20:42:06] DEBUG    185   4.17501677e+13 -2.00968704e+10  6.31e+03 2.43e-02  2.97e+03  2225s
[2025-08-27 20:42:16] DEBUG    186   4.17004101e+13 -1.99490774e+10  6.25e+03 2.44e-02  2.93e+03  2235s
[2025-08-27 20:42:25] DEBUG    187   4.16742524e+13 -1.98033175e+10  6.21e+03 2.45e-02  2.90e+03  2243s
[2025-08-27 20:42:36] DEBUG    188   4.16141540e+13 -1.96788478e+10  6.13e+03 2.45e-02  2.87e+03  2255s
[2025-08-27 20:42:45] DEBUG    189   4.15958493e+13 -1.95785522e+10  6.11e+03 2.45e-02  2.85e+03  2264s
[2025-08-27 20:42:56] DEBUG    190   4.15798730e+13 -1.94479623e+10  6.09e+03 2.46e-02  2.83e+03  2274s
[2025-08-27 20:43:05] DEBUG    191   4.15536420e+13 -1.93050088e+10  6.06e+03 2.47e-02  2.81e+03  2284s
[2025-08-27 20:43:16] DEBUG    192   4.14627142e+13 -1.91782074e+10  5.94e+03 2.47e-02  2.77e+03  2294s
[2025-08-27 20:43:25] DEBUG    193   4.14377450e+13 -1.90323917e+10  5.91e+03 2.48e-02  2.75e+03  2303s
[2025-08-27 20:43:36] DEBUG    194   4.14246837e+13 -1.89260139e+10  5.89e+03 2.48e-02  2.73e+03  2314s
[2025-08-27 20:43:46] DEBUG    195   4.13468493e+13 -1.87388286e+10  5.79e+03 2.49e-02  2.69e+03  2325s
[2025-08-27 20:43:56] DEBUG    196   4.13036167e+13 -1.85814068e+10  5.74e+03 2.50e-02  2.66e+03  2335s
[2025-08-27 20:44:07] DEBUG    197   4.12426966e+13 -1.84196632e+10  5.67e+03 2.50e-02  2.62e+03  2346s
[2025-08-27 20:44:16] DEBUG    198   4.11594551e+13 -1.83671549e+10  5.57e+03 2.51e-02  2.58e+03  2355s
[2025-08-27 20:44:26] DEBUG    199   4.10789007e+13 -1.82410460e+10  5.47e+03 2.51e-02  2.54e+03  2364s
[2025-08-27 20:44:39] DEBUG    200   4.10400940e+13 -1.80140068e+10  5.43e+03 2.52e-02  2.50e+03  2378s
[2025-08-27 20:44:50] DEBUG    201   4.09748779e+13 -1.79093462e+10  5.35e+03 2.53e-02  2.47e+03  2388s
[2025-08-27 20:45:00] DEBUG    202   4.09275243e+13 -1.78028622e+10  5.30e+03 2.53e-02  2.44e+03  2399s
[2025-08-27 20:45:07] DEBUG    203   4.09248726e+13 -1.77245091e+10  5.29e+03 2.53e-02  2.43e+03  2406s
[2025-08-27 20:45:19] DEBUG    204   4.08804865e+13 -1.75746317e+10  5.24e+03 2.54e-02  2.40e+03  2418s
[2025-08-27 20:45:28] DEBUG    205   4.08096844e+13 -1.74868204e+10  5.16e+03 2.54e-02  2.38e+03  2427s
[2025-08-27 20:45:40] DEBUG    206   4.07641225e+13 -1.73836182e+10  5.11e+03 2.55e-02  2.35e+03  2439s
[2025-08-27 20:45:49] DEBUG    207   4.07069929e+13 -1.72747313e+10  5.05e+03 2.55e-02  2.33e+03  2448s
[2025-08-27 20:46:00] DEBUG    208   4.06680565e+13 -1.71790153e+10  5.01e+03 2.56e-02  2.30e+03  2458s
[2025-08-27 20:46:10] DEBUG    209   4.06131770e+13 -1.70957725e+10  4.95e+03 2.56e-02  2.28e+03  2468s
[2025-08-27 20:46:19] DEBUG    210   4.05930692e+13 -1.70135844e+10  4.93e+03 2.56e-02  2.26e+03  2478s
[2025-08-27 20:46:28] DEBUG    211   4.05922029e+13 -1.69896520e+10  4.93e+03 2.56e-02  2.26e+03  2486s
[2025-08-27 20:46:35] DEBUG    212   4.05635610e+13 -1.69593487e+10  4.89e+03 2.57e-02  2.26e+03  2494s
[2025-08-27 20:46:47] DEBUG    213   4.05430161e+13 -1.68994073e+10  4.87e+03 2.57e-02  2.25e+03  2505s
[2025-08-27 20:46:58] DEBUG    214   4.04088820e+13 -1.68271362e+10  4.73e+03 2.57e-02  2.20e+03  2517s
[2025-08-27 20:47:09] DEBUG    215   4.03761378e+13 -1.66939598e+10  4.70e+03 2.58e-02  2.17e+03  2527s
[2025-08-27 20:47:21] DEBUG    216   4.03007858e+13 -1.66402181e+10  4.62e+03 2.58e-02  2.14e+03  2540s
[2025-08-27 20:47:31] DEBUG    217   4.02849465e+13 -1.65544800e+10  4.60e+03 2.58e-02  2.13e+03  2549s
[2025-08-27 20:47:39] DEBUG    218   4.02774875e+13 -1.65147256e+10  4.60e+03 2.58e-02  2.12e+03  2558s
[2025-08-27 20:47:52] DEBUG    219   4.02181975e+13 -1.64001468e+10  4.54e+03 2.59e-02  2.09e+03  2570s
[2025-08-27 20:48:04] DEBUG    220   4.01747461e+13 -1.63273492e+10  4.49e+03 2.59e-02  2.08e+03  2582s
[2025-08-27 20:48:14] DEBUG    221   4.00958628e+13 -1.62612631e+10  4.42e+03 2.59e-02  2.05e+03  2593s
[2025-08-27 20:48:24] DEBUG    222   4.00819432e+13 -1.61867088e+10  4.40e+03 2.60e-02  2.03e+03  2602s
[2025-08-27 20:48:34] DEBUG    223   4.00428059e+13 -1.61097938e+10  4.37e+03 2.60e-02  2.01e+03  2613s
[2025-08-27 20:48:46] DEBUG    224   4.00080503e+13 -1.60480889e+10  4.33e+03 2.60e-02  2.00e+03  2624s
[2025-08-27 20:48:57] DEBUG    225   3.99147105e+13 -1.59773253e+10  4.24e+03 2.60e-02  1.97e+03  2635s
[2025-08-27 20:49:06] DEBUG    226   3.99080418e+13 -1.59108753e+10  4.24e+03 2.60e-02  1.96e+03  2645s
[2025-08-27 20:49:16] DEBUG    227   3.98881971e+13 -1.58829882e+10  4.22e+03 2.61e-02  1.95e+03  2654s
[2025-08-27 20:49:29] DEBUG    228   3.98260818e+13 -1.58110343e+10  4.16e+03 2.61e-02  1.92e+03  2668s
[2025-08-27 20:49:41] DEBUG    229   3.97936553e+13 -1.57424167e+10  4.13e+03 2.61e-02  1.91e+03  2679s
[2025-08-27 20:49:54] DEBUG    230   3.97693503e+13 -1.56965395e+10  4.11e+03 2.61e-02  1.89e+03  2693s
[2025-08-27 20:50:05] DEBUG    231   3.97409779e+13 -1.56482125e+10  4.08e+03 2.61e-02  1.88e+03  2703s
[2025-08-27 20:50:15] DEBUG    232   3.97233042e+13 -1.55951904e+10  4.07e+03 2.61e-02  1.87e+03  2714s
[2025-08-27 20:50:27] DEBUG    233   3.96885517e+13 -1.55418329e+10  4.04e+03 2.62e-02  1.86e+03  2726s
[2025-08-27 20:50:35] DEBUG    234   3.96705922e+13 -1.54791868e+10  4.02e+03 2.62e-02  1.85e+03  2734s
[2025-08-27 20:50:46] DEBUG    235   3.96648777e+13 -1.54480608e+10  4.01e+03 2.62e-02  1.85e+03  2744s
[2025-08-27 20:50:57] DEBUG    236   3.96363201e+13 -1.54117391e+10  3.99e+03 2.62e-02  1.84e+03  2756s
[2025-08-27 20:51:07] DEBUG    237   3.96218464e+13 -1.53677662e+10  3.98e+03 2.62e-02  1.83e+03  2766s
[2025-08-27 20:51:20] DEBUG    238   3.96005879e+13 -1.53299028e+10  3.96e+03 2.62e-02  1.82e+03  2779s
[2025-08-27 20:51:32] DEBUG    239   3.95975477e+13 -1.52892863e+10  3.95e+03 2.62e-02  1.82e+03  2790s
[2025-08-27 20:51:44] DEBUG    240   3.95369094e+13 -1.52500623e+10  3.90e+03 2.62e-02  1.80e+03  2803s
[2025-08-27 20:51:55] DEBUG    241   3.95207622e+13 -1.52113836e+10  3.89e+03 2.63e-02  1.79e+03  2814s
[2025-08-27 20:52:07] DEBUG    242   3.95172023e+13 -1.51899903e+10  3.88e+03 2.63e-02  1.79e+03  2826s
[2025-08-27 20:52:18] DEBUG    243   3.94938657e+13 -1.51575880e+10  3.86e+03 2.63e-02  1.78e+03  2837s
[2025-08-27 20:52:29] DEBUG    244   3.94801629e+13 -1.51308802e+10  3.85e+03 2.63e-02  1.77e+03  2848s
[2025-08-27 20:52:42] DEBUG    245   3.94594322e+13 -1.51015658e+10  3.83e+03 2.63e-02  1.77e+03  2860s
[2025-08-27 20:52:42] DEBUG    Barrier performed 245 iterations in 2860.42 seconds (790.51 work units)
[2025-08-27 20:52:42] DEBUG    Numerical trouble encountered

Model may be infeasible or unbounded.  Consider using the
homogeneous algorithm (through parameter 'BarHomogeneous')
[2025-08-27 20:53:47] DEBUG    Waiting for other threads to finish...        2925s
[2025-08-27 20:54:51] DEBUG    Waiting for other threads to finish...        2989s
[2025-08-27 20:55:55] DEBUG    Waiting for other threads to finish...        3053s
[2025-08-27 20:56:59] DEBUG    Waiting for other threads to finish...        3117s
[2025-08-27 20:58:03] DEBUG    Waiting for other threads to finish...        3182s
[2025-08-27 20:59:08] DEBUG    Waiting for other threads to finish...        3247s
[2025-08-27 21:00:13] DEBUG    Waiting for other threads to finish...        3311s
[2025-08-27 21:01:17] DEBUG    Waiting for other threads to finish...        3376s
[2025-08-27 21:02:22] DEBUG    Waiting for other threads to finish...        3440s
[2025-08-27 21:03:26] DEBUG    Waiting for other threads to finish...        3505s
[2025-08-27 21:04:31] DEBUG    Waiting for other threads to finish...        3569s
[2025-08-27 21:05:35] DEBUG    Waiting for other threads to finish...        3633s
[2025-08-27 21:06:39] DEBUG    Waiting for other threads to finish...        3698s
[2025-08-27 21:07:44] DEBUG    Waiting for other threads to finish...        3762s
[2025-08-27 21:07:46] DEBUG    Solved with dual simplex
[2025-08-27 21:08:02] DEBUG    Iteration    Objective       Primal Inf.    Dual Inf.      Time
[2025-08-27 21:08:02] DEBUG    1537739    1.4897119e+10   0.000000e+00   0.000000e+00   3781s

Solved in 1537739 iterations and 3780.59 seconds (2090.59 work units)
[2025-08-27 21:08:02] DEBUG    Optimal objective  1.489711926e+10
✅ Scenario completato: new_trasmission_GT+VRES_2035_PHES
🏁 Tutti gli scenari sono stati processati.
