
🚀 Lancio scenario: existing_VRES_2030_BESS
[2025-09-15 18:25:34] INFO     Loading sets
[2025-09-15 18:25:34] INFO     Loading parameters
[2025-09-15 18:26:20] INFO     constraints are loaded in the following order: ['energy_balance', 'dispatch', 'costs', 'capacity', 'network', 'policy', 'conversion', 'group', 'conversion_plus', 'milp', 'export']
[2025-09-15 18:26:20] INFO     creating energy_balance constraints
[2025-09-15 18:30:10] INFO     creating dispatch constraints
[2025-09-15 18:32:55] INFO     creating costs constraints
[2025-09-15 18:42:57] INFO     creating capacity constraints
[2025-09-15 18:42:57] INFO     creating network constraints
[2025-09-15 18:42:57] INFO     creating policy constraints
[2025-09-15 18:42:57] INFO     creating conversion constraints
[2025-09-15 18:42:57] INFO     creating group constraints
[2025-09-15 18:42:57] INFO     creating conversion_plus constraints
[2025-09-15 18:42:57] INFO     creating milp constraints
[2025-09-15 18:42:57] INFO     creating export constraints
[2025-09-15 18:54:55] DEBUG    Set parameter WLSAccessID
Set parameter WLSSecret
Set parameter LicenseID to value 2680226
[2025-09-15 18:54:56] DEBUG    Academic license 2680226 - for non-commercial use only - registered to an___@mail.polimi.it
[2025-09-15 18:55:31] DEBUG    Read LP format model from file /tmp/tmptnuis38n.pyomo.lp
Reading time = 34.92 seconds
[2025-09-15 18:55:31] DEBUG    x16865942: 22901658 rows, 16865942 columns, 55274312 nonzeros
Set parameter NumericFocus to value 1
Gurobi Optimizer version 12.0.2 build v12.0.2rc0 (linux64 - "Debian GNU/Linux 11 (bullseye)")

CPU model: Intel(R) Xeon(R) Silver 4314 CPU @ 2.40GHz, instruction set [SSE2|AVX|AVX2|AVX512]
Thread count: 32 physical cores, 64 logical processors, using up to 32 threads

Non-default parameters:
NumericFocus  1
[2025-09-15 18:55:31] DEBUG    Academic license 2680226 - for non-commercial use only - registered to an___@mail.polimi.it
Optimize a model with 22901658 rows, 16865942 columns and 55274312 nonzeros
[2025-09-15 18:55:31] DEBUG    Model fingerprint: 0x9fd08f9c
[2025-09-15 18:55:32] DEBUG    Coefficient statistics:
  Matrix range     [1e-07, 3e+02]
  Objective range  [1e+00, 1e+06]
  Bounds range     [0e+00, 0e+00]
  RHS range        [1e+00, 2e+08]
[2025-09-15 18:55:37] DEBUG    Presolve removed 18274645 rows and 9453168 columns (presolve time = 6s)...
[2025-09-15 18:55:42] DEBUG    Presolve removed 18397740 rows and 11270000 columns (presolve time = 10s)...
[2025-09-15 18:55:47] DEBUG    Presolve removed 20778252 rows and 13599733 columns (presolve time = 15s)...
[2025-09-15 18:55:52] DEBUG    Presolve removed 21307399 rows and 13704853 columns (presolve time = 20s)...
[2025-09-15 18:55:53] DEBUG    Presolve removed 21447543 rows and 13704853 columns
[2025-09-15 18:55:53] DEBUG    Presolve time: 22.16s
Presolved: 1454115 rows, 3301233 columns, 9036970 nonzeros

Concurrent LP optimizer: primal simplex, dual simplex, and barrier
Showing barrier log only...
[2025-09-15 18:56:13] DEBUG    Elapsed ordering time = 18s
[2025-09-15 18:56:14] DEBUG    Elapsed ordering time = 20s
[2025-09-15 18:56:20] DEBUG    Ordering time: 25.17s
[2025-09-15 18:56:21] DEBUG    Barrier statistics:
 Dense cols : 114
 AA' NZ     : 8.461e+06
 Factor NZ  : 4.512e+07 (roughly 2.3 GB of memory)
 Factor Ops : 5.274e+09 (less than 1 second per iteration)
 Threads    : 30
[2025-09-15 18:56:24] DEBUG    Objective                Residual
[2025-09-15 18:56:24] DEBUG    Iter       Primal          Dual         Primal    Dual     Compl     Time
[2025-09-15 18:56:25] DEBUG    0   4.19832878e+21 -1.14065697e+19  7.47e+10 1.28e-01  5.46e+15    54s
[2025-09-15 18:56:28] DEBUG    1   1.47955471e+21 -1.14060440e+19  2.32e+10 3.06e+05  2.04e+15    58s
[2025-09-15 18:56:34] DEBUG    2   9.14471624e+20 -8.91633307e+18  1.36e+10 5.10e+04  9.21e+14    63s
[2025-09-15 18:56:40] DEBUG    3   5.49329066e+20 -8.14187309e+18  8.06e+09 1.58e+04  5.18e+14    70s
[2025-09-15 18:56:45] DEBUG    4   3.86509595e+20 -7.89861689e+18  5.65e+09 1.13e+04  3.65e+14    75s
[2025-09-15 18:56:50] DEBUG    5   3.47990991e+20 -7.44215248e+18  5.07e+09 3.49e+03  3.17e+14    79s
[2025-09-15 18:56:53] DEBUG    6   2.49665777e+20 -7.13691014e+18  3.60e+09 1.45e+03  2.25e+14    83s
[2025-09-15 18:56:58] DEBUG    7   1.83840928e+20 -6.87753805e+18  2.64e+09 6.76e+02  1.66e+14    87s
[2025-09-15 18:57:02] DEBUG    8   1.58957519e+20 -6.56520169e+18  2.27e+09 3.41e+02  1.43e+14    91s
[2025-09-15 18:57:07] DEBUG    9   4.41745619e+19 -6.02218887e+18  6.71e+08 7.86e+01  4.22e+13    96s
[2025-09-15 18:57:10] DEBUG    10   1.75970518e+19 -5.14437897e+18  2.68e+08 3.79e+01  1.71e+13    99s
[2025-09-15 18:57:15] DEBUG    11   5.94856647e+18 -3.69109264e+18  8.93e+07 1.18e+01  5.87e+12   104s
[2025-09-15 18:57:18] DEBUG    12   2.90688694e+18 -2.95169838e+18  4.35e+07 6.52e+00  2.97e+12   108s
[2025-09-15 18:57:23] DEBUG    13   6.86327941e+17 -1.78215536e+18  9.77e+06 1.80e+00  8.06e+11   113s
[2025-09-15 18:57:31] DEBUG    14   2.03959281e+17 -7.49513309e+17  2.83e+06 5.09e-01  2.46e+11   120s
[2025-09-15 18:57:35] DEBUG    15   2.56272694e+16 -2.86902751e+17  3.20e+05 1.85e-01  5.65e+10   125s
[2025-09-15 18:57:39] DEBUG    16   4.06574154e+15 -5.04298767e+16  4.97e+04 4.21e-02  8.97e+09   128s
[2025-09-15 18:57:43] DEBUG    17   1.69412247e+14 -3.57133558e+15  6.84e+02 1.74e-02  5.76e+08   132s
[2025-09-15 18:57:46] DEBUG    18   7.21272619e+13 -7.33738405e+14  5.41e+00 2.52e-02  1.16e+08   136s
[2025-09-15 18:57:50] DEBUG    19   6.57007053e+13 -3.50829729e+14  1.15e+00 2.57e-02  5.57e+07   140s
[2025-09-15 18:57:56] DEBUG    20   6.44306308e+13 -3.04707052e+14  9.07e-01 2.60e-02  4.84e+07   145s
[2025-09-15 18:58:00] DEBUG    21   6.08904362e+13 -6.11609484e+13  4.23e-01 2.75e-02  1.01e+07   150s
[2025-09-15 18:58:09] DEBUG    22   5.97818519e+13 -5.38603693e+13  3.99e-01 2.76e-02  8.96e+06   158s
[2025-09-15 18:58:20] DEBUG    23   5.53166951e+13 -4.21758046e+13  3.09e-01 2.81e-02  7.01e+06   169s
[2025-09-15 18:58:32] DEBUG    24   5.36108074e+13 -3.42020828e+13  2.82e-01 2.69e-02  5.72e+06   182s
[2025-09-15 18:58:48] DEBUG    25   5.23861423e+13 -3.34744562e+13  2.60e-01 2.69e-02  5.58e+06   197s
[2025-09-15 18:58:58] DEBUG    26   5.06756578e+13 -2.01269295e+13  2.25e-01 2.60e-02  3.42e+06   208s
[2025-09-15 18:59:07] DEBUG    27   4.96164335e+13 -1.72807549e+13  2.06e-01 2.60e-02  2.94e+06   216s
[2025-09-15 18:59:17] DEBUG    28   4.81266242e+13 -1.37687821e+13  1.81e-01 2.59e-02  2.36e+06   227s
[2025-09-15 18:59:29] DEBUG    29   4.69661284e+13 -8.67822157e+12  1.58e-01 2.62e-02  1.52e+06   238s
[2025-09-15 18:59:38] DEBUG    30   4.53864817e+13 -6.57370531e+12  1.31e-01 2.62e-02  1.16e+06   248s
[2025-09-15 18:59:49] DEBUG    31   4.44738640e+13 -4.80507276e+12  1.18e-01 2.62e-02  8.62e+05   259s
[2025-09-15 18:59:57] DEBUG    32   4.20852164e+13 -2.99286161e+12  7.16e-02 2.73e-02  5.28e+05   267s
[2025-09-15 19:00:06] DEBUG    33   4.13814416e+13 -2.16508398e+12  6.32e-02 2.72e-02  3.85e+05   276s
[2025-09-15 19:00:14] DEBUG    34   4.01000503e+13 -1.96597038e+12  4.91e-02 2.71e-02  3.37e+05   283s
[2025-09-15 19:00:22] DEBUG    35   3.99337882e+13 -1.76507337e+12  4.77e-02 2.70e-02  3.04e+05   292s
[2025-09-15 19:00:32] DEBUG    36   3.86540251e+13 -1.65129292e+12  3.69e-02 2.70e-02  2.73e+05   301s
[2025-09-15 19:00:40] DEBUG    37   3.79488044e+13 -9.48892946e+11  3.21e-02 2.67e-02  1.59e+05   310s
[2025-09-15 19:00:50] DEBUG    38   3.71590956e+13 -8.73848669e+11  2.74e-02 2.66e-02  1.42e+05   320s
[2025-09-15 19:01:02] DEBUG    39   3.60243107e+13 -6.50926807e+11  2.16e-02 2.66e-02  1.03e+05   331s
[2025-09-15 19:01:09] DEBUG    40   3.50876033e+13 -5.63779766e+11  1.42e-02 2.66e-02  8.22e+04   339s
[2025-09-15 19:01:16] DEBUG    41   3.47178148e+13 -3.98552602e+11  1.23e-02 2.65e-02  5.70e+04   345s
[2025-09-15 19:01:24] DEBUG    42   3.42870842e+13 -3.10821893e+11  1.03e-02 2.65e-02  4.26e+04   353s
[2025-09-15 19:01:33] DEBUG    43   3.37045009e+13 -2.63597286e+11  8.00e-03 2.64e-02  3.37e+04   362s
[2025-09-15 19:01:40] DEBUG    44   3.30492402e+13 -2.30584186e+11  6.01e-03 2.64e-02  2.66e+04   370s
[2025-09-15 19:01:50] DEBUG    45   3.26230585e+13 -1.96726923e+11  5.03e-03 2.64e-02  2.08e+04   379s
[2025-09-15 19:01:57] DEBUG    46   3.22261123e+13 -1.74891713e+11  4.25e-03 2.64e-02  1.68e+04   387s
[2025-09-15 19:02:06] DEBUG    47   3.18127777e+13 -1.59799728e+11  3.56e-03 2.63e-02  1.38e+04   396s
[2025-09-15 19:02:15] DEBUG    48   3.15113497e+13 -1.44162376e+11  3.14e-03 2.63e-02  1.10e+04   404s
[2025-09-15 19:02:24] DEBUG    49   3.12688462e+13 -1.37590167e+11  2.85e-03 2.63e-02  9.72e+03   413s
[2025-09-15 19:02:33] DEBUG    50   3.09341746e+13 -1.31570336e+11  2.47e-03 2.63e-02  8.39e+03   422s
[2025-09-15 19:02:44] DEBUG    51   3.06325913e+13 -1.26150238e+11  2.18e-03 2.63e-02  7.58e+03   433s
[2025-09-15 19:02:52] DEBUG    52   3.05637172e+13 -1.22115667e+11  2.12e-03 2.63e-02  7.05e+03   441s
[2025-09-15 19:03:03] DEBUG    53   3.01909437e+13 -1.16090650e+11  1.88e-03 2.63e-02  6.18e+03   453s
[2025-09-15 19:03:15] DEBUG    54   3.00347625e+13 -1.11719864e+11  1.80e-03 2.63e-02  5.61e+03   464s
[2025-09-15 19:03:26] DEBUG    55   2.98644764e+13 -1.07728679e+11  1.61e-03 2.63e-02  5.10e+03   476s
[2025-09-15 19:03:34] DEBUG    56   2.96822824e+13 -1.04592175e+11  1.53e-03 2.63e-02  4.71e+03   484s
[2025-09-15 19:03:43] DEBUG    57   2.95942647e+13 -1.03174783e+11  1.48e-03 2.63e-02  4.54e+03   493s
[2025-09-15 19:03:56] DEBUG    58   2.94570263e+13 -9.98108822e+10  1.41e-03 2.62e-02  4.23e+03   506s
[2025-09-15 19:04:05] DEBUG    59   2.93287863e+13 -9.71690703e+10  1.30e-03 2.62e-02  3.97e+03   514s
[2025-09-15 19:04:14] DEBUG    60   2.92218305e+13 -9.53129080e+10  1.34e-03 2.62e-02  3.78e+03   523s
[2025-09-15 19:04:23] DEBUG    61   2.91266002e+13 -9.38092273e+10  1.29e-03 2.62e-02  3.63e+03   532s
[2025-09-15 19:04:34] DEBUG    62   2.90537180e+13 -9.21685543e+10  1.26e-03 2.62e-02  3.48e+03   543s
[2025-09-15 19:04:44] DEBUG    63   2.89329640e+13 -9.06134580e+10  1.24e-03 2.62e-02  3.31e+03   553s
[2025-09-15 19:04:54] DEBUG    64   2.88556481e+13 -8.92473481e+10  1.23e-03 2.62e-02  3.19e+03   564s
[2025-09-15 19:05:02] DEBUG    65   2.87878736e+13 -8.82455550e+10  1.22e-03 2.62e-02  3.08e+03   571s
[2025-09-15 19:05:10] DEBUG    66   2.87395727e+13 -8.73778351e+10  1.21e-03 2.62e-02  3.00e+03   579s
[2025-09-15 19:05:20] DEBUG    67   2.86918789e+13 -8.66160466e+10  1.20e-03 2.62e-02  2.93e+03   589s
[2025-09-15 19:05:30] DEBUG    68   2.86431419e+13 -8.59022998e+10  1.17e-03 2.62e-02  2.86e+03   599s
[2025-09-15 19:05:36] DEBUG    69   2.86065607e+13 -8.52778750e+10  1.15e-03 2.62e-02  2.80e+03   605s
[2025-09-15 19:05:44] DEBUG    70   2.85399704e+13 -8.45846744e+10  1.11e-03 2.62e-02  2.73e+03   614s
[2025-09-15 19:05:53] DEBUG    71   2.84832329e+13 -8.39393859e+10  1.08e-03 2.62e-02  2.67e+03   622s
[2025-09-15 19:06:01] DEBUG    72   2.84398145e+13 -8.33107686e+10  1.04e-03 2.62e-02  2.61e+03   631s
[2025-09-15 19:06:08] DEBUG    73   2.83797293e+13 -8.25468544e+10  1.04e-03 2.62e-02  2.54e+03   637s
[2025-09-15 19:06:16] DEBUG    74   2.83073995e+13 -8.17100796e+10  1.05e-03 2.62e-02  2.46e+03   646s
[2025-09-15 19:06:23] DEBUG    75   2.82650908e+13 -8.09607845e+10  1.04e-03 2.62e-02  2.41e+03   653s
[2025-09-15 19:06:31] DEBUG    76   2.81996570e+13 -8.02152864e+10  1.00e-03 2.62e-02  2.34e+03   660s
[2025-09-15 19:06:40] DEBUG    77   2.81529274e+13 -7.97095044e+10  9.88e-04 2.62e-02  2.29e+03   670s
[2025-09-15 19:06:51] DEBUG    78   2.81074924e+13 -7.90744866e+10  9.63e-04 2.62e-02  2.23e+03   680s
[2025-09-15 19:07:00] DEBUG    79   2.80571829e+13 -7.82337886e+10  9.54e-04 2.62e-02  2.17e+03   689s
[2025-09-15 19:07:09] DEBUG    80   2.80049992e+13 -7.76137688e+10  9.27e-04 2.62e-02  2.11e+03   699s
[2025-09-15 19:07:19] DEBUG    81   2.79620916e+13 -7.70082788e+10  9.21e-04 2.62e-02  2.07e+03   708s
[2025-09-15 19:07:27] DEBUG    82   2.79150811e+13 -7.65321020e+10  9.08e-04 2.62e-02  2.02e+03   716s
[2025-09-15 19:07:35] DEBUG    83   2.78794895e+13 -7.60502694e+10  8.93e-04 2.62e-02  1.99e+03   725s
[2025-09-15 19:07:44] DEBUG    84   2.78496810e+13 -7.55848971e+10  8.77e-04 2.62e-02  1.96e+03   733s
[2025-09-15 19:07:52] DEBUG    85   2.78220619e+13 -7.51732881e+10  8.72e-04 2.62e-02  1.93e+03   741s
[2025-09-15 19:07:58] DEBUG    86   2.77969780e+13 -7.48212789e+10  8.60e-04 2.62e-02  1.90e+03   747s
[2025-09-15 19:08:04] DEBUG    87   2.77390715e+13 -7.44055655e+10  8.13e-04 2.62e-02  1.86e+03   754s
[2025-09-15 19:08:13] DEBUG    88   2.77022716e+13 -7.39713842e+10  8.11e-04 2.62e-02  1.83e+03   762s
[2025-09-15 19:08:20] DEBUG    89   2.76699494e+13 -7.35132537e+10  8.07e-04 2.62e-02  1.80e+03   769s
[2025-09-15 19:08:27] DEBUG    90   2.76527690e+13 -7.31917654e+10  7.97e-04 2.62e-02  1.78e+03   776s
[2025-09-15 19:08:37] DEBUG    91   2.75920567e+13 -7.27265920e+10  7.69e-04 2.62e-02  1.74e+03   786s
[2025-09-15 19:08:47] DEBUG    92   2.75637753e+13 -7.23823391e+10  7.59e-04 2.62e-02  1.71e+03   796s
[2025-09-15 19:08:52] DEBUG    93   2.75488152e+13 -7.21434504e+10  7.51e-04 2.62e-02  1.70e+03   802s
[2025-09-15 19:09:01] DEBUG    94   2.75316948e+13 -7.18728056e+10  7.51e-04 2.62e-02  1.68e+03   810s
[2025-09-15 19:09:09] DEBUG    95   2.75096283e+13 -7.16593566e+10  7.44e-04 2.62e-02  1.80e+03   818s
[2025-09-15 19:09:09] DEBUG    Barrier performed 95 iterations in 818.13 seconds (209.60 work units)
[2025-09-15 19:09:09] DEBUG    Numerical trouble encountered
[2025-09-15 19:09:09] DEBUG    Model may be infeasible or unbounded.  Consider using the
[2025-09-15 19:09:09] DEBUG    homogeneous algorithm (through parameter 'BarHomogeneous')
[2025-09-15 19:10:14] DEBUG    Waiting for other threads to finish...         883s
[2025-09-15 19:11:18] DEBUG    Waiting for other threads to finish...         948s
[2025-09-15 19:12:23] DEBUG    Waiting for other threads to finish...        1012s
[2025-09-15 19:13:28] DEBUG    Waiting for other threads to finish...        1077s
[2025-09-15 19:14:32] DEBUG    Waiting for other threads to finish...        1142s
[2025-09-15 19:15:37] DEBUG    Waiting for other threads to finish...        1206s
[2025-09-15 19:16:42] DEBUG    Waiting for other threads to finish...        1271s
[2025-09-15 19:17:47] DEBUG    Waiting for other threads to finish...        1336s
[2025-09-15 19:18:51] DEBUG    Waiting for other threads to finish...        1401s
[2025-09-15 19:19:56] DEBUG    Waiting for other threads to finish...        1465s
[2025-09-15 19:21:00] DEBUG    Waiting for other threads to finish...        1529s
[2025-09-15 19:22:05] DEBUG    Waiting for other threads to finish...        1594s
[2025-09-15 19:23:09] DEBUG    Waiting for other threads to finish...        1659s
[2025-09-15 19:23:26] DEBUG    Solved with dual simplex
[2025-09-15 19:23:35] DEBUG    Iteration    Objective       Primal Inf.    Dual Inf.      Time
[2025-09-15 19:23:35] DEBUG    1759956    1.7192294e+10   0.000000e+00   0.000000e+00   1684s

Solved in 1759956 iterations and 1684.26 seconds (985.40 work units)
[2025-09-15 19:23:35] DEBUG    Optimal objective  1.719229358e+10
✅ Scenario completato: existing_VRES_2030_BESS

🚀 Lancio scenario: existing_VRES_2030_PHES
[2025-09-15 19:30:49] INFO     Loading sets
[2025-09-15 19:30:49] INFO     Loading parameters
[2025-09-15 19:31:23] INFO     constraints are loaded in the following order: ['energy_balance', 'dispatch', 'costs', 'capacity', 'network', 'policy', 'conversion', 'group', 'conversion_plus', 'milp', 'export']
[2025-09-15 19:31:23] INFO     creating energy_balance constraints
[2025-09-15 19:36:00] INFO     creating dispatch constraints
[2025-09-15 19:39:41] INFO     creating costs constraints
[2025-09-15 19:50:06] INFO     creating capacity constraints
[2025-09-15 19:50:06] INFO     creating network constraints
[2025-09-15 19:50:06] INFO     creating policy constraints
[2025-09-15 19:50:06] INFO     creating conversion constraints
[2025-09-15 19:50:06] INFO     creating group constraints
[2025-09-15 19:50:06] INFO     creating conversion_plus constraints
[2025-09-15 19:50:06] INFO     creating milp constraints
[2025-09-15 19:50:06] INFO     creating export constraints
[2025-09-15 20:02:05] DEBUG    Set parameter WLSAccessID
Set parameter WLSSecret
Set parameter LicenseID to value 2680226
[2025-09-15 20:02:05] DEBUG    Academic license 2680226 - for non-commercial use only - registered to an___@mail.polimi.it
[2025-09-15 20:02:40] DEBUG    Read LP format model from file /tmp/tmp691gaivt.pyomo.lp
[2025-09-15 20:02:40] DEBUG    Reading time = 34.88 seconds
x16892228: 22945519 rows, 16892228 columns, 55633533 nonzeros
[2025-09-15 20:02:40] DEBUG    Set parameter NumericFocus to value 1
[2025-09-15 20:02:40] DEBUG    Gurobi Optimizer version 12.0.2 build v12.0.2rc0 (linux64 - "Debian GNU/Linux 11 (bullseye)")

CPU model: Intel(R) Xeon(R) Silver 4314 CPU @ 2.40GHz, instruction set [SSE2|AVX|AVX2|AVX512]
Thread count: 32 physical cores, 64 logical processors, using up to 32 threads
[2025-09-15 20:02:40] DEBUG    Non-default parameters:
NumericFocus  1
[2025-09-15 20:02:40] DEBUG    Academic license 2680226 - for non-commercial use only - registered to an___@mail.polimi.it
[2025-09-15 20:02:40] DEBUG    Optimize a model with 22945519 rows, 16892228 columns and 55633533 nonzeros
[2025-09-15 20:02:40] DEBUG    Model fingerprint: 0x4729052c
[2025-09-15 20:02:41] DEBUG    Coefficient statistics:
  Matrix range     [1e-07, 3e+02]
  Objective range  [1e+00, 1e+06]
[2025-09-15 20:02:41] DEBUG    Bounds range     [0e+00, 0e+00]
  RHS range        [1e+00, 6e+09]
Warning: Model contains large rhs
[2025-09-15 20:02:47] DEBUG    Presolve removed 18432428 rows and 9567082 columns (presolve time = 6s)...
[2025-09-15 20:02:51] DEBUG    Presolve removed 18561635 rows and 11390000 columns (presolve time = 10s)...
[2025-09-15 20:02:56] DEBUG    Presolve removed 20927326 rows and 13710113 columns (presolve time = 15s)...
[2025-09-15 20:03:01] DEBUG    Presolve removed 21465215 rows and 13815233 columns (presolve time = 21s)...
[2025-09-15 20:03:01] DEBUG    Presolve removed 21605359 rows and 13815233 columns
[2025-09-15 20:03:01] DEBUG    Presolve time: 21.83s
Presolved: 1340160 rows, 3217139 columns, 8551310 nonzeros
[2025-09-15 20:03:01] DEBUG    Concurrent LP optimizer: primal simplex, dual simplex, and barrier
Showing barrier log only...
[2025-09-15 20:03:34] DEBUG    Elapsed ordering time = 31s
[2025-09-15 20:03:38] DEBUG    Elapsed ordering time = 35s
[2025-09-15 20:03:40] DEBUG    Ordering time: 37.26s
[2025-09-15 20:03:41] DEBUG    Barrier statistics:
 Dense cols : 112
 AA' NZ     : 7.732e+06
 Factor NZ  : 4.216e+07 (roughly 2.0 GB of memory)
 Factor Ops : 5.061e+09 (less than 1 second per iteration)
[2025-09-15 20:03:41] DEBUG    Threads    : 30
[2025-09-15 20:03:44] DEBUG    Objective                Residual
[2025-09-15 20:03:44] DEBUG    Iter       Primal          Dual         Primal    Dual     Compl     Time
[2025-09-15 20:03:45] DEBUG    0   4.61775870e+21 -1.16182789e+19  7.47e+10 1.58e-01  5.86e+15    65s
[2025-09-15 20:03:48] DEBUG    1   4.24222030e+21 -1.19480793e+19  6.82e+10 2.93e+05  5.04e+15    69s
[2025-09-15 20:03:54] DEBUG    2   3.99309789e+21 -4.12705570e+19  6.45e+10 2.27e+05  4.80e+15    74s
[2025-09-15 20:04:01] DEBUG    3   3.38635561e+21 -2.20197341e+20  5.46e+10 4.59e+04  4.26e+15    81s
[2025-09-15 20:04:05] DEBUG    4   6.00415450e+20 -1.94629361e+20  9.06e+09 1.33e+04  7.35e+14    86s
[2025-09-15 20:04:12] DEBUG    5   2.07432746e+20 -1.16340062e+20  3.00e+09 2.28e+03  2.49e+14    93s
[2025-09-15 20:04:19] DEBUG    6   9.15104123e+19 -5.34039776e+19  1.29e+09 1.70e+02  1.07e+14    99s
[2025-09-15 20:04:23] DEBUG    7   3.92435940e+19 -2.65954168e+19  5.39e+08 3.80e+01  4.51e+13   103s
[2025-09-15 20:04:27] DEBUG    8   2.59946585e+19 -1.54014563e+19  3.52e+08 1.31e+01  2.89e+13   108s
[2025-09-15 20:04:31] DEBUG    9   1.54301928e+19 -1.35955530e+19  2.02e+08 1.13e+01  1.73e+13   111s
[2025-09-15 20:04:35] DEBUG    10   1.18265616e+19 -9.11716576e+18  1.53e+08 2.38e+00  1.27e+13   116s
[2025-09-15 20:04:40] DEBUG    11   7.14229120e+18 -5.31938347e+18  9.13e+07 7.60e-01  7.40e+12   120s
[2025-09-15 20:04:43] DEBUG    12   4.15591781e+18 -3.09640401e+18  5.13e+07 1.59e-04  4.09e+12   123s
[2025-09-15 20:04:46] DEBUG    13   2.56056203e+18 -2.12761712e+18  3.11e+07 5.86e-04  2.46e+12   126s
[2025-09-15 20:04:50] DEBUG    14   7.44410739e+17 -1.21902705e+18  8.72e+06 9.74e-04  7.53e+11   130s
[2025-09-15 20:04:56] DEBUG    15   8.70424911e+16 -5.60423670e+17  8.55e+05 9.84e-04  1.38e+11   136s
[2025-09-15 20:05:00] DEBUG    16   4.15683244e+16 -2.04161191e+17  3.87e+05 2.48e-04  4.95e+10   140s
[2025-09-15 20:05:05] DEBUG    17   1.21195405e+16 -3.84944434e+16  1.08e+05 7.80e-05  9.56e+09   146s
[2025-09-15 20:05:09] DEBUG    18   5.38669864e+14 -1.28719558e+16  3.35e+03 2.15e-05  2.16e+09   150s
[2025-09-15 20:05:14] DEBUG    19   6.05902463e+12 -8.07652229e+14  1.24e+00 1.07e-04  1.29e+08   155s
[2025-09-15 20:05:24] DEBUG    20   7.38994228e+12 -1.55616528e+14  1.79e-02 6.40e-03  2.58e+07   164s
[2025-09-15 20:05:46] DEBUG    21   5.02907643e+12 -1.39141021e+14  9.28e-03 7.58e-03  2.29e+07   187s
[2025-09-15 20:06:04] DEBUG    22   3.90047215e+12 -6.05179086e+13  5.49e-03 5.19e-03  1.02e+07   205s
[2025-09-15 20:06:24] DEBUG    23   3.33537035e+12 -3.04484929e+13  4.13e-03 7.84e-03  5.35e+06   224s
[2025-09-15 20:06:34] DEBUG    24   3.07529503e+12 -2.85050324e+13  3.61e-03 7.62e-03  5.00e+06   235s
[2025-09-15 20:06:46] DEBUG    25   2.85911299e+12 -2.42100077e+13  3.17e-03 7.05e-03  4.28e+06   247s
[2025-09-15 20:06:57] DEBUG    26   2.79857340e+12 -2.11833793e+13  3.05e-03 6.65e-03  3.79e+06   257s
[2025-09-15 20:07:15] DEBUG    27   2.44766343e+12 -1.85693985e+13  2.38e-03 8.54e-03  3.32e+06   276s
[2025-09-15 20:07:27] DEBUG    28   2.24822991e+12 -1.54744694e+13  2.05e-03 8.91e-03  2.80e+06   288s
[2025-09-15 20:07:44] DEBUG    29   1.92320206e+12 -1.08835899e+13  1.56e-03 1.29e-02  2.02e+06   305s
[2025-09-15 20:08:05] DEBUG    30   1.66865259e+12 -7.99950386e+12  1.25e-03 1.48e-02  1.52e+06   325s
[2025-09-15 20:08:34] DEBUG    31   1.53862764e+12 -6.82859442e+12  1.12e-03 1.55e-02  1.31e+06   355s
[2025-09-15 20:08:53] DEBUG    32   1.20189003e+12 -4.21946342e+12  8.50e-04 1.71e-02  8.45e+05   374s
[2025-09-15 20:09:18] DEBUG    33   8.98079847e+11 -2.35304914e+12  5.87e-04 1.79e-02  4.99e+05   399s
[2025-09-15 20:09:43] DEBUG    34   7.43743771e+11 -1.72984279e+12  4.58e-04 1.81e-02  3.76e+05   423s
[2025-09-15 20:10:06] DEBUG    35   5.98536994e+11 -1.18530928e+12  3.45e-04 1.81e-02  2.66e+05   447s
[2025-09-15 20:10:24] DEBUG    36   4.94518975e+11 -7.90936186e+11  2.68e-04 1.78e-02  1.87e+05   464s
[2025-09-15 20:10:43] DEBUG    37   4.10832256e+11 -4.08368144e+11  2.10e-04 1.62e-02  1.13e+05   483s
[2025-09-15 20:10:56] DEBUG    38   3.63154435e+11 -3.71793527e+11  1.79e-04 1.56e-02  1.01e+05   497s
[2025-09-15 20:11:11] DEBUG    39   3.16948540e+11 -2.63550363e+11  1.49e-04 1.29e-02  7.72e+04   512s
[2025-09-15 20:11:26] DEBUG    40   2.76256333e+11 -1.97422308e+11  1.23e-04 1.11e-02  6.10e+04   526s
[2025-09-15 20:11:42] DEBUG    41   2.25970736e+11 -8.24222321e+10  9.13e-05 7.44e-03  3.55e+04   542s
[2025-09-15 20:11:56] DEBUG    42   2.07475578e+11 -4.33601386e+10  7.93e-05 4.82e-03  2.67e+04   556s
[2025-09-15 20:12:12] DEBUG    43   1.74479181e+11 -1.96069831e+10  5.94e-05 4.95e-03  1.86e+04   573s
[2025-09-15 20:12:30] DEBUG    44   1.58282431e+11 -3.05788303e+09  5.10e-05 5.02e-03  1.39e+04   590s
[2025-09-15 20:12:44] DEBUG    45   1.47912204e+11  5.19333710e+08  4.57e-05 5.03e-03  1.19e+04   604s
[2025-09-15 20:13:00] DEBUG    46   1.38194148e+11  1.03739076e+09  3.96e-05 5.03e-03  1.06e+04   621s
[2025-09-15 20:13:19] DEBUG    47   1.33257146e+11  5.18874067e+09  3.72e-05 5.01e-03  9.33e+03   639s
[2025-09-15 20:13:32] DEBUG    48   1.27806534e+11  6.99678543e+09  6.48e-05 4.97e-03  8.36e+03   653s
[2025-09-15 20:13:46] DEBUG    49   1.16615862e+11  1.04827137e+10  4.96e-05 4.85e-03  6.41e+03   667s
[2025-09-15 20:14:02] DEBUG    50   1.09050433e+11  1.21843611e+10  7.06e-05 4.64e-03  5.24e+03   683s
[2025-09-15 20:14:18] DEBUG    51   1.06918114e+11  1.36290581e+10  4.58e-05 4.37e-03  4.78e+03   698s
[2025-09-15 20:14:35] DEBUG    52   9.98357902e+10  1.43676921e+10  4.29e-05 3.95e-03  3.83e+03   715s
[2025-09-15 20:14:52] DEBUG    53   9.31060667e+10  1.49069312e+10  8.59e-05 3.33e-03  2.97e+03   732s
[2025-09-15 20:15:07] DEBUG    54   9.10557778e+10  1.51701950e+10  7.91e-05 2.94e-03  2.70e+03   747s
[2025-09-15 20:15:20] DEBUG    55   8.87737529e+10  1.53627591e+10  7.12e-05 2.66e-03  2.40e+03   760s
[2025-09-15 20:15:31] DEBUG    56   8.64295686e+10  1.57285782e+10  6.35e-05 2.41e-03  2.07e+03   771s
[2025-09-15 20:15:46] DEBUG    57   8.42908583e+10  1.60625222e+10  6.48e-05 2.81e-03  1.77e+03   786s
[2025-09-15 20:15:59] DEBUG    58   8.26388782e+10  1.62215656e+10  6.77e-05 2.96e-03  1.54e+03   800s
[2025-09-15 20:16:09] DEBUG    59   8.12028032e+10  1.63915335e+10  4.68e-05 3.23e-03  1.35e+03   809s
[2025-09-15 20:16:19] DEBUG    60   8.07658391e+10  1.64348684e+10  5.25e-05 3.27e-03  1.30e+03   819s
[2025-09-15 20:16:28] DEBUG    61   7.95239620e+10  1.65809424e+10  4.77e-05 3.42e-03  1.13e+03   829s
[2025-09-15 20:16:37] DEBUG    62   7.91352855e+10  1.66250921e+10  6.58e-05 3.45e-03  1.08e+03   837s
[2025-09-15 20:16:46] DEBUG    63   7.76043997e+10  1.67130559e+10  5.05e-05 3.50e-03  8.77e+02   846s
[2025-09-15 20:16:54] DEBUG    64   7.66887261e+10  1.67737038e+10  7.44e-05 3.51e-03  7.64e+02   854s
[2025-09-15 20:17:02] DEBUG    65   7.54143897e+10  1.68624854e+10  6.87e-05 3.54e-03  6.08e+02   862s
[2025-09-15 20:17:10] DEBUG    66   7.49362674e+10  1.69087906e+10  4.10e-05 3.55e-03  5.53e+02   870s
[2025-09-15 20:17:22] DEBUG    67   7.46850702e+10  1.69326172e+10  4.77e-05 3.55e-03  5.24e+02   882s
[2025-09-15 20:17:32] DEBUG    68   7.43623428e+10  1.69462807e+10  4.77e-05 3.55e-03  4.92e+02   893s
[2025-09-15 20:17:44] DEBUG    69   7.34864579e+10  1.69821446e+10  5.34e-05 3.52e-03  4.05e+02   905s
[2025-09-15 20:17:54] DEBUG    70   7.30996328e+10  1.70081836e+10  6.48e-05 3.50e-03  3.69e+02   914s
[2025-09-15 20:18:05] DEBUG    71   7.29176997e+10  1.70374243e+10  3.91e-05 3.48e-03  3.48e+02   925s
[2025-09-15 20:18:15] DEBUG    72   7.25995395e+10  1.70531323e+10  5.72e-05 3.47e-03  3.19e+02   935s
[2025-09-15 20:18:24] DEBUG    73   7.23477251e+10  1.70742950e+10  6.01e-05 3.44e-03  2.95e+02   944s
[2025-09-15 20:18:32] DEBUG    74   7.18041087e+10  1.70873322e+10  4.39e-05 3.41e-03  2.52e+02   953s
[2025-09-15 20:18:38] DEBUG    75   7.16968300e+10  1.70931301e+10  4.20e-05 3.42e-03  2.41e+02   958s
[2025-09-15 20:18:46] DEBUG    76   7.09993815e+10  1.71045779e+10  7.17e-05 3.43e-03  1.74e+02   966s
[2025-09-15 20:18:53] DEBUG    77   7.05300526e+10  1.71152187e+10  6.24e-05 3.42e-03  1.35e+02   973s
[2025-09-15 20:19:00] DEBUG    78   7.03282273e+10  1.71257100e+10  5.44e-05 3.39e-03  1.18e+02   980s
[2025-09-15 20:19:06] DEBUG    79   7.00600770e+10  1.71324693e+10  3.15e-05 3.37e-03  9.98e+01   986s
[2025-09-15 20:19:12] DEBUG    80   6.97726983e+10  1.71399016e+10  4.96e-05 3.36e-03  8.14e+01   993s
[2025-09-15 20:19:21] DEBUG    81   6.96646767e+10  1.71439167e+10  5.63e-05 3.32e-03  7.50e+01  1001s
[2025-09-15 20:19:30] DEBUG    82   6.95877017e+10  1.71454491e+10  5.25e-05 3.32e-03  7.08e+01  1010s
[2025-09-15 20:19:37] DEBUG    83   6.94954304e+10  1.71475958e+10  4.10e-05 3.31e-03  6.63e+01  1017s
[2025-09-15 20:19:46] DEBUG    84   6.93352163e+10  1.71516874e+10  5.72e-05 3.29e-03  5.79e+01  1027s
[2025-09-15 20:19:59] DEBUG    85   6.91533359e+10  1.71554587e+10  4.96e-05 3.27e-03  4.98e+01  1039s
[2025-09-15 20:20:06] DEBUG    86   6.90444732e+10  1.71590549e+10  5.82e-05 3.25e-03  4.54e+01  1046s
[2025-09-15 20:20:13] DEBUG    87   6.88660820e+10  1.71628549e+10  7.44e-05 3.22e-03  3.86e+01  1053s
[2025-09-15 20:20:20] DEBUG    88   6.86779100e+10  1.71653600e+10  5.25e-05 3.21e-03  3.25e+01  1061s
[2025-09-15 20:20:27] DEBUG    89   6.85807192e+10  1.71683460e+10  8.30e-05 3.19e-03  2.94e+01  1068s
[2025-09-15 20:20:35] DEBUG    90   6.83743694e+10  1.71695263e+10  5.91e-05 3.18e-03  2.41e+01  1075s
[2025-09-15 20:20:42] DEBUG    91   6.82807494e+10  1.71703111e+10  8.87e-05 3.17e-03  2.21e+01  1083s
[2025-09-15 20:20:50] DEBUG    92   6.81928534e+10  1.71715091e+10  9.54e-05 3.17e-03  2.03e+01  1090s
[2025-09-15 20:20:57] DEBUG    93   6.80371290e+10  1.71722641e+10  7.06e-05 3.16e-03  1.75e+01  1097s
[2025-09-15 20:21:11] DEBUG    94   6.79810076e+10  1.71728268e+10  6.48e-05 3.15e-03  1.65e+01  1111s
[2025-09-15 20:21:18] DEBUG    95   6.79337641e+10  1.71731547e+10  5.34e-05 3.15e-03  1.58e+01  1119s
[2025-09-15 20:21:26] DEBUG    96   6.78730823e+10  1.71734941e+10  6.01e-05 3.14e-03  1.49e+01  1127s
[2025-09-15 20:21:34] DEBUG    97   6.78304084e+10  1.71742297e+10  5.91e-05 3.13e-03  1.43e+01  1135s
[2025-09-15 20:21:44] DEBUG    98   6.78013935e+10  1.71746304e+10  6.68e-05 3.13e-03  1.39e+01  1145s
[2025-09-15 20:21:51] DEBUG    99   6.77325172e+10  1.71754092e+10  7.25e-05 3.11e-03  1.30e+01  1151s
[2025-09-15 20:21:58] DEBUG    100   6.76827645e+10  1.71759981e+10  6.87e-05 3.10e-03  1.23e+01  1158s
[2025-09-15 20:22:09] DEBUG    101   6.76367891e+10  1.71766751e+10  7.72e-05 3.09e-03  1.17e+01  1169s
[2025-09-15 20:22:15] DEBUG    102   6.75939624e+10  1.71769507e+10  8.96e-05 3.08e-03  1.13e+01  1175s
[2025-09-15 20:22:23] DEBUG    103   6.75557479e+10  1.71769851e+10  7.53e-05 3.08e-03  1.09e+01  1183s
[2025-09-15 20:22:31] DEBUG    104   6.74861474e+10  1.71773694e+10  7.34e-05 3.07e-03  1.02e+01  1192s
[2025-09-15 20:22:40] DEBUG    105   6.74495812e+10  1.71779855e+10  7.63e-05 3.06e-03  9.75e+00  1200s
[2025-09-15 20:22:46] DEBUG    106   6.73494305e+10  1.71783322e+10  6.29e-05 3.05e-03  8.83e+00  1206s
[2025-09-15 20:22:52] DEBUG    107   6.72997867e+10  1.71789233e+10  8.39e-05 3.04e-03  8.35e+00  1212s
[2025-09-15 20:22:59] DEBUG    108   6.72731752e+10  1.71794080e+10  8.39e-05 3.02e-03  8.10e+00  1220s
[2025-09-15 20:23:07] DEBUG    109   6.72179384e+10  1.71798071e+10  8.96e-05 3.01e-03  7.66e+00  1227s
[2025-09-15 20:23:13] DEBUG    110   6.71479903e+10  1.71801894e+10  9.54e-05 3.00e-03  7.12e+00  1234s
[2025-09-15 20:23:20] DEBUG    111   6.70977700e+10  1.71806860e+10  1.18e-04 2.99e-03  6.74e+00  1240s
[2025-09-15 20:23:27] DEBUG    112   6.70570258e+10  1.71810601e+10  8.20e-05 2.98e-03  6.45e+00  1247s
[2025-09-15 20:23:39] DEBUG    113   6.70077128e+10  1.71813309e+10  1.16e-04 2.97e-03  6.11e+00  1260s
[2025-09-15 20:23:46] DEBUG    114   6.69693878e+10  1.71817005e+10  7.44e-05 2.96e-03  5.85e+00  1267s
[2025-09-15 20:23:53] DEBUG    115   6.69369701e+10  1.71818037e+10  6.77e-05 2.96e-03  5.66e+00  1274s
[2025-09-15 20:24:00] DEBUG    116   6.68915899e+10  1.71822137e+10  5.63e-05 2.95e-03  5.37e+00  1280s
[2025-09-15 20:24:07] DEBUG    117   6.68530343e+10  1.71824320e+10  6.68e-05 2.94e-03  5.15e+00  1288s
[2025-09-15 20:24:15] DEBUG    118   6.68163488e+10  1.71826777e+10  6.39e-05 2.93e-03  4.96e+00  1295s
[2025-09-15 20:24:22] DEBUG    119   6.67914530e+10  1.71831842e+10  8.30e-05 2.92e-03  4.81e+00  1302s
[2025-09-15 20:24:30] DEBUG    120   6.67101267e+10  1.71834926e+10  1.04e-04 2.92e-03  4.41e+00  1310s
[2025-09-15 20:24:36] DEBUG    121   6.66706691e+10  1.71838362e+10  1.08e-04 2.91e-03  4.22e+00  1316s
[2025-09-15 20:24:43] DEBUG    122   6.66418791e+10  1.71841022e+10  8.77e-05 2.90e-03  4.09e+00  1323s
[2025-09-15 20:24:50] DEBUG    123   6.66089021e+10  1.71842465e+10  6.58e-05 2.90e-03  3.96e+00  1331s
[2025-09-15 20:24:57] DEBUG    124   6.65689443e+10  1.71843993e+10  7.63e-05 2.90e-03  3.80e+00  1337s
[2025-09-15 20:25:04] DEBUG    125   6.65270726e+10  1.71846010e+10  6.29e-05 2.89e-03  3.63e+00  1345s
[2025-09-15 20:25:11] DEBUG    126   6.65001364e+10  1.71847882e+10  7.82e-05 2.89e-03  3.52e+00  1351s
[2025-09-15 20:25:21] DEBUG    127   6.64551717e+10  1.71850229e+10  1.01e-04 2.88e-03  3.35e+00  1362s
[2025-09-15 20:25:33] DEBUG    128   6.64185412e+10  1.71851501e+10  8.77e-05 2.88e-03  3.22e+00  1373s
[2025-09-15 20:25:40] DEBUG    129   6.64149611e+10  1.71852302e+10  6.77e-05 2.88e-03  3.21e+00  1381s
[2025-09-15 20:25:48] DEBUG    130   6.63874532e+10  1.71853940e+10  8.96e-05 2.87e-03  3.11e+00  1388s
[2025-09-15 20:25:54] DEBUG    131   6.63474447e+10  1.71853283e+10  8.39e-05 2.87e-03  3.04e+00  1395s
[2025-09-15 20:26:08] DEBUG    132   6.63436949e+10  1.71853367e+10  8.96e-05 2.87e-03  3.03e+00  1409s
[2025-09-15 20:26:16] DEBUG    133   6.62975497e+10  1.71855195e+10  8.58e-05 2.87e-03  2.89e+00  1416s
[2025-09-15 20:26:23] DEBUG    134   6.62735296e+10  1.71856932e+10  1.12e-04 2.86e-03  2.82e+00  1423s
[2025-09-15 20:26:29] DEBUG    135   6.62399130e+10  1.71858615e+10  8.30e-05 2.86e-03  2.73e+00  1429s
[2025-09-15 20:26:36] DEBUG    136   6.62166479e+10  1.71860518e+10  7.53e-05 2.86e-03  2.66e+00  1436s
[2025-09-15 20:26:43] DEBUG    137   6.61726044e+10  1.71862587e+10  7.82e-05 2.85e-03  2.54e+00  1444s
[2025-09-15 20:26:50] DEBUG    138   6.61485125e+10  1.71865089e+10  7.15e-05 2.85e-03  2.47e+00  1451s
[2025-09-15 20:26:57] DEBUG    139   6.61361346e+10  1.71866454e+10  8.58e-05 2.85e-03  2.43e+00  1457s
[2025-09-15 20:27:04] DEBUG    140   6.61156052e+10  1.71867967e+10  1.01e-04 2.85e-03  2.38e+00  1464s
[2025-09-15 20:27:11] DEBUG    141   6.60860849e+10  1.71869125e+10  8.25e-05 2.84e-03  2.31e+00  1472s
[2025-09-15 20:27:19] DEBUG    142   6.60500676e+10  1.71871372e+10  9.73e-05 2.84e-03  2.22e+00  1480s
[2025-09-15 20:27:26] DEBUG    143   6.60140121e+10  1.71873634e+10  9.92e-05 2.84e-03  2.14e+00  1486s
[2025-09-15 20:27:32] DEBUG    144   6.59759323e+10  1.71875342e+10  7.06e-05 2.84e-03  2.06e+00  1492s
[2025-09-15 20:27:39] DEBUG    145   6.59403332e+10  1.71877179e+10  9.35e-05 2.83e-03  1.98e+00  1499s
[2025-09-15 20:27:47] DEBUG    146   6.59321823e+10  1.71878320e+10  1.01e-04 2.83e-03  1.96e+00  1507s
[2025-09-15 20:27:57] DEBUG    147   6.59133876e+10  1.71879034e+10  1.20e-04 2.83e-03  1.93e+00  1517s
[2025-09-15 20:28:06] DEBUG    148   6.58911242e+10  1.71880229e+10  8.20e-05 2.83e-03  1.89e+00  1526s
[2025-09-15 20:28:14] DEBUG    149   6.58697789e+10  1.71881073e+10  7.63e-05 2.83e-03  1.84e+00  1535s
[2025-09-15 20:28:20] DEBUG    150   6.58601360e+10  1.71883300e+10  6.87e-05 2.83e-03  1.82e+00  1541s
[2025-09-15 20:28:27] DEBUG    151   6.58418169e+10  1.71884967e+10  7.63e-05 2.83e-03  1.79e+00  1547s
[2025-09-15 20:28:34] DEBUG    152   6.58250003e+10  1.71887045e+10  7.82e-05 2.82e-03  1.76e+00  1554s
[2025-09-15 20:28:40] DEBUG    153   6.57990542e+10  1.71888709e+10  8.87e-05 2.82e-03  1.71e+00  1560s
[2025-09-15 20:28:47] DEBUG    154   6.57690994e+10  1.71889900e+10  9.92e-05 2.82e-03  1.65e+00  1568s
[2025-09-15 20:28:57] DEBUG    155   6.57496322e+10  1.71891902e+10  9.73e-05 2.82e-03  1.62e+00  1577s
[2025-09-15 20:29:05] DEBUG    156   6.57151002e+10  1.71892288e+10  9.54e-05 2.81e-03  1.56e+00  1585s
[2025-09-15 20:29:15] DEBUG    157   6.56836787e+10  1.71893784e+10  1.16e-04 2.81e-03  1.51e+00  1595s
[2025-09-15 20:29:23] DEBUG    158   6.56622536e+10  1.71894744e+10  8.77e-05 2.81e-03  1.47e+00  1603s
[2025-09-15 20:29:31] DEBUG    159   6.56218881e+10  1.71896723e+10  1.13e-04 2.81e-03  1.41e+00  1611s
[2025-09-15 20:29:37] DEBUG    160   6.56070864e+10  1.71897613e+10  1.23e-04 2.81e-03  1.39e+00  1617s
[2025-09-15 20:29:46] DEBUG    161   6.55866291e+10  1.71898971e+10  9.73e-05 2.81e-03  1.36e+00  1626s
[2025-09-15 20:29:52] DEBUG    162   6.55789115e+10  1.71899820e+10  8.68e-05 2.81e-03  1.35e+00  1632s
[2025-09-15 20:30:00] DEBUG    163   6.55419175e+10  1.71900886e+10  8.68e-05 2.80e-03  1.30e+00  1640s
[2025-09-15 20:30:07] DEBUG    164   6.55247031e+10  1.71902774e+10  1.09e-04 2.80e-03  1.28e+00  1647s
[2025-09-15 20:30:20] DEBUG    165   6.55166911e+10  1.71902950e+10  8.68e-05 2.80e-03  1.27e+00  1660s
[2025-09-15 20:30:28] DEBUG    166   6.54976041e+10  1.71902640e+10  8.01e-05 2.80e-03  1.24e+00  1668s
[2025-09-15 20:30:35] DEBUG    167   6.54850844e+10  1.71901385e+10  8.58e-05 2.80e-03  1.22e+00  1675s
[2025-09-15 20:30:41] DEBUG    168   6.54586741e+10  1.71900831e+10  8.96e-05 2.80e-03  1.19e+00  1682s
[2025-09-15 20:30:48] DEBUG    169   6.54480389e+10  1.71900415e+10  7.44e-05 2.80e-03  1.18e+00  1688s
[2025-09-15 20:30:54] DEBUG    170   6.54326339e+10  1.71899826e+10  7.53e-05 2.79e-03  1.16e+00  1694s
[2025-09-15 20:31:00] DEBUG    171   6.54149889e+10  1.71898743e+10  9.25e-05 2.79e-03  1.14e+00  1701s
[2025-09-15 20:31:06] DEBUG    172   6.54022439e+10  1.71898232e+10  8.20e-05 2.79e-03  1.12e+00  1707s
[2025-09-15 20:31:15] DEBUG    173   6.53873860e+10  1.71897956e+10  6.20e-05 2.79e-03  1.11e+00  1715s
[2025-09-15 20:31:22] DEBUG    174   6.53760258e+10  1.71897464e+10  6.01e-05 2.79e-03  1.09e+00  1722s
[2025-09-15 20:31:29] DEBUG    175   6.53697321e+10  1.71897218e+10  6.44e-05 2.79e-03  1.08e+00  1729s
[2025-09-15 20:31:36] DEBUG    176   6.53609445e+10  1.71896974e+10  1.07e-04 2.79e-03  1.07e+00  1736s
[2025-09-15 20:31:42] DEBUG    177   6.53455975e+10  1.71896220e+10  1.12e-04 2.79e-03  1.06e+00  1743s
[2025-09-15 20:31:49] DEBUG    178   6.53143189e+10  1.71895181e+10  1.10e-04 2.78e-03  1.02e+00  1750s
[2025-09-15 20:31:57] DEBUG    179   6.53028739e+10  1.71894668e+10  9.92e-05 2.78e-03  1.01e+00  1757s
[2025-09-15 20:32:04] DEBUG    180   6.52860095e+10  1.71894247e+10  1.12e-04 2.78e-03  9.93e-01  1764s
[2025-09-15 20:32:11] DEBUG    181   6.52671663e+10  1.71893840e+10  1.24e-04 2.78e-03  9.74e-01  1772s
[2025-09-15 20:32:20] DEBUG    182   6.52584521e+10  1.71893411e+10  9.06e-05 2.78e-03  9.66e-01  1780s
[2025-09-15 20:32:28] DEBUG    183   6.52490332e+10  1.71891779e+10  1.16e-04 2.78e-03  9.56e-01  1788s
[2025-09-15 20:32:40] DEBUG    184   6.52379052e+10  1.71889047e+10  1.21e-04 2.77e-03  9.44e-01  1800s
[2025-09-15 20:32:48] DEBUG    185   6.52171489e+10  1.71886630e+10  1.11e-04 2.77e-03  9.24e-01  1809s
[2025-09-15 20:32:55] DEBUG    186   6.51939300e+10  1.71886186e+10  1.21e-04 2.77e-03  9.03e-01  1815s
[2025-09-15 20:33:02] DEBUG    187   6.51807110e+10  1.71885066e+10  1.22e-04 2.77e-03  8.91e-01  1822s
[2025-09-15 20:33:09] DEBUG    188   6.51649623e+10  1.71883414e+10  1.44e-04 2.77e-03  8.76e-01  1829s
[2025-09-15 20:33:15] DEBUG    189   6.51511917e+10  1.71882570e+10  1.27e-04 2.77e-03  8.64e-01  1835s
[2025-09-15 20:33:20] DEBUG    190   6.51463826e+10  1.71881207e+10  8.49e-05 2.76e-03  8.59e-01  1841s
[2025-09-15 20:33:28] DEBUG    191   6.51320083e+10  1.71879944e+10  1.00e-04 2.76e-03  8.47e-01  1848s
[2025-09-15 20:33:34] DEBUG    192   6.51188871e+10  1.71879129e+10  1.31e-04 2.76e-03  8.37e-01  1854s
[2025-09-15 20:33:44] DEBUG    193   6.51164671e+10  1.71878859e+10  1.54e-04 2.76e-03  8.34e-01  1864s
[2025-09-15 20:33:51] DEBUG    194   6.51064008e+10  1.71877944e+10  1.38e-04 2.76e-03  8.26e-01  1872s
[2025-09-15 20:33:59] DEBUG    195   6.50989440e+10  1.71877670e+10  1.34e-04 2.76e-03  8.20e-01  1879s
[2025-09-15 20:34:08] DEBUG    196   6.50874271e+10  1.71876079e+10  1.38e-04 2.76e-03  8.10e-01  1888s
[2025-09-15 20:34:16] DEBUG    197   6.50632345e+10  1.71873993e+10  1.02e-04 2.75e-03  7.89e-01  1896s
[2025-09-15 20:34:24] DEBUG    198   6.50456206e+10  1.71872356e+10  1.19e-04 2.75e-03  7.74e-01  1904s
[2025-09-15 20:34:33] DEBUG    199   6.50204292e+10  1.71870869e+10  1.21e-04 2.75e-03  7.52e-01  1913s
[2025-09-15 20:34:42] DEBUG    200   6.49985461e+10  1.71869638e+10  9.06e-05 2.75e-03  7.35e-01  1922s
[2025-09-15 20:34:49] DEBUG    201   6.49791085e+10  1.71868422e+10  1.06e-04 2.74e-03  7.20e-01  1929s
[2025-09-15 20:34:58] DEBUG    202   6.49759566e+10  1.71868161e+10  1.03e-04 2.74e-03  7.17e-01  1938s
[2025-09-15 20:35:05] DEBUG    203   6.49629382e+10  1.71867885e+10  1.04e-04 2.74e-03  7.08e-01  1945s
[2025-09-15 20:35:16] DEBUG    204   6.49511184e+10  1.71867095e+10  8.01e-05 2.74e-03  6.99e-01  1956s
[2025-09-15 20:35:24] DEBUG    205   6.49325174e+10  1.71866751e+10  1.16e-04 2.74e-03  6.87e-01  1964s
[2025-09-15 20:35:32] DEBUG    206   6.49179140e+10  1.71866303e+10  7.63e-05 2.74e-03  6.76e-01  1973s
[2025-09-15 20:35:41] DEBUG    207   6.49090130e+10  1.71865346e+10  7.25e-05 2.74e-03  6.69e-01  1982s
[2025-09-15 20:35:47] DEBUG    208   6.48922846e+10  1.71864610e+10  8.30e-05 2.73e-03  6.57e-01  1987s
[2025-09-15 20:35:52] DEBUG    209   6.48802738e+10  1.71864476e+10  8.49e-05 2.73e-03  6.50e-01  1993s
[2025-09-15 20:35:59] DEBUG    210   6.48673262e+10  1.71863815e+10  8.96e-05 2.73e-03  6.40e-01  2000s
[2025-09-15 20:36:06] DEBUG    211   6.48574577e+10  1.71863237e+10  7.77e-05 2.73e-03  6.33e-01  2007s
[2025-09-15 20:36:12] DEBUG    212   6.48465193e+10  1.71863118e+10  8.34e-05 2.73e-03  6.26e-01  2012s
[2025-09-15 20:36:23] DEBUG    213   6.48361814e+10  1.71862329e+10  1.03e-04 2.73e-03  6.19e-01  2024s
[2025-09-15 20:36:31] DEBUG    214   6.48264220e+10  1.71861602e+10  1.09e-04 2.72e-03  6.12e-01  2031s
[2025-09-15 20:36:38] DEBUG    215   6.48114731e+10  1.71860948e+10  9.01e-05 2.72e-03  6.03e-01  2039s
[2025-09-15 20:36:46] DEBUG    216   6.47880276e+10  1.71860380e+10  9.54e-05 2.72e-03  5.88e-01  2046s
[2025-09-15 20:36:52] DEBUG    217   6.47813315e+10  1.71859925e+10  9.63e-05 2.72e-03  5.84e-01  2052s
[2025-09-15 20:37:01] DEBUG    218   6.47732916e+10  1.71860063e+10  1.00e-04 2.72e-03  5.79e-01  2061s
[2025-09-15 20:37:17] DEBUG    219   6.47725868e+10  1.71859884e+10  8.92e-05 2.72e-03  5.80e-01  2078s
[2025-09-15 20:37:23] DEBUG    220   6.47572247e+10  1.71859560e+10  8.44e-05 2.72e-03  5.71e-01  2084s
[2025-09-15 20:37:31] DEBUG    221   6.47397886e+10  1.71859057e+10  1.03e-04 2.72e-03  5.60e-01  2091s
[2025-09-15 20:37:37] DEBUG    222   6.47280141e+10  1.71858835e+10  1.00e-04 2.71e-03  5.53e-01  2097s
[2025-09-15 20:37:47] DEBUG    223   6.47151908e+10  1.71858748e+10  9.20e-05 2.71e-03  5.46e-01  2108s
[2025-09-15 20:38:01] DEBUG    224   6.47072273e+10  1.71858788e+10  1.07e-04 2.71e-03  5.41e-01  2121s
[2025-09-15 20:38:07] DEBUG    225   6.47008124e+10  1.71858413e+10  1.09e-04 2.71e-03  5.37e-01  2128s
[2025-09-15 20:38:16] DEBUG    226   6.46883376e+10  1.71858254e+10  1.10e-04 2.71e-03  5.30e-01  2136s
[2025-09-15 20:38:16] DEBUG    Barrier performed 226 iterations in 2136.26 seconds (463.96 work units)
Numerical trouble encountered

Model may be infeasible or unbounded.  Consider using the
homogeneous algorithm (through parameter 'BarHomogeneous')
[2025-09-15 20:39:20] DEBUG    Waiting for other threads to finish...        2201s
[2025-09-15 20:40:25] DEBUG    Waiting for other threads to finish...        2265s
[2025-09-15 20:41:29] DEBUG    Waiting for other threads to finish...        2330s
[2025-09-15 20:42:34] DEBUG    Waiting for other threads to finish...        2394s
[2025-09-15 20:43:38] DEBUG    Waiting for other threads to finish...        2459s
[2025-09-15 20:44:43] DEBUG    Waiting for other threads to finish...        2523s
[2025-09-15 20:45:47] DEBUG    Waiting for other threads to finish...        2588s
[2025-09-15 20:46:52] DEBUG    Waiting for other threads to finish...        2652s
[2025-09-15 20:47:03] DEBUG    Solved with dual simplex
[2025-09-15 20:47:13] DEBUG    Iteration    Objective       Primal Inf.    Dual Inf.      Time
[2025-09-15 20:47:13] DEBUG    1516661    1.7560752e+10   0.000000e+00   0.000000e+00   2673s

Solved in 1516661 iterations and 2673.44 seconds (1102.50 work units)
[2025-09-15 20:47:13] DEBUG    Optimal objective  1.756075191e+10
✅ Scenario completato: existing_VRES_2030_PHES

🚀 Lancio scenario: existing_VRES_2030_nostorage
[2025-09-15 20:57:20] INFO     Loading sets
[2025-09-15 20:57:20] INFO     Loading parameters
[2025-09-15 20:57:53] INFO     constraints are loaded in the following order: ['energy_balance', 'dispatch', 'costs', 'capacity', 'network', 'policy', 'conversion', 'group', 'conversion_plus', 'milp', 'export']
[2025-09-15 20:57:53] INFO     creating energy_balance constraints
[2025-09-15 21:00:42] INFO     creating dispatch constraints
[2025-09-15 21:05:36] INFO     creating costs constraints
[2025-09-15 21:13:36] INFO     creating capacity constraints
[2025-09-15 21:13:36] INFO     creating network constraints
[2025-09-15 21:13:36] INFO     creating policy constraints
[2025-09-15 21:13:36] INFO     creating conversion constraints
[2025-09-15 21:13:36] INFO     creating group constraints
[2025-09-15 21:13:36] INFO     creating conversion_plus constraints
[2025-09-15 21:13:36] INFO     creating milp constraints
[2025-09-15 21:13:36] INFO     creating export constraints
[2025-09-15 21:24:41] DEBUG    Set parameter WLSAccessID
Set parameter WLSSecret
Set parameter LicenseID to value 2680226
[2025-09-15 21:24:41] DEBUG    Academic license 2680226 - for non-commercial use only - registered to an___@mail.polimi.it
[2025-09-15 21:25:12] DEBUG    Read LP format model from file /tmp/tmpfw913snr.pyomo.lp
Reading time = 31.29 seconds
x15516722: 21026829 rows, 15516722 columns, 50364390 nonzeros
[2025-09-15 21:25:12] DEBUG    Set parameter NumericFocus to value 1
Gurobi Optimizer version 12.0.2 build v12.0.2rc0 (linux64 - "Debian GNU/Linux 11 (bullseye)")

CPU model: Intel(R) Xeon(R) Silver 4314 CPU @ 2.40GHz, instruction set [SSE2|AVX|AVX2|AVX512]
Thread count: 32 physical cores, 64 logical processors, using up to 32 threads

Non-default parameters:
NumericFocus  1
[2025-09-15 21:25:12] DEBUG    Academic license 2680226 - for non-commercial use only - registered to an___@mail.polimi.it
Optimize a model with 21026829 rows, 15516722 columns and 50364390 nonzeros
[2025-09-15 21:25:13] DEBUG    Model fingerprint: 0xf46acaad
[2025-09-15 21:25:13] DEBUG    Coefficient statistics:
  Matrix range     [1e-07, 3e+02]
  Objective range  [1e+00, 1e+06]
  Bounds range     [0e+00, 0e+00]
  RHS range        [1e+00, 2e+08]
[2025-09-15 21:25:18] DEBUG    Presolve removed 17713904 rows and 8997541 columns (presolve time = 5s)...
[2025-09-15 21:25:24] DEBUG    Presolve removed 19963580 rows and 12940954 columns (presolve time = 11s)...
[2025-09-15 21:25:29] DEBUG    Presolve removed 20492659 rows and 13046864 columns (presolve time = 16s)...
[2025-09-15 21:25:30] DEBUG    Presolve removed 20632803 rows and 13046864 columns
[2025-09-15 21:25:30] DEBUG    Presolve time: 17.54s
Presolved: 394026 rows, 2610002 columns, 4504788 nonzeros

Concurrent LP optimizer: primal simplex, dual simplex, and barrier
Showing barrier log only...
[2025-09-15 21:25:35] DEBUG    Ordering time: 4.19s
[2025-09-15 21:25:36] DEBUG    Barrier statistics:
 Dense cols : 85
 AA' NZ     : 1.413e+06
 Factor NZ  : 1.411e+07 (roughly 1.3 GB of memory)
 Factor Ops : 1.165e+09 (less than 1 second per iteration)
 Threads    : 30
[2025-09-15 21:25:37] DEBUG    Objective                Residual
[2025-09-15 21:25:37] DEBUG    Iter       Primal          Dual         Primal    Dual     Compl     Time
[2025-09-15 21:25:38] DEBUG    0   4.69554169e+21 -4.93986672e+19  5.69e+10 9.31e-10  2.28e+16    26s
[2025-09-15 21:25:40] DEBUG    1   2.71641898e+21 -5.30423304e+19  2.34e+10 5.81e+05  9.36e+15    28s
[2025-09-15 21:25:44] DEBUG    2   9.00481891e+20 -3.86266201e+19  5.19e+09 3.22e+04  2.11e+15    32s
[2025-09-15 21:25:48] DEBUG    3   3.63968804e+19 -2.80703409e+19  1.56e+08 5.69e+02  7.03e+13    36s
[2025-09-15 21:25:51] DEBUG    4   1.99284937e+19 -1.22533283e+19  8.23e+07 1.74e-06  3.52e+13    39s
[2025-09-15 21:25:53] DEBUG    5   8.88968417e+18 -7.32699136e+18  3.50e+07 1.70e-03  1.52e+13    41s
[2025-09-15 21:25:55] DEBUG    6   2.27264935e+18 -4.41958197e+18  7.19e+06 2.18e-04  3.65e+12    43s
[2025-09-15 21:25:57] DEBUG    7   1.14399701e+18 -2.34548867e+18  3.50e+06 9.97e-04  1.66e+12    45s
[2025-09-15 21:25:59] DEBUG    8   3.41069726e+17 -1.19774868e+18  9.89e+05 6.54e-06  5.40e+11    47s
[2025-09-15 21:26:01] DEBUG    9   1.45766217e+17 -4.80083511e+17  4.06e+05 2.94e-06  1.93e+11    49s
[2025-09-15 21:26:04] DEBUG    10   2.36212492e+16 -1.74030624e+17  5.39e+04 9.26e-06  4.70e+10    52s
[2025-09-15 21:26:05] DEBUG    11   1.26483859e+16 -7.34579091e+16  2.89e+04 4.27e-06  1.99e+10    53s
[2025-09-15 21:26:08] DEBUG    12   5.92668366e+15 -3.84303981e+16  1.32e+04 1.96e-06  9.88e+09    56s
[2025-09-15 21:26:10] DEBUG    13   4.27390168e+15 -2.54414994e+16  9.41e+03 1.29e-06  6.55e+09    58s
[2025-09-15 21:26:13] DEBUG    14   3.28227462e+15 -1.85132896e+16  7.16e+03 8.99e-07  4.77e+09    61s
[2025-09-15 21:26:15] DEBUG    15   2.94501802e+15 -1.59860831e+16  6.39e+03 7.81e-07  4.14e+09    63s
[2025-09-15 21:26:18] DEBUG    16   2.29883050e+15 -1.10810943e+16  4.98e+03 5.26e-07  2.91e+09    66s
[2025-09-15 21:26:22] DEBUG    17   1.70282667e+15 -6.52540183e+15  3.66e+03 3.37e-07  1.78e+09    70s
[2025-09-15 21:26:28] DEBUG    18   1.22712128e+15 -4.34707642e+15  2.60e+03 1.99e-07  1.20e+09    76s
[2025-09-15 21:26:31] DEBUG    19   8.93994640e+14 -2.78899010e+15  1.87e+03 1.34e-07  7.92e+08    79s
[2025-09-15 21:26:36] DEBUG    20   4.38891625e+14 -1.60743274e+15  8.31e+02 9.05e-08  4.37e+08    84s
[2025-09-15 21:26:40] DEBUG    21   3.24884939e+14 -1.07625821e+15  5.77e+02 7.28e-06  2.99e+08    88s
[2025-09-15 21:26:43] DEBUG    22   2.87802524e+14 -9.81058508e+14  4.92e+02 7.10e-06  2.71e+08    91s
[2025-09-15 21:26:45] DEBUG    23   2.77283302e+14 -9.11291321e+14  4.68e+02 8.49e-06  2.53e+08    93s
[2025-09-15 21:26:47] DEBUG    24   2.36981746e+14 -7.75038676e+14  3.75e+02 1.13e-05  2.16e+08    95s
[2025-09-15 21:26:50] DEBUG    25   2.13217361e+14 -7.06448456e+14  3.21e+02 1.27e-05  1.96e+08    98s
[2025-09-15 21:26:52] DEBUG    26   1.82185524e+14 -3.51982600e+14  2.51e+02 2.70e-05  1.14e+08   100s
[2025-09-15 21:26:54] DEBUG    27   1.48856424e+14 -2.64088099e+13  1.77e+02 3.90e-05  3.73e+07   102s
[2025-09-15 21:26:57] DEBUG    28   8.37656884e+13  5.24523426e+13  3.26e+01 3.36e-05  6.65e+06   105s
[2025-09-15 21:27:00] DEBUG    29   7.64169503e+13  5.89935042e+13  1.72e+01 4.52e-05  3.70e+06   108s
[2025-09-15 21:27:02] DEBUG    30   7.22958550e+13  6.34751012e+13  8.73e+00 4.94e-05  1.87e+06   110s
[2025-09-15 21:27:04] DEBUG    31   7.08120514e+13  6.57397500e+13  5.68e+00 6.92e-05  1.08e+06   112s
[2025-09-15 21:27:05] DEBUG    32   6.89461841e+13  6.71515211e+13  1.82e+00 1.94e-04  3.81e+05   113s
[2025-09-15 21:27:07] DEBUG    33   6.85917534e+13  6.78170994e+13  1.10e+00 3.44e-04  1.64e+05   115s
[2025-09-15 21:27:09] DEBUG    34   6.84866258e+13  6.78931689e+13  8.92e-01 2.64e-04  1.26e+05   117s
[2025-09-15 21:27:11] DEBUG    35   6.84024994e+13  6.79335533e+13  7.23e-01 2.53e-04  9.95e+04   119s
[2025-09-15 21:27:13] DEBUG    36   6.83739433e+13  6.79661153e+13  6.66e-01 2.49e-04  8.66e+04   121s
[2025-09-15 21:27:16] DEBUG    37   6.83056288e+13  6.79972358e+13  5.30e-01 2.57e-04  6.55e+04   124s
[2025-09-15 21:27:20] DEBUG    38   6.82510850e+13  6.80160592e+13  4.33e-01 2.68e-04  4.99e+04   127s
[2025-09-15 21:27:24] DEBUG    39   6.81237314e+13  6.80236623e+13  2.11e-01 2.72e-04  2.12e+04   132s
[2025-09-15 21:27:29] DEBUG    40   6.81012799e+13  6.80263889e+13  1.70e-01 2.69e-04  1.59e+04   137s
[2025-09-15 21:27:32] DEBUG    41   6.80658368e+13  6.80289742e+13  8.15e-02 2.68e-04  7.83e+03   140s
[2025-09-15 21:27:35] DEBUG    42   6.80523382e+13  6.80311168e+13  4.72e-02 2.63e-04  4.51e+03   143s
[2025-09-15 21:27:37] DEBUG    43   6.80443017e+13  6.80318131e+13  2.70e-02 2.65e-04  2.66e+03   145s
[2025-09-15 21:27:38] DEBUG    44   6.80404869e+13  6.80322587e+13  1.76e-02 2.64e-04  1.75e+03   146s
[2025-09-15 21:27:40] DEBUG    45   6.80380284e+13  6.80324497e+13  1.15e-02 2.62e-04  1.19e+03   148s
[2025-09-15 21:27:42] DEBUG    46   6.80367124e+13  6.80325604e+13  8.26e-03 2.59e-04  8.87e+02   150s
[2025-09-15 21:27:45] DEBUG    47   6.80359891e+13  6.80327846e+13  6.51e-03 1.76e-04  6.86e+02   153s
[2025-09-15 21:27:47] DEBUG    48   6.80347964e+13  6.80328908e+13  3.86e-03 1.76e-04  4.10e+02   155s
[2025-09-15 21:27:52] DEBUG    49   6.80341364e+13  6.80329807e+13  2.26e-03 1.55e-04  2.50e+02   160s
[2025-09-15 21:27:57] DEBUG    50   6.80336587e+13  6.80330883e+13  1.11e-03 8.16e-05  1.26e+02   164s
[2025-09-15 21:28:00] DEBUG    51   6.80334655e+13  6.80331337e+13  6.44e-04 6.98e-05  7.45e+01   168s
[2025-09-15 21:28:03] DEBUG    52   6.80333506e+13  6.80331690e+13  3.53e-04 5.59e-05  4.23e+01   171s
[2025-09-15 21:28:05] DEBUG    53   6.80333309e+13  6.80331862e+13  3.02e-04 5.52e-05  3.43e+01   173s
[2025-09-15 21:28:07] DEBUG    54   6.80333032e+13  6.80331987e+13  2.32e-04 5.46e-05  2.56e+01   175s
[2025-09-15 21:28:09] DEBUG    55   6.80332799e+13  6.80332061e+13  1.73e-04 5.41e-05  1.90e+01   177s
[2025-09-15 21:28:11] DEBUG    56   6.80332718e+13  6.80332111e+13  1.53e-04 5.38e-05  1.60e+01   179s
[2025-09-15 21:28:14] DEBUG    57   6.80332522e+13  6.80332135e+13  1.06e-04 5.35e-05  1.13e+01   182s
[2025-09-15 21:28:18] DEBUG    58   6.80332358e+13  6.80332171e+13  7.04e-05 5.29e-05  6.78e+00   186s
[2025-09-15 21:28:23] DEBUG    59   6.80332244e+13  6.80332177e+13  4.51e-05 5.27e-05  4.14e+00   191s
[2025-09-15 21:28:29] DEBUG    60   6.80332195e+13  6.80332183e+13  3.31e-05 5.24e-05  2.86e+00   197s
[2025-09-15 21:28:29] DEBUG    Barrier solved model in 60 iterations and 196.68 seconds (58.63 work units)
[2025-09-15 21:28:29] DEBUG    Optimal objective 6.80332195e+13
[2025-09-15 21:28:30] DEBUG    Crossover log...
[2025-09-15 21:28:30] DEBUG    40879 DPushes remaining with DInf 0.0000000e+00               198s
[2025-09-15 21:28:32] DEBUG    2594 DPushes remaining with DInf 0.0000000e+00               200s
[2025-09-15 21:28:33] DEBUG    0 DPushes remaining with DInf 0.0000000e+00               201s
[2025-09-15 21:28:33] DEBUG    2215936 PPushes remaining with PInf 0.0000000e+00               201s
[2025-09-15 21:28:36] DEBUG    0 PPushes remaining with PInf 0.0000000e+00               204s
[2025-09-15 21:28:36] DEBUG    Push phase complete: Pinf 0.0000000e+00, Dinf 1.9002473e+01    204s
[2025-09-15 21:28:36] DEBUG    Iteration    Objective       Primal Inf.    Dual Inf.      Time
 2256818    6.8033206e+13   0.000000e+00   1.900247e+01    204s
[2025-09-15 21:28:40] DEBUG    2259377    6.8033206e+13   0.000000e+00   0.000000e+00    208s
[2025-09-15 21:28:40] DEBUG    Solved with barrier
[2025-09-15 21:28:51] DEBUG    2259377    6.8033206e+13   0.000000e+00   2.387724e-02    219s
[2025-09-15 21:28:56] DEBUG    Extra simplex iterations after uncrush: 256
[2025-09-15 21:28:56] DEBUG    2259633    6.8033206e+13   0.000000e+00   0.000000e+00    224s

Solved in 2259633 iterations and 224.29 seconds (84.42 work units)
[2025-09-15 21:28:56] DEBUG    Optimal objective  6.803320575e+13
✅ Scenario completato: existing_VRES_2030_nostorage

🚀 Lancio scenario: existing_CG+VRES_2030_BESS
[2025-09-15 21:41:28] INFO     Loading sets
[2025-09-15 21:41:28] INFO     Loading parameters
[2025-09-15 21:42:03] INFO     constraints are loaded in the following order: ['energy_balance', 'dispatch', 'costs', 'capacity', 'network', 'policy', 'conversion', 'group', 'conversion_plus', 'milp', 'export']
[2025-09-15 21:42:03] INFO     creating energy_balance constraints
[2025-09-15 21:45:02] INFO     creating dispatch constraints
[2025-09-15 21:46:58] INFO     creating costs constraints
[2025-09-15 22:00:40] INFO     creating capacity constraints
[2025-09-15 22:00:40] INFO     creating network constraints
[2025-09-15 22:00:40] INFO     creating policy constraints
[2025-09-15 22:00:40] INFO     creating conversion constraints
[2025-09-15 22:00:40] INFO     creating group constraints
[2025-09-15 22:00:40] INFO     creating conversion_plus constraints
[2025-09-15 22:00:40] INFO     creating milp constraints
[2025-09-15 22:00:40] INFO     creating export constraints
[2025-09-15 22:13:09] DEBUG    Set parameter WLSAccessID
Set parameter WLSSecret
Set parameter LicenseID to value 2680226
[2025-09-15 22:13:09] DEBUG    Academic license 2680226 - for non-commercial use only - registered to an___@mail.polimi.it
[2025-09-15 22:13:44] DEBUG    Read LP format model from file /tmp/tmpwm76_is9.pyomo.lp
[2025-09-15 22:13:44] DEBUG    Reading time = 35.35 seconds
x17505556: 23436119 rows, 17505556 columns, 57056804 nonzeros
[2025-09-15 22:13:44] DEBUG    Set parameter NumericFocus to value 1
[2025-09-15 22:13:44] DEBUG    Gurobi Optimizer version 12.0.2 build v12.0.2rc0 (linux64 - "Debian GNU/Linux 11 (bullseye)")

CPU model: Intel(R) Xeon(R) Silver 4314 CPU @ 2.40GHz, instruction set [SSE2|AVX|AVX2|AVX512]
Thread count: 32 physical cores, 64 logical processors, using up to 32 threads
[2025-09-15 22:13:44] DEBUG    Non-default parameters:
[2025-09-15 22:13:44] DEBUG    NumericFocus  1
[2025-09-15 22:13:45] DEBUG    Academic license 2680226 - for non-commercial use only - registered to an___@mail.polimi.it
[2025-09-15 22:13:45] DEBUG    Optimize a model with 23436119 rows, 17505556 columns and 57056804 nonzeros
[2025-09-15 22:13:45] DEBUG    Model fingerprint: 0x6a28897e
[2025-09-15 22:13:45] DEBUG    Coefficient statistics:
  Matrix range     [1e-07, 3e+02]
[2025-09-15 22:13:45] DEBUG    Objective range  [1e+00, 1e+06]
  Bounds range     [0e+00, 0e+00]
  RHS range        [1e+00, 2e+08]
[2025-09-15 22:13:52] DEBUG    Presolve removed 18572622 rows and 10162851 columns (presolve time = 6s)...
[2025-09-15 22:13:56] DEBUG    Presolve removed 18576034 rows and 11860000 columns (presolve time = 10s)...
[2025-09-15 22:14:01] DEBUG    Presolve removed 21093725 rows and 14326912 columns (presolve time = 15s)...
[2025-09-15 22:14:06] DEBUG    Presolve removed 21631620 rows and 14432032 columns (presolve time = 20s)...
[2025-09-15 22:14:07] DEBUG    Presolve removed 21771764 rows and 14432032 columns
[2025-09-15 22:14:07] DEBUG    Presolve time: 22.80s
Presolved: 1664355 rows, 3213668 columns, 9334808 nonzeros
[2025-09-15 22:14:07] DEBUG    Concurrent LP optimizer: primal simplex, dual simplex, and barrier
Showing barrier log only...
[2025-09-15 22:14:22] DEBUG    Elapsed ordering time = 13s
[2025-09-15 22:14:24] DEBUG    Elapsed ordering time = 15s
[2025-09-15 22:14:25] DEBUG    Ordering time: 16.56s
[2025-09-15 22:14:27] DEBUG    Barrier statistics:
 Dense cols : 144
[2025-09-15 22:14:27] DEBUG    AA' NZ     : 8.891e+06
 Factor NZ  : 4.661e+07 (roughly 2.3 GB of memory)
 Factor Ops : 5.193e+09 (less than 1 second per iteration)
 Threads    : 30
[2025-09-15 22:14:30] DEBUG    Objective                Residual
Iter       Primal          Dual         Primal    Dual     Compl     Time
[2025-09-15 22:14:31] DEBUG    0   2.17509248e+21 -8.11609503e+18  6.98e+10 2.89e-11  3.91e+15    46s
[2025-09-15 22:14:35] DEBUG    1   1.83367862e+21 -8.13324868e+18  5.82e+10 2.14e+05  3.04e+15    51s
[2025-09-15 22:14:40] DEBUG    2   1.49798560e+21 -7.74476658e+18  4.78e+10 9.48e+04  2.29e+15    56s
[2025-09-15 22:14:48] DEBUG    3   1.12199354e+21 -6.78447175e+18  3.62e+10 2.87e+04  1.61e+15    63s
[2025-09-15 22:14:54] DEBUG    4   7.90853351e+20 -6.57386583e+18  2.50e+10 1.35e+04  1.12e+15    69s
[2025-09-15 22:14:58] DEBUG    5   4.20187143e+20 -6.35870367e+18  1.29e+10 6.22e+03  5.96e+14    74s
[2025-09-15 22:15:03] DEBUG    6   1.12013908e+20 -5.82961050e+18  3.51e+09 2.48e+03  1.66e+14    78s
[2025-09-15 22:15:06] DEBUG    7   2.97421812e+19 -5.02538478e+18  9.80e+08 8.98e+02  4.90e+13    82s
[2025-09-15 22:15:10] DEBUG    8   1.94491821e+19 -3.86764199e+18  6.32e+08 1.90e+02  3.01e+13    86s
[2025-09-15 22:15:17] DEBUG    9   1.27132400e+19 -3.04980531e+18  4.11e+08 1.66e+01  1.90e+13    92s
[2025-09-15 22:15:21] DEBUG    10   3.85449025e+18 -2.64775454e+18  1.22e+08 5.86e+00  5.87e+12    96s
[2025-09-15 22:15:27] DEBUG    11   1.64837749e+18 -1.77851726e+18  5.04e+07 2.96e-01  2.41e+12   102s
[2025-09-15 22:15:33] DEBUG    12   1.01343250e+17 -8.57339997e+17  3.04e+06 4.30e-02  2.44e+11   108s
[2025-09-15 22:15:38] DEBUG    13   1.39707874e+15 -1.24402214e+17  2.22e+04 3.67e-02  1.97e+10   114s
[2025-09-15 22:15:43] DEBUG    14   4.68417061e+14 -7.30613920e+15  2.50e+02 1.85e-02  1.15e+09   118s
[2025-09-15 22:15:47] DEBUG    15   4.33849022e+14 -2.65431595e+15  4.94e+01 2.21e-02  4.20e+08   123s
[2025-09-15 22:15:54] DEBUG    16   4.17460632e+14 -1.28372878e+15  2.01e+01 2.24e-02  2.08e+08   129s
[2025-09-15 22:15:58] DEBUG    17   4.02559107e+14 -8.27810274e+14  5.90e+00 2.29e-02  1.36e+08   134s
[2025-09-15 22:16:04] DEBUG    18   4.01344379e+14 -6.80009192e+14  5.56e+00 2.32e-02  1.12e+08   140s
[2025-09-15 22:16:09] DEBUG    19   3.99577797e+14 -6.06975296e+14  5.12e+00 2.34e-02  9.97e+07   144s
[2025-09-15 22:16:14] DEBUG    20   3.98279403e+14 -3.08696612e+14  4.82e+00 2.38e-02  5.18e+07   149s
[2025-09-15 22:16:19] DEBUG    21   3.96550354e+14 -1.55235251e+14  4.44e+00 2.41e-02  2.68e+07   154s
[2025-09-15 22:16:26] DEBUG    22   3.81815511e+14 -4.33252824e+13  1.45e+00 3.26e-02  7.84e+06   162s
[2025-09-15 22:16:36] DEBUG    23   3.70613837e+14 -8.14995479e+12  6.60e-01 2.43e-02  1.61e+06   171s
[2025-09-15 22:16:43] DEBUG    24   3.69850199e+14 -6.09163779e+12  6.35e-01 4.45e-02  1.22e+06   179s
[2025-09-15 22:16:48] DEBUG    25   3.68211761e+14 -4.06392862e+12  5.83e-01 4.65e-02  8.42e+05   184s
[2025-09-15 22:16:52] DEBUG    26   3.65910457e+14 -2.57724615e+12  5.14e-01 5.72e-02  5.61e+05   188s
[2025-09-15 22:16:56] DEBUG    27   3.64598979e+14 -1.85579071e+12  4.79e-01 5.53e-02  4.24e+05   192s
[2025-09-15 22:17:02] DEBUG    28   3.60955401e+14 -9.33547827e+11  3.88e-01 5.79e-02  2.39e+05   197s
[2025-09-15 22:17:10] DEBUG    29   3.55959982e+14 -1.99608469e+11  2.87e-01 4.47e-02  8.09e+04   206s
[2025-09-15 22:17:16] DEBUG    30   3.53909343e+14 -1.64166418e+11  2.55e-01 4.13e-02  6.91e+04   211s
[2025-09-15 22:17:21] DEBUG    31   3.52599710e+14 -1.54125916e+11  2.38e-01 3.96e-02  6.42e+04   217s
[2025-09-15 22:17:28] DEBUG    32   3.51748743e+14 -1.42510681e+11  2.27e-01 3.78e-02  6.00e+04   223s
[2025-09-15 22:17:35] DEBUG    33   3.50837385e+14 -1.30492563e+11  2.16e-01 3.55e-02  5.57e+04   231s
[2025-09-15 22:17:44] DEBUG    34   3.49808969e+14 -1.20400745e+11  2.04e-01 3.28e-02  5.17e+04   240s
[2025-09-15 22:17:55] DEBUG    35   3.48925133e+14 -1.09779552e+11  1.94e-01 3.01e-02  4.80e+04   250s
[2025-09-15 22:18:03] DEBUG    36   3.48216490e+14 -1.04904832e+11  1.86e-01 3.08e-02  4.58e+04   258s
[2025-09-15 22:18:12] DEBUG    37   3.47148137e+14 -9.52981630e+10  1.75e-01 3.53e-02  4.23e+04   268s
[2025-09-15 22:18:20] DEBUG    38   3.46878899e+14 -9.40723589e+10  1.72e-01 3.60e-02  4.16e+04   276s
[2025-09-15 22:18:29] DEBUG    39   3.45546805e+14 -8.72523416e+10  1.60e-01 3.74e-02  3.80e+04   285s
[2025-09-15 22:18:35] DEBUG    40   3.45019781e+14 -8.35768238e+10  1.55e-01 3.72e-02  3.66e+04   291s
[2025-09-15 22:18:43] DEBUG    41   3.43568414e+14 -8.05044539e+10  1.42e-01 3.61e-02  3.34e+04   298s
[2025-09-15 22:18:52] DEBUG    42   3.42320999e+14 -7.70924565e+10  1.32e-01 3.42e-02  3.02e+04   307s
[2025-09-15 22:19:02] DEBUG    43   3.41085879e+14 -7.60979072e+10  1.23e-01 3.30e-02  2.80e+04   318s
[2025-09-15 22:19:13] DEBUG    44   3.40187699e+14 -7.54275481e+10  1.17e-01 3.19e-02  2.65e+04   328s
[2025-09-15 22:19:19] DEBUG    45   3.39400653e+14 -7.49824925e+10  1.12e-01 3.12e-02  2.53e+04   335s
[2025-09-15 22:19:29] DEBUG    46   3.39221349e+14 -7.46261159e+10  1.11e-01 3.04e-02  2.50e+04   345s
[2025-09-15 22:19:37] DEBUG    47   3.38651825e+14 -7.43740612e+10  1.07e-01 2.98e-02  2.42e+04   352s
[2025-09-15 22:19:44] DEBUG    48   3.38223096e+14 -7.41134515e+10  1.04e-01 2.91e-02  2.35e+04   360s
[2025-09-15 22:19:52] DEBUG    49   3.37903441e+14 -7.38712420e+10  1.02e-01 2.85e-02  2.31e+04   368s
[2025-09-15 22:19:59] DEBUG    50   3.37646917e+14 -7.37043100e+10  1.01e-01 2.80e-02  2.27e+04   375s
[2025-09-15 22:20:08] DEBUG    51   3.37398956e+14 -7.35006416e+10  9.95e-02 2.74e-02  2.24e+04   384s
[2025-09-15 22:20:15] DEBUG    52   3.37144164e+14 -7.33730913e+10  9.81e-02 2.70e-02  2.20e+04   390s
[2025-09-15 22:20:21] DEBUG    53   3.37022337e+14 -7.32848902e+10  9.74e-02 2.67e-02  2.19e+04   396s
[2025-09-15 22:20:29] DEBUG    54   3.36874523e+14 -7.31725248e+10  9.66e-02 2.64e-02  2.17e+04   404s
[2025-09-15 22:20:36] DEBUG    55   3.36788183e+14 -7.31706355e+10  9.61e-02 2.61e-02  2.66e+04   412s
[2025-09-15 22:20:36] DEBUG    Barrier performed 55 iterations in 411.60 seconds (110.37 work units)
[2025-09-15 22:20:36] DEBUG    Numerical trouble encountered

Model may be infeasible or unbounded.  Consider using the
homogeneous algorithm (through parameter 'BarHomogeneous')
[2025-09-15 22:21:41] DEBUG    Waiting for other threads to finish...         476s
[2025-09-15 22:22:45] DEBUG    Waiting for other threads to finish...         541s
[2025-09-15 22:23:50] DEBUG    Waiting for other threads to finish...         605s
[2025-09-15 22:24:54] DEBUG    Waiting for other threads to finish...         670s
[2025-09-15 22:25:59] DEBUG    Waiting for other threads to finish...         734s
[2025-09-15 22:27:03] DEBUG    Waiting for other threads to finish...         799s
[2025-09-15 22:28:08] DEBUG    Waiting for other threads to finish...         863s
[2025-09-15 22:29:12] DEBUG    Waiting for other threads to finish...         928s
[2025-09-15 22:30:17] DEBUG    Waiting for other threads to finish...         992s
[2025-09-15 22:31:21] DEBUG    Waiting for other threads to finish...        1057s
[2025-09-15 22:32:26] DEBUG    Waiting for other threads to finish...        1122s
[2025-09-15 22:33:31] DEBUG    Waiting for other threads to finish...        1186s
[2025-09-15 22:34:04] DEBUG    Solved with dual simplex
[2025-09-15 22:34:15] DEBUG    Iteration    Objective       Primal Inf.    Dual Inf.      Time
[2025-09-15 22:34:15] DEBUG    1360328    1.4623983e+10   0.000000e+00   0.000000e+00   1231s

Solved in 1360328 iterations and 1230.57 seconds (858.29 work units)
[2025-09-15 22:34:15] DEBUG    Optimal objective  1.462398316e+10
✅ Scenario completato: existing_CG+VRES_2030_BESS

🚀 Lancio scenario: existing_CG+VRES_2030_nostorage
[2025-09-15 22:45:18] INFO     Loading sets
[2025-09-15 22:45:18] INFO     Loading parameters
[2025-09-15 22:45:51] INFO     constraints are loaded in the following order: ['energy_balance', 'dispatch', 'costs', 'capacity', 'network', 'policy', 'conversion', 'group', 'conversion_plus', 'milp', 'export']
[2025-09-15 22:45:51] INFO     creating energy_balance constraints
[2025-09-15 22:48:38] INFO     creating dispatch constraints
[2025-09-15 22:50:26] INFO     creating costs constraints
[2025-09-15 23:05:16] INFO     creating capacity constraints
[2025-09-15 23:05:16] INFO     creating network constraints
[2025-09-15 23:05:16] INFO     creating policy constraints
[2025-09-15 23:05:16] INFO     creating conversion constraints
[2025-09-15 23:05:16] INFO     creating group constraints
[2025-09-15 23:05:16] INFO     creating conversion_plus constraints
[2025-09-15 23:05:16] INFO     creating milp constraints
[2025-09-15 23:05:16] INFO     creating export constraints
[2025-09-15 23:17:03] DEBUG    Set parameter WLSAccessID
Set parameter WLSSecret
Set parameter LicenseID to value 2680226
[2025-09-15 23:17:03] DEBUG    Academic license 2680226 - for non-commercial use only - registered to an___@mail.polimi.it
[2025-09-15 23:17:38] DEBUG    Read LP format model from file /tmp/tmpg_93vc_i.pyomo.lp
Reading time = 35.17 seconds
x16235182: 21657665 rows, 16235182 columns, 52483765 nonzeros
[2025-09-15 23:17:38] DEBUG    Set parameter NumericFocus to value 1
Gurobi Optimizer version 12.0.2 build v12.0.2rc0 (linux64 - "Debian GNU/Linux 11 (bullseye)")

CPU model: Intel(R) Xeon(R) Silver 4314 CPU @ 2.40GHz, instruction set [SSE2|AVX|AVX2|AVX512]
Thread count: 32 physical cores, 64 logical processors, using up to 32 threads

Non-default parameters:
NumericFocus  1
[2025-09-15 23:17:38] DEBUG    Academic license 2680226 - for non-commercial use only - registered to an___@mail.polimi.it
Optimize a model with 21657665 rows, 16235182 columns and 52483765 nonzeros
[2025-09-15 23:17:39] DEBUG    Model fingerprint: 0x9d498ef6
[2025-09-15 23:17:39] DEBUG    Coefficient statistics:
  Matrix range     [1e-07, 3e+02]
  Objective range  [1e+00, 1e+06]
  Bounds range     [0e+00, 0e+00]
  RHS range        [1e+00, 2e+08]
[2025-09-15 23:17:45] DEBUG    Presolve removed 17607100 rows and 9158812 columns (presolve time = 6s)...
[2025-09-15 23:17:49] DEBUG    Presolve removed 18064426 rows and 11348392 columns (presolve time = 10s)...
[2025-09-15 23:17:55] DEBUG    Presolve removed 20331534 rows and 13615426 columns (presolve time = 16s)...
[2025-09-15 23:17:59] DEBUG    Presolve removed 20331534 rows and 13615426 columns (presolve time = 20s)...
[2025-09-15 23:18:05] DEBUG    Presolve removed 20869371 rows and 13720768 columns (presolve time = 25s)...
[2025-09-15 23:18:05] DEBUG    Presolve removed 21009515 rows and 13720768 columns
[2025-09-15 23:18:05] DEBUG    Presolve time: 27.09s
Presolved: 648150 rows, 2654558 columns, 5066814 nonzeros

Concurrent LP optimizer: primal simplex, dual simplex, and barrier
Showing barrier log only...
[2025-09-15 23:18:07] DEBUG    Ordering time: 0.37s
[2025-09-15 23:18:08] DEBUG    Barrier statistics:
 Dense cols : 115
 AA' NZ     : 1.931e+06
 Factor NZ  : 1.857e+07 (roughly 1.5 GB of memory)
[2025-09-15 23:18:08] DEBUG    Factor Ops : 1.578e+09 (less than 1 second per iteration)
 Threads    : 30
[2025-09-15 23:18:10] DEBUG    Objective                Residual
[2025-09-15 23:18:10] DEBUG    Iter       Primal          Dual         Primal    Dual     Compl     Time
[2025-09-15 23:18:10] DEBUG    0   2.21586742e+21 -9.36861388e+18  6.98e+10 3.27e-03  4.51e+15    32s
[2025-09-15 23:18:14] DEBUG    1   1.86296008e+21 -9.37700340e+18  5.79e+10 3.71e+05  3.77e+15    35s
[2025-09-15 23:18:18] DEBUG    2   1.52767286e+21 -9.00609041e+18  4.72e+10 2.77e+05  3.08e+15    40s
[2025-09-15 23:18:24] DEBUG    3   1.31129778e+21 -8.36817206e+18  4.04e+10 1.78e+05  2.60e+15    46s
[2025-09-15 23:18:29] DEBUG    4   1.04208202e+21 -7.93775052e+18  3.14e+10 1.01e+05  2.02e+15    51s
[2025-09-15 23:18:35] DEBUG    5   8.00031539e+20 -7.41064705e+18  2.39e+10 3.40e+04  1.51e+15    57s
[2025-09-15 23:18:41] DEBUG    6   3.55626741e+20 -6.91665862e+18  9.77e+09 4.85e+03  6.31e+14    63s
[2025-09-15 23:18:45] DEBUG    7   2.80189451e+19 -6.19220275e+18  5.35e+08 3.68e+02  3.80e+13    67s
[2025-09-15 23:18:48] DEBUG    8   2.56917919e+18 -3.58276412e+18  4.93e+07 3.68e+01  3.98e+12    70s
[2025-09-15 23:18:51] DEBUG    9   5.69450628e+17 -1.44664819e+18  1.09e+07 5.65e+00  9.19e+11    73s
[2025-09-15 23:18:55] DEBUG    10   2.20999075e+17 -5.34539295e+17  4.30e+06 1.17e+00  3.11e+11    77s
[2025-09-15 23:18:58] DEBUG    11   6.22360915e+16 -2.14765620e+17  1.30e+06 7.86e-01  9.24e+10    80s
[2025-09-15 23:19:01] DEBUG    12   1.78448744e+16 -5.55536933e+16  3.96e+05 5.77e-01  2.16e+10    83s
[2025-09-15 23:19:05] DEBUG    13   3.50695001e+15 -1.17326386e+16  7.85e+04 1.52e-01  3.74e+09    87s
[2025-09-15 23:19:08] DEBUG    14   6.57683720e+14 -1.17547924e+15  1.39e+04 4.09e-03  4.03e+08    90s
[2025-09-15 23:19:11] DEBUG    15   4.33244725e+13 -6.47569966e+13  2.59e+02 2.99e-03  1.57e+07    93s
[2025-09-15 23:19:14] DEBUG    16   2.57602752e+13 -4.69483576e+12  5.96e+01 2.74e-03  1.74e+06    96s
[2025-09-15 23:19:16] DEBUG    17   2.18766571e+13 -1.05717861e+12  2.65e+01 3.19e-02  1.15e+06    98s
[2025-09-15 23:19:19] DEBUG    18   2.04668489e+13 -4.67071055e+11  2.23e+01 4.65e-03  8.09e+05   101s
[2025-09-15 23:19:23] DEBUG    19   1.96940956e+13 -4.19612208e+11  2.02e+01 4.72e-03  7.32e+05   105s
[2025-09-15 23:19:27] DEBUG    20   1.47220851e+13 -1.04538614e+11  7.43e+00 5.25e-03  2.99e+05   109s
[2025-09-15 23:19:31] DEBUG    21   1.16541460e+13 -6.69635446e+10  3.20e+00 5.35e-03  1.61e+05   112s
[2025-09-15 23:19:35] DEBUG    22   1.26949058e+13 -6.24635503e+10  2.77e+00 1.48e-02  6.11e+05   117s
[2025-09-15 23:19:39] DEBUG    23   1.19138198e+13 -4.75366429e+10  2.32e+00 5.43e-03  2.29e+05   120s
[2025-09-15 23:19:43] DEBUG    24   1.00056443e+13 -3.96316013e+10  1.17e+00 5.51e-03  1.07e+05   125s
[2025-09-15 23:19:46] DEBUG    25   8.86178270e+12 -1.58970629e+10  7.31e-01 5.49e-03  6.17e+04   128s
[2025-09-15 23:19:50] DEBUG    26   7.65080364e+12  3.61787458e+09  4.07e-01 5.51e-03  3.29e+04   132s
[2025-09-15 23:19:54] DEBUG    27   7.58619315e+12  6.77558279e+09  3.80e-01 5.51e-03  3.58e+04   136s
[2025-09-15 23:19:58] DEBUG    28   6.20746339e+12  1.01752479e+10  1.63e-01 5.49e-03  1.82e+04   140s
[2025-09-15 23:20:01] DEBUG    29   5.58500995e+12  1.03390637e+10  1.14e-01 5.45e-03  1.46e+04   143s
[2025-09-15 23:20:05] DEBUG    30   5.03724412e+12  1.05898930e+10  8.27e-02 5.43e-03  1.08e+04   146s
[2025-09-15 23:20:07] DEBUG    31   4.32524245e+12  1.12472473e+10  5.28e-02 5.41e-03  7.22e+03   149s
[2025-09-15 23:20:11] DEBUG    32   4.01339901e+12  1.18949014e+10  4.41e-02 5.33e-03  6.43e+03   153s
[2025-09-15 23:20:19] DEBUG    33   4.29673275e+12  1.22193209e+10  3.42e-02 5.28e-03  6.13e+04   161s
[2025-09-15 23:20:31] DEBUG    34   4.02455236e+12  1.19117888e+10  3.31e-02 5.24e-03  7.61e+04   172s
[2025-09-15 23:20:43] DEBUG    35   3.69443117e+12  1.20275499e+10  3.16e-02 5.20e-03  8.37e+04   185s
[2025-09-15 23:20:54] DEBUG    36   3.11786720e+12  1.17117895e+10  2.89e-02 5.19e-03  7.55e+04   196s
[2025-09-15 23:21:11] DEBUG    37   2.51810966e+12  1.12233945e+10  2.56e-02 5.16e-03  7.41e+04   212s
[2025-09-15 23:21:27] DEBUG    38   2.07496643e+12  1.07036306e+10  2.19e-02 5.14e-03  8.23e+04   229s
[2025-09-15 23:21:41] DEBUG    39   1.27546338e+12  1.00617494e+10  1.38e-02 5.11e-03  6.18e+04   243s
[2025-09-15 23:21:52] DEBUG    40   8.27026682e+11  1.01476853e+10  1.06e-02 5.10e-03  4.53e+04   254s
[2025-09-15 23:21:59] DEBUG    41   6.60678739e+11  1.00443883e+10  8.51e-03 5.09e-03  3.54e+04   260s
[2025-09-15 23:22:15] DEBUG    42   4.54697007e+11  1.03012345e+10  7.12e-03 5.07e-03  3.08e+04   277s
[2025-09-15 23:22:31] DEBUG    43   3.78433511e+11  1.06077085e+10  6.09e-03 5.06e-03  3.02e+04   293s
[2025-09-15 23:22:42] DEBUG    44   3.97911756e+11  1.08813333e+10  3.60e-03 5.05e-03  2.71e+04   304s
[2025-09-15 23:22:55] DEBUG    45   2.96338572e+11  1.10866330e+10  2.49e-03 5.04e-03  2.13e+04   316s
[2025-09-15 23:23:01] DEBUG    46   2.82205940e+11  1.11857829e+10  2.31e-03 5.04e-03  1.96e+04   323s
[2025-09-15 23:23:09] DEBUG    47   2.77629724e+11  1.13669708e+10  2.25e-03 5.03e-03  1.93e+04   331s
[2025-09-15 23:23:15] DEBUG    48   2.74255325e+11  1.15566140e+10  2.21e-03 5.03e-03  1.91e+04   337s
[2025-09-15 23:23:21] DEBUG    49   2.59746244e+11  1.17731890e+10  2.01e-03 5.03e-03  1.72e+04   343s
[2025-09-15 23:23:26] DEBUG    50   2.35440191e+11  1.23250464e+10  1.65e-03 5.03e-03  1.39e+04   348s
[2025-09-15 23:23:32] DEBUG    51   2.17884448e+11  1.25621848e+10  1.32e-03 5.02e-03  1.16e+04   353s
[2025-09-15 23:23:37] DEBUG    52   1.97263321e+11  1.28464579e+10  1.19e-03 5.01e-03  8.36e+03   359s
[2025-09-15 23:23:41] DEBUG    53   1.92669546e+11  1.28311525e+10  8.38e-04 5.01e-03  7.57e+03   363s
[2025-09-15 23:23:45] DEBUG    54   1.91058457e+11  1.28350204e+10  8.07e-04 5.01e-03  7.29e+03   367s
[2025-09-15 23:23:50] DEBUG    55   1.88328255e+11  1.30062379e+10  7.56e-04 5.01e-03  6.82e+03   372s
[2025-09-15 23:23:55] DEBUG    56   1.86227243e+11  1.30776223e+10  7.13e-04 5.01e-03  6.48e+03   376s
[2025-09-15 23:23:59] DEBUG    57   1.78390392e+11  1.32028467e+10  5.61e-04 5.01e-03  5.09e+03   381s
[2025-09-15 23:24:05] DEBUG    58   1.77974679e+11  1.33096035e+10  8.41e-04 5.01e-03  5.02e+03   387s
[2025-09-15 23:24:10] DEBUG    59   1.76930003e+11  1.34153562e+10  5.30e-04 5.01e-03  4.82e+03   392s
[2025-09-15 23:24:15] DEBUG    60   1.72376922e+11  1.36297804e+10  7.06e-04 5.01e-03  3.97e+03   396s
[2025-09-15 23:24:21] DEBUG    61   1.70947054e+11  1.38674448e+10  7.06e-04 5.01e-03  3.69e+03   403s
[2025-09-15 23:24:29] DEBUG    62   1.68181152e+11  1.39407201e+10  7.06e-04 5.01e-03  3.16e+03   411s
[2025-09-15 23:24:36] DEBUG    63   1.65910770e+11  1.39862364e+10  5.97e-04 5.01e-03  2.73e+03   418s
[2025-09-15 23:24:42] DEBUG    64   1.63834900e+11  1.40466550e+10  3.53e-04 5.01e-03  2.33e+03   424s
[2025-09-15 23:24:49] DEBUG    65   1.62859201e+11  1.41561872e+10  2.71e-04 5.01e-03  2.13e+03   430s
[2025-09-15 23:24:55] DEBUG    66   1.61396303e+11  1.41759005e+10  3.80e-04 5.01e-03  1.85e+03   437s
[2025-09-15 23:25:02] DEBUG    67   1.60394709e+11  1.42293414e+10  2.71e-04 5.01e-03  1.65e+03   444s
[2025-09-15 23:25:09] DEBUG    68   1.59549803e+11  1.42638043e+10  7.59e-04 5.01e-03  1.48e+03   451s
[2025-09-15 23:25:16] DEBUG    69   1.58931999e+11  1.42969335e+10  3.80e-04 5.01e-03  1.36e+03   458s
[2025-09-15 23:25:23] DEBUG    70   1.58401641e+11  1.43283281e+10  1.25e-03 5.00e-03  1.26e+03   465s
[2025-09-15 23:25:31] DEBUG    71   1.58036050e+11  1.43465728e+10  3.80e-04 5.00e-03  1.19e+03   473s
[2025-09-15 23:25:37] DEBUG    72   1.57582607e+11  1.43695735e+10  7.59e-04 5.00e-03  1.10e+03   479s
[2025-09-15 23:25:44] DEBUG    73   1.57254178e+11  1.43907981e+10  3.80e-04 5.00e-03  1.03e+03   486s
[2025-09-15 23:25:50] DEBUG    74   1.56957346e+11  1.44034865e+10  3.12e-04 5.00e-03  9.72e+02   492s
[2025-09-15 23:25:56] DEBUG    75   1.56678671e+11  1.44135571e+10  3.80e-04 5.00e-03  9.17e+02   498s
[2025-09-15 23:26:02] DEBUG    76   1.56545921e+11  1.44229838e+10  3.80e-04 5.00e-03  8.90e+02   504s
[2025-09-15 23:26:11] DEBUG    77   1.56194872e+11  1.44453772e+10  6.24e-04 5.00e-03  8.19e+02   513s
[2025-09-15 23:26:19] DEBUG    78   1.56026154e+11  1.44489564e+10  3.53e-04 5.00e-03  7.87e+02   521s
[2025-09-15 23:26:26] DEBUG    79   1.55660990e+11  1.44591092e+10  7.59e-04 5.00e-03  7.16e+02   528s
[2025-09-15 23:26:32] DEBUG    80   1.55407025e+11  1.44661775e+10  6.24e-04 5.00e-03  6.66e+02   534s
[2025-09-15 23:26:38] DEBUG    81   1.55237293e+11  1.44724657e+10  6.24e-04 5.00e-03  6.33e+02   540s
[2025-09-15 23:26:47] DEBUG    82   1.55044295e+11  1.44828525e+10  6.24e-04 5.00e-03  5.96e+02   549s
[2025-09-15 23:26:53] DEBUG    83   1.54828367e+11  1.44884947e+10  3.80e-04 5.00e-03  5.55e+02   555s
[2025-09-15 23:27:00] DEBUG    84   1.54743942e+11  1.44942306e+10  8.68e-04 5.00e-03  5.39e+02   562s
[2025-09-15 23:27:08] DEBUG    85   1.54606232e+11  1.45002070e+10  1.19e-03 5.00e-03  5.13e+02   570s
[2025-09-15 23:27:13] DEBUG    86   1.54560752e+11  1.45006962e+10  7.06e-04 5.00e-03  5.05e+02   575s
[2025-09-15 23:27:19] DEBUG    87   1.54494554e+11  1.45044221e+10  3.80e-04 5.00e-03  4.92e+02   581s
[2025-09-15 23:27:25] DEBUG    88   1.54461610e+11  1.45069942e+10  1.11e-03 5.00e-03  4.86e+02   587s
[2025-09-15 23:27:35] DEBUG    89   1.54385016e+11  1.45125558e+10  1.11e-03 5.00e-03  4.71e+02   596s
[2025-09-15 23:27:42] DEBUG    90   1.54282299e+11  1.45166643e+10  8.68e-04 5.00e-03  4.53e+02   604s
[2025-09-15 23:27:52] DEBUG    91   1.54171160e+11  1.45190599e+10  1.11e-03 5.00e-03  4.33e+02   614s
[2025-09-15 23:28:00] DEBUG    92   1.54121417e+11  1.45214153e+10  1.36e-03 5.00e-03  4.23e+02   621s
[2025-09-15 23:28:07] DEBUG    93   1.53802716e+11  1.45296466e+10  6.24e-04 5.00e-03  3.63e+02   628s
[2025-09-15 23:28:13] DEBUG    94   1.53539769e+11  1.45321946e+10  1.25e-03 5.00e-03  3.14e+02   635s
[2025-09-15 23:28:22] DEBUG    95   1.53486504e+11  1.45328030e+10  7.59e-04 5.00e-03  3.05e+02   644s
[2025-09-15 23:28:31] DEBUG    96   1.53439838e+11  1.45352195e+10  1.25e-03 5.00e-03  2.96e+02   653s
[2025-09-15 23:28:38] DEBUG    97   1.53343609e+11  1.45405151e+10  7.59e-04 5.00e-03  2.77e+02   659s
[2025-09-15 23:28:46] DEBUG    98   1.53253993e+11  1.45440156e+10  6.24e-04 5.00e-03  2.60e+02   668s
[2025-09-15 23:28:54] DEBUG    99   1.53221914e+11  1.45474287e+10  8.68e-04 5.00e-03  2.54e+02   676s
[2025-09-15 23:29:02] DEBUG    100   1.53105955e+11  1.45493222e+10  1.36e-03 5.00e-03  2.33e+02   683s
[2025-09-15 23:29:10] DEBUG    101   1.53090507e+11  1.45513113e+10  1.25e-03 5.00e-03  2.30e+02   692s
[2025-09-15 23:29:19] DEBUG    102   1.53054227e+11  1.45530419e+10  8.68e-04 5.00e-03  2.23e+02   701s
[2025-09-15 23:29:30] DEBUG    103   1.53039488e+11  1.45554660e+10  3.80e-04 5.00e-03  2.20e+02   712s
[2025-09-15 23:29:38] DEBUG    104   1.52849113e+11  1.45599200e+10  1.74e-03 5.00e-03  1.86e+02   720s
[2025-09-15 23:29:44] DEBUG    105   1.52751262e+11  1.45637350e+10  1.11e-03 5.00e-03  1.68e+02   726s
[2025-09-15 23:29:50] DEBUG    106   1.52677773e+11  1.45685264e+10  8.68e-04 5.00e-03  1.55e+02   732s
[2025-09-15 23:29:57] DEBUG    107   1.52575327e+11  1.45749381e+10  1.25e-03 5.00e-03  1.37e+02   739s
[2025-09-15 23:30:04] DEBUG    108   1.52528842e+11  1.45761446e+10  8.68e-04 5.00e-03  1.29e+02   745s
[2025-09-15 23:30:10] DEBUG    109   1.52473333e+11  1.45818146e+10  1.11e-03 5.00e-03  1.19e+02   752s
[2025-09-15 23:30:18] DEBUG    110   1.52377581e+11  1.45849768e+10  6.24e-04 5.00e-03  1.03e+02   759s
[2025-09-15 23:30:24] DEBUG    111   1.52314307e+11  1.45882613e+10  7.59e-04 5.00e-03  9.25e+01   766s
[2025-09-15 23:30:32] DEBUG    112   1.52178738e+11  1.45910841e+10  6.24e-04 5.00e-03  7.16e+01   774s
[2025-09-15 23:30:42] DEBUG    113   1.52166694e+11  1.45918561e+10  6.24e-04 5.00e-03  7.02e+01   784s
[2025-09-15 23:30:50] DEBUG    114   1.52130923e+11  1.45972857e+10  6.24e-04 5.00e-03  6.54e+01   792s
[2025-09-15 23:31:01] DEBUG    115   1.52021726e+11  1.45996367e+10  6.24e-04 5.00e-03  5.40e+01   803s
[2025-09-15 23:31:11] DEBUG    116   1.51999343e+11  1.46009797e+10  6.24e-04 5.00e-03  5.17e+01   812s
[2025-09-15 23:31:21] DEBUG    117   1.51927777e+11  1.46054044e+10  7.59e-04 5.00e-03  4.58e+01   823s
[2025-09-15 23:31:30] DEBUG    118   1.51875142e+11  1.46067161e+10  3.80e-04 5.00e-03  4.28e+01   832s
[2025-09-15 23:31:40] DEBUG    119   1.51839430e+11  1.46101972e+10  8.68e-04 5.00e-03  4.02e+01   842s
[2025-09-15 23:31:49] DEBUG    120   1.51756953e+11  1.46137796e+10  1.25e-03 5.00e-03  3.56e+01   851s
[2025-09-15 23:32:00] DEBUG    121   1.51699710e+11  1.46156234e+10  1.19e-03 5.00e-03  3.27e+01   862s
[2025-09-15 23:32:09] DEBUG    122   1.51625978e+11  1.46163898e+10  1.19e-03 5.00e-03  2.95e+01   871s
[2025-09-15 23:32:18] DEBUG    123   1.51564095e+11  1.46168105e+10  1.68e-03 5.00e-03  2.71e+01   879s
[2025-09-15 23:32:26] DEBUG    124   1.51441218e+11  1.46180829e+10  7.06e-04 5.00e-03  2.24e+01   888s
[2025-09-15 23:32:33] DEBUG    125   1.51418402e+11  1.46185693e+10  7.06e-04 5.00e-03  2.14e+01   895s
[2025-09-15 23:32:42] DEBUG    126   1.51348766e+11  1.46206622e+10  2.17e-04 5.00e-03  1.85e+01   904s
[2025-09-15 23:32:49] DEBUG    127   1.51267856e+11  1.46218676e+10  1.19e-03 5.00e-03  1.57e+01   910s
[2025-09-15 23:32:57] DEBUG    128   1.51214036e+11  1.46220843e+10  7.06e-04 5.00e-03  1.40e+01   919s
[2025-09-15 23:33:04] DEBUG    129   1.51181759e+11  1.46223404e+10  1.25e-03 5.00e-03  1.31e+01   926s
[2025-09-15 23:33:11] DEBUG    130   1.51134305e+11  1.46224088e+10  2.17e-04 5.00e-03  1.18e+01   933s
[2025-09-15 23:33:18] DEBUG    131   1.51090441e+11  1.46226163e+10  7.06e-04 5.00e-03  1.07e+01   940s
[2025-09-15 23:33:26] DEBUG    132   1.51051383e+11  1.46225973e+10  3.53e-04 5.00e-03  9.79e+00   948s
[2025-09-15 23:33:34] DEBUG    133   1.51040386e+11  1.46235340e+10  3.80e-04 5.00e-03  9.36e+00   956s
[2025-09-15 23:33:41] DEBUG    134   1.51001294e+11  1.46240587e+10  3.80e-04 5.00e-03  8.25e+00   963s
[2025-09-15 23:33:48] DEBUG    135   1.50976833e+11  1.46243074e+10  4.34e-04 5.00e-03  7.62e+00   970s
[2025-09-15 23:33:55] DEBUG    136   1.50946263e+11  1.46245262e+10  2.17e-04 5.00e-03  6.85e+00   977s
[2025-09-15 23:34:02] DEBUG    137   1.50919110e+11  1.46245128e+10  3.53e-04 5.00e-03  6.25e+00   984s
[2025-09-15 23:34:08] DEBUG    138   1.50905518e+11  1.46243192e+10  3.12e-04 5.00e-03  5.95e+00   990s
[2025-09-15 23:34:16] DEBUG    139   1.50895841e+11  1.46242990e+10  1.25e-03 5.00e-03  5.77e+00   997s
[2025-09-15 23:34:22] DEBUG    140   1.50877845e+11  1.46242166e+10  6.24e-04 5.00e-03  5.43e+00  1004s
[2025-09-15 23:34:28] DEBUG    141   1.50870187e+11  1.46240547e+10  2.71e-04 5.00e-03  5.30e+00  1010s
[2025-09-15 23:34:35] DEBUG    142   1.50866342e+11  1.46239343e+10  1.25e-03 5.00e-03  5.23e+00  1017s
[2025-09-15 23:34:42] DEBUG    143   1.50864095e+11  1.46238931e+10  7.59e-04 5.00e-03  5.19e+00  1023s
[2025-09-15 23:34:49] DEBUG    144   1.50849368e+11  1.46234765e+10  1.25e-03 5.00e-03  4.92e+00  1031s
[2025-09-15 23:34:56] DEBUG    145   1.50815992e+11  1.46228116e+10  1.74e-03 5.00e-03  4.37e+00  1038s
[2025-09-15 23:35:03] DEBUG    146   1.50799825e+11  1.46221558e+10  7.59e-04 5.00e-03  4.12e+00  1045s
[2025-09-15 23:35:11] DEBUG    147   1.50769846e+11  1.46219151e+10  1.25e-03 5.00e-03  3.71e+00  1052s
[2025-09-15 23:35:11] DEBUG    Barrier performed 147 iterations in 1052.54 seconds (180.17 work units)
Barrier solve interrupted - model solved by another algorithm
[2025-09-15 23:35:11] DEBUG    Solved with dual simplex
[2025-09-15 23:35:24] DEBUG    Iteration    Objective       Primal Inf.    Dual Inf.      Time
[2025-09-15 23:35:24] DEBUG    411549    1.4623983e+10   0.000000e+00   0.000000e+00   1065s

Solved in 411549 iterations and 1065.36 seconds (231.42 work units)
Optimal objective  1.462398316e+10
✅ Scenario completato: existing_CG+VRES_2030_nostorage

🚀 Lancio scenario: existing_GT+VRES_2030_PHES
[2025-09-15 23:47:49] INFO     Loading sets
[2025-09-15 23:47:49] INFO     Loading parameters
[2025-09-15 23:48:24] INFO     constraints are loaded in the following order: ['energy_balance', 'dispatch', 'costs', 'capacity', 'network', 'policy', 'conversion', 'group', 'conversion_plus', 'milp', 'export']
[2025-09-15 23:48:24] INFO     creating energy_balance constraints
[2025-09-15 23:51:23] INFO     creating dispatch constraints
[2025-09-15 23:53:22] INFO     creating costs constraints
[2025-09-16 00:02:37] INFO     creating capacity constraints
[2025-09-16 00:02:37] INFO     creating network constraints
[2025-09-16 00:02:37] INFO     creating policy constraints
[2025-09-16 00:02:37] INFO     creating conversion constraints
[2025-09-16 00:02:37] INFO     creating group constraints
[2025-09-16 00:02:37] INFO     creating conversion_plus constraints
[2025-09-16 00:02:37] INFO     creating milp constraints
[2025-09-16 00:02:37] INFO     creating export constraints
[2025-09-16 00:15:39] DEBUG    Set parameter WLSAccessID
Set parameter WLSSecret
Set parameter LicenseID to value 2680226
[2025-09-16 00:15:40] DEBUG    Academic license 2680226 - for non-commercial use only - registered to an___@mail.polimi.it
[2025-09-16 00:16:15] DEBUG    Read LP format model from file /tmp/tmp9png0hi4.pyomo.lp
Reading time = 35.75 seconds
x17505556: 23436177 rows, 17505556 columns, 57310902 nonzeros
[2025-09-16 00:16:15] DEBUG    Set parameter NumericFocus to value 1
Gurobi Optimizer version 12.0.2 build v12.0.2rc0 (linux64 - "Debian GNU/Linux 11 (bullseye)")

CPU model: Intel(R) Xeon(R) Silver 4314 CPU @ 2.40GHz, instruction set [SSE2|AVX|AVX2|AVX512]
Thread count: 32 physical cores, 64 logical processors, using up to 32 threads

Non-default parameters:
NumericFocus  1
[2025-09-16 00:16:15] DEBUG    Academic license 2680226 - for non-commercial use only - registered to an___@mail.polimi.it
Optimize a model with 23436177 rows, 17505556 columns and 57310902 nonzeros
[2025-09-16 00:16:16] DEBUG    Model fingerprint: 0x1b0dabf8
[2025-09-16 00:16:16] DEBUG    Coefficient statistics:
  Matrix range     [1e-07, 3e+02]
  Objective range  [1e+00, 1e+06]
  Bounds range     [0e+00, 0e+00]
  RHS range        [1e+00, 6e+09]
Warning: Model contains large rhs
[2025-09-16 00:16:23] DEBUG    Presolve removed 18704086 rows and 10241697 columns (presolve time = 6s)...
[2025-09-16 00:16:27] DEBUG    Presolve removed 18708678 rows and 11940000 columns (presolve time = 10s)...
[2025-09-16 00:16:31] DEBUG    Presolve removed 21198984 rows and 14384728 columns (presolve time = 15s)...
[2025-09-16 00:16:36] DEBUG    Presolve removed 21736873 rows and 14489848 columns (presolve time = 20s)...
[2025-09-16 00:16:38] DEBUG    Presolve removed 21877017 rows and 14489848 columns
[2025-09-16 00:16:38] DEBUG    Presolve time: 22.72s
Presolved: 1559160 rows, 3155852 columns, 8892958 nonzeros

Concurrent LP optimizer: primal simplex, dual simplex, and barrier
Showing barrier log only...
[2025-09-16 00:17:09] DEBUG    Elapsed ordering time = 30s
[2025-09-16 00:17:10] DEBUG    Elapsed ordering time = 30s
[2025-09-16 00:17:19] DEBUG    Ordering time: 39.74s
[2025-09-16 00:17:21] DEBUG    Barrier statistics:
 Dense cols : 141
[2025-09-16 00:17:21] DEBUG    AA' NZ     : 8.170e+06
 Factor NZ  : 4.460e+07 (roughly 2.3 GB of memory)
 Factor Ops : 5.111e+09 (less than 1 second per iteration)
 Threads    : 30
[2025-09-16 00:17:25] DEBUG    Objective                Residual
[2025-09-16 00:17:25] DEBUG    Iter       Primal          Dual         Primal    Dual     Compl     Time
[2025-09-16 00:17:25] DEBUG    0   2.30886641e+21 -8.16709172e+18  6.98e+10 2.89e-11  4.08e+15    70s
[2025-09-16 00:17:29] DEBUG    1   2.11640341e+21 -8.37756506e+18  6.36e+10 2.11e+05  3.44e+15    74s
[2025-09-16 00:17:34] DEBUG    2   2.00993699e+21 -3.11159968e+19  6.04e+10 1.58e+05  3.27e+15    79s
[2025-09-16 00:17:42] DEBUG    3   1.70552335e+21 -8.88972840e+19  5.17e+10 6.22e+04  2.76e+15    87s
[2025-09-16 00:17:48] DEBUG    4   1.26936341e+21 -1.04507682e+20  3.82e+10 2.33e+04  2.04e+15    93s
[2025-09-16 00:17:56] DEBUG    5   8.55827379e+20 -1.02696708e+20  2.55e+10 5.68e+03  1.37e+15   100s
[2025-09-16 00:18:03] DEBUG    6   1.23719875e+20 -9.31029847e+19  3.15e+09 1.03e+03  1.88e+14   108s
[2025-09-16 00:18:08] DEBUG    7   2.29157399e+19 -4.15187525e+19  5.52e+08 1.07e+02  3.57e+13   113s
[2025-09-16 00:18:12] DEBUG    8   7.39027110e+18 -1.92207774e+19  1.72e+08 3.26e+01  1.17e+13   117s
[2025-09-16 00:18:17] DEBUG    9   2.47836629e+18 -8.89619566e+18  5.63e+07 1.14e+01  4.12e+12   121s
[2025-09-16 00:18:20] DEBUG    10   1.16504348e+18 -3.59968834e+18  2.69e+07 2.73e+00  1.76e+12   125s
[2025-09-16 00:18:24] DEBUG    11   3.95929482e+17 -1.37215506e+18  9.03e+06 5.67e-01  5.76e+11   128s
[2025-09-16 00:18:28] DEBUG    12   7.51334413e+16 -4.22861019e+17  1.69e+06 8.98e-02  1.22e+11   132s
[2025-09-16 00:18:32] DEBUG    13   5.74840009e+15 -6.75916561e+16  1.19e+05 7.39e-03  1.33e+10   137s
[2025-09-16 00:18:35] DEBUG    14   1.55812013e+14 -2.70553141e+15  6.53e+01 1.29e-04  4.25e+08   140s
[2025-09-16 00:18:39] DEBUG    15   1.34531166e+14 -7.21446551e+14  5.50e-01 1.74e-02  1.13e+08   143s
[2025-09-16 00:18:42] DEBUG    16   1.19434488e+14 -2.67179155e+14  3.45e-04 7.72e-03  4.24e+07   147s
[2025-09-16 00:18:51] DEBUG    17   1.08541513e+14 -1.12454962e+14  2.64e-04 1.60e-02  1.82e+07   156s
[2025-09-16 00:19:08] DEBUG    18   6.36414104e+13 -3.55379244e+13  1.17e-04 7.44e-03  6.22e+06   172s
[2025-09-16 00:19:21] DEBUG    19   5.42876817e+13 -1.86553092e+13  8.01e-05 2.35e-02  5.16e+06   186s
[2025-09-16 00:19:34] DEBUG    20   4.84052408e+13 -1.34450556e+13  6.56e-05 1.43e-02  4.12e+06   198s
[2025-09-16 00:19:51] DEBUG    21   3.57898286e+13 -4.96194094e+12  4.03e-05 1.39e-02  2.33e+06   215s
[2025-09-16 00:20:04] DEBUG    22   2.96589749e+13 -2.51030666e+12  2.98e-05 1.03e-02  1.63e+06   229s
[2025-09-16 00:20:15] DEBUG    23   2.41836292e+13 -1.73353672e+12  2.49e-05 9.82e-03  1.19e+06   240s
[2025-09-16 00:20:28] DEBUG    24   2.27644228e+13 -1.13680839e+12  2.15e-05 1.06e-02  1.29e+06   253s
[2025-09-16 00:20:41] DEBUG    25   1.96499645e+13 -7.07634899e+11  1.84e-05 1.12e-02  9.44e+05   265s
[2025-09-16 00:20:56] DEBUG    26   1.69325656e+13 -4.41427479e+11  1.67e-05 9.71e-03  7.05e+05   280s
[2025-09-16 00:21:11] DEBUG    27   1.36771234e+13 -3.33128082e+11  1.86e-05 1.06e-02  5.10e+05   295s
[2025-09-16 00:21:20] DEBUG    28   1.25161069e+13 -2.56217637e+11  1.96e-05 1.06e-02  4.52e+05   305s
[2025-09-16 00:21:36] DEBUG    29   1.22192494e+13 -1.81840408e+11  2.48e-05 9.71e-03  4.29e+05   320s
[2025-09-16 00:21:44] DEBUG    30   1.00953565e+13 -1.24681267e+11  2.31e-05 1.20e-02  2.92e+05   329s
[2025-09-16 00:22:05] DEBUG    31   8.04038460e+12 -8.27154419e+10  2.13e-05 1.35e-02  2.34e+05   349s
[2025-09-16 00:22:26] DEBUG    32   7.89298993e+12 -7.63253718e+10  1.91e-05 1.33e-02  2.29e+05   371s
[2025-09-16 00:22:55] DEBUG    33   7.22020512e+12 -6.94969938e+10  2.38e-05 1.30e-02  2.08e+05   400s
[2025-09-16 00:23:10] DEBUG    34   6.68707057e+12 -5.95691148e+10  2.81e-05 1.24e-02  1.87e+05   414s
[2025-09-16 00:23:24] DEBUG    35   6.12920360e+12 -4.98080579e+10  2.12e-05 1.20e-02  1.61e+05   429s
[2025-09-16 00:23:34] DEBUG    36   4.93690052e+12 -4.26928113e+10  2.29e-05 1.44e-02  9.35e+04   439s
[2025-09-16 00:23:44] DEBUG    37   4.30258192e+12 -1.81260641e+10  1.91e-05 1.78e-02  6.55e+04   449s
[2025-09-16 00:23:54] DEBUG    38   3.78876421e+12  3.27648679e+08  1.67e-05 1.93e-02  4.72e+04   459s
[2025-09-16 00:24:13] DEBUG    39   3.34162800e+12  2.47272130e+09  2.10e-05 1.86e-02  4.17e+04   477s
[2025-09-16 00:24:27] DEBUG    40   3.21688491e+12  3.98124336e+09  2.00e-05 1.81e-02  3.95e+04   491s
[2025-09-16 00:24:34] DEBUG    41   3.10585676e+12  4.50593872e+09  1.96e-05 1.68e-02  3.85e+04   499s
[2025-09-16 00:24:43] DEBUG    42   2.89246693e+12  5.99479348e+09  2.23e-05 1.31e-02  3.77e+04   507s
[2025-09-16 00:24:52] DEBUG    43   2.54500372e+12  7.44683041e+09  1.86e-05 1.06e-02  2.46e+04   516s
[2025-09-16 00:25:01] DEBUG    44   2.30673735e+12  9.26581493e+09  1.63e-05 6.82e-03  1.85e+04   526s
[2025-09-16 00:25:11] DEBUG    45   2.17537611e+12  1.05253511e+10  1.72e-05 5.71e-03  1.34e+04   535s
[2025-09-16 00:25:19] DEBUG    46   2.04681484e+12  1.04694796e+10  1.88e-05 5.45e-03  9.60e+03   543s
[2025-09-16 00:25:25] DEBUG    47   2.00613321e+12  1.08942427e+10  2.17e-05 5.46e-03  8.65e+03   550s
[2025-09-16 00:25:30] DEBUG    48   1.95044517e+12  1.10004325e+10  2.31e-05 5.46e-03  7.47e+03   554s
[2025-09-16 00:25:35] DEBUG    49   1.86909095e+12  1.13961139e+10  2.26e-05 5.47e-03  5.92e+03   560s
[2025-09-16 00:25:43] DEBUG    50   1.75939499e+12  1.19597125e+10  2.29e-05 5.47e-03  4.18e+03   568s
[2025-09-16 00:25:54] DEBUG    51   1.67242711e+12  1.24432817e+10  1.70e-05 5.47e-03  3.14e+03   578s
[2025-09-16 00:26:04] DEBUG    52   1.61862467e+12  1.27022507e+10  1.96e-05 5.46e-03  2.61e+03   589s
[2025-09-16 00:26:13] DEBUG    53   1.50983295e+12  1.28880391e+10  1.87e-05 5.45e-03  1.79e+03   598s
[2025-09-16 00:26:22] DEBUG    54   1.44000261e+12  1.30681710e+10  1.76e-05 5.40e-03  1.40e+03   607s
[2025-09-16 00:26:30] DEBUG    55   1.41129767e+12  1.31661711e+10  1.91e-05 5.32e-03  1.26e+03   614s
[2025-09-16 00:26:37] DEBUG    56   1.38543771e+12  1.31840832e+10  2.01e-05 5.30e-03  1.16e+03   622s
[2025-09-16 00:26:48] DEBUG    57   1.35715767e+12  1.32031378e+10  1.97e-05 5.27e-03  1.07e+03   633s
[2025-09-16 00:26:59] DEBUG    58   1.34413573e+12  1.32226033e+10  2.35e-05 5.24e-03  1.03e+03   643s
[2025-09-16 00:27:04] DEBUG    59   1.33151949e+12  1.32453016e+10  2.61e-05 5.19e-03  9.90e+02   649s
[2025-09-16 00:27:13] DEBUG    60   1.32476200e+12  1.32740161e+10  2.63e-05 5.12e-03  9.67e+02   657s
[2025-09-16 00:27:21] DEBUG    61   1.31481606e+12  1.33161079e+10  2.85e-05 5.03e-03  9.34e+02   666s
[2025-09-16 00:27:30] DEBUG    62   1.28482470e+12  1.35054571e+10  1.79e-04 4.69e-03  8.40e+02   675s
[2025-09-16 00:27:39] DEBUG    63   1.24996845e+12  1.36675245e+10  1.27e-04 4.31e-03  7.41e+02   684s
[2025-09-16 00:27:51] DEBUG    64   1.20130579e+12  1.38117178e+10  4.99e-04 3.77e-03  6.28e+02   695s
[2025-09-16 00:27:59] DEBUG    65   1.16821153e+12  1.39599179e+10  5.22e-04 3.12e-03  5.49e+02   703s
[2025-09-16 00:28:08] DEBUG    66   1.15563664e+12  1.40179110e+10  4.80e-04 2.87e-03  5.21e+02   713s
[2025-09-16 00:28:16] DEBUG    67   1.11520563e+12  1.40821485e+10  4.12e-04 2.53e-03  4.59e+02   720s
[2025-09-16 00:28:25] DEBUG    68   1.08672924e+12  1.40933194e+10  4.03e-04 2.41e-03  4.23e+02   730s
[2025-09-16 00:28:33] DEBUG    69   1.07204291e+12  1.41145227e+10  3.77e-04 2.28e-03  4.03e+02   737s
[2025-09-16 00:28:43] DEBUG    70   1.05028891e+12  1.41341528e+10  3.53e-04 2.16e-03  3.77e+02   748s
[2025-09-16 00:28:50] DEBUG    71   1.03045901e+12  1.41529126e+10  3.41e-04 2.06e-03  3.54e+02   754s
[2025-09-16 00:28:57] DEBUG    72   1.01925146e+12  1.41764339e+10  3.36e-04 2.11e-03  3.39e+02   762s
[2025-09-16 00:29:06] DEBUG    73   1.00293500e+12  1.41932264e+10  3.21e-04 2.14e-03  3.21e+02   771s
[2025-09-16 00:29:16] DEBUG    74   9.82251079e+11  1.42118337e+10  3.02e-04 2.17e-03  3.00e+02   781s
[2025-09-16 00:29:26] DEBUG    75   9.73789553e+11  1.42278615e+10  2.82e-04 2.20e-03  2.91e+02   791s
[2025-09-16 00:29:35] DEBUG    76   9.63643992e+11  1.42415063e+10  2.85e-04 2.22e-03  2.80e+02   800s
[2025-09-16 00:29:46] DEBUG    77   9.47159524e+11  1.42613856e+10  2.81e-04 2.25e-03  2.65e+02   810s
[2025-09-16 00:29:56] DEBUG    78   9.26886235e+11  1.42721493e+10  2.40e-04 2.27e-03  2.48e+02   821s
[2025-09-16 00:30:05] DEBUG    79   9.18612814e+11  1.42860805e+10  2.43e-04 2.29e-03  2.40e+02   829s
[2025-09-16 00:30:14] DEBUG    80   8.94169957e+11  1.42965809e+10  2.89e-04 2.30e-03  2.23e+02   838s
[2025-09-16 00:30:24] DEBUG    81   8.75248974e+11  1.43099521e+10  2.55e-04 2.31e-03  2.09e+02   849s
[2025-09-16 00:30:34] DEBUG    82   8.58896002e+11  1.43247965e+10  2.47e-04 2.32e-03  1.97e+02   858s
[2025-09-16 00:30:43] DEBUG    83   8.37967416e+11  1.43372298e+10  2.33e-04 2.32e-03  1.84e+02   868s
[2025-09-16 00:30:51] DEBUG    84   8.33949043e+11  1.43483480e+10  2.32e-04 2.32e-03  1.80e+02   876s
[2025-09-16 00:31:03] DEBUG    85   8.31159165e+11  1.43496885e+10  2.27e-04 2.32e-03  1.78e+02   888s
[2025-09-16 00:31:17] DEBUG    86   8.25769583e+11  1.43497061e+10  2.23e-04 2.32e-03  1.76e+02   901s
[2025-09-16 00:31:25] DEBUG    87   8.24145580e+11  1.43476289e+10  2.22e-04 2.32e-03  1.78e+02   910s
[2025-09-16 00:31:43] DEBUG    88   8.23045437e+11  1.43478313e+10  2.22e-04 2.32e-03  1.78e+02   927s
[2025-09-16 00:31:57] DEBUG    89   8.22942060e+11  1.43477645e+10  2.22e-04 2.32e-03  1.78e+02   942s
[2025-09-16 00:32:13] DEBUG    90   8.21826246e+11  1.43478074e+10  2.22e-04 2.32e-03  1.78e+02   958s
[2025-09-16 00:32:28] DEBUG    91   8.21656967e+11  1.43478149e+10  2.22e-04 2.32e-03  1.78e+02   973s
[2025-09-16 00:32:51] DEBUG    92   8.19860478e+11  1.43479902e+10  2.22e-04 2.32e-03  1.79e+02   995s
[2025-09-16 00:32:51] DEBUG    Barrier performed 92 iterations in 995.18 seconds (228.86 work units)
[2025-09-16 00:32:51] DEBUG    Numerical trouble encountered

Model may be infeasible or unbounded.  Consider using the
homogeneous algorithm (through parameter 'BarHomogeneous')
[2025-09-16 00:33:55] DEBUG    Waiting for other threads to finish...        1060s
[2025-09-16 00:35:00] DEBUG    Waiting for other threads to finish...        1124s
[2025-09-16 00:36:04] DEBUG    Waiting for other threads to finish...        1189s
[2025-09-16 00:37:09] DEBUG    Waiting for other threads to finish...        1253s
[2025-09-16 00:38:13] DEBUG    Waiting for other threads to finish...        1318s
[2025-09-16 00:39:18] DEBUG    Waiting for other threads to finish...        1383s
[2025-09-16 00:39:41] DEBUG    Solved with dual simplex
[2025-09-16 00:39:54] DEBUG    Iteration    Objective       Primal Inf.    Dual Inf.      Time
[2025-09-16 00:39:54] DEBUG    1139359    1.4623983e+10   0.000000e+00   0.000000e+00   1419s

Solved in 1139359 iterations and 1418.86 seconds (642.13 work units)
[2025-09-16 00:39:54] DEBUG    Optimal objective  1.462398316e+10
✅ Scenario completato: existing_GT+VRES_2030_PHES
🏁 Tutti gli scenari sono stati processati.
