
🚀 Lancio scenario: new_trasmission_VRES_2035_BESS
[2025-09-20 19:26:07] INFO     Loading sets
[2025-09-20 19:26:07] INFO     Loading parameters
[2025-09-20 19:27:01] INFO     constraints are loaded in the following order: ['energy_balance', 'dispatch', 'costs', 'capacity', 'network', 'policy', 'conversion', 'group', 'conversion_plus', 'milp', 'export']
[2025-09-20 19:27:01] INFO     creating energy_balance constraints
[2025-09-20 19:31:36] INFO     creating dispatch constraints
[2025-09-20 19:35:37] INFO     creating costs constraints
[2025-09-20 19:47:52] INFO     creating capacity constraints
[2025-09-20 19:47:52] INFO     creating network constraints
[2025-09-20 19:47:52] INFO     creating policy constraints
[2025-09-20 19:47:52] INFO     creating conversion constraints
[2025-09-20 19:47:52] INFO     creating group constraints
[2025-09-20 19:47:52] INFO     creating conversion_plus constraints
[2025-09-20 19:47:52] INFO     creating milp constraints
[2025-09-20 19:47:52] INFO     creating export constraints
[2025-09-20 20:03:30] DEBUG    Set parameter WLSAccessID
Set parameter WLSSecret
Set parameter LicenseID to value 2680226
[2025-09-20 20:03:30] DEBUG    Academic license 2680226 - for non-commercial use only - registered to an___@mail.polimi.it
[2025-09-20 20:04:17] DEBUG    Read LP format model from file /tmp/tmpf371sv2l.pyomo.lp
Reading time = 46.61 seconds
x22560664: 30015543 rows, 22560664 columns, 73754451 nonzeros
[2025-09-20 20:04:17] DEBUG    Set parameter NumericFocus to value 1
Gurobi Optimizer version 12.0.2 build v12.0.2rc0 (linux64 - "Debian GNU/Linux 11 (bullseye)")

CPU model: Intel(R) Xeon(R) Silver 4314 CPU @ 2.40GHz, instruction set [SSE2|AVX|AVX2|AVX512]
Thread count: 32 physical cores, 64 logical processors, using up to 32 threads

Non-default parameters:
NumericFocus  1
[2025-09-20 20:04:17] DEBUG    Academic license 2680226 - for non-commercial use only - registered to an___@mail.polimi.it
Optimize a model with 30015543 rows, 22560664 columns and 73754451 nonzeros
[2025-09-20 20:04:18] DEBUG    Model fingerprint: 0x271353ce
[2025-09-20 20:04:18] DEBUG    Coefficient statistics:
  Matrix range     [1e-07, 6e+02]
  Objective range  [1e+00, 1e+06]
  Bounds range     [0e+00, 0e+00]
  RHS range        [1e+00, 2e+08]
[2025-09-20 20:04:23] DEBUG    Presolve removed 21348279 rows and 12050228 columns (presolve time = 6s)...
[2025-09-20 20:04:28] DEBUG    Presolve removed 21901932 rows and 14020787 columns (presolve time = 11s)...
[2025-09-20 20:04:33] DEBUG    Presolve removed 23751204 rows and 15870000 columns (presolve time = 15s)...
[2025-09-20 20:04:38] DEBUG    Presolve removed 25842297 rows and 17910314 columns (presolve time = 20s)...
[2025-09-20 20:05:13] DEBUG    Presolve removed 26371444 rows and 18164354 columns (presolve time = 55s)...
[2025-09-20 20:05:13] DEBUG    Presolve removed 26371444 rows and 18164354 columns (presolve time = 55s)...
[2025-09-20 20:05:19] DEBUG    Presolve removed 26371444 rows and 18637394 columns (presolve time = 61s)...
[2025-09-20 20:05:20] DEBUG    Presolve removed 26511588 rows and 18637394 columns
[2025-09-20 20:06:03] DEBUG    Presolve time: 106.36s
[2025-09-20 20:06:03] DEBUG    Presolved: 3503955 rows, 4063414 columns, 14949974 nonzeros

Concurrent LP optimizer: primal simplex, dual simplex, and barrier
Showing barrier log only...
[2025-09-20 20:06:38] DEBUG    Elapsed ordering time = 32s
[2025-09-20 20:06:41] DEBUG    Elapsed ordering time = 35s
[2025-09-20 20:07:00] DEBUG    Ordering time: 54.85s
[2025-09-20 20:07:04] DEBUG    Barrier statistics:
 Dense cols : 173
 AA' NZ     : 1.571e+07
 Factor NZ  : 6.640e+07 (roughly 3.6 GB of memory)
 Factor Ops : 7.397e+09 (less than 1 second per iteration)
 Threads    : 30
[2025-09-20 20:07:10] DEBUG    Objective                Residual
[2025-09-20 20:07:10] DEBUG    Iter       Primal          Dual         Primal    Dual     Compl     Time
[2025-09-20 20:07:11] DEBUG    0   2.04976188e+21 -8.05615421e+18  8.87e+10 2.89e-11  3.18e+15   174s
[2025-09-20 20:07:18] DEBUG    1   1.47053048e+21 -8.06080316e+18  6.29e+10 1.78e+05  2.14e+15   181s
[2025-09-20 20:07:26] DEBUG    2   7.91116358e+20 -7.20179217e+18  3.39e+10 6.27e+04  1.05e+15   189s
[2025-09-20 20:07:34] DEBUG    3   6.04862761e+20 -6.52522702e+18  2.60e+10 2.24e+04  6.49e+14   198s
[2025-09-20 20:07:43] DEBUG    4   4.47580806e+20 -6.30325353e+18  1.94e+10 1.50e+04  4.80e+14   206s
[2025-09-20 20:07:49] DEBUG    5   4.12770056e+20 -6.27097985e+18  1.78e+10 1.40e+04  4.44e+14   213s
[2025-09-20 20:07:56] DEBUG    6   3.38262872e+20 -6.03163637e+18  1.45e+10 8.03e+03  3.44e+14   219s
[2025-09-20 20:08:04] DEBUG    7   2.29193244e+20 -5.91558266e+18  1.00e+10 2.41e+03  2.20e+14   227s
[2025-09-20 20:08:14] DEBUG    8   6.54913080e+19 -5.76616459e+18  2.56e+09 5.62e+02  5.73e+13   237s
[2025-09-20 20:08:23] DEBUG    9   2.80470618e+19 -5.25173663e+18  1.03e+09 1.71e+02  2.32e+13   246s
[2025-09-20 20:08:29] DEBUG    10   9.54167392e+18 -4.62826813e+18  3.53e+08 8.09e+01  8.30e+12   252s
[2025-09-20 20:08:35] DEBUG    11   7.96383145e+17 -3.03207009e+18  3.96e+07 1.63e+01  1.18e+12   259s
[2025-09-20 20:08:42] DEBUG    12   2.22970815e+17 -9.52737769e+17  1.07e+07 1.87e+00  2.91e+11   266s
[2025-09-20 20:08:49] DEBUG    13   1.20624599e+17 -2.80459288e+17  5.77e+06 1.16e-01  1.08e+11   272s
[2025-09-20 20:08:55] DEBUG    14   9.72228216e+15 -1.30199594e+17  3.89e+05 4.26e-02  1.89e+10   278s
[2025-09-20 20:09:01] DEBUG    15   2.83948115e+14 -7.45618109e+15  2.03e+02 1.73e-02  8.19e+08   284s
[2025-09-20 20:09:08] DEBUG    16   2.61889862e+14 -2.24895229e+14  2.02e+01 1.12e-02  2.95e+07   292s
[2025-09-20 20:09:17] DEBUG    17   2.42748353e+14 -4.53807543e+13  8.54e-03 1.26e-02  6.35e+06   301s
[2025-09-20 20:09:49] DEBUG    18   2.34274408e+14 -3.42832889e+13  7.66e-03 1.26e-02  4.98e+06   332s
[2025-09-20 20:10:08] DEBUG    19   2.22079903e+14 -2.30790535e+13  5.24e-03 1.25e-02  3.66e+06   352s
[2025-09-20 20:10:23] DEBUG    20   2.15430285e+14 -1.91054293e+13  4.40e-03 1.25e-02  3.10e+06   367s
[2025-09-20 20:10:40] DEBUG    21   2.14471680e+14 -1.68466328e+13  4.28e-03 1.28e-02  2.80e+06   383s
[2025-09-20 20:11:09] DEBUG    22   2.11570293e+14 -1.43140192e+13  3.91e-03 1.44e-02  2.43e+06   413s
[2025-09-20 20:11:29] DEBUG    23   2.03214341e+14 -8.93241409e+12  2.84e-03 2.15e-02  1.65e+06   432s
[2025-09-20 20:11:47] DEBUG    24   2.01395465e+14 -4.77752258e+12  2.60e-03 2.25e-02  1.07e+06   451s
[2025-09-20 20:12:08] DEBUG    25   2.00965660e+14 -4.28093066e+12  2.55e-03 2.27e-02  1.00e+06   471s
[2025-09-20 20:12:31] DEBUG    26   2.00018901e+14 -4.06894312e+12  2.43e-03 2.28e-02  9.53e+05   494s
[2025-09-20 20:12:53] DEBUG    27   1.98895877e+14 -3.30699772e+12  2.30e-03 2.30e-02  8.31e+05   516s
[2025-09-20 20:13:10] DEBUG    28   1.97102418e+14 -2.66933042e+12  2.10e-03 2.32e-02  7.13e+05   533s
[2025-09-20 20:13:25] DEBUG    29   1.96775974e+14 -2.60430881e+12  2.07e-03 2.33e-02  6.99e+05   549s
[2025-09-20 20:13:40] DEBUG    30   1.96036756e+14 -2.38990737e+12  2.00e-03 2.33e-02  6.58e+05   563s
[2025-09-20 20:13:58] DEBUG    31   1.94274784e+14 -2.04756277e+12  1.82e-03 2.34e-02  5.84e+05   582s
[2025-09-20 20:14:27] DEBUG    32   1.93904452e+14 -1.88683110e+12  1.79e-03 2.35e-02  5.58e+05   611s
[2025-09-20 20:14:46] DEBUG    33   1.93436336e+14 -1.64026024e+12  1.74e-03 2.36e-02  5.19e+05   630s
[2025-09-20 20:15:08] DEBUG    34   1.92066053e+14 -1.49153909e+12  1.62e-03 2.36e-02  4.76e+05   651s
[2025-09-20 20:15:24] DEBUG    35   1.90576263e+14 -1.37170057e+12  1.50e-03 2.37e-02  4.41e+05   667s
[2025-09-20 20:15:45] DEBUG    36   1.89691287e+14 -1.07371249e+12  1.43e-03 2.38e-02  3.89e+05   688s
[2025-09-20 20:16:01] DEBUG    37   1.87758648e+14 -5.97025209e+11  1.28e-03 2.43e-02  3.00e+05   704s
[2025-09-20 20:16:21] DEBUG    38   1.86947554e+14 -5.49354083e+11  1.18e-03 2.42e-02  2.76e+05   724s
[2025-09-20 20:16:32] DEBUG    39   1.86221089e+14 -4.67693911e+11  1.10e-03 2.40e-02  2.49e+05   736s
[2025-09-20 20:16:49] DEBUG    40   1.85100156e+14 -3.35479318e+11  9.76e-04 2.39e-02  2.09e+05   752s
[2025-09-20 20:17:06] DEBUG    41   1.84586424e+14 -2.85131919e+11  9.26e-04 2.40e-02  1.93e+05   769s
[2025-09-20 20:17:20] DEBUG    42   1.83691816e+14 -2.22684205e+11  8.43e-04 2.40e-02  1.71e+05   783s
[2025-09-20 20:17:41] DEBUG    43   1.83543328e+14 -1.85916332e+11  8.28e-04 2.40e-02  1.64e+05   805s
[2025-09-20 20:17:59] DEBUG    44   1.81903166e+14 -1.69062763e+11  6.88e-04 2.40e-02  1.39e+05   822s
[2025-09-20 20:18:13] DEBUG    45   1.81855006e+14 -1.57899833e+11  6.84e-04 2.40e-02  1.37e+05   836s
[2025-09-20 20:18:23] DEBUG    46   1.81332618e+14 -1.34940263e+11  6.47e-04 2.40e-02  1.28e+05   846s
[2025-09-20 20:18:39] DEBUG    47   1.80620966e+14 -1.06549626e+11  5.98e-04 2.40e-02  1.15e+05   862s
[2025-09-20 20:18:54] DEBUG    48   1.78508918e+14 -8.59206472e+10  4.61e-04 2.40e-02  8.90e+04   878s
[2025-09-20 20:19:09] DEBUG    49   1.76961707e+14 -6.57882348e+10  3.81e-04 2.40e-02  7.28e+04   893s
[2025-09-20 20:19:24] DEBUG    50   1.75679336e+14 -5.74098668e+10  3.26e-04 2.40e-02  6.21e+04   907s
[2025-09-20 20:19:39] DEBUG    51   1.74720257e+14 -4.39260320e+10  2.90e-04 2.40e-02  5.40e+04   923s
[2025-09-20 20:19:50] DEBUG    52   1.74496711e+14 -3.98487429e+10  2.84e-04 2.40e-02  5.22e+04   933s
[2025-09-20 20:20:00] DEBUG    53   1.73975950e+14 -3.53922785e+10  2.66e-04 2.41e-02  4.88e+04   943s
[2025-09-20 20:20:16] DEBUG    54   1.73453750e+14 -3.16929656e+10  2.50e-04 2.41e-02  4.56e+04   959s
[2025-09-20 20:20:29] DEBUG    55   1.71619671e+14 -2.91410437e+10  1.99e-04 2.41e-02  3.64e+04   973s
[2025-09-20 20:20:43] DEBUG    56   1.70708901e+14 -2.62978412e+10  1.77e-04 2.41e-02  3.24e+04   987s
[2025-09-20 20:20:57] DEBUG    57   1.69468387e+14 -2.35338267e+10  1.51e-04 2.40e-02  2.77e+04  1000s
[2025-09-20 20:21:10] DEBUG    58   1.68865946e+14 -2.09043984e+10  1.40e-04 2.40e-02  2.54e+04  1014s
[2025-09-20 20:21:20] DEBUG    59   1.68522263e+14 -1.93678627e+10  1.36e-04 2.39e-02  2.43e+04  1024s
[2025-09-20 20:21:34] DEBUG    60   1.68067754e+14 -1.83249657e+10  1.29e-04 2.39e-02  2.29e+04  1038s
[2025-09-20 20:21:46] DEBUG    61   1.67336284e+14 -1.66415723e+10  1.17e-04 2.38e-02  2.08e+04  1049s
[2025-09-20 20:22:00] DEBUG    62   1.66742236e+14 -1.54242069e+10  1.09e-04 2.40e-02  1.92e+04  1064s
[2025-09-20 20:22:14] DEBUG    63   1.66020068e+14 -1.48208947e+10  1.22e-04 2.42e-02  1.77e+04  1078s
[2025-09-20 20:22:24] DEBUG    64   1.65884974e+14 -1.46202357e+10  9.63e-05 2.43e-02  1.74e+04  1088s
[2025-09-20 20:22:37] DEBUG    65   1.65075533e+14 -1.36348411e+10  9.16e-05 2.46e-02  1.56e+04  1100s
[2025-09-20 20:22:51] DEBUG    66   1.64204719e+14 -1.26335067e+10  9.16e-05 2.49e-02  1.40e+04  1114s
[2025-09-20 20:23:07] DEBUG    67   1.63595046e+14 -1.17467169e+10  9.16e-05 2.52e-02  1.28e+04  1130s
[2025-09-20 20:23:19] DEBUG    68   1.63372007e+14 -1.08717020e+10  1.22e-04 2.54e-02  1.24e+04  1143s
[2025-09-20 20:23:34] DEBUG    69   1.63050320e+14 -1.04068729e+10  1.22e-04 2.55e-02  1.19e+04  1157s
[2025-09-20 20:23:47] DEBUG    70   1.62770819e+14 -1.02631694e+10  1.22e-04 2.56e-02  1.15e+04  1171s
[2025-09-20 20:24:07] DEBUG    71   1.62538527e+14 -9.98936992e+09  1.22e-04 2.56e-02  1.11e+04  1190s
[2025-09-20 20:24:30] DEBUG    72   1.62472281e+14 -9.96320504e+09  1.53e-04 2.56e-02  1.11e+04  1213s
[2025-09-20 20:24:53] DEBUG    73   1.62442655e+14 -9.95612984e+09  1.22e-04 2.56e-02  1.10e+04  1236s
[2025-09-20 20:25:20] DEBUG    74   1.62349982e+14 -1.00255971e+10  1.53e-04 2.56e-02  1.43e+04  1263s
[2025-09-20 20:25:47] DEBUG    75   1.62243162e+14 -1.00324293e+10  1.53e-04 2.56e-02  1.53e+04  1290s
[2025-09-20 20:25:47] DEBUG    Barrier performed 75 iterations in 1290.03 seconds (349.46 work units)
Numerical trouble encountered
[2025-09-20 20:25:47] DEBUG    Model may be infeasible or unbounded.  Consider using the
homogeneous algorithm (through parameter 'BarHomogeneous')
[2025-09-20 20:26:51] DEBUG    Waiting for other threads to finish...        1355s
[2025-09-20 20:27:56] DEBUG    Waiting for other threads to finish...        1419s
[2025-09-20 20:29:01] DEBUG    Waiting for other threads to finish...        1484s
[2025-09-20 20:30:05] DEBUG    Waiting for other threads to finish...        1548s
[2025-09-20 20:31:09] DEBUG    Waiting for other threads to finish...        1613s
[2025-09-20 20:32:14] DEBUG    Waiting for other threads to finish...        1677s
[2025-09-20 20:33:18] DEBUG    Waiting for other threads to finish...        1741s
[2025-09-20 20:34:22] DEBUG    Waiting for other threads to finish...        1806s
[2025-09-20 20:35:27] DEBUG    Waiting for other threads to finish...        1870s
[2025-09-20 20:36:32] DEBUG    Waiting for other threads to finish...        1935s
[2025-09-20 20:37:36] DEBUG    Waiting for other threads to finish...        2000s
[2025-09-20 20:38:41] DEBUG    Waiting for other threads to finish...        2064s
[2025-09-20 20:39:45] DEBUG    Waiting for other threads to finish...        2129s
[2025-09-20 20:40:50] DEBUG    Waiting for other threads to finish...        2194s
[2025-09-20 20:41:55] DEBUG    Waiting for other threads to finish...        2258s
[2025-09-20 20:43:00] DEBUG    Waiting for other threads to finish...        2323s
[2025-09-20 20:44:04] DEBUG    Waiting for other threads to finish...        2387s
[2025-09-20 20:45:09] DEBUG    Waiting for other threads to finish...        2452s
[2025-09-20 20:46:13] DEBUG    Waiting for other threads to finish...        2517s
[2025-09-20 20:47:18] DEBUG    Waiting for other threads to finish...        2581s
[2025-09-20 20:48:22] DEBUG    Waiting for other threads to finish...        2646s
[2025-09-20 20:49:27] DEBUG    Waiting for other threads to finish...        2711s
[2025-09-20 20:50:32] DEBUG    Waiting for other threads to finish...        2776s
[2025-09-20 20:51:37] DEBUG    Waiting for other threads to finish...        2840s
[2025-09-20 20:52:42] DEBUG    Waiting for other threads to finish...        2905s
[2025-09-20 20:53:46] DEBUG    Waiting for other threads to finish...        2969s
[2025-09-20 20:54:51] DEBUG    Waiting for other threads to finish...        3034s
[2025-09-20 20:55:56] DEBUG    Waiting for other threads to finish...        3099s
[2025-09-20 20:57:00] DEBUG    Waiting for other threads to finish...        3163s
[2025-09-20 20:58:05] DEBUG    Waiting for other threads to finish...        3228s
[2025-09-20 20:59:09] DEBUG    Waiting for other threads to finish...        3292s
[2025-09-20 21:00:13] DEBUG    Waiting for other threads to finish...        3357s
[2025-09-20 21:01:18] DEBUG    Waiting for other threads to finish...        3421s
[2025-09-20 21:02:22] DEBUG    Waiting for other threads to finish...        3486s
[2025-09-20 21:03:27] DEBUG    Waiting for other threads to finish...        3550s
[2025-09-20 21:04:31] DEBUG    Waiting for other threads to finish...        3615s
[2025-09-20 21:05:36] DEBUG    Waiting for other threads to finish...        3679s
[2025-09-20 21:06:40] DEBUG    Waiting for other threads to finish...        3743s
[2025-09-20 21:07:45] DEBUG    Waiting for other threads to finish...        3808s
[2025-09-20 21:08:49] DEBUG    Waiting for other threads to finish...        3873s
[2025-09-20 21:09:54] DEBUG    Waiting for other threads to finish...        3937s
[2025-09-20 21:10:58] DEBUG    Waiting for other threads to finish...        4001s
[2025-09-20 21:12:03] DEBUG    Waiting for other threads to finish...        4066s
[2025-09-20 21:13:08] DEBUG    Waiting for other threads to finish...        4131s
[2025-09-20 21:14:12] DEBUG    Waiting for other threads to finish...        4195s
[2025-09-20 21:15:16] DEBUG    Waiting for other threads to finish...        4260s
[2025-09-20 21:16:21] DEBUG    Waiting for other threads to finish...        4324s
[2025-09-20 21:17:26] DEBUG    Waiting for other threads to finish...        4389s
[2025-09-20 21:18:30] DEBUG    Waiting for other threads to finish...        4454s
[2025-09-20 21:19:35] DEBUG    Waiting for other threads to finish...        4518s
[2025-09-20 21:20:39] DEBUG    Waiting for other threads to finish...        4583s
[2025-09-20 21:21:44] DEBUG    Waiting for other threads to finish...        4647s
[2025-09-20 21:22:48] DEBUG    Waiting for other threads to finish...        4712s
[2025-09-20 21:23:53] DEBUG    Waiting for other threads to finish...        4776s
[2025-09-20 21:24:57] DEBUG    Waiting for other threads to finish...        4840s
[2025-09-20 21:26:01] DEBUG    Waiting for other threads to finish...        4905s
[2025-09-20 21:27:06] DEBUG    Waiting for other threads to finish...        4969s
[2025-09-20 21:28:10] DEBUG    Waiting for other threads to finish...        5033s
[2025-09-20 21:29:15] DEBUG    Waiting for other threads to finish...        5098s
[2025-09-20 21:30:20] DEBUG    Waiting for other threads to finish...        5163s
[2025-09-20 21:31:24] DEBUG    Waiting for other threads to finish...        5227s
[2025-09-20 21:32:28] DEBUG    Waiting for other threads to finish...        5292s
[2025-09-20 21:33:32] DEBUG    Waiting for other threads to finish...        5356s
[2025-09-20 21:34:37] DEBUG    Waiting for other threads to finish...        5420s
[2025-09-20 21:35:41] DEBUG    Waiting for other threads to finish...        5485s
[2025-09-20 21:36:46] DEBUG    Waiting for other threads to finish...        5549s
[2025-09-20 21:37:50] DEBUG    Waiting for other threads to finish...        5613s
[2025-09-20 21:38:54] DEBUG    Waiting for other threads to finish...        5678s
[2025-09-20 21:39:59] DEBUG    Waiting for other threads to finish...        5742s
[2025-09-20 21:41:03] DEBUG    Waiting for other threads to finish...        5807s
[2025-09-20 21:42:08] DEBUG    Waiting for other threads to finish...        5871s
[2025-09-20 21:43:13] DEBUG    Waiting for other threads to finish...        5936s
[2025-09-20 21:44:17] DEBUG    Waiting for other threads to finish...        6001s
[2025-09-20 21:45:22] DEBUG    Waiting for other threads to finish...        6065s
[2025-09-20 21:46:26] DEBUG    Waiting for other threads to finish...        6130s
[2025-09-20 21:47:31] DEBUG    Waiting for other threads to finish...        6195s
[2025-09-20 21:48:36] DEBUG    Waiting for other threads to finish...        6259s
[2025-09-20 21:49:40] DEBUG    Waiting for other threads to finish...        6324s
[2025-09-20 21:50:45] DEBUG    Waiting for other threads to finish...        6388s
[2025-09-20 21:51:49] DEBUG    Waiting for other threads to finish...        6452s
[2025-09-20 21:52:54] DEBUG    Waiting for other threads to finish...        6517s
[2025-09-20 21:53:58] DEBUG    Waiting for other threads to finish...        6581s
[2025-09-20 21:55:02] DEBUG    Waiting for other threads to finish...        6646s
[2025-09-20 21:56:07] DEBUG    Waiting for other threads to finish...        6710s
[2025-09-20 21:57:11] DEBUG    Waiting for other threads to finish...        6775s
[2025-09-20 21:58:16] DEBUG    Waiting for other threads to finish...        6839s
[2025-09-20 21:59:20] DEBUG    Waiting for other threads to finish...        6903s
[2025-09-20 22:00:25] DEBUG    Waiting for other threads to finish...        6968s
[2025-09-20 22:01:29] DEBUG    Waiting for other threads to finish...        7033s
[2025-09-20 22:02:34] DEBUG    Waiting for other threads to finish...        7097s
[2025-09-20 22:03:38] DEBUG    Waiting for other threads to finish...        7162s
[2025-09-20 22:04:43] DEBUG    Waiting for other threads to finish...        7226s
[2025-09-20 22:05:48] DEBUG    Waiting for other threads to finish...        7291s
[2025-09-20 22:06:52] DEBUG    Waiting for other threads to finish...        7356s
[2025-09-20 22:07:57] DEBUG    Waiting for other threads to finish...        7420s
[2025-09-20 22:09:02] DEBUG    Waiting for other threads to finish...        7485s
[2025-09-20 22:10:06] DEBUG    Waiting for other threads to finish...        7549s
[2025-09-20 22:11:11] DEBUG    Waiting for other threads to finish...        7614s
[2025-09-20 22:12:16] DEBUG    Waiting for other threads to finish...        7679s
[2025-09-20 22:13:20] DEBUG    Waiting for other threads to finish...        7743s
[2025-09-20 22:14:25] DEBUG    Waiting for other threads to finish...        7808s
[2025-09-20 22:15:29] DEBUG    Waiting for other threads to finish...        7873s
[2025-09-20 22:16:33] DEBUG    Waiting for other threads to finish...        7937s
[2025-09-20 22:17:38] DEBUG    Waiting for other threads to finish...        8001s
[2025-09-20 22:18:43] DEBUG    Waiting for other threads to finish...        8066s
[2025-09-20 22:19:47] DEBUG    Waiting for other threads to finish...        8131s
[2025-09-20 22:20:52] DEBUG    Waiting for other threads to finish...        8195s
[2025-09-20 22:21:56] DEBUG    Waiting for other threads to finish...        8260s
[2025-09-20 22:23:01] DEBUG    Waiting for other threads to finish...        8324s
[2025-09-20 22:24:05] DEBUG    Waiting for other threads to finish...        8389s
[2025-09-20 22:25:10] DEBUG    Waiting for other threads to finish...        8454s
[2025-09-20 22:26:15] DEBUG    Waiting for other threads to finish...        8519s
[2025-09-20 22:27:20] DEBUG    Waiting for other threads to finish...        8583s
[2025-09-20 22:28:24] DEBUG    Waiting for other threads to finish...        8648s
[2025-09-20 22:29:29] DEBUG    Waiting for other threads to finish...        8712s
[2025-09-20 22:30:33] DEBUG    Waiting for other threads to finish...        8776s
[2025-09-20 22:31:37] DEBUG    Waiting for other threads to finish...        8841s
[2025-09-20 22:32:42] DEBUG    Waiting for other threads to finish...        8906s
[2025-09-20 22:33:47] DEBUG    Waiting for other threads to finish...        8970s
[2025-09-20 22:34:51] DEBUG    Waiting for other threads to finish...        9035s
[2025-09-20 22:35:56] DEBUG    Waiting for other threads to finish...        9099s
[2025-09-20 22:37:00] DEBUG    Waiting for other threads to finish...        9164s
[2025-09-20 22:38:05] DEBUG    Waiting for other threads to finish...        9229s
[2025-09-20 22:39:10] DEBUG    Waiting for other threads to finish...        9294s
[2025-09-20 22:40:15] DEBUG    Waiting for other threads to finish...        9358s
[2025-09-20 22:41:19] DEBUG    Waiting for other threads to finish...        9423s
[2025-09-20 22:42:24] DEBUG    Waiting for other threads to finish...        9487s
[2025-09-20 22:43:28] DEBUG    Waiting for other threads to finish...        9552s
[2025-09-20 22:44:33] DEBUG    Waiting for other threads to finish...        9616s
[2025-09-20 22:45:37] DEBUG    Waiting for other threads to finish...        9680s
[2025-09-20 22:46:41] DEBUG    Waiting for other threads to finish...        9745s
[2025-09-20 22:47:46] DEBUG    Waiting for other threads to finish...        9810s
[2025-09-20 22:48:51] DEBUG    Waiting for other threads to finish...        9874s
[2025-09-20 22:49:55] DEBUG    Waiting for other threads to finish...        9939s
[2025-09-20 22:51:00] DEBUG    Waiting for other threads to finish...       10003s
[2025-09-20 22:52:04] DEBUG    Waiting for other threads to finish...       10068s
[2025-09-20 22:53:08] DEBUG    Waiting for other threads to finish...       10132s
[2025-09-20 22:54:13] DEBUG    Waiting for other threads to finish...       10196s
[2025-09-20 22:55:17] DEBUG    Waiting for other threads to finish...       10261s
[2025-09-20 22:56:22] DEBUG    Waiting for other threads to finish...       10326s
[2025-09-20 22:57:27] DEBUG    Waiting for other threads to finish...       10390s
[2025-09-20 22:58:31] DEBUG    Waiting for other threads to finish...       10454s
[2025-09-20 22:59:36] DEBUG    Waiting for other threads to finish...       10519s
[2025-09-20 23:00:40] DEBUG    Waiting for other threads to finish...       10583s
[2025-09-20 23:01:44] DEBUG    Waiting for other threads to finish...       10648s
[2025-09-20 23:02:49] DEBUG    Waiting for other threads to finish...       10712s
[2025-09-20 23:03:53] DEBUG    Waiting for other threads to finish...       10776s
[2025-09-20 23:04:57] DEBUG    Waiting for other threads to finish...       10841s
[2025-09-20 23:06:02] DEBUG    Waiting for other threads to finish...       10905s
[2025-09-20 23:07:06] DEBUG    Waiting for other threads to finish...       10969s
[2025-09-20 23:08:10] DEBUG    Waiting for other threads to finish...       11034s
[2025-09-20 23:09:15] DEBUG    Waiting for other threads to finish...       11098s
[2025-09-20 23:10:20] DEBUG    Waiting for other threads to finish...       11163s
[2025-09-20 23:11:24] DEBUG    Waiting for other threads to finish...       11227s
[2025-09-20 23:12:29] DEBUG    Waiting for other threads to finish...       11292s
[2025-09-20 23:13:33] DEBUG    Waiting for other threads to finish...       11357s
[2025-09-20 23:14:38] DEBUG    Waiting for other threads to finish...       11421s
[2025-09-20 23:15:42] DEBUG    Waiting for other threads to finish...       11486s
[2025-09-20 23:16:47] DEBUG    Waiting for other threads to finish...       11550s
[2025-09-20 23:17:51] DEBUG    Waiting for other threads to finish...       11614s
[2025-09-20 23:18:56] DEBUG    Waiting for other threads to finish...       11679s
[2025-09-20 23:20:00] DEBUG    Waiting for other threads to finish...       11743s
[2025-09-20 23:21:05] DEBUG    Waiting for other threads to finish...       11808s
[2025-09-20 23:22:09] DEBUG    Waiting for other threads to finish...       11873s
[2025-09-20 23:23:14] DEBUG    Waiting for other threads to finish...       11937s
[2025-09-20 23:24:18] DEBUG    Waiting for other threads to finish...       12001s
[2025-09-20 23:25:22] DEBUG    Waiting for other threads to finish...       12066s
[2025-09-20 23:26:27] DEBUG    Waiting for other threads to finish...       12130s
[2025-09-20 23:27:31] DEBUG    Waiting for other threads to finish...       12195s
[2025-09-20 23:28:36] DEBUG    Waiting for other threads to finish...       12259s
[2025-09-20 23:29:40] DEBUG    Waiting for other threads to finish...       12323s
[2025-09-20 23:30:44] DEBUG    Waiting for other threads to finish...       12388s
[2025-09-20 23:31:50] DEBUG    Waiting for other threads to finish...       12453s
[2025-09-20 23:32:54] DEBUG    Waiting for other threads to finish...       12518s
[2025-09-20 23:33:59] DEBUG    Waiting for other threads to finish...       12582s
[2025-09-20 23:35:03] DEBUG    Waiting for other threads to finish...       12647s
[2025-09-20 23:36:08] DEBUG    Waiting for other threads to finish...       12712s
[2025-09-20 23:37:13] DEBUG    Waiting for other threads to finish...       12776s
[2025-09-20 23:38:17] DEBUG    Waiting for other threads to finish...       12841s
[2025-09-20 23:39:22] DEBUG    Waiting for other threads to finish...       12905s
[2025-09-20 23:40:26] DEBUG    Waiting for other threads to finish...       12970s
[2025-09-20 23:41:31] DEBUG    Waiting for other threads to finish...       13034s
[2025-09-20 23:42:35] DEBUG    Waiting for other threads to finish...       13099s
[2025-09-20 23:43:40] DEBUG    Waiting for other threads to finish...       13163s
[2025-09-20 23:44:44] DEBUG    Waiting for other threads to finish...       13228s
[2025-09-20 23:45:49] DEBUG    Waiting for other threads to finish...       13292s
[2025-09-20 23:46:54] DEBUG    Waiting for other threads to finish...       13357s
[2025-09-20 23:47:59] DEBUG    Waiting for other threads to finish...       13422s
[2025-09-20 23:49:03] DEBUG    Waiting for other threads to finish...       13487s
[2025-09-20 23:50:08] DEBUG    Waiting for other threads to finish...       13551s
[2025-09-20 23:51:12] DEBUG    Waiting for other threads to finish...       13615s
[2025-09-20 23:52:16] DEBUG    Waiting for other threads to finish...       13680s
[2025-09-20 23:53:21] DEBUG    Waiting for other threads to finish...       13744s
[2025-09-20 23:54:26] DEBUG    Waiting for other threads to finish...       13809s
[2025-09-20 23:55:30] DEBUG    Waiting for other threads to finish...       13874s
[2025-09-20 23:56:35] DEBUG    Waiting for other threads to finish...       13938s
[2025-09-20 23:57:40] DEBUG    Waiting for other threads to finish...       14003s
[2025-09-20 23:58:44] DEBUG    Waiting for other threads to finish...       14067s
[2025-09-20 23:59:48] DEBUG    Waiting for other threads to finish...       14132s
[2025-09-21 00:00:53] DEBUG    Waiting for other threads to finish...       14196s
[2025-09-21 00:01:57] DEBUG    Waiting for other threads to finish...       14260s
[2025-09-21 00:03:02] DEBUG    Waiting for other threads to finish...       14325s
[2025-09-21 00:04:06] DEBUG    Waiting for other threads to finish...       14390s
[2025-09-21 00:05:11] DEBUG    Waiting for other threads to finish...       14454s
[2025-09-21 00:06:15] DEBUG    Waiting for other threads to finish...       14518s
[2025-09-21 00:07:20] DEBUG    Waiting for other threads to finish...       14583s
[2025-09-21 00:08:24] DEBUG    Waiting for other threads to finish...       14647s
[2025-09-21 00:09:29] DEBUG    Waiting for other threads to finish...       14712s
[2025-09-21 00:10:33] DEBUG    Waiting for other threads to finish...       14777s
[2025-09-21 00:11:38] DEBUG    Waiting for other threads to finish...       14842s
[2025-09-21 00:12:43] DEBUG    Waiting for other threads to finish...       14906s
[2025-09-21 00:13:47] DEBUG    Waiting for other threads to finish...       14970s
[2025-09-21 00:14:52] DEBUG    Waiting for other threads to finish...       15035s
[2025-09-21 00:15:56] DEBUG    Waiting for other threads to finish...       15099s
[2025-09-21 00:17:01] DEBUG    Waiting for other threads to finish...       15164s
[2025-09-21 00:18:06] DEBUG    Waiting for other threads to finish...       15229s
[2025-09-21 00:19:10] DEBUG    Waiting for other threads to finish...       15294s
[2025-09-21 00:20:15] DEBUG    Waiting for other threads to finish...       15358s
[2025-09-21 00:21:20] DEBUG    Waiting for other threads to finish...       15423s
[2025-09-21 00:22:24] DEBUG    Waiting for other threads to finish...       15488s
[2025-09-21 00:23:29] DEBUG    Waiting for other threads to finish...       15552s
[2025-09-21 00:24:33] DEBUG    Waiting for other threads to finish...       15617s
[2025-09-21 00:25:38] DEBUG    Waiting for other threads to finish...       15681s
[2025-09-21 00:26:42] DEBUG    Waiting for other threads to finish...       15746s
[2025-09-21 00:27:47] DEBUG    Waiting for other threads to finish...       15810s
[2025-09-21 00:28:52] DEBUG    Waiting for other threads to finish...       15875s
[2025-09-21 00:29:57] DEBUG    Waiting for other threads to finish...       15940s
[2025-09-21 00:31:01] DEBUG    Waiting for other threads to finish...       16005s
[2025-09-21 00:32:06] DEBUG    Waiting for other threads to finish...       16070s
[2025-09-21 00:33:11] DEBUG    Waiting for other threads to finish...       16134s
[2025-09-21 00:34:15] DEBUG    Waiting for other threads to finish...       16198s
[2025-09-21 00:35:20] DEBUG    Waiting for other threads to finish...       16263s
[2025-09-21 00:36:24] DEBUG    Waiting for other threads to finish...       16328s
[2025-09-21 00:37:29] DEBUG    Waiting for other threads to finish...       16392s
[2025-09-21 00:38:33] DEBUG    Waiting for other threads to finish...       16457s
[2025-09-21 00:39:38] DEBUG    Waiting for other threads to finish...       16521s
[2025-09-21 00:40:43] DEBUG    Waiting for other threads to finish...       16586s
[2025-09-21 00:41:47] DEBUG    Waiting for other threads to finish...       16651s
[2025-09-21 00:42:52] DEBUG    Waiting for other threads to finish...       16715s
[2025-09-21 00:43:56] DEBUG    Waiting for other threads to finish...       16780s
[2025-09-21 00:45:01] DEBUG    Waiting for other threads to finish...       16844s
[2025-09-21 00:46:05] DEBUG    Waiting for other threads to finish...       16909s
[2025-09-21 00:47:09] DEBUG    Waiting for other threads to finish...       16973s
[2025-09-21 00:48:14] DEBUG    Waiting for other threads to finish...       17038s
[2025-09-21 00:49:19] DEBUG    Waiting for other threads to finish...       17103s
[2025-09-21 00:50:24] DEBUG    Waiting for other threads to finish...       17167s
[2025-09-21 00:51:28] DEBUG    Waiting for other threads to finish...       17232s
[2025-09-21 00:52:33] DEBUG    Waiting for other threads to finish...       17296s
[2025-09-21 00:53:37] DEBUG    Waiting for other threads to finish...       17361s
[2025-09-21 00:54:41] DEBUG    Waiting for other threads to finish...       17425s
[2025-09-21 00:55:46] DEBUG    Waiting for other threads to finish...       17489s
[2025-09-21 00:56:51] DEBUG    Waiting for other threads to finish...       17554s
[2025-09-21 00:57:55] DEBUG    Waiting for other threads to finish...       17619s
[2025-09-21 00:59:00] DEBUG    Waiting for other threads to finish...       17683s
[2025-09-21 01:00:04] DEBUG    Waiting for other threads to finish...       17748s
[2025-09-21 01:01:09] DEBUG    Waiting for other threads to finish...       17812s
[2025-09-21 01:02:13] DEBUG    Waiting for other threads to finish...       17877s
[2025-09-21 01:03:18] DEBUG    Waiting for other threads to finish...       17941s
[2025-09-21 01:04:22] DEBUG    Waiting for other threads to finish...       18006s
[2025-09-21 01:05:27] DEBUG    Waiting for other threads to finish...       18070s
[2025-09-21 01:06:31] DEBUG    Waiting for other threads to finish...       18134s
[2025-09-21 01:07:35] DEBUG    Waiting for other threads to finish...       18199s
[2025-09-21 01:08:40] DEBUG    Waiting for other threads to finish...       18263s
[2025-09-21 01:09:45] DEBUG    Waiting for other threads to finish...       18328s
[2025-09-21 01:10:49] DEBUG    Waiting for other threads to finish...       18392s
[2025-09-21 01:11:54] DEBUG    Waiting for other threads to finish...       18457s
[2025-09-21 01:12:58] DEBUG    Waiting for other threads to finish...       18521s
[2025-09-21 01:14:02] DEBUG    Waiting for other threads to finish...       18586s
[2025-09-21 01:15:07] DEBUG    Waiting for other threads to finish...       18650s
[2025-09-21 01:16:11] DEBUG    Waiting for other threads to finish...       18714s
[2025-09-21 01:17:15] DEBUG    Waiting for other threads to finish...       18779s
[2025-09-21 01:18:20] DEBUG    Waiting for other threads to finish...       18843s
[2025-09-21 01:19:24] DEBUG    Waiting for other threads to finish...       18908s
[2025-09-21 01:20:29] DEBUG    Waiting for other threads to finish...       18972s
[2025-09-21 01:21:34] DEBUG    Waiting for other threads to finish...       19037s
[2025-09-21 01:22:38] DEBUG    Waiting for other threads to finish...       19102s
[2025-09-21 01:23:43] DEBUG    Waiting for other threads to finish...       19166s
[2025-09-21 01:24:48] DEBUG    Waiting for other threads to finish...       19231s
[2025-09-21 01:25:52] DEBUG    Waiting for other threads to finish...       19296s
[2025-09-21 01:26:57] DEBUG    Waiting for other threads to finish...       19360s
[2025-09-21 01:28:01] DEBUG    Waiting for other threads to finish...       19425s
[2025-09-21 01:29:06] DEBUG    Waiting for other threads to finish...       19489s
[2025-09-21 01:30:11] DEBUG    Waiting for other threads to finish...       19554s
[2025-09-21 01:31:15] DEBUG    Waiting for other threads to finish...       19619s
[2025-09-21 01:32:20] DEBUG    Waiting for other threads to finish...       19683s
[2025-09-21 01:33:25] DEBUG    Waiting for other threads to finish...       19748s
[2025-09-21 01:34:29] DEBUG    Waiting for other threads to finish...       19813s
[2025-09-21 01:35:34] DEBUG    Waiting for other threads to finish...       19877s
[2025-09-21 01:36:38] DEBUG    Waiting for other threads to finish...       19942s
[2025-09-21 01:37:43] DEBUG    Waiting for other threads to finish...       20007s
[2025-09-21 01:38:48] DEBUG    Waiting for other threads to finish...       20071s
[2025-09-21 01:39:52] DEBUG    Waiting for other threads to finish...       20135s
[2025-09-21 01:40:56] DEBUG    Waiting for other threads to finish...       20199s
[2025-09-21 01:42:01] DEBUG    Waiting for other threads to finish...       20264s
[2025-09-21 01:43:06] DEBUG    Waiting for other threads to finish...       20329s
[2025-09-21 01:44:10] DEBUG    Waiting for other threads to finish...       20394s
[2025-09-21 01:45:15] DEBUG    Waiting for other threads to finish...       20458s
[2025-09-21 01:46:19] DEBUG    Waiting for other threads to finish...       20523s
[2025-09-21 01:47:24] DEBUG    Waiting for other threads to finish...       20587s
[2025-09-21 01:48:29] DEBUG    Waiting for other threads to finish...       20652s
[2025-09-21 01:49:33] DEBUG    Waiting for other threads to finish...       20716s
[2025-09-21 01:50:37] DEBUG    Waiting for other threads to finish...       20781s
[2025-09-21 01:51:42] DEBUG    Waiting for other threads to finish...       20845s
[2025-09-21 01:52:46] DEBUG    Waiting for other threads to finish...       20910s
[2025-09-21 01:53:51] DEBUG    Waiting for other threads to finish...       20975s
[2025-09-21 01:54:56] DEBUG    Waiting for other threads to finish...       21039s
[2025-09-21 01:56:01] DEBUG    Waiting for other threads to finish...       21104s
[2025-09-21 01:57:05] DEBUG    Waiting for other threads to finish...       21169s
[2025-09-21 01:58:10] DEBUG    Waiting for other threads to finish...       21233s
[2025-09-21 01:59:14] DEBUG    Waiting for other threads to finish...       21298s
[2025-09-21 02:00:19] DEBUG    Waiting for other threads to finish...       21362s
[2025-09-21 02:01:23] DEBUG    Waiting for other threads to finish...       21426s
[2025-09-21 02:02:27] DEBUG    Waiting for other threads to finish...       21491s
[2025-09-21 02:03:32] DEBUG    Waiting for other threads to finish...       21556s
[2025-09-21 02:04:37] DEBUG    Waiting for other threads to finish...       21620s
[2025-09-21 02:05:42] DEBUG    Waiting for other threads to finish...       21685s
[2025-09-21 02:06:46] DEBUG    Waiting for other threads to finish...       21749s
[2025-09-21 02:07:51] DEBUG    Waiting for other threads to finish...       21814s
[2025-09-21 02:08:55] DEBUG    Waiting for other threads to finish...       21878s
[2025-09-21 02:09:59] DEBUG    Waiting for other threads to finish...       21942s
[2025-09-21 02:11:03] DEBUG    Waiting for other threads to finish...       22007s
[2025-09-21 02:12:08] DEBUG    Waiting for other threads to finish...       22071s
[2025-09-21 02:13:13] DEBUG    Waiting for other threads to finish...       22136s
[2025-09-21 02:14:17] DEBUG    Waiting for other threads to finish...       22200s
[2025-09-21 02:15:21] DEBUG    Waiting for other threads to finish...       22265s
[2025-09-21 02:16:26] DEBUG    Waiting for other threads to finish...       22330s
[2025-09-21 02:17:30] DEBUG    Waiting for other threads to finish...       22394s
[2025-09-21 02:18:35] DEBUG    Waiting for other threads to finish...       22459s
[2025-09-21 02:19:40] DEBUG    Waiting for other threads to finish...       22523s
[2025-09-21 02:20:44] DEBUG    Waiting for other threads to finish...       22588s
[2025-09-21 02:21:49] DEBUG    Waiting for other threads to finish...       22652s
[2025-09-21 02:22:54] DEBUG    Waiting for other threads to finish...       22717s
[2025-09-21 02:23:58] DEBUG    Waiting for other threads to finish...       22782s
[2025-09-21 02:25:03] DEBUG    Waiting for other threads to finish...       22846s
[2025-09-21 02:26:07] DEBUG    Waiting for other threads to finish...       22911s
[2025-09-21 02:27:12] DEBUG    Waiting for other threads to finish...       22975s
[2025-09-21 02:28:16] DEBUG    Waiting for other threads to finish...       23040s
[2025-09-21 02:29:21] DEBUG    Waiting for other threads to finish...       23104s
[2025-09-21 02:30:25] DEBUG    Waiting for other threads to finish...       23168s
[2025-09-21 02:31:29] DEBUG    Waiting for other threads to finish...       23232s
[2025-09-21 02:32:33] DEBUG    Waiting for other threads to finish...       23297s
[2025-09-21 02:33:38] DEBUG    Waiting for other threads to finish...       23361s
[2025-09-21 02:34:42] DEBUG    Waiting for other threads to finish...       23425s
[2025-09-21 02:35:46] DEBUG    Waiting for other threads to finish...       23490s
[2025-09-21 02:36:51] DEBUG    Waiting for other threads to finish...       23554s
[2025-09-21 02:37:55] DEBUG    Waiting for other threads to finish...       23619s
[2025-09-21 02:39:00] DEBUG    Waiting for other threads to finish...       23683s
[2025-09-21 02:40:04] DEBUG    Waiting for other threads to finish...       23747s
[2025-09-21 02:41:09] DEBUG    Waiting for other threads to finish...       23812s
[2025-09-21 02:42:14] DEBUG    Waiting for other threads to finish...       23877s
[2025-09-21 02:43:18] DEBUG    Waiting for other threads to finish...       23942s
[2025-09-21 02:44:23] DEBUG    Waiting for other threads to finish...       24006s
[2025-09-21 02:45:28] DEBUG    Waiting for other threads to finish...       24071s
[2025-09-21 02:46:32] DEBUG    Waiting for other threads to finish...       24135s
[2025-09-21 02:47:36] DEBUG    Waiting for other threads to finish...       24200s
[2025-09-21 02:48:41] DEBUG    Waiting for other threads to finish...       24264s
[2025-09-21 02:49:45] DEBUG    Waiting for other threads to finish...       24328s
[2025-09-21 02:50:50] DEBUG    Waiting for other threads to finish...       24393s
[2025-09-21 02:51:54] DEBUG    Waiting for other threads to finish...       24457s
[2025-09-21 02:52:58] DEBUG    Waiting for other threads to finish...       24521s
[2025-09-21 02:54:02] DEBUG    Waiting for other threads to finish...       24586s
[2025-09-21 02:55:07] DEBUG    Waiting for other threads to finish...       24651s
[2025-09-21 02:56:12] DEBUG    Waiting for other threads to finish...       24715s
[2025-09-21 02:57:16] DEBUG    Waiting for other threads to finish...       24779s
[2025-09-21 02:58:21] DEBUG    Waiting for other threads to finish...       24844s
[2025-09-21 02:59:25] DEBUG    Waiting for other threads to finish...       24908s
[2025-09-21 03:00:29] DEBUG    Waiting for other threads to finish...       24973s
[2025-09-21 03:01:34] DEBUG    Waiting for other threads to finish...       25038s
[2025-09-21 03:02:39] DEBUG    Waiting for other threads to finish...       25102s
[2025-09-21 03:03:43] DEBUG    Waiting for other threads to finish...       25167s
[2025-09-21 03:04:48] DEBUG    Waiting for other threads to finish...       25231s
[2025-09-21 03:05:53] DEBUG    Waiting for other threads to finish...       25296s
[2025-09-21 03:06:57] DEBUG    Waiting for other threads to finish...       25361s
[2025-09-21 03:08:02] DEBUG    Waiting for other threads to finish...       25425s
[2025-09-21 03:09:06] DEBUG    Waiting for other threads to finish...       25490s
[2025-09-21 03:10:11] DEBUG    Waiting for other threads to finish...       25554s
[2025-09-21 03:11:16] DEBUG    Waiting for other threads to finish...       25619s
[2025-09-21 03:12:20] DEBUG    Waiting for other threads to finish...       25684s
[2025-09-21 03:13:25] DEBUG    Waiting for other threads to finish...       25748s
[2025-09-21 03:14:29] DEBUG    Waiting for other threads to finish...       25813s
[2025-09-21 03:15:34] DEBUG    Waiting for other threads to finish...       25877s
[2025-09-21 03:16:38] DEBUG    Waiting for other threads to finish...       25942s
[2025-09-21 03:17:43] DEBUG    Waiting for other threads to finish...       26006s
[2025-09-21 03:18:47] DEBUG    Waiting for other threads to finish...       26071s
[2025-09-21 03:19:52] DEBUG    Waiting for other threads to finish...       26135s
[2025-09-21 03:20:57] DEBUG    Waiting for other threads to finish...       26200s
[2025-09-21 03:22:02] DEBUG    Waiting for other threads to finish...       26265s
[2025-09-21 03:23:06] DEBUG    Waiting for other threads to finish...       26329s
[2025-09-21 03:24:10] DEBUG    Waiting for other threads to finish...       26394s
[2025-09-21 03:25:15] DEBUG    Waiting for other threads to finish...       26458s
[2025-09-21 03:26:19] DEBUG    Waiting for other threads to finish...       26523s
[2025-09-21 03:27:24] DEBUG    Waiting for other threads to finish...       26587s
[2025-09-21 03:28:28] DEBUG    Waiting for other threads to finish...       26652s
[2025-09-21 03:29:33] DEBUG    Waiting for other threads to finish...       26716s
[2025-09-21 03:30:38] DEBUG    Waiting for other threads to finish...       26781s
[2025-09-21 03:31:42] DEBUG    Waiting for other threads to finish...       26846s
[2025-09-21 03:32:47] DEBUG    Waiting for other threads to finish...       26910s
[2025-09-21 03:33:52] DEBUG    Waiting for other threads to finish...       26975s
[2025-09-21 03:34:56] DEBUG    Waiting for other threads to finish...       27040s
[2025-09-21 03:36:01] DEBUG    Waiting for other threads to finish...       27104s
[2025-09-21 03:37:05] DEBUG    Waiting for other threads to finish...       27169s
[2025-09-21 03:38:10] DEBUG    Waiting for other threads to finish...       27233s
[2025-09-21 03:39:14] DEBUG    Waiting for other threads to finish...       27297s
[2025-09-21 03:40:18] DEBUG    Waiting for other threads to finish...       27362s
[2025-09-21 03:41:23] DEBUG    Waiting for other threads to finish...       27426s
[2025-09-21 03:42:28] DEBUG    Waiting for other threads to finish...       27491s
[2025-09-21 03:43:32] DEBUG    Waiting for other threads to finish...       27555s
[2025-09-21 03:44:37] DEBUG    Waiting for other threads to finish...       27620s
[2025-09-21 03:45:41] DEBUG    Waiting for other threads to finish...       27685s
[2025-09-21 03:46:46] DEBUG    Waiting for other threads to finish...       27749s
[2025-09-21 03:47:51] DEBUG    Waiting for other threads to finish...       27814s
[2025-09-21 03:48:55] DEBUG    Waiting for other threads to finish...       27879s
[2025-09-21 03:49:59] DEBUG    Waiting for other threads to finish...       27943s
[2025-09-21 03:51:04] DEBUG    Waiting for other threads to finish...       28007s
[2025-09-21 03:52:09] DEBUG    Waiting for other threads to finish...       28072s
[2025-09-21 03:53:13] DEBUG    Waiting for other threads to finish...       28136s
[2025-09-21 03:54:18] DEBUG    Waiting for other threads to finish...       28201s
[2025-09-21 03:55:23] DEBUG    Waiting for other threads to finish...       28266s
[2025-09-21 03:56:27] DEBUG    Waiting for other threads to finish...       28330s
[2025-09-21 03:57:32] DEBUG    Waiting for other threads to finish...       28395s
[2025-09-21 03:58:36] DEBUG    Waiting for other threads to finish...       28460s
[2025-09-21 03:59:41] DEBUG    Waiting for other threads to finish...       28524s
[2025-09-21 04:00:45] DEBUG    Waiting for other threads to finish...       28589s
[2025-09-21 04:01:50] DEBUG    Waiting for other threads to finish...       28653s
[2025-09-21 04:02:55] DEBUG    Waiting for other threads to finish...       28718s
[2025-09-21 04:03:59] DEBUG    Waiting for other threads to finish...       28783s
[2025-09-21 04:05:03] DEBUG    Waiting for other threads to finish...       28847s
[2025-09-21 04:06:08] DEBUG    Waiting for other threads to finish...       28911s
[2025-09-21 04:07:13] DEBUG    Waiting for other threads to finish...       28976s
[2025-09-21 04:08:17] DEBUG    Waiting for other threads to finish...       29040s
[2025-09-21 04:09:21] DEBUG    Waiting for other threads to finish...       29105s
[2025-09-21 04:10:26] DEBUG    Waiting for other threads to finish...       29169s
[2025-09-21 04:11:31] DEBUG    Waiting for other threads to finish...       29234s
[2025-09-21 04:12:35] DEBUG    Waiting for other threads to finish...       29299s
[2025-09-21 04:13:40] DEBUG    Waiting for other threads to finish...       29363s
[2025-09-21 04:14:44] DEBUG    Waiting for other threads to finish...       29427s
[2025-09-21 04:15:49] DEBUG    Waiting for other threads to finish...       29492s
[2025-09-21 04:16:53] DEBUG    Waiting for other threads to finish...       29557s
[2025-09-21 04:17:58] DEBUG    Waiting for other threads to finish...       29621s
[2025-09-21 04:19:02] DEBUG    Waiting for other threads to finish...       29685s
[2025-09-21 04:20:07] DEBUG    Waiting for other threads to finish...       29751s
[2025-09-21 04:21:12] DEBUG    Waiting for other threads to finish...       29815s
[2025-09-21 04:22:16] DEBUG    Waiting for other threads to finish...       29880s
[2025-09-21 04:23:21] DEBUG    Waiting for other threads to finish...       29944s
[2025-09-21 04:24:25] DEBUG    Waiting for other threads to finish...       30009s
[2025-09-21 04:25:30] DEBUG    Waiting for other threads to finish...       30073s
[2025-09-21 04:26:34] DEBUG    Waiting for other threads to finish...       30138s
[2025-09-21 04:27:39] DEBUG    Waiting for other threads to finish...       30202s
[2025-09-21 04:28:43] DEBUG    Waiting for other threads to finish...       30267s
[2025-09-21 04:29:48] DEBUG    Waiting for other threads to finish...       30331s
[2025-09-21 04:30:52] DEBUG    Waiting for other threads to finish...       30396s
[2025-09-21 04:31:57] DEBUG    Waiting for other threads to finish...       30460s
[2025-09-21 04:33:01] DEBUG    Waiting for other threads to finish...       30524s
[2025-09-21 04:34:06] DEBUG    Waiting for other threads to finish...       30589s
[2025-09-21 04:35:10] DEBUG    Waiting for other threads to finish...       30653s
[2025-09-21 04:36:15] DEBUG    Waiting for other threads to finish...       30718s
[2025-09-21 04:37:19] DEBUG    Waiting for other threads to finish...       30783s
[2025-09-21 04:38:24] DEBUG    Waiting for other threads to finish...       30847s
[2025-09-21 04:39:28] DEBUG    Waiting for other threads to finish...       30912s
[2025-09-21 04:40:33] DEBUG    Waiting for other threads to finish...       30976s
[2025-09-21 04:41:37] DEBUG    Waiting for other threads to finish...       31040s
[2025-09-21 04:42:42] DEBUG    Waiting for other threads to finish...       31105s
[2025-09-21 04:43:46] DEBUG    Waiting for other threads to finish...       31169s
[2025-09-21 04:44:50] DEBUG    Waiting for other threads to finish...       31234s
[2025-09-21 04:45:55] DEBUG    Waiting for other threads to finish...       31298s
[2025-09-21 04:46:59] DEBUG    Waiting for other threads to finish...       31363s
[2025-09-21 04:48:04] DEBUG    Waiting for other threads to finish...       31427s
[2025-09-21 04:49:08] DEBUG    Waiting for other threads to finish...       31492s
[2025-09-21 04:50:13] DEBUG    Waiting for other threads to finish...       31556s
[2025-09-21 04:51:17] DEBUG    Waiting for other threads to finish...       31621s
[2025-09-21 04:52:22] DEBUG    Waiting for other threads to finish...       31685s
[2025-09-21 04:53:26] DEBUG    Waiting for other threads to finish...       31750s
[2025-09-21 04:54:31] DEBUG    Waiting for other threads to finish...       31814s
[2025-09-21 04:55:35] DEBUG    Waiting for other threads to finish...       31879s
[2025-09-21 04:56:40] DEBUG    Waiting for other threads to finish...       31943s
[2025-09-21 04:57:44] DEBUG    Waiting for other threads to finish...       32008s
[2025-09-21 04:58:48] DEBUG    Waiting for other threads to finish...       32072s
[2025-09-21 04:59:53] DEBUG    Waiting for other threads to finish...       32136s
[2025-09-21 05:00:57] DEBUG    Waiting for other threads to finish...       32200s
[2025-09-21 05:02:02] DEBUG    Waiting for other threads to finish...       32265s
[2025-09-21 05:03:06] DEBUG    Waiting for other threads to finish...       32329s
[2025-09-21 05:04:10] DEBUG    Waiting for other threads to finish...       32394s
[2025-09-21 05:05:15] DEBUG    Waiting for other threads to finish...       32458s
[2025-09-21 05:06:19] DEBUG    Waiting for other threads to finish...       32523s
[2025-09-21 05:07:24] DEBUG    Waiting for other threads to finish...       32587s
[2025-09-21 05:08:28] DEBUG    Waiting for other threads to finish...       32652s
[2025-09-21 05:09:33] DEBUG    Waiting for other threads to finish...       32716s
[2025-09-21 05:10:38] DEBUG    Waiting for other threads to finish...       32781s
[2025-09-21 05:11:42] DEBUG    Waiting for other threads to finish...       32846s
[2025-09-21 05:12:46] DEBUG    Waiting for other threads to finish...       32910s
[2025-09-21 05:13:51] DEBUG    Waiting for other threads to finish...       32974s
[2025-09-21 05:14:55] DEBUG    Waiting for other threads to finish...       33039s
[2025-09-21 05:15:59] DEBUG    Waiting for other threads to finish...       33103s
[2025-09-21 05:17:04] DEBUG    Waiting for other threads to finish...       33167s
[2025-09-21 05:18:09] DEBUG    Waiting for other threads to finish...       33232s
[2025-09-21 05:19:13] DEBUG    Waiting for other threads to finish...       33296s
[2025-09-21 05:20:18] DEBUG    Waiting for other threads to finish...       33361s
[2025-09-21 05:21:22] DEBUG    Waiting for other threads to finish...       33426s
[2025-09-21 05:22:27] DEBUG    Waiting for other threads to finish...       33490s
[2025-09-21 05:23:31] DEBUG    Waiting for other threads to finish...       33555s
[2025-09-21 05:24:36] DEBUG    Waiting for other threads to finish...       33619s
[2025-09-21 05:25:40] DEBUG    Waiting for other threads to finish...       33684s
[2025-09-21 05:26:45] DEBUG    Waiting for other threads to finish...       33748s
[2025-09-21 05:27:49] DEBUG    Waiting for other threads to finish...       33812s
[2025-09-21 05:28:53] DEBUG    Waiting for other threads to finish...       33877s
[2025-09-21 05:29:58] DEBUG    Waiting for other threads to finish...       33941s
[2025-09-21 05:31:03] DEBUG    Waiting for other threads to finish...       34006s
[2025-09-21 05:32:07] DEBUG    Waiting for other threads to finish...       34071s
[2025-09-21 05:33:12] DEBUG    Waiting for other threads to finish...       34135s
[2025-09-21 05:34:16] DEBUG    Waiting for other threads to finish...       34199s
[2025-09-21 05:35:21] DEBUG    Waiting for other threads to finish...       34264s
[2025-09-21 05:36:25] DEBUG    Waiting for other threads to finish...       34329s
[2025-09-21 05:37:30] DEBUG    Waiting for other threads to finish...       34393s
[2025-09-21 05:38:34] DEBUG    Waiting for other threads to finish...       34458s
[2025-09-21 05:39:39] DEBUG    Waiting for other threads to finish...       34522s
[2025-09-21 05:40:44] DEBUG    Waiting for other threads to finish...       34587s
[2025-09-21 05:41:48] DEBUG    Waiting for other threads to finish...       34651s
[2025-09-21 05:42:52] DEBUG    Waiting for other threads to finish...       34715s
[2025-09-21 05:43:56] DEBUG    Waiting for other threads to finish...       34780s
[2025-09-21 05:45:01] DEBUG    Waiting for other threads to finish...       34844s
[2025-09-21 05:46:05] DEBUG    Waiting for other threads to finish...       34909s
[2025-09-21 05:47:10] DEBUG    Waiting for other threads to finish...       34973s
[2025-09-21 05:48:14] DEBUG    Waiting for other threads to finish...       35037s
[2025-09-21 05:49:19] DEBUG    Waiting for other threads to finish...       35102s
[2025-09-21 05:50:23] DEBUG    Waiting for other threads to finish...       35166s
[2025-09-21 05:51:28] DEBUG    Waiting for other threads to finish...       35231s
[2025-09-21 05:52:32] DEBUG    Waiting for other threads to finish...       35296s
[2025-09-21 05:53:37] DEBUG    Waiting for other threads to finish...       35360s
[2025-09-21 05:54:41] DEBUG    Waiting for other threads to finish...       35425s
[2025-09-21 05:55:46] DEBUG    Waiting for other threads to finish...       35489s
[2025-09-21 05:56:50] DEBUG    Waiting for other threads to finish...       35554s
[2025-09-21 05:57:55] DEBUG    Waiting for other threads to finish...       35618s
[2025-09-21 05:58:59] DEBUG    Waiting for other threads to finish...       35683s
[2025-09-21 06:00:04] DEBUG    Waiting for other threads to finish...       35748s
[2025-09-21 06:01:09] DEBUG    Waiting for other threads to finish...       35812s
[2025-09-21 06:02:13] DEBUG    Waiting for other threads to finish...       35877s
[2025-09-21 06:03:18] DEBUG    Waiting for other threads to finish...       35941s
[2025-09-21 06:04:23] DEBUG    Waiting for other threads to finish...       36006s
[2025-09-21 06:05:27] DEBUG    Waiting for other threads to finish...       36071s
[2025-09-21 06:06:32] DEBUG    Waiting for other threads to finish...       36136s
[2025-09-21 06:07:37] DEBUG    Waiting for other threads to finish...       36200s
[2025-09-21 06:08:41] DEBUG    Waiting for other threads to finish...       36264s
[2025-09-21 06:09:45] DEBUG    Waiting for other threads to finish...       36328s
[2025-09-21 06:10:49] DEBUG    Waiting for other threads to finish...       36393s
[2025-09-21 06:11:54] DEBUG    Waiting for other threads to finish...       36457s
[2025-09-21 06:12:58] DEBUG    Waiting for other threads to finish...       36522s
[2025-09-21 06:14:03] DEBUG    Waiting for other threads to finish...       36586s
[2025-09-21 06:15:07] DEBUG    Waiting for other threads to finish...       36651s
[2025-09-21 06:16:12] DEBUG    Waiting for other threads to finish...       36715s
[2025-09-21 06:17:16] DEBUG    Waiting for other threads to finish...       36780s
[2025-09-21 06:18:21] DEBUG    Waiting for other threads to finish...       36844s
[2025-09-21 06:19:25] DEBUG    Waiting for other threads to finish...       36908s
[2025-09-21 06:20:30] DEBUG    Waiting for other threads to finish...       36973s
[2025-09-21 06:21:34] DEBUG    Waiting for other threads to finish...       37038s
[2025-09-21 06:22:39] DEBUG    Waiting for other threads to finish...       37102s
[2025-09-21 06:23:43] DEBUG    Waiting for other threads to finish...       37167s
[2025-09-21 06:24:48] DEBUG    Waiting for other threads to finish...       37232s
[2025-09-21 06:25:53] DEBUG    Waiting for other threads to finish...       37297s
[2025-09-21 06:26:58] DEBUG    Waiting for other threads to finish...       37361s
[2025-09-21 06:28:02] DEBUG    Waiting for other threads to finish...       37425s
[2025-09-21 06:29:06] DEBUG    Waiting for other threads to finish...       37490s
[2025-09-21 06:30:11] DEBUG    Waiting for other threads to finish...       37554s
[2025-09-21 06:31:15] DEBUG    Waiting for other threads to finish...       37619s
[2025-09-21 06:32:20] DEBUG    Waiting for other threads to finish...       37683s
[2025-09-21 06:33:24] DEBUG    Waiting for other threads to finish...       37748s
[2025-09-21 06:34:29] DEBUG    Waiting for other threads to finish...       37812s
[2025-09-21 06:35:34] DEBUG    Waiting for other threads to finish...       37877s
[2025-09-21 06:36:38] DEBUG    Waiting for other threads to finish...       37942s
[2025-09-21 06:37:43] DEBUG    Waiting for other threads to finish...       38006s
[2025-09-21 06:38:47] DEBUG    Waiting for other threads to finish...       38071s
[2025-09-21 06:39:52] DEBUG    Waiting for other threads to finish...       38135s
[2025-09-21 06:40:56] DEBUG    Waiting for other threads to finish...       38200s
[2025-09-21 06:42:01] DEBUG    Waiting for other threads to finish...       38264s
[2025-09-21 06:43:05] DEBUG    Waiting for other threads to finish...       38328s
[2025-09-21 06:44:09] DEBUG    Waiting for other threads to finish...       38393s
[2025-09-21 06:45:14] DEBUG    Waiting for other threads to finish...       38457s
[2025-09-21 06:46:18] DEBUG    Waiting for other threads to finish...       38521s
[2025-09-21 06:47:22] DEBUG    Waiting for other threads to finish...       38586s
[2025-09-21 06:48:27] DEBUG    Waiting for other threads to finish...       38650s
[2025-09-21 06:49:31] DEBUG    Waiting for other threads to finish...       38714s
[2025-09-21 06:50:35] DEBUG    Waiting for other threads to finish...       38779s
[2025-09-21 06:51:40] DEBUG    Waiting for other threads to finish...       38843s
[2025-09-21 06:52:45] DEBUG    Waiting for other threads to finish...       38908s
[2025-09-21 06:53:49] DEBUG    Waiting for other threads to finish...       38972s
[2025-09-21 06:54:53] DEBUG    Waiting for other threads to finish...       39037s
[2025-09-21 06:55:58] DEBUG    Waiting for other threads to finish...       39101s
[2025-09-21 06:57:02] DEBUG    Waiting for other threads to finish...       39165s
[2025-09-21 06:58:07] DEBUG    Waiting for other threads to finish...       39230s
[2025-09-21 06:59:11] DEBUG    Waiting for other threads to finish...       39295s
[2025-09-21 07:00:16] DEBUG    Waiting for other threads to finish...       39359s
[2025-09-21 07:01:20] DEBUG    Waiting for other threads to finish...       39423s
[2025-09-21 07:02:24] DEBUG    Waiting for other threads to finish...       39488s
[2025-09-21 07:03:29] DEBUG    Waiting for other threads to finish...       39552s
[2025-09-21 07:04:33] DEBUG    Waiting for other threads to finish...       39617s
[2025-09-21 07:05:38] DEBUG    Waiting for other threads to finish...       39681s
[2025-09-21 07:06:42] DEBUG    Waiting for other threads to finish...       39746s
[2025-09-21 07:07:47] DEBUG    Waiting for other threads to finish...       39810s
[2025-09-21 07:08:51] DEBUG    Waiting for other threads to finish...       39875s
[2025-09-21 07:09:56] DEBUG    Waiting for other threads to finish...       39939s
[2025-09-21 07:11:00] DEBUG    Waiting for other threads to finish...       40004s
[2025-09-21 07:12:04] DEBUG    Waiting for other threads to finish...       40068s
[2025-09-21 07:13:09] DEBUG    Waiting for other threads to finish...       40132s
[2025-09-21 07:14:14] DEBUG    Waiting for other threads to finish...       40197s
[2025-09-21 07:15:18] DEBUG    Waiting for other threads to finish...       40262s
[2025-09-21 07:16:23] DEBUG    Waiting for other threads to finish...       40326s
[2025-09-21 07:17:27] DEBUG    Waiting for other threads to finish...       40391s
[2025-09-21 07:18:32] DEBUG    Waiting for other threads to finish...       40455s
[2025-09-21 07:19:36] DEBUG    Waiting for other threads to finish...       40520s
[2025-09-21 07:20:41] DEBUG    Waiting for other threads to finish...       40585s
[2025-09-21 07:21:46] DEBUG    Waiting for other threads to finish...       40649s
[2025-09-21 07:22:50] DEBUG    Waiting for other threads to finish...       40714s
[2025-09-21 07:23:55] DEBUG    Waiting for other threads to finish...       40778s
[2025-09-21 07:24:59] DEBUG    Waiting for other threads to finish...       40843s
[2025-09-21 07:26:04] DEBUG    Waiting for other threads to finish...       40907s
[2025-09-21 07:27:08] DEBUG    Waiting for other threads to finish...       40971s
[2025-09-21 07:28:13] DEBUG    Waiting for other threads to finish...       41036s
[2025-09-21 07:29:18] DEBUG    Waiting for other threads to finish...       41101s
[2025-09-21 07:30:22] DEBUG    Waiting for other threads to finish...       41166s
[2025-09-21 07:31:27] DEBUG    Waiting for other threads to finish...       41230s
[2025-09-21 07:32:31] DEBUG    Waiting for other threads to finish...       41295s
[2025-09-21 07:33:36] DEBUG    Waiting for other threads to finish...       41359s
[2025-09-21 07:34:40] DEBUG    Waiting for other threads to finish...       41423s
[2025-09-21 07:35:44] DEBUG    Waiting for other threads to finish...       41487s
[2025-09-21 07:36:49] DEBUG    Waiting for other threads to finish...       41552s
[2025-09-21 07:37:53] DEBUG    Waiting for other threads to finish...       41617s
[2025-09-21 07:38:58] DEBUG    Waiting for other threads to finish...       41681s
[2025-09-21 07:40:02] DEBUG    Waiting for other threads to finish...       41746s
[2025-09-21 07:41:07] DEBUG    Waiting for other threads to finish...       41811s
[2025-09-21 07:42:12] DEBUG    Waiting for other threads to finish...       41875s
[2025-09-21 07:43:17] DEBUG    Waiting for other threads to finish...       41940s
[2025-09-21 07:44:21] DEBUG    Waiting for other threads to finish...       42005s
[2025-09-21 07:45:26] DEBUG    Waiting for other threads to finish...       42069s
[2025-09-21 07:46:30] DEBUG    Waiting for other threads to finish...       42133s
[2025-09-21 07:47:35] DEBUG    Waiting for other threads to finish...       42198s
[2025-09-21 07:48:39] DEBUG    Waiting for other threads to finish...       42262s
[2025-09-21 07:49:43] DEBUG    Waiting for other threads to finish...       42327s
[2025-09-21 07:50:47] DEBUG    Waiting for other threads to finish...       42391s
[2025-09-21 07:51:52] DEBUG    Waiting for other threads to finish...       42455s
[2025-09-21 07:52:56] DEBUG    Waiting for other threads to finish...       42520s
[2025-09-21 07:54:01] DEBUG    Waiting for other threads to finish...       42584s
[2025-09-21 07:55:05] DEBUG    Waiting for other threads to finish...       42649s
[2025-09-21 07:56:10] DEBUG    Waiting for other threads to finish...       42713s
[2025-09-21 07:57:14] DEBUG    Waiting for other threads to finish...       42778s
[2025-09-21 07:58:19] DEBUG    Waiting for other threads to finish...       42842s
[2025-09-21 07:59:23] DEBUG    Waiting for other threads to finish...       42907s
[2025-09-21 08:00:28] DEBUG    Waiting for other threads to finish...       42971s
[2025-09-21 08:01:33] DEBUG    Waiting for other threads to finish...       43036s
[2025-09-21 08:02:37] DEBUG    Waiting for other threads to finish...       43101s
[2025-09-21 08:03:42] DEBUG    Waiting for other threads to finish...       43165s
[2025-09-21 08:04:47] DEBUG    Waiting for other threads to finish...       43230s
[2025-09-21 08:05:51] DEBUG    Waiting for other threads to finish...       43294s
[2025-09-21 08:06:55] DEBUG    Waiting for other threads to finish...       43359s
[2025-09-21 08:08:00] DEBUG    Waiting for other threads to finish...       43423s
[2025-09-21 08:09:05] DEBUG    Waiting for other threads to finish...       43488s
[2025-09-21 08:10:09] DEBUG    Waiting for other threads to finish...       43553s
[2025-09-21 08:11:14] DEBUG    Waiting for other threads to finish...       43617s
[2025-09-21 08:12:18] DEBUG    Waiting for other threads to finish...       43682s
[2025-09-21 08:13:23] DEBUG    Waiting for other threads to finish...       43746s
[2025-09-21 08:14:27] DEBUG    Waiting for other threads to finish...       43811s
[2025-09-21 08:15:32] DEBUG    Waiting for other threads to finish...       43875s
[2025-09-21 08:16:36] DEBUG    Waiting for other threads to finish...       43939s
[2025-09-21 08:17:40] DEBUG    Waiting for other threads to finish...       44004s
[2025-09-21 08:18:45] DEBUG    Waiting for other threads to finish...       44069s
[2025-09-21 08:19:50] DEBUG    Waiting for other threads to finish...       44133s
[2025-09-21 08:20:54] DEBUG    Waiting for other threads to finish...       44198s
[2025-09-21 08:21:59] DEBUG    Waiting for other threads to finish...       44262s
[2025-09-21 08:23:03] DEBUG    Waiting for other threads to finish...       44327s
[2025-09-21 08:24:08] DEBUG    Waiting for other threads to finish...       44392s
[2025-09-21 08:25:13] DEBUG    Waiting for other threads to finish...       44456s
[2025-09-21 08:26:17] DEBUG    Waiting for other threads to finish...       44520s
[2025-09-21 08:27:22] DEBUG    Waiting for other threads to finish...       44586s
[2025-09-21 08:28:27] DEBUG    Waiting for other threads to finish...       44650s
[2025-09-21 08:29:31] DEBUG    Waiting for other threads to finish...       44714s
[2025-09-21 08:30:35] DEBUG    Waiting for other threads to finish...       44779s
[2025-09-21 08:31:40] DEBUG    Waiting for other threads to finish...       44843s
[2025-09-21 08:32:45] DEBUG    Waiting for other threads to finish...       44908s
[2025-09-21 08:33:49] DEBUG    Waiting for other threads to finish...       44973s
[2025-09-21 08:34:54] DEBUG    Waiting for other threads to finish...       45037s
[2025-09-21 08:35:59] DEBUG    Waiting for other threads to finish...       45102s
[2025-09-21 08:37:03] DEBUG    Waiting for other threads to finish...       45167s
[2025-09-21 08:38:08] DEBUG    Waiting for other threads to finish...       45231s
[2025-09-21 08:39:12] DEBUG    Waiting for other threads to finish...       45296s
[2025-09-21 08:40:17] DEBUG    Waiting for other threads to finish...       45360s
[2025-09-21 08:41:22] DEBUG    Waiting for other threads to finish...       45425s
[2025-09-21 08:42:26] DEBUG    Waiting for other threads to finish...       45490s
[2025-09-21 08:43:31] DEBUG    Waiting for other threads to finish...       45554s
[2025-09-21 08:44:35] DEBUG    Waiting for other threads to finish...       45618s
[2025-09-21 08:45:40] DEBUG    Waiting for other threads to finish...       45683s
[2025-09-21 08:46:44] DEBUG    Waiting for other threads to finish...       45748s
[2025-09-21 08:47:49] DEBUG    Waiting for other threads to finish...       45812s
[2025-09-21 08:48:54] DEBUG    Waiting for other threads to finish...       45877s
[2025-09-21 08:49:58] DEBUG    Waiting for other threads to finish...       45942s
[2025-09-21 08:51:03] DEBUG    Waiting for other threads to finish...       46006s
[2025-09-21 08:52:07] DEBUG    Waiting for other threads to finish...       46071s
[2025-09-21 08:53:12] DEBUG    Waiting for other threads to finish...       46135s
[2025-09-21 08:54:16] DEBUG    Waiting for other threads to finish...       46200s
[2025-09-21 08:55:21] DEBUG    Waiting for other threads to finish...       46264s
[2025-09-21 08:56:25] DEBUG    Waiting for other threads to finish...       46329s
[2025-09-21 08:57:30] DEBUG    Waiting for other threads to finish...       46393s
[2025-09-21 08:58:34] DEBUG    Waiting for other threads to finish...       46458s
[2025-09-21 08:59:39] DEBUG    Waiting for other threads to finish...       46522s
[2025-09-21 09:00:43] DEBUG    Waiting for other threads to finish...       46586s
[2025-09-21 09:01:47] DEBUG    Waiting for other threads to finish...       46651s
[2025-09-21 09:02:52] DEBUG    Waiting for other threads to finish...       46715s
[2025-09-21 09:03:56] DEBUG    Waiting for other threads to finish...       46779s
[2025-09-21 09:05:01] DEBUG    Waiting for other threads to finish...       46844s
[2025-09-21 09:06:05] DEBUG    Waiting for other threads to finish...       46908s
[2025-09-21 09:07:09] DEBUG    Waiting for other threads to finish...       46973s
[2025-09-21 09:08:14] DEBUG    Waiting for other threads to finish...       47037s
[2025-09-21 09:09:19] DEBUG    Waiting for other threads to finish...       47102s
[2025-09-21 09:10:23] DEBUG    Waiting for other threads to finish...       47166s
[2025-09-21 09:11:27] DEBUG    Waiting for other threads to finish...       47231s
[2025-09-21 09:12:32] DEBUG    Waiting for other threads to finish...       47295s
[2025-09-21 09:13:37] DEBUG    Waiting for other threads to finish...       47360s
[2025-09-21 09:14:41] DEBUG    Waiting for other threads to finish...       47425s
[2025-09-21 09:15:45] DEBUG    Waiting for other threads to finish...       47489s
[2025-09-21 09:16:50] DEBUG    Waiting for other threads to finish...       47553s
[2025-09-21 09:17:54] DEBUG    Waiting for other threads to finish...       47617s
[2025-09-21 09:18:59] DEBUG    Waiting for other threads to finish...       47682s
[2025-09-21 09:20:03] DEBUG    Waiting for other threads to finish...       47747s
[2025-09-21 09:21:08] DEBUG    Waiting for other threads to finish...       47811s
[2025-09-21 09:22:13] DEBUG    Waiting for other threads to finish...       47876s
[2025-09-21 09:23:17] DEBUG    Waiting for other threads to finish...       47941s
[2025-09-21 09:24:22] DEBUG    Waiting for other threads to finish...       48005s
[2025-09-21 09:25:27] DEBUG    Waiting for other threads to finish...       48070s
[2025-09-21 09:26:31] DEBUG    Waiting for other threads to finish...       48135s
[2025-09-21 09:27:36] DEBUG    Waiting for other threads to finish...       48199s
[2025-09-21 09:28:41] DEBUG    Waiting for other threads to finish...       48264s
[2025-09-21 09:29:45] DEBUG    Waiting for other threads to finish...       48329s
[2025-09-21 09:30:50] DEBUG    Waiting for other threads to finish...       48393s
[2025-09-21 09:31:55] DEBUG    Waiting for other threads to finish...       48458s
[2025-09-21 09:32:59] DEBUG    Waiting for other threads to finish...       48522s
[2025-09-21 09:34:03] DEBUG    Waiting for other threads to finish...       48587s
[2025-09-21 09:35:08] DEBUG    Waiting for other threads to finish...       48651s
[2025-09-21 09:36:12] DEBUG    Waiting for other threads to finish...       48715s
[2025-09-21 09:37:17] DEBUG    Waiting for other threads to finish...       48780s
[2025-09-21 09:38:21] DEBUG    Waiting for other threads to finish...       48844s
[2025-09-21 09:39:26] DEBUG    Waiting for other threads to finish...       48909s
[2025-09-21 09:40:30] DEBUG    Waiting for other threads to finish...       48973s
[2025-09-21 09:41:35] DEBUG    Waiting for other threads to finish...       49038s
[2025-09-21 09:42:39] DEBUG    Waiting for other threads to finish...       49102s
[2025-09-21 09:43:43] DEBUG    Waiting for other threads to finish...       49166s
[2025-09-21 09:44:48] DEBUG    Waiting for other threads to finish...       49231s
[2025-09-21 09:45:52] DEBUG    Waiting for other threads to finish...       49295s
[2025-09-21 09:46:56] DEBUG    Waiting for other threads to finish...       49360s
[2025-09-21 09:48:01] DEBUG    Waiting for other threads to finish...       49425s
[2025-09-21 09:49:06] DEBUG    Waiting for other threads to finish...       49489s
[2025-09-21 09:50:10] DEBUG    Waiting for other threads to finish...       49554s
[2025-09-21 09:51:15] DEBUG    Waiting for other threads to finish...       49619s
[2025-09-21 09:52:20] DEBUG    Waiting for other threads to finish...       49683s
[2025-09-21 09:53:25] DEBUG    Waiting for other threads to finish...       49748s
[2025-09-21 09:54:29] DEBUG    Waiting for other threads to finish...       49813s
[2025-09-21 09:55:34] DEBUG    Waiting for other threads to finish...       49877s
[2025-09-21 09:56:38] DEBUG    Waiting for other threads to finish...       49942s
[2025-09-21 09:57:43] DEBUG    Waiting for other threads to finish...       50006s
[2025-09-21 09:58:47] DEBUG    Waiting for other threads to finish...       50071s
[2025-09-21 09:59:52] DEBUG    Waiting for other threads to finish...       50135s
[2025-09-21 10:00:56] DEBUG    Waiting for other threads to finish...       50199s
[2025-09-21 10:02:00] DEBUG    Waiting for other threads to finish...       50264s
[2025-09-21 10:03:05] DEBUG    Waiting for other threads to finish...       50328s
[2025-09-21 10:04:10] DEBUG    Waiting for other threads to finish...       50393s
[2025-09-21 10:05:14] DEBUG    Waiting for other threads to finish...       50458s
[2025-09-21 10:06:19] DEBUG    Waiting for other threads to finish...       50522s
[2025-09-21 10:07:23] DEBUG    Waiting for other threads to finish...       50587s
[2025-09-21 10:08:28] DEBUG    Waiting for other threads to finish...       50651s
[2025-09-21 10:09:32] DEBUG    Waiting for other threads to finish...       50716s
[2025-09-21 10:10:37] DEBUG    Waiting for other threads to finish...       50780s
[2025-09-21 10:11:41] DEBUG    Waiting for other threads to finish...       50845s
[2025-09-21 10:12:46] DEBUG    Waiting for other threads to finish...       50909s
[2025-09-21 10:13:50] DEBUG    Waiting for other threads to finish...       50974s
[2025-09-21 10:14:55] DEBUG    Waiting for other threads to finish...       51038s
[2025-09-21 10:15:59] DEBUG    Waiting for other threads to finish...       51102s
[2025-09-21 10:17:03] DEBUG    Waiting for other threads to finish...       51167s
[2025-09-21 10:18:08] DEBUG    Waiting for other threads to finish...       51231s
[2025-09-21 10:19:12] DEBUG    Waiting for other threads to finish...       51295s
[2025-09-21 10:20:16] DEBUG    Waiting for other threads to finish...       51360s
[2025-09-21 10:21:21] DEBUG    Waiting for other threads to finish...       51424s
[2025-09-21 10:22:25] DEBUG    Waiting for other threads to finish...       51488s
[2025-09-21 10:23:29] DEBUG    Waiting for other threads to finish...       51553s
[2025-09-21 10:24:33] DEBUG    Waiting for other threads to finish...       51617s
[2025-09-21 10:25:38] DEBUG    Waiting for other threads to finish...       51682s
[2025-09-21 10:26:43] DEBUG    Waiting for other threads to finish...       51746s
[2025-09-21 10:27:47] DEBUG    Waiting for other threads to finish...       51810s
[2025-09-21 10:28:52] DEBUG    Waiting for other threads to finish...       51875s
[2025-09-21 10:29:57] DEBUG    Waiting for other threads to finish...       51940s
[2025-09-21 10:31:01] DEBUG    Waiting for other threads to finish...       52004s
[2025-09-21 10:32:05] DEBUG    Waiting for other threads to finish...       52069s
[2025-09-21 10:33:10] DEBUG    Waiting for other threads to finish...       52133s
[2025-09-21 10:33:27] DEBUG    Solved with dual simplex
[2025-09-21 10:33:41] DEBUG    Iteration    Objective       Primal Inf.    Dual Inf.      Time
 5958796    1.9507588e+10   0.000000e+00   0.000000e+00  52164s
[2025-09-21 10:33:41] DEBUG    Solved in 5958796 iterations and 52164.34 seconds (40508.39 work units)
[2025-09-21 10:33:41] DEBUG    Optimal objective  1.950758789e+10
✅ Scenario completato: new_trasmission_VRES_2035_BESS

🚀 Lancio scenario: new_trasmission_VRES_2035_PHES
[2025-09-21 10:43:14] INFO     Loading sets
[2025-09-21 10:43:14] INFO     Loading parameters
[2025-09-21 10:43:53] INFO     constraints are loaded in the following order: ['energy_balance', 'dispatch', 'costs', 'capacity', 'network', 'policy', 'conversion', 'group', 'conversion_plus', 'milp', 'export']
[2025-09-21 10:43:53] INFO     creating energy_balance constraints
[2025-09-21 10:49:23] INFO     creating dispatch constraints
[2025-09-21 10:54:02] INFO     creating costs constraints
[2025-09-21 11:07:20] INFO     creating capacity constraints
[2025-09-21 11:07:20] INFO     creating network constraints
[2025-09-21 11:07:20] INFO     creating policy constraints
[2025-09-21 11:07:20] INFO     creating conversion constraints
[2025-09-21 11:07:20] INFO     creating group constraints
[2025-09-21 11:07:20] INFO     creating conversion_plus constraints
[2025-09-21 11:07:20] INFO     creating milp constraints
[2025-09-21 11:07:20] INFO     creating export constraints
[2025-09-21 11:23:43] DEBUG    Set parameter WLSAccessID
Set parameter WLSSecret
Set parameter LicenseID to value 2680226
[2025-09-21 11:23:43] DEBUG    Academic license 2680226 - for non-commercial use only - registered to an___@mail.polimi.it
[2025-09-21 11:24:30] DEBUG    Read LP format model from file /tmp/tmp3qfa5a9o.pyomo.lp
Reading time = 47.04 seconds
[2025-09-21 11:24:30] DEBUG    x22648270: 30120728 rows, 22648270 columns, 74271351 nonzeros
Set parameter NumericFocus to value 1
Gurobi Optimizer version 12.0.2 build v12.0.2rc0 (linux64 - "Debian GNU/Linux 11 (bullseye)")

CPU model: Intel(R) Xeon(R) Silver 4314 CPU @ 2.40GHz, instruction set [SSE2|AVX|AVX2|AVX512]
Thread count: 32 physical cores, 64 logical processors, using up to 32 threads

Non-default parameters:
NumericFocus  1
[2025-09-21 11:24:30] DEBUG    Academic license 2680226 - for non-commercial use only - registered to an___@mail.polimi.it
Optimize a model with 30120728 rows, 22648270 columns and 74271351 nonzeros
[2025-09-21 11:24:31] DEBUG    Model fingerprint: 0xf2d5f3b8
[2025-09-21 11:24:31] DEBUG    Coefficient statistics:
  Matrix range     [1e-07, 6e+02]
  Objective range  [1e+00, 1e+06]
  Bounds range     [0e+00, 0e+00]
  RHS range        [1e+00, 6e+09]
[2025-09-21 11:24:31] DEBUG    Warning: Model contains large rhs
[2025-09-21 11:24:37] DEBUG    Presolve removed 21462226 rows and 12111557 columns (presolve time = 6s)...
[2025-09-21 11:24:42] DEBUG    Presolve removed 22121003 rows and 12591392 columns (presolve time = 10s)...
[2025-09-21 11:24:46] DEBUG    Presolve removed 23401371 rows and 15450000 columns (presolve time = 15s)...
[2025-09-21 11:24:52] DEBUG    Presolve removed 26070203 rows and 18073254 columns (presolve time = 20s)...
[2025-09-21 11:24:57] DEBUG    Presolve removed 26599344 rows and 18073254 columns (presolve time = 25s)...
[2025-09-21 11:25:27] DEBUG    Presolve removed 26599344 rows and 18327294 columns (presolve time = 56s)...
[2025-09-21 11:25:32] DEBUG    Presolve removed 26599344 rows and 18835374 columns (presolve time = 60s)...
[2025-09-21 11:25:34] DEBUG    Presolve removed 26739488 rows and 18835374 columns
[2025-09-21 11:26:17] DEBUG    Presolve time: 106.65s
Presolved: 3381240 rows, 3953040 columns, 14403008 nonzeros

Concurrent LP optimizer: primal simplex, dual simplex, and barrier
Showing barrier log only...
[2025-09-21 11:27:15] DEBUG    Elapsed ordering time = 56s
[2025-09-21 11:27:19] DEBUG    Elapsed ordering time = 60s
[2025-09-21 11:27:24] DEBUG    Elapsed ordering time = 65s
[2025-09-21 11:27:34] DEBUG    Ordering time: 74.31s
[2025-09-21 11:27:36] DEBUG    Barrier statistics:
 Dense cols : 170
 AA' NZ     : 1.496e+07
[2025-09-21 11:27:36] DEBUG    Factor NZ  : 6.212e+07 (roughly 3.5 GB of memory)
 Factor Ops : 6.358e+09 (less than 1 second per iteration)
 Threads    : 30
[2025-09-21 11:27:42] DEBUG    Objective                Residual
[2025-09-21 11:27:42] DEBUG    Iter       Primal          Dual         Primal    Dual     Compl     Time
[2025-09-21 11:27:42] DEBUG    0   2.18845537e+21 -8.22821623e+18  7.87e+10 2.89e-11  3.34e+15   192s
[2025-09-21 11:27:49] DEBUG    1   1.99299507e+21 -9.43353673e+18  7.15e+10 1.84e+05  2.67e+15   198s
[2025-09-21 11:27:58] DEBUG    2   1.87189294e+21 -2.87409671e+19  6.73e+10 1.32e+05  2.41e+15   208s
[2025-09-21 11:28:09] DEBUG    3   1.55368487e+21 -7.65756375e+19  5.60e+10 5.07e+04  1.80e+15   219s
[2025-09-21 11:28:17] DEBUG    4   7.24575603e+20 -9.43174303e+19  2.56e+10 1.39e+04  8.03e+14   227s
[2025-09-21 11:28:27] DEBUG    5   4.81708386e+20 -8.48121103e+19  1.73e+10 6.21e+03  5.38e+14   236s
[2025-09-21 11:28:35] DEBUG    6   4.23464772e+20 -7.57994510e+19  1.51e+10 3.70e+03  4.58e+14   245s
[2025-09-21 11:28:42] DEBUG    7   3.85722707e+20 -7.20831897e+19  1.38e+10 2.90e+03  4.17e+14   251s
[2025-09-21 11:28:47] DEBUG    8   3.09055960e+20 -6.57627924e+19  1.10e+10 2.02e+03  3.32e+14   257s
[2025-09-21 11:28:55] DEBUG    9   2.01404282e+20 -5.68464124e+19  7.34e+09 1.21e+03  2.22e+14   265s
[2025-09-21 11:29:05] DEBUG    10   5.30072045e+19 -4.41227080e+19  1.75e+09 4.68e+02  5.75e+13   275s
[2025-09-21 11:29:16] DEBUG    11   1.83080590e+19 -2.84492078e+19  5.55e+08 1.89e+02  2.00e+13   286s
[2025-09-21 11:29:25] DEBUG    12   4.83695152e+18 -1.28325702e+19  1.38e+08 5.68e+01  5.50e+12   295s
[2025-09-21 11:29:34] DEBUG    13   3.13089617e+17 -4.89286927e+18  8.78e+06 1.24e+01  8.45e+11   303s
[2025-09-21 11:29:40] DEBUG    14   1.09430316e+17 -4.35758793e+17  3.03e+06 4.29e-01  1.05e+11   310s
[2025-09-21 11:29:46] DEBUG    15   8.94310590e+15 -1.00034100e+17  2.44e+05 4.99e-02  1.47e+10   316s
[2025-09-21 11:29:53] DEBUG    16   9.53942589e+13 -4.88805128e+15  1.85e+02 9.66e-04  5.53e+08   322s
[2025-09-21 11:29:59] DEBUG    17   7.59334106e+13 -1.52700232e+15  3.49e+01 3.93e-03  1.74e+08   328s
[2025-09-21 11:30:04] DEBUG    18   6.50389324e+13 -6.24480300e+14  3.32e+00 4.19e-03  7.18e+07   334s
[2025-09-21 11:30:10] DEBUG    19   6.03262004e+13 -1.73315731e+14  9.22e-01 5.20e-03  2.09e+07   339s
[2025-09-21 11:30:16] DEBUG    20   5.64090033e+13 -1.01587870e+14  4.81e-01 6.62e-03  1.25e+07   346s
[2025-09-21 11:30:22] DEBUG    21   5.60623607e+13 -1.00255203e+14  4.61e-01 6.63e-03  1.23e+07   352s
[2025-09-21 11:30:27] DEBUG    22   5.59798878e+13 -9.13776343e+13  4.57e-01 6.77e-03  1.13e+07   357s
[2025-09-21 11:30:32] DEBUG    23   5.56599560e+13 -8.99608618e+13  4.40e-01 6.84e-03  1.11e+07   362s
[2025-09-21 11:30:41] DEBUG    24   5.52197528e+13 -6.92785587e+13  4.20e-01 7.25e-03  8.68e+06   371s
[2025-09-21 11:30:51] DEBUG    25   5.46995408e+13 -6.38510207e+13  3.95e-01 7.48e-03  8.03e+06   381s
[2025-09-21 11:31:04] DEBUG    26   5.37348745e+13 -3.84222984e+13  3.50e-01 8.14e-03  5.03e+06   394s
[2025-09-21 11:31:16] DEBUG    27   5.32218574e+13 -2.68418461e+13  3.31e-01 8.59e-03  3.64e+06   406s
[2025-09-21 11:31:25] DEBUG    28   5.29839569e+13 -2.51376913e+13  3.22e-01 8.67e-03  3.43e+06   415s
[2025-09-21 11:31:36] DEBUG    29   5.21477058e+13 -2.30782977e+13  2.92e-01 8.77e-03  3.16e+06   426s
[2025-09-21 11:31:47] DEBUG    30   5.19303889e+13 -1.98051600e+13  2.85e-01 8.92e-03  2.76e+06   437s
[2025-09-21 11:31:57] DEBUG    31   5.16795261e+13 -1.87476513e+13  2.77e-01 8.97e-03  2.62e+06   447s
[2025-09-21 11:32:09] DEBUG    32   5.12325362e+13 -1.60756632e+13  2.63e-01 9.12e-03  2.29e+06   459s
[2025-09-21 11:32:22] DEBUG    33   5.06629745e+13 -1.45530581e+13  2.46e-01 9.22e-03  2.09e+06   471s
[2025-09-21 11:32:33] DEBUG    34   5.00172707e+13 -1.16918821e+13  2.28e-01 9.38e-03  1.72e+06   483s
[2025-09-21 11:32:45] DEBUG    35   4.91931633e+13 -1.01067244e+13  2.06e-01 9.48e-03  1.51e+06   495s
[2025-09-21 11:32:58] DEBUG    36   4.86788744e+13 -9.10944332e+12  1.93e-01 9.53e-03  1.37e+06   508s
[2025-09-21 11:33:10] DEBUG    37   4.83553112e+13 -8.24558471e+12  1.85e-01 9.57e-03  1.26e+06   520s
[2025-09-21 11:33:24] DEBUG    38   4.80888404e+13 -7.20555130e+12  1.79e-01 9.63e-03  1.13e+06   534s
[2025-09-21 11:33:33] DEBUG    39   4.76876868e+13 -6.87494250e+12  1.70e-01 9.64e-03  1.08e+06   543s
[2025-09-21 11:33:45] DEBUG    40   4.73404300e+13 -6.03782433e+12  1.62e-01 9.68e-03  9.66e+05   554s
[2025-09-21 11:33:58] DEBUG    41   4.56406768e+13 -5.08953120e+12  1.26e-01 9.73e-03  8.03e+05   567s
[2025-09-21 11:34:09] DEBUG    42   4.52643447e+13 -4.59437105e+12  1.20e-01 9.76e-03  7.34e+05   578s
[2025-09-21 11:34:20] DEBUG    43   4.48555704e+13 -4.54712667e+12  1.12e-01 9.76e-03  7.18e+05   590s
[2025-09-21 11:34:32] DEBUG    44   4.42193035e+13 -2.05849244e+12  1.01e-01 1.02e-02  4.04e+05   602s
[2025-09-21 11:34:44] DEBUG    45   4.27074238e+13 -1.75818819e+12  7.70e-02 1.25e-02  3.32e+05   614s
[2025-09-21 11:34:56] DEBUG    46   4.15981954e+13 -1.16181283e+12  6.27e-02 1.45e-02  2.38e+05   625s
[2025-09-21 11:35:24] DEBUG    47   3.85476572e+13 -9.09781630e+11  5.52e-02 1.18e-02  2.05e+05   654s
[2025-09-21 11:35:44] DEBUG    48   3.61058457e+13 -6.79176866e+11  4.76e-02 1.50e-02  1.71e+05   673s
[2025-09-21 11:36:02] DEBUG    49   3.29075723e+13 -5.41377276e+11  4.12e-02 1.50e-02  1.49e+05   692s
[2025-09-21 11:36:25] DEBUG    50   3.07126041e+13 -4.33660240e+11  3.60e-02 1.50e-02  1.35e+05   714s
[2025-09-21 11:36:46] DEBUG    51   2.94403235e+13 -3.84665968e+11  3.24e-02 1.49e-02  1.25e+05   736s
[2025-09-21 11:37:06] DEBUG    52   2.79090788e+13 -2.86038050e+11  2.78e-02 1.45e-02  1.08e+05   755s
[2025-09-21 11:37:20] DEBUG    53   2.67536350e+13 -2.11646717e+11  2.21e-02 1.44e-02  8.58e+04   770s
[2025-09-21 11:37:35] DEBUG    54   2.58726156e+13 -1.82452764e+11  1.85e-02 1.43e-02  7.18e+04   784s
[2025-09-21 11:37:49] DEBUG    55   2.55163272e+13 -1.52686126e+11  1.62e-02 1.42e-02  6.24e+04   798s
[2025-09-21 11:38:03] DEBUG    56   2.52477168e+13 -1.27656429e+11  1.46e-02 1.40e-02  5.52e+04   813s
[2025-09-21 11:38:15] DEBUG    57   2.49096174e+13 -1.08261391e+11  1.28e-02 1.39e-02  4.83e+04   825s
[2025-09-21 11:38:28] DEBUG    58   2.45192047e+13 -8.71693944e+10  1.09e-02 1.37e-02  4.07e+04   838s
[2025-09-21 11:38:43] DEBUG    59   2.41526563e+13 -6.82453100e+10  9.32e-03 1.35e-02  3.42e+04   852s
[2025-09-21 11:38:56] DEBUG    60   2.40639581e+13 -6.12109426e+10  8.99e-03 1.34e-02  3.25e+04   866s
[2025-09-21 11:39:10] DEBUG    61   2.35903045e+13 -5.01346868e+10  7.30e-03 1.32e-02  2.66e+04   879s
[2025-09-21 11:39:36] DEBUG    62   2.33224390e+13 -4.56899557e+10  7.09e-03 1.31e-02  2.57e+04   906s
[2025-09-21 11:40:09] DEBUG    63   2.24765317e+13 -4.19545760e+10  6.36e-03 1.30e-02  2.35e+04   939s
[2025-09-21 11:40:45] DEBUG    64   2.23544132e+13 -3.98973244e+10  6.29e-03 1.30e-02  2.32e+04   974s
[2025-09-21 11:41:19] DEBUG    65   2.21812804e+13 -3.44450668e+10  6.17e-03 1.28e-02  2.32e+04  1009s
[2025-09-21 11:41:59] DEBUG    66   2.19116635e+13 -3.17551492e+10  6.01e-03 1.27e-02  2.28e+04  1049s
[2025-09-21 11:42:23] DEBUG    67   2.15051013e+13 -2.93910806e+10  5.51e-03 1.26e-02  2.44e+04  1073s
[2025-09-21 11:42:36] DEBUG    68   2.12997458e+13 -2.51141681e+10  5.17e-03 1.25e-02  2.27e+04  1086s
[2025-09-21 11:42:48] DEBUG    69   2.11876860e+13 -2.36321360e+10  4.98e-03 1.24e-02  2.24e+04  1098s
[2025-09-21 11:43:05] DEBUG    70   2.08300847e+13 -1.97608009e+10  4.40e-03 1.22e-02  1.98e+04  1115s
[2025-09-21 11:43:26] DEBUG    71   2.07362184e+13 -1.85110575e+10  4.33e-03 1.20e-02  1.95e+04  1136s
[2025-09-21 11:43:55] DEBUG    72   2.04867251e+13 -1.73768426e+10  4.20e-03 1.14e-02  1.90e+04  1165s
[2025-09-21 11:44:32] DEBUG    73   2.00516542e+13 -1.54796108e+10  3.96e-03 1.07e-02  1.81e+04  1201s
[2025-09-21 11:44:57] DEBUG    74   1.99121609e+13 -1.44884437e+10  3.85e-03 1.04e-02  1.76e+04  1227s
[2025-09-21 11:45:23] DEBUG    75   1.97867810e+13 -1.32141285e+10  3.72e-03 9.95e-03  1.70e+04  1253s
[2025-09-21 11:45:42] DEBUG    76   1.97311794e+13 -1.17303844e+10  3.63e-03 9.48e-03  1.66e+04  1272s
[2025-09-21 11:45:58] DEBUG    77   1.95838928e+13 -1.00443659e+10  3.42e-03 8.91e-03  1.56e+04  1288s
[2025-09-21 11:46:14] DEBUG    78   1.94741888e+13 -8.46933350e+09  3.26e-03 8.42e-03  1.48e+04  1304s
[2025-09-21 11:46:27] DEBUG    79   1.92651744e+13 -6.78275444e+09  2.98e-03 7.79e-03  1.35e+04  1317s
[2025-09-21 11:46:39] DEBUG    80   1.92130899e+13 -4.79823143e+09  2.86e-03 7.16e-03  1.27e+04  1329s
[2025-09-21 11:46:53] DEBUG    81   1.90241673e+13 -3.82679003e+09  2.63e-03 6.76e-03  1.18e+04  1343s
[2025-09-21 11:47:10] DEBUG    82   1.87110884e+13 -2.07404484e+09  2.28e-03 6.12e-03  1.04e+04  1360s
[2025-09-21 11:47:49] DEBUG    83   1.85367881e+13 -1.09733992e+09  2.20e-03 5.81e-03  1.01e+04  1399s
[2025-09-21 11:48:28] DEBUG    84   1.81747262e+13 -8.25187932e+07  2.05e-03 5.46e-03  9.57e+03  1438s
[2025-09-21 11:49:01] DEBUG    85   1.80186188e+13  6.56005236e+08  1.99e-03 5.21e-03  9.51e+03  1471s
[2025-09-21 11:49:45] DEBUG    86   1.76724224e+13  1.49091513e+09  1.86e-03 4.94e-03  8.95e+03  1515s
[2025-09-21 11:50:26] DEBUG    87   1.76312322e+13  1.80379737e+09  1.84e-03 4.84e-03  9.09e+03  1556s
[2025-09-21 11:50:54] DEBUG    88   1.75590058e+13  2.13108527e+09  1.80e-03 4.73e-03  8.89e+03  1584s
[2025-09-21 11:51:15] DEBUG    89   1.75346676e+13  2.31323839e+09  1.78e-03 4.67e-03  8.87e+03  1604s
[2025-09-21 11:51:34] DEBUG    90   1.75133550e+13  2.41567063e+09  1.77e-03 4.63e-03  8.79e+03  1624s
[2025-09-21 11:51:59] DEBUG    91   1.74558117e+13  2.94109623e+09  1.73e-03 4.45e-03  8.60e+03  1649s
[2025-09-21 11:52:20] DEBUG    92   1.73720445e+13  3.54894429e+09  1.64e-03 4.24e-03  8.18e+03  1670s
[2025-09-21 11:52:43] DEBUG    93   1.73037539e+13  4.02429314e+09  1.57e-03 4.07e-03  7.83e+03  1693s
[2025-09-21 11:53:07] DEBUG    94   1.71910943e+13  4.59004870e+09  1.51e-03 3.88e-03  7.54e+03  1717s
[2025-09-21 11:53:37] DEBUG    95   1.70772552e+13  5.11721574e+09  1.46e-03 3.71e-03  7.32e+03  1747s
[2025-09-21 11:53:59] DEBUG    96   1.69736455e+13  5.57163308e+09  1.39e-03 3.56e-03  6.99e+03  1769s
[2025-09-21 11:54:15] DEBUG    97   1.68980003e+13  5.99982126e+09  1.31e-03 3.41e-03  6.63e+03  1785s
[2025-09-21 11:54:35] DEBUG    98   1.68626965e+13  6.52899438e+09  1.28e-03 3.24e-03  6.43e+03  1805s
[2025-09-21 11:54:50] DEBUG    99   1.68262454e+13  6.98967611e+09  1.22e-03 3.08e-03  6.11e+03  1820s
[2025-09-21 11:55:06] DEBUG    100   1.68082443e+13  7.48430167e+09  1.19e-03 3.27e-03  5.89e+03  1835s
[2025-09-21 11:55:20] DEBUG    101   1.67764157e+13  7.81617194e+09  1.14e-03 3.60e-03  5.64e+03  1850s
[2025-09-21 11:55:37] DEBUG    102   1.67456919e+13  8.19992629e+09  1.09e-03 3.98e-03  5.38e+03  1867s
[2025-09-21 11:55:50] DEBUG    103   1.67152071e+13  8.53658378e+09  1.04e-03 4.25e-03  5.15e+03  1880s
[2025-09-21 11:56:04] DEBUG    104   1.66785296e+13  8.88070798e+09  9.85e-04 4.62e-03  4.88e+03  1894s
[2025-09-21 11:56:19] DEBUG    105   1.66561911e+13  9.53342503e+09  9.54e-04 5.82e-03  4.64e+03  1908s
[2025-09-21 11:56:33] DEBUG    106   1.66277734e+13  1.00467806e+10  9.15e-04 6.61e-03  4.39e+03  1923s
[2025-09-21 11:56:44] DEBUG    107   1.65630348e+13  1.03392868e+10  8.29e-04 6.84e-03  4.03e+03  1934s
[2025-09-21 11:56:55] DEBUG    108   1.65379071e+13  1.07561757e+10  8.00e-04 7.16e-03  3.84e+03  1945s
[2025-09-21 11:57:09] DEBUG    109   1.65165759e+13  1.10634971e+10  7.75e-04 7.26e-03  3.69e+03  1959s
[2025-09-21 11:57:22] DEBUG    110   1.64600623e+13  1.13994467e+10  7.11e-04 7.30e-03  3.41e+03  1972s
[2025-09-21 11:57:44] DEBUG    111   1.64314614e+13  1.18083886e+10  6.81e-04 7.37e-03  3.22e+03  1994s
[2025-09-21 11:57:58] DEBUG    112   1.63807726e+13  1.20317448e+10  6.31e-04 7.40e-03  3.00e+03  2008s
[2025-09-21 11:58:13] DEBUG    113   1.63251103e+13  1.23041466e+10  5.79e-04 7.29e-03  2.78e+03  2023s
[2025-09-21 11:58:28] DEBUG    114   1.62911470e+13  1.28125071e+10  5.50e-04 7.09e-03  2.57e+03  2037s
[2025-09-21 11:58:41] DEBUG    115   1.62333395e+13  1.30755931e+10  5.03e-04 6.91e-03  2.36e+03  2051s
[2025-09-21 11:58:53] DEBUG    116   1.61618066e+13  1.32205008e+10  4.50e-04 6.89e-03  2.17e+03  2063s
[2025-09-21 11:59:05] DEBUG    117   1.61325045e+13  1.33644031e+10  4.31e-04 6.96e-03  2.07e+03  2075s
[2025-09-21 11:59:16] DEBUG    118   1.61224080e+13  1.35084969e+10  4.24e-04 7.00e-03  2.02e+03  2085s
[2025-09-21 11:59:27] DEBUG    119   1.60845232e+13  1.36398703e+10  4.00e-04 7.04e-03  1.92e+03  2097s
[2025-09-21 11:59:40] DEBUG    120   1.60573027e+13  1.37908806e+10  3.84e-04 7.07e-03  1.84e+03  2110s
[2025-09-21 11:59:55] DEBUG    121   1.60065677e+13  1.39650776e+10  3.54e-04 7.09e-03  1.71e+03  2125s
[2025-09-21 12:00:08] DEBUG    122   1.59708676e+13  1.41962833e+10  3.36e-04 7.13e-03  1.60e+03  2138s
[2025-09-21 12:00:21] DEBUG    123   1.59379698e+13  1.43408929e+10  3.19e-04 7.11e-03  1.51e+03  2151s
[2025-09-21 12:00:34] DEBUG    124   1.58992957e+13  1.43757432e+10  3.00e-04 7.11e-03  1.45e+03  2163s
[2025-09-21 12:00:47] DEBUG    125   1.58462809e+13  1.47003492e+10  2.76e-04 7.03e-03  1.30e+03  2177s
[2025-09-21 12:01:01] DEBUG    126   1.57950638e+13  1.48173044e+10  2.55e-04 6.95e-03  1.21e+03  2191s
[2025-09-21 12:01:15] DEBUG    127   1.57727985e+13  1.48907280e+10  2.45e-04 6.87e-03  1.17e+03  2205s
[2025-09-21 12:01:25] DEBUG    128   1.57504002e+13  1.49487362e+10  2.38e-04 6.81e-03  1.13e+03  2215s
[2025-09-21 12:01:38] DEBUG    129   1.57000322e+13  1.49855907e+10  2.19e-04 6.77e-03  1.07e+03  2228s
[2025-09-21 12:01:49] DEBUG    130   1.56899637e+13  1.50740478e+10  2.16e-04 6.64e-03  1.04e+03  2239s
[2025-09-21 12:02:01] DEBUG    131   1.56728789e+13  1.51031683e+10  2.10e-04 6.59e-03  1.02e+03  2251s
[2025-09-21 12:02:15] DEBUG    132   1.56199062e+13  1.52685940e+10  1.93e-04 6.38e-03  9.31e+02  2265s
[2025-09-21 12:02:28] DEBUG    133   1.55684334e+13  1.53557561e+10  1.78e-04 6.22e-03  8.66e+02  2278s
[2025-09-21 12:02:42] DEBUG    134   1.55116148e+13  1.54345222e+10  1.63e-04 6.04e-03  8.04e+02  2291s
[2025-09-21 12:02:57] DEBUG    135   1.54656881e+13  1.55544158e+10  1.52e-04 5.79e-03  7.42e+02  2307s
[2025-09-21 12:03:12] DEBUG    136   1.54482375e+13  1.56072073e+10  1.48e-04 5.66e-03  7.18e+02  2322s
[2025-09-21 12:03:24] DEBUG    137   1.54183153e+13  1.56450798e+10  1.41e-04 5.56e-03  6.91e+02  2333s
[2025-09-21 12:03:38] DEBUG    138   1.53652688e+13  1.57276051e+10  1.29e-04 5.36e-03  6.38e+02  2347s
[2025-09-21 12:03:52] DEBUG    139   1.53343195e+13  1.58004598e+10  1.23e-04 5.48e-03  6.03e+02  2362s
[2025-09-21 12:04:03] DEBUG    140   1.53141442e+13  1.58365458e+10  1.20e-04 5.54e-03  5.84e+02  2373s
[2025-09-21 12:04:16] DEBUG    141   1.52795039e+13  1.58629130e+10  1.13e-04 5.58e-03  5.60e+02  2386s
[2025-09-21 12:04:31] DEBUG    142   1.52452409e+13  1.59356559e+10  1.07e-04 5.69e-03  5.26e+02  2401s
[2025-09-21 12:04:44] DEBUG    143   1.52186811e+13  1.60006663e+10  1.03e-04 5.79e-03  4.97e+02  2414s
[2025-09-21 12:04:58] DEBUG    144   1.51823825e+13  1.60548454e+10  9.69e-05 5.87e-03  4.68e+02  2428s
[2025-09-21 12:05:13] DEBUG    145   1.51424201e+13  1.61012092e+10  9.30e-05 5.94e-03  4.40e+02  2442s
[2025-09-21 12:05:27] DEBUG    146   1.51144354e+13  1.61290409e+10  9.59e-05 5.98e-03  4.23e+02  2457s
[2025-09-21 12:05:40] DEBUG    147   1.50891038e+13  1.61542719e+10  1.01e-04 6.01e-03  4.07e+02  2470s
[2025-09-21 12:05:54] DEBUG    148   1.50616714e+13  1.61903670e+10  9.24e-05 6.06e-03  3.88e+02  2484s
[2025-09-21 12:06:06] DEBUG    149   1.50255744e+13  1.62313079e+10  8.10e-05 6.12e-03  3.66e+02  2496s
[2025-09-21 12:06:18] DEBUG    150   1.50072687e+13  1.62502864e+10  8.08e-05 6.14e-03  3.55e+02  2508s
[2025-09-21 12:06:31] DEBUG    151   1.49864032e+13  1.62705770e+10  7.92e-05 6.16e-03  3.44e+02  2521s
[2025-09-21 12:06:45] DEBUG    152   1.49547715e+13  1.62770191e+10  7.50e-05 6.17e-03  3.32e+02  2535s
[2025-09-21 12:07:03] DEBUG    153   1.49507542e+13  1.62959303e+10  7.52e-05 6.19e-03  3.27e+02  2553s
[2025-09-21 12:07:33] DEBUG    154   1.49508719e+13  1.62959573e+10  7.53e-05 6.19e-03  3.27e+02  2582s
[2025-09-21 12:08:05] DEBUG    155   1.49499125e+13  1.62964155e+10  7.52e-05 6.19e-03  3.27e+02  2615s
[2025-09-21 12:08:33] DEBUG    156   1.49483116e+13  1.62905541e+10  7.50e-05 6.19e-03  3.28e+02  2642s
[2025-09-21 12:08:59] DEBUG    157   1.49472380e+13  1.62910626e+10  7.51e-05 6.19e-03  3.27e+02  2669s
[2025-09-21 12:09:31] DEBUG    158   1.49378349e+13  1.62935514e+10  7.48e-05 6.19e-03  3.27e+02  2701s
[2025-09-21 12:10:01] DEBUG    159   1.49300221e+13  1.63018306e+10  7.46e-05 6.19e-03  3.26e+02  2731s
[2025-09-21 12:10:24] DEBUG    160   1.49179532e+13  1.63063331e+10  7.41e-05 6.19e-03  3.25e+02  2754s
[2025-09-21 12:10:24] DEBUG    Barrier performed 160 iterations in 2754.12 seconds (661.49 work units)
[2025-09-21 12:10:24] DEBUG    Numerical trouble encountered

Model may be infeasible or unbounded.  Consider using the
homogeneous algorithm (through parameter 'BarHomogeneous')
[2025-09-21 12:11:29] DEBUG    Waiting for other threads to finish...        2819s
[2025-09-21 12:12:33] DEBUG    Waiting for other threads to finish...        2883s
[2025-09-21 12:13:37] DEBUG    Waiting for other threads to finish...        2947s
[2025-09-21 12:14:42] DEBUG    Waiting for other threads to finish...        3011s
[2025-09-21 12:15:46] DEBUG    Waiting for other threads to finish...        3076s
[2025-09-21 12:16:50] DEBUG    Waiting for other threads to finish...        3140s
[2025-09-21 12:17:55] DEBUG    Waiting for other threads to finish...        3205s
[2025-09-21 12:18:59] DEBUG    Waiting for other threads to finish...        3269s
[2025-09-21 12:20:04] DEBUG    Waiting for other threads to finish...        3333s
[2025-09-21 12:21:08] DEBUG    Waiting for other threads to finish...        3398s
[2025-09-21 12:22:12] DEBUG    Waiting for other threads to finish...        3462s
[2025-09-21 12:23:17] DEBUG    Waiting for other threads to finish...        3527s
[2025-09-21 12:24:21] DEBUG    Waiting for other threads to finish...        3591s
[2025-09-21 12:25:26] DEBUG    Waiting for other threads to finish...        3656s
[2025-09-21 12:26:30] DEBUG    Waiting for other threads to finish...        3720s
[2025-09-21 12:27:35] DEBUG    Waiting for other threads to finish...        3785s
[2025-09-21 12:28:40] DEBUG    Waiting for other threads to finish...        3850s
[2025-09-21 12:29:45] DEBUG    Waiting for other threads to finish...        3914s
[2025-09-21 12:30:49] DEBUG    Waiting for other threads to finish...        3979s
[2025-09-21 12:31:54] DEBUG    Waiting for other threads to finish...        4044s
[2025-09-21 12:32:59] DEBUG    Waiting for other threads to finish...        4109s
[2025-09-21 12:34:03] DEBUG    Waiting for other threads to finish...        4173s
[2025-09-21 12:35:08] DEBUG    Waiting for other threads to finish...        4237s
[2025-09-21 12:36:12] DEBUG    Waiting for other threads to finish...        4302s
[2025-09-21 12:37:17] DEBUG    Waiting for other threads to finish...        4367s
[2025-09-21 12:38:21] DEBUG    Waiting for other threads to finish...        4431s
[2025-09-21 12:39:26] DEBUG    Waiting for other threads to finish...        4496s
[2025-09-21 12:40:30] DEBUG    Waiting for other threads to finish...        4560s
[2025-09-21 12:41:35] DEBUG    Waiting for other threads to finish...        4625s
[2025-09-21 12:42:40] DEBUG    Waiting for other threads to finish...        4690s
[2025-09-21 12:43:45] DEBUG    Waiting for other threads to finish...        4754s
[2025-09-21 12:44:49] DEBUG    Waiting for other threads to finish...        4819s
[2025-09-21 12:45:54] DEBUG    Waiting for other threads to finish...        4884s
[2025-09-21 12:46:59] DEBUG    Waiting for other threads to finish...        4948s
[2025-09-21 12:48:03] DEBUG    Waiting for other threads to finish...        5013s
[2025-09-21 12:49:08] DEBUG    Waiting for other threads to finish...        5078s
[2025-09-21 12:50:13] DEBUG    Waiting for other threads to finish...        5142s
[2025-09-21 12:51:17] DEBUG    Waiting for other threads to finish...        5207s
[2025-09-21 12:52:21] DEBUG    Waiting for other threads to finish...        5271s
[2025-09-21 12:53:26] DEBUG    Waiting for other threads to finish...        5336s
[2025-09-21 12:54:30] DEBUG    Waiting for other threads to finish...        5400s
[2025-09-21 12:55:35] DEBUG    Waiting for other threads to finish...        5465s
[2025-09-21 12:56:39] DEBUG    Waiting for other threads to finish...        5529s
[2025-09-21 12:57:44] DEBUG    Waiting for other threads to finish...        5594s
[2025-09-21 12:58:48] DEBUG    Waiting for other threads to finish...        5658s
[2025-09-21 12:59:53] DEBUG    Waiting for other threads to finish...        5723s
[2025-09-21 13:00:57] DEBUG    Waiting for other threads to finish...        5787s
[2025-09-21 13:02:02] DEBUG    Waiting for other threads to finish...        5851s
[2025-09-21 13:03:06] DEBUG    Waiting for other threads to finish...        5916s
[2025-09-21 13:04:11] DEBUG    Waiting for other threads to finish...        5981s
[2025-09-21 13:05:15] DEBUG    Waiting for other threads to finish...        6045s
[2025-09-21 13:06:20] DEBUG    Waiting for other threads to finish...        6109s
[2025-09-21 13:07:24] DEBUG    Waiting for other threads to finish...        6174s
[2025-09-21 13:08:28] DEBUG    Waiting for other threads to finish...        6238s
[2025-09-21 13:09:32] DEBUG    Waiting for other threads to finish...        6302s
[2025-09-21 13:10:37] DEBUG    Waiting for other threads to finish...        6366s
[2025-09-21 13:11:41] DEBUG    Waiting for other threads to finish...        6431s
[2025-09-21 13:12:46] DEBUG    Waiting for other threads to finish...        6496s
[2025-09-21 13:13:50] DEBUG    Waiting for other threads to finish...        6560s
[2025-09-21 13:14:54] DEBUG    Waiting for other threads to finish...        6624s
[2025-09-21 13:15:59] DEBUG    Waiting for other threads to finish...        6689s
[2025-09-21 13:17:04] DEBUG    Waiting for other threads to finish...        6753s
[2025-09-21 13:18:08] DEBUG    Waiting for other threads to finish...        6818s
[2025-09-21 13:19:12] DEBUG    Waiting for other threads to finish...        6882s
[2025-09-21 13:20:17] DEBUG    Waiting for other threads to finish...        6947s
[2025-09-21 13:21:22] DEBUG    Waiting for other threads to finish...        7012s
[2025-09-21 13:22:26] DEBUG    Waiting for other threads to finish...        7076s
[2025-09-21 13:23:31] DEBUG    Waiting for other threads to finish...        7140s
[2025-09-21 13:24:35] DEBUG    Waiting for other threads to finish...        7205s
[2025-09-21 13:25:40] DEBUG    Waiting for other threads to finish...        7269s
[2025-09-21 13:26:44] DEBUG    Waiting for other threads to finish...        7334s
[2025-09-21 13:27:48] DEBUG    Waiting for other threads to finish...        7398s
[2025-09-21 13:28:53] DEBUG    Waiting for other threads to finish...        7462s
[2025-09-21 13:29:57] DEBUG    Waiting for other threads to finish...        7527s
[2025-09-21 13:31:02] DEBUG    Waiting for other threads to finish...        7592s
[2025-09-21 13:32:06] DEBUG    Waiting for other threads to finish...        7656s
[2025-09-21 13:33:11] DEBUG    Waiting for other threads to finish...        7721s
[2025-09-21 13:34:15] DEBUG    Waiting for other threads to finish...        7785s
[2025-09-21 13:35:20] DEBUG    Waiting for other threads to finish...        7849s
[2025-09-21 13:36:24] DEBUG    Waiting for other threads to finish...        7914s
[2025-09-21 13:37:29] DEBUG    Waiting for other threads to finish...        7978s
[2025-09-21 13:38:33] DEBUG    Waiting for other threads to finish...        8043s
[2025-09-21 13:39:38] DEBUG    Waiting for other threads to finish...        8107s
[2025-09-21 13:40:42] DEBUG    Waiting for other threads to finish...        8172s
[2025-09-21 13:41:46] DEBUG    Waiting for other threads to finish...        8236s
[2025-09-21 13:42:51] DEBUG    Waiting for other threads to finish...        8300s
[2025-09-21 13:43:55] DEBUG    Waiting for other threads to finish...        8365s
[2025-09-21 13:45:00] DEBUG    Waiting for other threads to finish...        8429s
[2025-09-21 13:46:04] DEBUG    Waiting for other threads to finish...        8494s
[2025-09-21 13:47:09] DEBUG    Waiting for other threads to finish...        8558s
[2025-09-21 13:48:13] DEBUG    Waiting for other threads to finish...        8623s
[2025-09-21 13:49:18] DEBUG    Waiting for other threads to finish...        8688s
[2025-09-21 13:50:22] DEBUG    Waiting for other threads to finish...        8752s
[2025-09-21 13:51:27] DEBUG    Waiting for other threads to finish...        8817s
[2025-09-21 13:52:32] DEBUG    Waiting for other threads to finish...        8882s
[2025-09-21 13:53:37] DEBUG    Waiting for other threads to finish...        8947s
[2025-09-21 13:54:41] DEBUG    Waiting for other threads to finish...        9011s
[2025-09-21 13:55:46] DEBUG    Waiting for other threads to finish...        9076s
[2025-09-21 13:56:51] DEBUG    Waiting for other threads to finish...        9140s
[2025-09-21 13:57:55] DEBUG    Waiting for other threads to finish...        9205s
[2025-09-21 13:59:00] DEBUG    Waiting for other threads to finish...        9270s
[2025-09-21 14:00:04] DEBUG    Waiting for other threads to finish...        9334s
[2025-09-21 14:01:09] DEBUG    Waiting for other threads to finish...        9399s
[2025-09-21 14:02:14] DEBUG    Waiting for other threads to finish...        9463s
[2025-09-21 14:03:18] DEBUG    Waiting for other threads to finish...        9528s
[2025-09-21 14:04:23] DEBUG    Waiting for other threads to finish...        9592s
[2025-09-21 14:05:27] DEBUG    Waiting for other threads to finish...        9657s
[2025-09-21 14:06:32] DEBUG    Waiting for other threads to finish...        9722s
[2025-09-21 14:07:37] DEBUG    Waiting for other threads to finish...        9786s
[2025-09-21 14:08:42] DEBUG    Waiting for other threads to finish...        9851s
[2025-09-21 14:09:46] DEBUG    Waiting for other threads to finish...        9916s
[2025-09-21 14:10:51] DEBUG    Waiting for other threads to finish...        9981s
[2025-09-21 14:11:55] DEBUG    Waiting for other threads to finish...       10045s
[2025-09-21 14:13:00] DEBUG    Waiting for other threads to finish...       10110s
[2025-09-21 14:14:05] DEBUG    Waiting for other threads to finish...       10174s
[2025-09-21 14:15:09] DEBUG    Waiting for other threads to finish...       10239s
[2025-09-21 14:16:13] DEBUG    Waiting for other threads to finish...       10303s
[2025-09-21 14:17:18] DEBUG    Waiting for other threads to finish...       10367s
[2025-09-21 14:18:22] DEBUG    Waiting for other threads to finish...       10432s
[2025-09-21 14:19:27] DEBUG    Waiting for other threads to finish...       10496s
[2025-09-21 14:20:31] DEBUG    Waiting for other threads to finish...       10561s
[2025-09-21 14:21:35] DEBUG    Waiting for other threads to finish...       10625s
[2025-09-21 14:22:40] DEBUG    Waiting for other threads to finish...       10690s
[2025-09-21 14:23:44] DEBUG    Waiting for other threads to finish...       10754s
[2025-09-21 14:24:49] DEBUG    Waiting for other threads to finish...       10819s
[2025-09-21 14:25:53] DEBUG    Waiting for other threads to finish...       10883s
[2025-09-21 14:26:58] DEBUG    Waiting for other threads to finish...       10947s
[2025-09-21 14:28:02] DEBUG    Waiting for other threads to finish...       11012s
[2025-09-21 14:29:06] DEBUG    Waiting for other threads to finish...       11076s
[2025-09-21 14:30:11] DEBUG    Waiting for other threads to finish...       11140s
[2025-09-21 14:31:15] DEBUG    Waiting for other threads to finish...       11205s
[2025-09-21 14:32:19] DEBUG    Waiting for other threads to finish...       11269s
[2025-09-21 14:33:24] DEBUG    Waiting for other threads to finish...       11334s
[2025-09-21 14:34:29] DEBUG    Waiting for other threads to finish...       11398s
[2025-09-21 14:35:33] DEBUG    Waiting for other threads to finish...       11463s
[2025-09-21 14:36:37] DEBUG    Waiting for other threads to finish...       11527s
[2025-09-21 14:37:41] DEBUG    Waiting for other threads to finish...       11591s
[2025-09-21 14:38:45] DEBUG    Waiting for other threads to finish...       11655s
[2025-09-21 14:39:49] DEBUG    Waiting for other threads to finish...       11719s
[2025-09-21 14:40:53] DEBUG    Waiting for other threads to finish...       11783s
[2025-09-21 14:41:58] DEBUG    Waiting for other threads to finish...       11847s
[2025-09-21 14:43:02] DEBUG    Waiting for other threads to finish...       11912s
[2025-09-21 14:44:07] DEBUG    Waiting for other threads to finish...       11977s
[2025-09-21 14:45:11] DEBUG    Waiting for other threads to finish...       12041s
[2025-09-21 14:46:15] DEBUG    Waiting for other threads to finish...       12105s
[2025-09-21 14:47:20] DEBUG    Waiting for other threads to finish...       12170s
[2025-09-21 14:48:24] DEBUG    Waiting for other threads to finish...       12234s
[2025-09-21 14:49:29] DEBUG    Waiting for other threads to finish...       12298s
[2025-09-21 14:50:33] DEBUG    Waiting for other threads to finish...       12363s
[2025-09-21 14:51:38] DEBUG    Waiting for other threads to finish...       12428s
[2025-09-21 14:52:42] DEBUG    Waiting for other threads to finish...       12492s
[2025-09-21 14:53:47] DEBUG    Waiting for other threads to finish...       12557s
[2025-09-21 14:54:51] DEBUG    Waiting for other threads to finish...       12621s
[2025-09-21 14:55:56] DEBUG    Waiting for other threads to finish...       12686s
[2025-09-21 14:57:01] DEBUG    Waiting for other threads to finish...       12751s
[2025-09-21 14:58:06] DEBUG    Waiting for other threads to finish...       12815s
[2025-09-21 14:59:10] DEBUG    Waiting for other threads to finish...       12880s
[2025-09-21 15:00:15] DEBUG    Waiting for other threads to finish...       12945s
[2025-09-21 15:01:20] DEBUG    Waiting for other threads to finish...       13010s
[2025-09-21 15:02:25] DEBUG    Waiting for other threads to finish...       13075s
[2025-09-21 15:03:30] DEBUG    Waiting for other threads to finish...       13139s
[2025-09-21 15:04:34] DEBUG    Waiting for other threads to finish...       13204s
[2025-09-21 15:05:39] DEBUG    Waiting for other threads to finish...       13269s
[2025-09-21 15:06:43] DEBUG    Waiting for other threads to finish...       13333s
[2025-09-21 15:07:48] DEBUG    Waiting for other threads to finish...       13398s
[2025-09-21 15:08:52] DEBUG    Waiting for other threads to finish...       13462s
[2025-09-21 15:09:57] DEBUG    Waiting for other threads to finish...       13526s
[2025-09-21 15:11:01] DEBUG    Waiting for other threads to finish...       13591s
[2025-09-21 15:12:06] DEBUG    Waiting for other threads to finish...       13655s
[2025-09-21 15:13:10] DEBUG    Waiting for other threads to finish...       13720s
[2025-09-21 15:14:14] DEBUG    Waiting for other threads to finish...       13784s
[2025-09-21 15:15:19] DEBUG    Waiting for other threads to finish...       13849s
[2025-09-21 15:16:24] DEBUG    Waiting for other threads to finish...       13913s
[2025-09-21 15:17:28] DEBUG    Waiting for other threads to finish...       13978s
[2025-09-21 15:18:33] DEBUG    Waiting for other threads to finish...       14042s
[2025-09-21 15:19:37] DEBUG    Waiting for other threads to finish...       14107s
[2025-09-21 15:20:42] DEBUG    Waiting for other threads to finish...       14171s
[2025-09-21 15:21:46] DEBUG    Waiting for other threads to finish...       14236s
[2025-09-21 15:22:50] DEBUG    Waiting for other threads to finish...       14300s
[2025-09-21 15:23:55] DEBUG    Waiting for other threads to finish...       14364s
[2025-09-21 15:24:59] DEBUG    Waiting for other threads to finish...       14429s
[2025-09-21 15:26:03] DEBUG    Waiting for other threads to finish...       14493s
[2025-09-21 15:27:08] DEBUG    Waiting for other threads to finish...       14558s
[2025-09-21 15:28:13] DEBUG    Waiting for other threads to finish...       14622s
[2025-09-21 15:29:17] DEBUG    Waiting for other threads to finish...       14687s
[2025-09-21 15:30:22] DEBUG    Waiting for other threads to finish...       14751s
[2025-09-21 15:31:26] DEBUG    Waiting for other threads to finish...       14816s
[2025-09-21 15:32:30] DEBUG    Waiting for other threads to finish...       14880s
[2025-09-21 15:33:35] DEBUG    Waiting for other threads to finish...       14944s
[2025-09-21 15:34:39] DEBUG    Waiting for other threads to finish...       15009s
[2025-09-21 15:35:44] DEBUG    Waiting for other threads to finish...       15073s
[2025-09-21 15:36:48] DEBUG    Waiting for other threads to finish...       15138s
[2025-09-21 15:37:52] DEBUG    Waiting for other threads to finish...       15202s
[2025-09-21 15:38:56] DEBUG    Waiting for other threads to finish...       15266s
[2025-09-21 15:40:01] DEBUG    Waiting for other threads to finish...       15331s
[2025-09-21 15:41:06] DEBUG    Waiting for other threads to finish...       15395s
[2025-09-21 15:42:10] DEBUG    Waiting for other threads to finish...       15460s
[2025-09-21 15:43:15] DEBUG    Waiting for other threads to finish...       15524s
[2025-09-21 15:44:19] DEBUG    Waiting for other threads to finish...       15589s
[2025-09-21 15:45:24] DEBUG    Waiting for other threads to finish...       15654s
[2025-09-21 15:46:29] DEBUG    Waiting for other threads to finish...       15718s
[2025-09-21 15:47:33] DEBUG    Waiting for other threads to finish...       15783s
[2025-09-21 15:48:37] DEBUG    Waiting for other threads to finish...       15847s
[2025-09-21 15:49:42] DEBUG    Waiting for other threads to finish...       15912s
[2025-09-21 15:50:47] DEBUG    Waiting for other threads to finish...       15976s
[2025-09-21 15:51:51] DEBUG    Waiting for other threads to finish...       16041s
[2025-09-21 15:52:56] DEBUG    Waiting for other threads to finish...       16106s
[2025-09-21 15:54:01] DEBUG    Waiting for other threads to finish...       16171s
[2025-09-21 15:55:05] DEBUG    Waiting for other threads to finish...       16235s
[2025-09-21 15:56:10] DEBUG    Waiting for other threads to finish...       16299s
[2025-09-21 15:57:14] DEBUG    Waiting for other threads to finish...       16364s
[2025-09-21 15:58:19] DEBUG    Waiting for other threads to finish...       16429s
[2025-09-21 15:59:24] DEBUG    Waiting for other threads to finish...       16493s
[2025-09-21 16:00:28] DEBUG    Waiting for other threads to finish...       16558s
[2025-09-21 16:01:33] DEBUG    Waiting for other threads to finish...       16622s
[2025-09-21 16:02:37] DEBUG    Waiting for other threads to finish...       16687s
[2025-09-21 16:03:42] DEBUG    Waiting for other threads to finish...       16751s
[2025-09-21 16:04:46] DEBUG    Waiting for other threads to finish...       16816s
[2025-09-21 16:05:51] DEBUG    Waiting for other threads to finish...       16880s
[2025-09-21 16:06:55] DEBUG    Waiting for other threads to finish...       16945s
[2025-09-21 16:08:00] DEBUG    Waiting for other threads to finish...       17010s
[2025-09-21 16:09:05] DEBUG    Waiting for other threads to finish...       17075s
[2025-09-21 16:10:09] DEBUG    Waiting for other threads to finish...       17139s
[2025-09-21 16:11:14] DEBUG    Waiting for other threads to finish...       17204s
[2025-09-21 16:12:19] DEBUG    Waiting for other threads to finish...       17269s
[2025-09-21 16:13:24] DEBUG    Waiting for other threads to finish...       17334s
[2025-09-21 16:14:28] DEBUG    Waiting for other threads to finish...       17398s
[2025-09-21 16:15:33] DEBUG    Waiting for other threads to finish...       17462s
[2025-09-21 16:16:37] DEBUG    Waiting for other threads to finish...       17527s
[2025-09-21 16:17:42] DEBUG    Waiting for other threads to finish...       17591s
[2025-09-21 16:18:46] DEBUG    Waiting for other threads to finish...       17656s
[2025-09-21 16:19:51] DEBUG    Waiting for other threads to finish...       17721s
[2025-09-21 16:20:55] DEBUG    Waiting for other threads to finish...       17785s
[2025-09-21 16:22:00] DEBUG    Waiting for other threads to finish...       17850s
[2025-09-21 16:23:05] DEBUG    Waiting for other threads to finish...       17915s
[2025-09-21 16:24:09] DEBUG    Waiting for other threads to finish...       17979s
[2025-09-21 16:25:14] DEBUG    Waiting for other threads to finish...       18043s
[2025-09-21 16:26:18] DEBUG    Waiting for other threads to finish...       18108s
[2025-09-21 16:27:23] DEBUG    Waiting for other threads to finish...       18173s
[2025-09-21 16:28:27] DEBUG    Waiting for other threads to finish...       18237s
[2025-09-21 16:29:32] DEBUG    Waiting for other threads to finish...       18301s
[2025-09-21 16:30:36] DEBUG    Waiting for other threads to finish...       18366s
[2025-09-21 16:31:41] DEBUG    Waiting for other threads to finish...       18431s
[2025-09-21 16:32:46] DEBUG    Waiting for other threads to finish...       18495s
[2025-09-21 16:33:50] DEBUG    Waiting for other threads to finish...       18560s
[2025-09-21 16:34:55] DEBUG    Waiting for other threads to finish...       18624s
[2025-09-21 16:35:59] DEBUG    Waiting for other threads to finish...       18689s
[2025-09-21 16:37:04] DEBUG    Waiting for other threads to finish...       18754s
[2025-09-21 16:38:09] DEBUG    Waiting for other threads to finish...       18818s
[2025-09-21 16:39:14] DEBUG    Waiting for other threads to finish...       18883s
[2025-09-21 16:40:18] DEBUG    Waiting for other threads to finish...       18948s
[2025-09-21 16:41:23] DEBUG    Waiting for other threads to finish...       19013s
[2025-09-21 16:42:28] DEBUG    Waiting for other threads to finish...       19078s
[2025-09-21 16:43:32] DEBUG    Waiting for other threads to finish...       19142s
[2025-09-21 16:44:37] DEBUG    Waiting for other threads to finish...       19207s
[2025-09-21 16:45:42] DEBUG    Waiting for other threads to finish...       19272s
[2025-09-21 16:46:47] DEBUG    Waiting for other threads to finish...       19336s
[2025-09-21 16:47:51] DEBUG    Waiting for other threads to finish...       19401s
[2025-09-21 16:48:56] DEBUG    Waiting for other threads to finish...       19466s
[2025-09-21 16:50:01] DEBUG    Waiting for other threads to finish...       19530s
[2025-09-21 16:51:05] DEBUG    Waiting for other threads to finish...       19595s
[2025-09-21 16:52:10] DEBUG    Waiting for other threads to finish...       19659s
[2025-09-21 16:53:14] DEBUG    Waiting for other threads to finish...       19724s
[2025-09-21 16:54:19] DEBUG    Waiting for other threads to finish...       19788s
[2025-09-21 16:55:23] DEBUG    Waiting for other threads to finish...       19853s
[2025-09-21 16:56:27] DEBUG    Waiting for other threads to finish...       19917s
[2025-09-21 16:57:32] DEBUG    Waiting for other threads to finish...       19982s
[2025-09-21 16:58:37] DEBUG    Waiting for other threads to finish...       20046s
[2025-09-21 16:59:41] DEBUG    Waiting for other threads to finish...       20111s
[2025-09-21 17:00:45] DEBUG    Waiting for other threads to finish...       20175s
[2025-09-21 17:01:50] DEBUG    Waiting for other threads to finish...       20240s
[2025-09-21 17:02:54] DEBUG    Waiting for other threads to finish...       20304s
[2025-09-21 17:03:59] DEBUG    Waiting for other threads to finish...       20369s
[2025-09-21 17:05:03] DEBUG    Waiting for other threads to finish...       20433s
[2025-09-21 17:06:08] DEBUG    Waiting for other threads to finish...       20498s
[2025-09-21 17:07:13] DEBUG    Waiting for other threads to finish...       20563s
[2025-09-21 17:08:17] DEBUG    Waiting for other threads to finish...       20627s
[2025-09-21 17:09:22] DEBUG    Waiting for other threads to finish...       20692s
[2025-09-21 17:10:27] DEBUG    Waiting for other threads to finish...       20756s
[2025-09-21 17:11:31] DEBUG    Waiting for other threads to finish...       20821s
[2025-09-21 17:12:36] DEBUG    Waiting for other threads to finish...       20885s
[2025-09-21 17:13:40] DEBUG    Waiting for other threads to finish...       20950s
[2025-09-21 17:14:45] DEBUG    Waiting for other threads to finish...       21015s
[2025-09-21 17:15:49] DEBUG    Waiting for other threads to finish...       21079s
[2025-09-21 17:16:54] DEBUG    Waiting for other threads to finish...       21144s
[2025-09-21 17:17:58] DEBUG    Waiting for other threads to finish...       21208s
[2025-09-21 17:19:02] DEBUG    Waiting for other threads to finish...       21272s
[2025-09-21 17:20:06] DEBUG    Waiting for other threads to finish...       21336s
[2025-09-21 17:21:11] DEBUG    Waiting for other threads to finish...       21400s
[2025-09-21 17:22:15] DEBUG    Waiting for other threads to finish...       21465s
[2025-09-21 17:23:19] DEBUG    Waiting for other threads to finish...       21529s
[2025-09-21 17:24:24] DEBUG    Waiting for other threads to finish...       21594s
[2025-09-21 17:25:29] DEBUG    Waiting for other threads to finish...       21659s
[2025-09-21 17:26:33] DEBUG    Waiting for other threads to finish...       21723s
[2025-09-21 17:27:38] DEBUG    Waiting for other threads to finish...       21787s
[2025-09-21 17:28:42] DEBUG    Waiting for other threads to finish...       21852s
[2025-09-21 17:29:46] DEBUG    Waiting for other threads to finish...       21916s
[2025-09-21 17:30:51] DEBUG    Waiting for other threads to finish...       21980s
[2025-09-21 17:31:55] DEBUG    Waiting for other threads to finish...       22045s
[2025-09-21 17:33:00] DEBUG    Waiting for other threads to finish...       22110s
[2025-09-21 17:34:04] DEBUG    Waiting for other threads to finish...       22174s
[2025-09-21 17:35:09] DEBUG    Waiting for other threads to finish...       22239s
[2025-09-21 17:36:13] DEBUG    Waiting for other threads to finish...       22303s
[2025-09-21 17:37:18] DEBUG    Waiting for other threads to finish...       22368s
[2025-09-21 17:38:23] DEBUG    Waiting for other threads to finish...       22433s
[2025-09-21 17:39:28] DEBUG    Waiting for other threads to finish...       22498s
[2025-09-21 17:40:33] DEBUG    Waiting for other threads to finish...       22562s
[2025-09-21 17:41:37] DEBUG    Waiting for other threads to finish...       22627s
[2025-09-21 17:42:42] DEBUG    Waiting for other threads to finish...       22692s
[2025-09-21 17:43:46] DEBUG    Waiting for other threads to finish...       22756s
[2025-09-21 17:44:51] DEBUG    Waiting for other threads to finish...       22821s
[2025-09-21 17:45:56] DEBUG    Waiting for other threads to finish...       22885s
[2025-09-21 17:47:00] DEBUG    Waiting for other threads to finish...       22950s
[2025-09-21 17:48:05] DEBUG    Waiting for other threads to finish...       23015s
[2025-09-21 17:49:10] DEBUG    Waiting for other threads to finish...       23080s
[2025-09-21 17:50:15] DEBUG    Waiting for other threads to finish...       23144s
[2025-09-21 17:51:19] DEBUG    Waiting for other threads to finish...       23209s
[2025-09-21 17:52:24] DEBUG    Waiting for other threads to finish...       23274s
[2025-09-21 17:53:28] DEBUG    Waiting for other threads to finish...       23338s
[2025-09-21 17:54:33] DEBUG    Waiting for other threads to finish...       23403s
[2025-09-21 17:55:37] DEBUG    Waiting for other threads to finish...       23467s
[2025-09-21 17:56:42] DEBUG    Waiting for other threads to finish...       23531s
[2025-09-21 17:57:47] DEBUG    Waiting for other threads to finish...       23596s
[2025-09-21 17:58:51] DEBUG    Waiting for other threads to finish...       23661s
[2025-09-21 17:59:56] DEBUG    Waiting for other threads to finish...       23725s
[2025-09-21 18:01:00] DEBUG    Waiting for other threads to finish...       23790s
[2025-09-21 18:02:04] DEBUG    Waiting for other threads to finish...       23854s
[2025-09-21 18:03:09] DEBUG    Waiting for other threads to finish...       23918s
[2025-09-21 18:04:13] DEBUG    Waiting for other threads to finish...       23983s
[2025-09-21 18:05:18] DEBUG    Waiting for other threads to finish...       24047s
[2025-09-21 18:06:22] DEBUG    Waiting for other threads to finish...       24112s
[2025-09-21 18:07:27] DEBUG    Waiting for other threads to finish...       24177s
[2025-09-21 18:08:32] DEBUG    Waiting for other threads to finish...       24241s
[2025-09-21 18:09:36] DEBUG    Waiting for other threads to finish...       24306s
[2025-09-21 18:10:40] DEBUG    Waiting for other threads to finish...       24370s
[2025-09-21 18:11:44] DEBUG    Waiting for other threads to finish...       24434s
[2025-09-21 18:12:49] DEBUG    Waiting for other threads to finish...       24499s
[2025-09-21 18:13:54] DEBUG    Waiting for other threads to finish...       24563s
[2025-09-21 18:14:58] DEBUG    Waiting for other threads to finish...       24628s
[2025-09-21 18:16:03] DEBUG    Waiting for other threads to finish...       24693s
[2025-09-21 18:17:07] DEBUG    Waiting for other threads to finish...       24757s
[2025-09-21 18:18:12] DEBUG    Waiting for other threads to finish...       24822s
[2025-09-21 18:19:17] DEBUG    Waiting for other threads to finish...       24886s
[2025-09-21 18:20:21] DEBUG    Waiting for other threads to finish...       24951s
[2025-09-21 18:21:26] DEBUG    Waiting for other threads to finish...       25015s
[2025-09-21 18:22:31] DEBUG    Waiting for other threads to finish...       25080s
[2025-09-21 18:23:36] DEBUG    Waiting for other threads to finish...       25145s
[2025-09-21 18:24:40] DEBUG    Waiting for other threads to finish...       25210s
[2025-09-21 18:25:45] DEBUG    Waiting for other threads to finish...       25275s
[2025-09-21 18:26:49] DEBUG    Waiting for other threads to finish...       25339s
[2025-09-21 18:27:54] DEBUG    Waiting for other threads to finish...       25404s
[2025-09-21 18:28:59] DEBUG    Waiting for other threads to finish...       25468s
[2025-09-21 18:30:03] DEBUG    Waiting for other threads to finish...       25533s
[2025-09-21 18:31:07] DEBUG    Waiting for other threads to finish...       25597s
[2025-09-21 18:32:12] DEBUG    Waiting for other threads to finish...       25662s
[2025-09-21 18:33:17] DEBUG    Waiting for other threads to finish...       25727s
[2025-09-21 18:34:22] DEBUG    Waiting for other threads to finish...       25791s
[2025-09-21 18:35:26] DEBUG    Waiting for other threads to finish...       25856s
[2025-09-21 18:36:31] DEBUG    Waiting for other threads to finish...       25920s
[2025-09-21 18:37:35] DEBUG    Waiting for other threads to finish...       25985s
[2025-09-21 18:38:39] DEBUG    Waiting for other threads to finish...       26049s
[2025-09-21 18:39:44] DEBUG    Waiting for other threads to finish...       26114s
[2025-09-21 18:40:49] DEBUG    Waiting for other threads to finish...       26179s
[2025-09-21 18:41:53] DEBUG    Waiting for other threads to finish...       26243s
[2025-09-21 18:42:58] DEBUG    Waiting for other threads to finish...       26308s
[2025-09-21 18:44:02] DEBUG    Waiting for other threads to finish...       26372s
[2025-09-21 18:45:07] DEBUG    Waiting for other threads to finish...       26436s
[2025-09-21 18:46:11] DEBUG    Waiting for other threads to finish...       26501s
[2025-09-21 18:47:16] DEBUG    Waiting for other threads to finish...       26566s
[2025-09-21 18:48:21] DEBUG    Waiting for other threads to finish...       26630s
[2025-09-21 18:49:25] DEBUG    Waiting for other threads to finish...       26695s
[2025-09-21 18:50:30] DEBUG    Waiting for other threads to finish...       26760s
[2025-09-21 18:51:35] DEBUG    Waiting for other threads to finish...       26824s
[2025-09-21 18:52:40] DEBUG    Waiting for other threads to finish...       26889s
[2025-09-21 18:53:44] DEBUG    Waiting for other threads to finish...       26954s
[2025-09-21 18:54:48] DEBUG    Waiting for other threads to finish...       27018s
[2025-09-21 18:55:53] DEBUG    Waiting for other threads to finish...       27083s
[2025-09-21 18:56:58] DEBUG    Waiting for other threads to finish...       27147s
[2025-09-21 18:58:02] DEBUG    Waiting for other threads to finish...       27212s
[2025-09-21 18:59:07] DEBUG    Waiting for other threads to finish...       27276s
[2025-09-21 19:00:11] DEBUG    Waiting for other threads to finish...       27341s
[2025-09-21 19:01:16] DEBUG    Waiting for other threads to finish...       27405s
[2025-09-21 19:02:20] DEBUG    Waiting for other threads to finish...       27470s
[2025-09-21 19:03:24] DEBUG    Waiting for other threads to finish...       27534s
[2025-09-21 19:04:29] DEBUG    Waiting for other threads to finish...       27599s
[2025-09-21 19:05:34] DEBUG    Waiting for other threads to finish...       27663s
[2025-09-21 19:06:38] DEBUG    Waiting for other threads to finish...       27728s
[2025-09-21 19:07:43] DEBUG    Waiting for other threads to finish...       27792s
[2025-09-21 19:08:47] DEBUG    Waiting for other threads to finish...       27857s
[2025-09-21 19:09:52] DEBUG    Waiting for other threads to finish...       27922s
[2025-09-21 19:10:57] DEBUG    Waiting for other threads to finish...       27986s
[2025-09-21 19:12:01] DEBUG    Waiting for other threads to finish...       28051s
[2025-09-21 19:13:05] DEBUG    Waiting for other threads to finish...       28115s
[2025-09-21 19:14:10] DEBUG    Waiting for other threads to finish...       28179s
[2025-09-21 19:15:14] DEBUG    Waiting for other threads to finish...       28244s
[2025-09-21 19:16:19] DEBUG    Waiting for other threads to finish...       28308s
[2025-09-21 19:17:23] DEBUG    Waiting for other threads to finish...       28373s
[2025-09-21 19:18:28] DEBUG    Waiting for other threads to finish...       28438s
[2025-09-21 19:19:32] DEBUG    Waiting for other threads to finish...       28502s
[2025-09-21 19:20:37] DEBUG    Waiting for other threads to finish...       28566s
[2025-09-21 19:21:41] DEBUG    Waiting for other threads to finish...       28631s
[2025-09-21 19:22:45] DEBUG    Waiting for other threads to finish...       28695s
[2025-09-21 19:23:50] DEBUG    Waiting for other threads to finish...       28759s
[2025-09-21 19:24:54] DEBUG    Waiting for other threads to finish...       28824s
[2025-09-21 19:25:59] DEBUG    Waiting for other threads to finish...       28889s
[2025-09-21 19:27:04] DEBUG    Waiting for other threads to finish...       28954s
[2025-09-21 19:28:09] DEBUG    Waiting for other threads to finish...       29018s
[2025-09-21 19:29:13] DEBUG    Waiting for other threads to finish...       29083s
[2025-09-21 19:30:17] DEBUG    Waiting for other threads to finish...       29147s
[2025-09-21 19:31:22] DEBUG    Waiting for other threads to finish...       29211s
[2025-09-21 19:32:27] DEBUG    Waiting for other threads to finish...       29277s
[2025-09-21 19:33:31] DEBUG    Waiting for other threads to finish...       29341s
[2025-09-21 19:34:35] DEBUG    Waiting for other threads to finish...       29405s
[2025-09-21 19:35:40] DEBUG    Waiting for other threads to finish...       29469s
[2025-09-21 19:36:44] DEBUG    Waiting for other threads to finish...       29534s
[2025-09-21 19:37:49] DEBUG    Waiting for other threads to finish...       29598s
[2025-09-21 19:38:53] DEBUG    Waiting for other threads to finish...       29663s
[2025-09-21 19:39:57] DEBUG    Waiting for other threads to finish...       29727s
[2025-09-21 19:41:02] DEBUG    Waiting for other threads to finish...       29792s
[2025-09-21 19:42:07] DEBUG    Waiting for other threads to finish...       29856s
[2025-09-21 19:43:11] DEBUG    Waiting for other threads to finish...       29921s
[2025-09-21 19:44:15] DEBUG    Waiting for other threads to finish...       29985s
[2025-09-21 19:45:20] DEBUG    Waiting for other threads to finish...       30050s
[2025-09-21 19:46:24] DEBUG    Waiting for other threads to finish...       30114s
[2025-09-21 19:47:29] DEBUG    Waiting for other threads to finish...       30179s
[2025-09-21 19:48:33] DEBUG    Waiting for other threads to finish...       30243s
[2025-09-21 19:49:38] DEBUG    Waiting for other threads to finish...       30308s
[2025-09-21 19:50:42] DEBUG    Waiting for other threads to finish...       30372s
[2025-09-21 19:51:47] DEBUG    Waiting for other threads to finish...       30437s
[2025-09-21 19:52:51] DEBUG    Waiting for other threads to finish...       30501s
[2025-09-21 19:53:56] DEBUG    Waiting for other threads to finish...       30566s
[2025-09-21 19:55:01] DEBUG    Waiting for other threads to finish...       30630s
[2025-09-21 19:56:05] DEBUG    Waiting for other threads to finish...       30695s
[2025-09-21 19:57:09] DEBUG    Waiting for other threads to finish...       30759s
[2025-09-21 19:58:14] DEBUG    Waiting for other threads to finish...       30824s
[2025-09-21 19:59:19] DEBUG    Waiting for other threads to finish...       30889s
[2025-09-21 20:00:23] DEBUG    Waiting for other threads to finish...       30953s
[2025-09-21 20:01:28] DEBUG    Waiting for other threads to finish...       31017s
[2025-09-21 20:02:32] DEBUG    Waiting for other threads to finish...       31082s
[2025-09-21 20:03:37] DEBUG    Waiting for other threads to finish...       31147s
[2025-09-21 20:04:42] DEBUG    Waiting for other threads to finish...       31211s
[2025-09-21 20:05:46] DEBUG    Waiting for other threads to finish...       31276s
[2025-09-21 20:06:51] DEBUG    Waiting for other threads to finish...       31341s
[2025-09-21 20:07:56] DEBUG    Waiting for other threads to finish...       31406s
[2025-09-21 20:09:00] DEBUG    Waiting for other threads to finish...       31470s
[2025-09-21 20:10:04] DEBUG    Waiting for other threads to finish...       31534s
[2025-09-21 20:11:09] DEBUG    Waiting for other threads to finish...       31598s
[2025-09-21 20:12:13] DEBUG    Waiting for other threads to finish...       31663s
[2025-09-21 20:13:18] DEBUG    Waiting for other threads to finish...       31727s
[2025-09-21 20:14:22] DEBUG    Waiting for other threads to finish...       31792s
[2025-09-21 20:15:27] DEBUG    Waiting for other threads to finish...       31857s
[2025-09-21 20:16:32] DEBUG    Waiting for other threads to finish...       31921s
[2025-09-21 20:17:36] DEBUG    Waiting for other threads to finish...       31986s
[2025-09-21 20:18:40] DEBUG    Waiting for other threads to finish...       32050s
[2025-09-21 20:19:45] DEBUG    Waiting for other threads to finish...       32115s
[2025-09-21 20:20:49] DEBUG    Waiting for other threads to finish...       32179s
[2025-09-21 20:21:54] DEBUG    Waiting for other threads to finish...       32243s
[2025-09-21 20:22:58] DEBUG    Waiting for other threads to finish...       32308s
[2025-09-21 20:24:02] DEBUG    Waiting for other threads to finish...       32372s
[2025-09-21 20:25:07] DEBUG    Waiting for other threads to finish...       32437s
[2025-09-21 20:26:11] DEBUG    Waiting for other threads to finish...       32501s
[2025-09-21 20:27:16] DEBUG    Waiting for other threads to finish...       32566s
[2025-09-21 20:28:21] DEBUG    Waiting for other threads to finish...       32630s
[2025-09-21 20:29:25] DEBUG    Waiting for other threads to finish...       32695s
[2025-09-21 20:30:29] DEBUG    Waiting for other threads to finish...       32759s
[2025-09-21 20:31:34] DEBUG    Waiting for other threads to finish...       32824s
[2025-09-21 20:32:39] DEBUG    Waiting for other threads to finish...       32888s
[2025-09-21 20:33:43] DEBUG    Waiting for other threads to finish...       32953s
[2025-09-21 20:34:48] DEBUG    Waiting for other threads to finish...       33018s
[2025-09-21 20:35:53] DEBUG    Waiting for other threads to finish...       33082s
[2025-09-21 20:36:57] DEBUG    Waiting for other threads to finish...       33147s
[2025-09-21 20:38:02] DEBUG    Waiting for other threads to finish...       33212s
[2025-09-21 20:39:06] DEBUG    Waiting for other threads to finish...       33276s
[2025-09-21 20:40:11] DEBUG    Waiting for other threads to finish...       33341s
[2025-09-21 20:41:16] DEBUG    Waiting for other threads to finish...       33405s
[2025-09-21 20:42:20] DEBUG    Waiting for other threads to finish...       33470s
[2025-09-21 20:43:25] DEBUG    Waiting for other threads to finish...       33535s
[2025-09-21 20:44:29] DEBUG    Waiting for other threads to finish...       33599s
[2025-09-21 20:45:34] DEBUG    Waiting for other threads to finish...       33663s
[2025-09-21 20:46:38] DEBUG    Waiting for other threads to finish...       33728s
[2025-09-21 20:47:43] DEBUG    Waiting for other threads to finish...       33792s
[2025-09-21 20:48:47] DEBUG    Waiting for other threads to finish...       33857s
[2025-09-21 20:49:51] DEBUG    Waiting for other threads to finish...       33921s
[2025-09-21 20:50:56] DEBUG    Waiting for other threads to finish...       33986s
[2025-09-21 20:52:01] DEBUG    Waiting for other threads to finish...       34050s
[2025-09-21 20:53:05] DEBUG    Waiting for other threads to finish...       34115s
[2025-09-21 20:54:09] DEBUG    Waiting for other threads to finish...       34179s
[2025-09-21 20:55:14] DEBUG    Waiting for other threads to finish...       34244s
[2025-09-21 20:56:19] DEBUG    Waiting for other threads to finish...       34308s
[2025-09-21 20:57:23] DEBUG    Waiting for other threads to finish...       34373s
[2025-09-21 20:58:28] DEBUG    Waiting for other threads to finish...       34438s
[2025-09-21 20:59:32] DEBUG    Waiting for other threads to finish...       34502s
[2025-09-21 21:00:37] DEBUG    Waiting for other threads to finish...       34567s
[2025-09-21 21:01:42] DEBUG    Waiting for other threads to finish...       34631s
[2025-09-21 21:02:46] DEBUG    Waiting for other threads to finish...       34696s
[2025-09-21 21:03:50] DEBUG    Waiting for other threads to finish...       34760s
[2025-09-21 21:04:55] DEBUG    Waiting for other threads to finish...       34825s
[2025-09-21 21:05:59] DEBUG    Waiting for other threads to finish...       34889s
[2025-09-21 21:07:04] DEBUG    Waiting for other threads to finish...       34954s
[2025-09-21 21:08:08] DEBUG    Waiting for other threads to finish...       35018s
[2025-09-21 21:09:13] DEBUG    Waiting for other threads to finish...       35083s
[2025-09-21 21:10:18] DEBUG    Waiting for other threads to finish...       35147s
[2025-09-21 21:11:22] DEBUG    Waiting for other threads to finish...       35212s
[2025-09-21 21:12:27] DEBUG    Waiting for other threads to finish...       35277s
[2025-09-21 21:13:32] DEBUG    Waiting for other threads to finish...       35341s
[2025-09-21 21:14:36] DEBUG    Waiting for other threads to finish...       35406s
[2025-09-21 21:15:41] DEBUG    Waiting for other threads to finish...       35470s
[2025-09-21 21:16:45] DEBUG    Waiting for other threads to finish...       35535s
[2025-09-21 21:17:50] DEBUG    Waiting for other threads to finish...       35600s
[2025-09-21 21:18:54] DEBUG    Waiting for other threads to finish...       35664s
[2025-09-21 21:19:59] DEBUG    Waiting for other threads to finish...       35729s
[2025-09-21 21:21:03] DEBUG    Waiting for other threads to finish...       35793s
[2025-09-21 21:22:08] DEBUG    Waiting for other threads to finish...       35857s
[2025-09-21 21:23:12] DEBUG    Waiting for other threads to finish...       35922s
[2025-09-21 21:24:16] DEBUG    Waiting for other threads to finish...       35986s
[2025-09-21 21:25:21] DEBUG    Waiting for other threads to finish...       36051s
[2025-09-21 21:26:26] DEBUG    Waiting for other threads to finish...       36115s
[2025-09-21 21:27:30] DEBUG    Waiting for other threads to finish...       36180s
[2025-09-21 21:28:35] DEBUG    Waiting for other threads to finish...       36245s
[2025-09-21 21:29:39] DEBUG    Waiting for other threads to finish...       36309s
[2025-09-21 21:30:44] DEBUG    Waiting for other threads to finish...       36373s
[2025-09-21 21:31:48] DEBUG    Waiting for other threads to finish...       36438s
[2025-09-21 21:32:53] DEBUG    Waiting for other threads to finish...       36503s
[2025-09-21 21:33:58] DEBUG    Waiting for other threads to finish...       36568s
[2025-09-21 21:35:02] DEBUG    Waiting for other threads to finish...       36632s
[2025-09-21 21:36:07] DEBUG    Waiting for other threads to finish...       36697s
[2025-09-21 21:37:11] DEBUG    Waiting for other threads to finish...       36761s
[2025-09-21 21:38:16] DEBUG    Waiting for other threads to finish...       36826s
[2025-09-21 21:39:21] DEBUG    Waiting for other threads to finish...       36890s
[2025-09-21 21:40:25] DEBUG    Waiting for other threads to finish...       36955s
[2025-09-21 21:41:29] DEBUG    Waiting for other threads to finish...       37019s
[2025-09-21 21:42:34] DEBUG    Waiting for other threads to finish...       37084s
[2025-09-21 21:43:39] DEBUG    Waiting for other threads to finish...       37148s
[2025-09-21 21:44:43] DEBUG    Waiting for other threads to finish...       37213s
[2025-09-21 21:45:48] DEBUG    Waiting for other threads to finish...       37277s
[2025-09-21 21:46:53] DEBUG    Waiting for other threads to finish...       37342s
[2025-09-21 21:47:57] DEBUG    Waiting for other threads to finish...       37407s
[2025-09-21 21:49:02] DEBUG    Waiting for other threads to finish...       37472s
[2025-09-21 21:50:06] DEBUG    Waiting for other threads to finish...       37536s
[2025-09-21 21:51:11] DEBUG    Waiting for other threads to finish...       37601s
[2025-09-21 21:52:15] DEBUG    Waiting for other threads to finish...       37665s
[2025-09-21 21:53:20] DEBUG    Waiting for other threads to finish...       37729s
[2025-09-21 21:54:24] DEBUG    Waiting for other threads to finish...       37794s
[2025-09-21 21:55:28] DEBUG    Waiting for other threads to finish...       37858s
[2025-09-21 21:56:33] DEBUG    Waiting for other threads to finish...       37922s
[2025-09-21 21:57:37] DEBUG    Waiting for other threads to finish...       37987s
[2025-09-21 21:58:42] DEBUG    Waiting for other threads to finish...       38051s
[2025-09-21 21:59:46] DEBUG    Waiting for other threads to finish...       38116s
[2025-09-21 22:00:51] DEBUG    Waiting for other threads to finish...       38181s
[2025-09-21 22:01:55] DEBUG    Waiting for other threads to finish...       38245s
[2025-09-21 22:03:00] DEBUG    Waiting for other threads to finish...       38309s
[2025-09-21 22:04:04] DEBUG    Waiting for other threads to finish...       38374s
[2025-09-21 22:05:09] DEBUG    Waiting for other threads to finish...       38438s
[2025-09-21 22:06:13] DEBUG    Waiting for other threads to finish...       38503s
[2025-09-21 22:07:17] DEBUG    Waiting for other threads to finish...       38567s
[2025-09-21 22:08:22] DEBUG    Waiting for other threads to finish...       38631s
[2025-09-21 22:09:26] DEBUG    Waiting for other threads to finish...       38696s
[2025-09-21 22:10:31] DEBUG    Waiting for other threads to finish...       38760s
[2025-09-21 22:11:35] DEBUG    Waiting for other threads to finish...       38825s
[2025-09-21 22:12:39] DEBUG    Waiting for other threads to finish...       38889s
[2025-09-21 22:13:44] DEBUG    Waiting for other threads to finish...       38954s
[2025-09-21 22:14:48] DEBUG    Waiting for other threads to finish...       39018s
[2025-09-21 22:15:53] DEBUG    Waiting for other threads to finish...       39083s
[2025-09-21 22:16:57] DEBUG    Waiting for other threads to finish...       39147s
[2025-09-21 22:18:02] DEBUG    Waiting for other threads to finish...       39211s
[2025-09-21 22:19:06] DEBUG    Waiting for other threads to finish...       39276s
[2025-09-21 22:20:11] DEBUG    Waiting for other threads to finish...       39340s
[2025-09-21 22:21:15] DEBUG    Waiting for other threads to finish...       39405s
[2025-09-21 22:22:20] DEBUG    Waiting for other threads to finish...       39469s
[2025-09-21 22:23:24] DEBUG    Waiting for other threads to finish...       39534s
[2025-09-21 22:24:29] DEBUG    Waiting for other threads to finish...       39599s
[2025-09-21 22:25:34] DEBUG    Waiting for other threads to finish...       39663s
[2025-09-21 22:26:38] DEBUG    Waiting for other threads to finish...       39728s
[2025-09-21 22:27:43] DEBUG    Waiting for other threads to finish...       39793s
[2025-09-21 22:28:48] DEBUG    Waiting for other threads to finish...       39858s
[2025-09-21 22:29:52] DEBUG    Waiting for other threads to finish...       39922s
[2025-09-21 22:30:57] DEBUG    Waiting for other threads to finish...       39987s
[2025-09-21 22:32:02] DEBUG    Waiting for other threads to finish...       40051s
[2025-09-21 22:33:06] DEBUG    Waiting for other threads to finish...       40116s
[2025-09-21 22:34:10] DEBUG    Waiting for other threads to finish...       40180s
[2025-09-21 22:35:15] DEBUG    Waiting for other threads to finish...       40245s
[2025-09-21 22:36:20] DEBUG    Waiting for other threads to finish...       40309s
[2025-09-21 22:37:24] DEBUG    Waiting for other threads to finish...       40374s
[2025-09-21 22:38:29] DEBUG    Waiting for other threads to finish...       40438s
[2025-09-21 22:39:33] DEBUG    Waiting for other threads to finish...       40503s
[2025-09-21 22:40:38] DEBUG    Waiting for other threads to finish...       40567s
[2025-09-21 22:41:42] DEBUG    Waiting for other threads to finish...       40632s
[2025-09-21 22:42:47] DEBUG    Waiting for other threads to finish...       40697s
[2025-09-21 22:43:51] DEBUG    Waiting for other threads to finish...       40761s
[2025-09-21 22:44:56] DEBUG    Waiting for other threads to finish...       40825s
[2025-09-21 22:46:00] DEBUG    Waiting for other threads to finish...       40890s
[2025-09-21 22:47:05] DEBUG    Waiting for other threads to finish...       40955s
[2025-09-21 22:48:09] DEBUG    Waiting for other threads to finish...       41019s
[2025-09-21 22:49:14] DEBUG    Waiting for other threads to finish...       41084s
[2025-09-21 22:50:18] DEBUG    Waiting for other threads to finish...       41148s
[2025-09-21 22:51:23] DEBUG    Waiting for other threads to finish...       41213s
[2025-09-21 22:52:28] DEBUG    Waiting for other threads to finish...       41277s
[2025-09-21 22:53:32] DEBUG    Waiting for other threads to finish...       41342s
[2025-09-21 22:54:37] DEBUG    Waiting for other threads to finish...       41407s
[2025-09-21 22:55:42] DEBUG    Waiting for other threads to finish...       41472s
[2025-09-21 22:56:46] DEBUG    Waiting for other threads to finish...       41536s
[2025-09-21 22:57:51] DEBUG    Waiting for other threads to finish...       41601s
[2025-09-21 22:58:56] DEBUG    Waiting for other threads to finish...       41666s
[2025-09-21 23:00:00] DEBUG    Waiting for other threads to finish...       41730s
[2025-09-21 23:01:05] DEBUG    Waiting for other threads to finish...       41795s
[2025-09-21 23:02:10] DEBUG    Waiting for other threads to finish...       41859s
[2025-09-21 23:03:15] DEBUG    Waiting for other threads to finish...       41924s
[2025-09-21 23:04:19] DEBUG    Waiting for other threads to finish...       41989s
[2025-09-21 23:05:24] DEBUG    Waiting for other threads to finish...       42053s
[2025-09-21 23:06:28] DEBUG    Waiting for other threads to finish...       42118s
[2025-09-21 23:07:33] DEBUG    Waiting for other threads to finish...       42183s
[2025-09-21 23:08:37] DEBUG    Waiting for other threads to finish...       42247s
[2025-09-21 23:09:42] DEBUG    Waiting for other threads to finish...       42311s
[2025-09-21 23:10:46] DEBUG    Waiting for other threads to finish...       42376s
[2025-09-21 23:11:50] DEBUG    Waiting for other threads to finish...       42440s
[2025-09-21 23:12:54] DEBUG    Waiting for other threads to finish...       42504s
[2025-09-21 23:13:59] DEBUG    Waiting for other threads to finish...       42569s
[2025-09-21 23:15:04] DEBUG    Waiting for other threads to finish...       42633s
[2025-09-21 23:16:08] DEBUG    Waiting for other threads to finish...       42698s
[2025-09-21 23:17:13] DEBUG    Waiting for other threads to finish...       42762s
[2025-09-21 23:18:17] DEBUG    Waiting for other threads to finish...       42827s
[2025-09-21 23:19:22] DEBUG    Waiting for other threads to finish...       42891s
[2025-09-21 23:20:26] DEBUG    Waiting for other threads to finish...       42956s
[2025-09-21 23:21:30] DEBUG    Waiting for other threads to finish...       43020s
[2025-09-21 23:22:35] DEBUG    Waiting for other threads to finish...       43085s
[2025-09-21 23:23:39] DEBUG    Waiting for other threads to finish...       43149s
[2025-09-21 23:24:44] DEBUG    Waiting for other threads to finish...       43213s
[2025-09-21 23:25:48] DEBUG    Waiting for other threads to finish...       43278s
[2025-09-21 23:26:53] DEBUG    Waiting for other threads to finish...       43343s
[2025-09-21 23:27:58] DEBUG    Waiting for other threads to finish...       43408s
[2025-09-21 23:29:02] DEBUG    Waiting for other threads to finish...       43472s
[2025-09-21 23:30:07] DEBUG    Waiting for other threads to finish...       43536s
[2025-09-21 23:31:11] DEBUG    Waiting for other threads to finish...       43601s
[2025-09-21 23:32:15] DEBUG    Waiting for other threads to finish...       43665s
[2025-09-21 23:33:20] DEBUG    Waiting for other threads to finish...       43730s
[2025-09-21 23:34:24] DEBUG    Waiting for other threads to finish...       43794s
[2025-09-21 23:35:29] DEBUG    Waiting for other threads to finish...       43859s
[2025-09-21 23:36:33] DEBUG    Waiting for other threads to finish...       43923s
[2025-09-21 23:37:38] DEBUG    Waiting for other threads to finish...       43988s
[2025-09-21 23:38:43] DEBUG    Waiting for other threads to finish...       44052s
[2025-09-21 23:39:47] DEBUG    Waiting for other threads to finish...       44117s
[2025-09-21 23:40:52] DEBUG    Waiting for other threads to finish...       44181s
[2025-09-21 23:41:56] DEBUG    Waiting for other threads to finish...       44246s
[2025-09-21 23:43:01] DEBUG    Waiting for other threads to finish...       44310s
[2025-09-21 23:44:05] DEBUG    Waiting for other threads to finish...       44375s
[2025-09-21 23:45:10] DEBUG    Waiting for other threads to finish...       44440s
[2025-09-21 23:46:14] DEBUG    Waiting for other threads to finish...       44504s
[2025-09-21 23:47:19] DEBUG    Waiting for other threads to finish...       44568s
[2025-09-21 23:48:23] DEBUG    Waiting for other threads to finish...       44633s
[2025-09-21 23:49:28] DEBUG    Waiting for other threads to finish...       44698s
[2025-09-21 23:50:32] DEBUG    Waiting for other threads to finish...       44762s
[2025-09-21 23:51:37] DEBUG    Waiting for other threads to finish...       44827s
[2025-09-21 23:52:42] DEBUG    Waiting for other threads to finish...       44891s
[2025-09-21 23:53:46] DEBUG    Waiting for other threads to finish...       44956s
[2025-09-21 23:54:51] DEBUG    Waiting for other threads to finish...       45020s
[2025-09-21 23:55:55] DEBUG    Waiting for other threads to finish...       45085s
[2025-09-21 23:57:00] DEBUG    Waiting for other threads to finish...       45150s
[2025-09-21 23:58:04] DEBUG    Waiting for other threads to finish...       45214s
[2025-09-21 23:59:09] DEBUG    Waiting for other threads to finish...       45279s
[2025-09-22 00:00:13] DEBUG    Waiting for other threads to finish...       45343s
[2025-09-22 00:01:18] DEBUG    Waiting for other threads to finish...       45408s
[2025-09-22 00:02:22] DEBUG    Waiting for other threads to finish...       45472s
[2025-09-22 00:03:27] DEBUG    Waiting for other threads to finish...       45537s
[2025-09-22 00:04:32] DEBUG    Waiting for other threads to finish...       45601s
[2025-09-22 00:05:36] DEBUG    Waiting for other threads to finish...       45666s
[2025-09-22 00:06:41] DEBUG    Waiting for other threads to finish...       45731s
[2025-09-22 00:07:45] DEBUG    Waiting for other threads to finish...       45795s
[2025-09-22 00:08:50] DEBUG    Waiting for other threads to finish...       45859s
[2025-09-22 00:09:54] DEBUG    Waiting for other threads to finish...       45924s
[2025-09-22 00:10:59] DEBUG    Waiting for other threads to finish...       45988s
[2025-09-22 00:12:03] DEBUG    Waiting for other threads to finish...       46053s
[2025-09-22 00:13:08] DEBUG    Waiting for other threads to finish...       46118s
[2025-09-22 00:14:13] DEBUG    Waiting for other threads to finish...       46182s
[2025-09-22 00:15:18] DEBUG    Waiting for other threads to finish...       46247s
[2025-09-22 00:16:22] DEBUG    Waiting for other threads to finish...       46312s
[2025-09-22 00:17:27] DEBUG    Waiting for other threads to finish...       46377s
[2025-09-22 00:18:31] DEBUG    Waiting for other threads to finish...       46441s
[2025-09-22 00:19:36] DEBUG    Waiting for other threads to finish...       46505s
[2025-09-22 00:20:40] DEBUG    Waiting for other threads to finish...       46570s
[2025-09-22 00:21:44] DEBUG    Waiting for other threads to finish...       46634s
[2025-09-22 00:22:49] DEBUG    Waiting for other threads to finish...       46698s
[2025-09-22 00:23:53] DEBUG    Waiting for other threads to finish...       46763s
[2025-09-22 00:24:58] DEBUG    Waiting for other threads to finish...       46828s
[2025-09-22 00:26:03] DEBUG    Waiting for other threads to finish...       46893s
[2025-09-22 00:27:08] DEBUG    Waiting for other threads to finish...       46958s
[2025-09-22 00:28:13] DEBUG    Waiting for other threads to finish...       47022s
[2025-09-22 00:29:17] DEBUG    Waiting for other threads to finish...       47087s
[2025-09-22 00:30:21] DEBUG    Waiting for other threads to finish...       47151s
[2025-09-22 00:31:26] DEBUG    Waiting for other threads to finish...       47216s
[2025-09-22 00:32:30] DEBUG    Waiting for other threads to finish...       47280s
[2025-09-22 00:33:35] DEBUG    Waiting for other threads to finish...       47345s
[2025-09-22 00:34:40] DEBUG    Waiting for other threads to finish...       47409s
[2025-09-22 00:35:44] DEBUG    Waiting for other threads to finish...       47474s
[2025-09-22 00:36:49] DEBUG    Waiting for other threads to finish...       47539s
[2025-09-22 00:37:54] DEBUG    Waiting for other threads to finish...       47604s
[2025-09-22 00:38:59] DEBUG    Waiting for other threads to finish...       47668s
[2025-09-22 00:40:03] DEBUG    Waiting for other threads to finish...       47733s
[2025-09-22 00:41:08] DEBUG    Waiting for other threads to finish...       47798s
[2025-09-22 00:42:12] DEBUG    Waiting for other threads to finish...       47862s
[2025-09-22 00:43:17] DEBUG    Waiting for other threads to finish...       47927s
[2025-09-22 00:44:22] DEBUG    Waiting for other threads to finish...       47991s
[2025-09-22 00:45:26] DEBUG    Waiting for other threads to finish...       48056s
[2025-09-22 00:46:31] DEBUG    Waiting for other threads to finish...       48120s
[2025-09-22 00:47:35] DEBUG    Waiting for other threads to finish...       48185s
[2025-09-22 00:48:39] DEBUG    Waiting for other threads to finish...       48249s
[2025-09-22 00:49:44] DEBUG    Waiting for other threads to finish...       48313s
[2025-09-22 00:50:48] DEBUG    Waiting for other threads to finish...       48378s
[2025-09-22 00:51:53] DEBUG    Waiting for other threads to finish...       48442s
[2025-09-22 00:52:57] DEBUG    Waiting for other threads to finish...       48507s
[2025-09-22 00:54:02] DEBUG    Waiting for other threads to finish...       48572s
[2025-09-22 00:55:06] DEBUG    Waiting for other threads to finish...       48636s
[2025-09-22 00:56:11] DEBUG    Waiting for other threads to finish...       48701s
[2025-09-22 00:57:16] DEBUG    Waiting for other threads to finish...       48766s
[2025-09-22 00:58:20] DEBUG    Waiting for other threads to finish...       48830s
[2025-09-22 00:59:25] DEBUG    Waiting for other threads to finish...       48894s
[2025-09-22 01:00:29] DEBUG    Waiting for other threads to finish...       48959s
[2025-09-22 01:01:34] DEBUG    Waiting for other threads to finish...       49023s
[2025-09-22 01:02:38] DEBUG    Waiting for other threads to finish...       49088s
[2025-09-22 01:03:42] DEBUG    Waiting for other threads to finish...       49152s
[2025-09-22 01:04:47] DEBUG    Waiting for other threads to finish...       49217s
[2025-09-22 01:05:51] DEBUG    Waiting for other threads to finish...       49281s
[2025-09-22 01:06:56] DEBUG    Waiting for other threads to finish...       49345s
[2025-09-22 01:08:00] DEBUG    Waiting for other threads to finish...       49410s
[2025-09-22 01:09:05] DEBUG    Waiting for other threads to finish...       49474s
[2025-09-22 01:10:10] DEBUG    Waiting for other threads to finish...       49540s
[2025-09-22 01:11:14] DEBUG    Waiting for other threads to finish...       49604s
[2025-09-22 01:12:19] DEBUG    Waiting for other threads to finish...       49669s
[2025-09-22 01:13:23] DEBUG    Waiting for other threads to finish...       49733s
[2025-09-22 01:14:28] DEBUG    Waiting for other threads to finish...       49798s
[2025-09-22 01:15:33] DEBUG    Waiting for other threads to finish...       49863s
[2025-09-22 01:16:38] DEBUG    Waiting for other threads to finish...       49927s
[2025-09-22 01:17:42] DEBUG    Waiting for other threads to finish...       49992s
[2025-09-22 01:18:47] DEBUG    Waiting for other threads to finish...       50056s
[2025-09-22 01:19:51] DEBUG    Waiting for other threads to finish...       50121s
[2025-09-22 01:20:56] DEBUG    Waiting for other threads to finish...       50185s
[2025-09-22 01:22:00] DEBUG    Waiting for other threads to finish...       50250s
[2025-09-22 01:23:04] DEBUG    Waiting for other threads to finish...       50314s
[2025-09-22 01:24:09] DEBUG    Waiting for other threads to finish...       50379s
[2025-09-22 01:25:13] DEBUG    Waiting for other threads to finish...       50443s
[2025-09-22 01:26:18] DEBUG    Waiting for other threads to finish...       50508s
[2025-09-22 01:27:22] DEBUG    Waiting for other threads to finish...       50572s
[2025-09-22 01:28:27] DEBUG    Waiting for other threads to finish...       50637s
[2025-09-22 01:29:32] DEBUG    Waiting for other threads to finish...       50701s
[2025-09-22 01:30:36] DEBUG    Waiting for other threads to finish...       50766s
[2025-09-22 01:31:41] DEBUG    Waiting for other threads to finish...       50831s
[2025-09-22 01:32:46] DEBUG    Waiting for other threads to finish...       50895s
[2025-09-22 01:33:50] DEBUG    Waiting for other threads to finish...       50960s
[2025-09-22 01:34:54] DEBUG    Waiting for other threads to finish...       51024s
[2025-09-22 01:35:59] DEBUG    Waiting for other threads to finish...       51088s
[2025-09-22 01:37:04] DEBUG    Waiting for other threads to finish...       51153s
[2025-09-22 01:38:08] DEBUG    Waiting for other threads to finish...       51218s
[2025-09-22 01:39:13] DEBUG    Waiting for other threads to finish...       51282s
[2025-09-22 01:40:17] DEBUG    Waiting for other threads to finish...       51347s
[2025-09-22 01:41:22] DEBUG    Waiting for other threads to finish...       51412s
[2025-09-22 01:42:26] DEBUG    Waiting for other threads to finish...       51476s
[2025-09-22 01:43:31] DEBUG    Waiting for other threads to finish...       51541s
[2025-09-22 01:44:35] DEBUG    Waiting for other threads to finish...       51605s
[2025-09-22 01:45:40] DEBUG    Waiting for other threads to finish...       51670s
[2025-09-22 01:46:44] DEBUG    Waiting for other threads to finish...       51734s
[2025-09-22 01:47:49] DEBUG    Waiting for other threads to finish...       51799s
[2025-09-22 01:48:53] DEBUG    Waiting for other threads to finish...       51863s
[2025-09-22 01:49:58] DEBUG    Waiting for other threads to finish...       51928s
[2025-09-22 01:51:03] DEBUG    Waiting for other threads to finish...       51993s
[2025-09-22 01:52:08] DEBUG    Waiting for other threads to finish...       52057s
[2025-09-22 01:53:12] DEBUG    Waiting for other threads to finish...       52122s
[2025-09-22 01:54:17] DEBUG    Waiting for other threads to finish...       52187s
[2025-09-22 01:55:21] DEBUG    Waiting for other threads to finish...       52251s
[2025-09-22 01:56:26] DEBUG    Waiting for other threads to finish...       52315s
[2025-09-22 01:57:30] DEBUG    Waiting for other threads to finish...       52380s
[2025-09-22 01:58:35] DEBUG    Waiting for other threads to finish...       52445s
[2025-09-22 01:59:39] DEBUG    Waiting for other threads to finish...       52509s
[2025-09-22 02:00:44] DEBUG    Waiting for other threads to finish...       52573s
[2025-09-22 02:01:48] DEBUG    Waiting for other threads to finish...       52638s
[2025-09-22 02:02:53] DEBUG    Waiting for other threads to finish...       52702s
[2025-09-22 02:03:57] DEBUG    Waiting for other threads to finish...       52767s
[2025-09-22 02:05:02] DEBUG    Waiting for other threads to finish...       52832s
[2025-09-22 02:06:06] DEBUG    Waiting for other threads to finish...       52896s
[2025-09-22 02:07:11] DEBUG    Waiting for other threads to finish...       52961s
[2025-09-22 02:08:16] DEBUG    Waiting for other threads to finish...       53026s
[2025-09-22 02:09:21] DEBUG    Waiting for other threads to finish...       53091s
[2025-09-22 02:10:26] DEBUG    Waiting for other threads to finish...       53156s
[2025-09-22 02:11:31] DEBUG    Waiting for other threads to finish...       53220s
[2025-09-22 02:12:35] DEBUG    Waiting for other threads to finish...       53285s
[2025-09-22 02:13:40] DEBUG    Waiting for other threads to finish...       53349s
[2025-09-22 02:14:44] DEBUG    Waiting for other threads to finish...       53414s
[2025-09-22 02:15:49] DEBUG    Waiting for other threads to finish...       53479s
[2025-09-22 02:16:54] DEBUG    Waiting for other threads to finish...       53543s
[2025-09-22 02:17:59] DEBUG    Waiting for other threads to finish...       53608s
[2025-09-22 02:19:04] DEBUG    Waiting for other threads to finish...       53673s
[2025-09-22 02:20:08] DEBUG    Waiting for other threads to finish...       53738s
[2025-09-22 02:21:12] DEBUG    Waiting for other threads to finish...       53802s
[2025-09-22 02:22:17] DEBUG    Waiting for other threads to finish...       53866s
[2025-09-22 02:23:21] DEBUG    Waiting for other threads to finish...       53931s
[2025-09-22 02:24:25] DEBUG    Waiting for other threads to finish...       53995s
[2025-09-22 02:25:30] DEBUG    Waiting for other threads to finish...       54059s
[2025-09-22 02:26:34] DEBUG    Waiting for other threads to finish...       54124s
[2025-09-22 02:27:38] DEBUG    Waiting for other threads to finish...       54188s
[2025-09-22 02:28:42] DEBUG    Waiting for other threads to finish...       54252s
[2025-09-22 02:29:47] DEBUG    Waiting for other threads to finish...       54317s
[2025-09-22 02:30:51] DEBUG    Waiting for other threads to finish...       54381s
[2025-09-22 02:31:56] DEBUG    Waiting for other threads to finish...       54446s
[2025-09-22 02:33:00] DEBUG    Waiting for other threads to finish...       54510s
[2025-09-22 02:34:05] DEBUG    Waiting for other threads to finish...       54574s
[2025-09-22 02:35:09] DEBUG    Waiting for other threads to finish...       54639s
[2025-09-22 02:36:14] DEBUG    Waiting for other threads to finish...       54703s
[2025-09-22 02:37:18] DEBUG    Waiting for other threads to finish...       54768s
[2025-09-22 02:38:23] DEBUG    Waiting for other threads to finish...       54832s
[2025-09-22 02:39:27] DEBUG    Waiting for other threads to finish...       54897s
[2025-09-22 02:40:31] DEBUG    Waiting for other threads to finish...       54961s
[2025-09-22 02:41:36] DEBUG    Waiting for other threads to finish...       55025s
[2025-09-22 02:42:41] DEBUG    Waiting for other threads to finish...       55090s
[2025-09-22 02:43:45] DEBUG    Waiting for other threads to finish...       55155s
[2025-09-22 02:44:50] DEBUG    Waiting for other threads to finish...       55220s
[2025-09-22 02:45:54] DEBUG    Waiting for other threads to finish...       55284s
[2025-09-22 02:46:59] DEBUG    Waiting for other threads to finish...       55348s
[2025-09-22 02:48:03] DEBUG    Waiting for other threads to finish...       55413s
[2025-09-22 02:49:08] DEBUG    Waiting for other threads to finish...       55477s
[2025-09-22 02:50:12] DEBUG    Waiting for other threads to finish...       55542s
[2025-09-22 02:51:17] DEBUG    Waiting for other threads to finish...       55606s
[2025-09-22 02:52:21] DEBUG    Waiting for other threads to finish...       55671s
[2025-09-22 02:53:26] DEBUG    Waiting for other threads to finish...       55735s
[2025-09-22 02:54:30] DEBUG    Waiting for other threads to finish...       55800s
[2025-09-22 02:55:34] DEBUG    Waiting for other threads to finish...       55864s
[2025-09-22 02:56:39] DEBUG    Waiting for other threads to finish...       55928s
[2025-09-22 02:57:43] DEBUG    Waiting for other threads to finish...       55993s
[2025-09-22 02:58:48] DEBUG    Waiting for other threads to finish...       56058s
[2025-09-22 02:59:52] DEBUG    Waiting for other threads to finish...       56122s
[2025-09-22 03:00:56] DEBUG    Waiting for other threads to finish...       56186s
[2025-09-22 03:02:01] DEBUG    Waiting for other threads to finish...       56251s
[2025-09-22 03:03:05] DEBUG    Waiting for other threads to finish...       56315s
[2025-09-22 03:04:10] DEBUG    Waiting for other threads to finish...       56380s
[2025-09-22 03:05:15] DEBUG    Waiting for other threads to finish...       56445s
[2025-09-22 03:06:20] DEBUG    Waiting for other threads to finish...       56510s
[2025-09-22 03:07:24] DEBUG    Waiting for other threads to finish...       56574s
[2025-09-22 03:08:28] DEBUG    Waiting for other threads to finish...       56638s
[2025-09-22 03:09:33] DEBUG    Waiting for other threads to finish...       56703s
[2025-09-22 03:10:37] DEBUG    Waiting for other threads to finish...       56767s
[2025-09-22 03:11:41] DEBUG    Waiting for other threads to finish...       56831s
[2025-09-22 03:12:46] DEBUG    Waiting for other threads to finish...       56895s
[2025-09-22 03:13:50] DEBUG    Waiting for other threads to finish...       56960s
[2025-09-22 03:14:55] DEBUG    Waiting for other threads to finish...       57024s
[2025-09-22 03:15:59] DEBUG    Waiting for other threads to finish...       57089s
[2025-09-22 03:17:03] DEBUG    Waiting for other threads to finish...       57153s
[2025-09-22 03:18:08] DEBUG    Waiting for other threads to finish...       57218s
[2025-09-22 03:19:13] DEBUG    Waiting for other threads to finish...       57283s
[2025-09-22 03:20:18] DEBUG    Waiting for other threads to finish...       57347s
[2025-09-22 03:21:22] DEBUG    Waiting for other threads to finish...       57412s
[2025-09-22 03:22:27] DEBUG    Waiting for other threads to finish...       57477s
[2025-09-22 03:23:31] DEBUG    Waiting for other threads to finish...       57541s
[2025-09-22 03:24:36] DEBUG    Waiting for other threads to finish...       57605s
[2025-09-22 03:25:40] DEBUG    Waiting for other threads to finish...       57670s
[2025-09-22 03:26:44] DEBUG    Waiting for other threads to finish...       57734s
[2025-09-22 03:27:49] DEBUG    Waiting for other threads to finish...       57799s
[2025-09-22 03:28:54] DEBUG    Waiting for other threads to finish...       57863s
[2025-09-22 03:29:58] DEBUG    Waiting for other threads to finish...       57928s
[2025-09-22 03:31:03] DEBUG    Waiting for other threads to finish...       57992s
[2025-09-22 03:32:07] DEBUG    Waiting for other threads to finish...       58057s
[2025-09-22 03:33:11] DEBUG    Waiting for other threads to finish...       58121s
[2025-09-22 03:34:16] DEBUG    Waiting for other threads to finish...       58186s
[2025-09-22 03:35:21] DEBUG    Waiting for other threads to finish...       58251s
[2025-09-22 03:36:25] DEBUG    Waiting for other threads to finish...       58315s
[2025-09-22 03:37:30] DEBUG    Waiting for other threads to finish...       58380s
[2025-09-22 03:38:35] DEBUG    Waiting for other threads to finish...       58445s
[2025-09-22 03:39:39] DEBUG    Waiting for other threads to finish...       58509s
[2025-09-22 03:40:44] DEBUG    Waiting for other threads to finish...       58574s
[2025-09-22 03:41:49] DEBUG    Waiting for other threads to finish...       58638s
[2025-09-22 03:42:53] DEBUG    Waiting for other threads to finish...       58703s
[2025-09-22 03:43:58] DEBUG    Waiting for other threads to finish...       58768s
[2025-09-22 03:45:02] DEBUG    Waiting for other threads to finish...       58832s
[2025-09-22 03:46:07] DEBUG    Waiting for other threads to finish...       58897s
[2025-09-22 03:47:11] DEBUG    Waiting for other threads to finish...       58961s
[2025-09-22 03:48:16] DEBUG    Waiting for other threads to finish...       59026s
[2025-09-22 03:49:21] DEBUG    Waiting for other threads to finish...       59091s
[2025-09-22 03:50:25] DEBUG    Waiting for other threads to finish...       59155s
[2025-09-22 03:51:30] DEBUG    Waiting for other threads to finish...       59220s
[2025-09-22 03:52:35] DEBUG    Waiting for other threads to finish...       59284s
[2025-09-22 03:53:39] DEBUG    Waiting for other threads to finish...       59349s
[2025-09-22 03:54:44] DEBUG    Waiting for other threads to finish...       59413s
[2025-09-22 03:55:48] DEBUG    Waiting for other threads to finish...       59478s
[2025-09-22 03:56:53] DEBUG    Waiting for other threads to finish...       59543s
[2025-09-22 03:57:58] DEBUG    Waiting for other threads to finish...       59607s
[2025-09-22 03:59:03] DEBUG    Waiting for other threads to finish...       59672s
[2025-09-22 04:00:07] DEBUG    Waiting for other threads to finish...       59737s
[2025-09-22 04:01:12] DEBUG    Waiting for other threads to finish...       59802s
[2025-09-22 04:02:16] DEBUG    Waiting for other threads to finish...       59866s
[2025-09-22 04:03:21] DEBUG    Waiting for other threads to finish...       59931s
[2025-09-22 04:04:25] DEBUG    Waiting for other threads to finish...       59995s
[2025-09-22 04:05:30] DEBUG    Waiting for other threads to finish...       60059s
[2025-09-22 04:06:34] DEBUG    Waiting for other threads to finish...       60124s
[2025-09-22 04:07:38] DEBUG    Waiting for other threads to finish...       60188s
[2025-09-22 04:08:43] DEBUG    Waiting for other threads to finish...       60253s
[2025-09-22 04:09:47] DEBUG    Waiting for other threads to finish...       60317s
[2025-09-22 04:10:52] DEBUG    Waiting for other threads to finish...       60381s
[2025-09-22 04:11:56] DEBUG    Waiting for other threads to finish...       60446s
[2025-09-22 04:13:00] DEBUG    Waiting for other threads to finish...       60510s
[2025-09-22 04:14:04] DEBUG    Waiting for other threads to finish...       60574s
[2025-09-22 04:15:09] DEBUG    Waiting for other threads to finish...       60639s
[2025-09-22 04:16:14] DEBUG    Waiting for other threads to finish...       60704s
[2025-09-22 04:17:19] DEBUG    Waiting for other threads to finish...       60768s
[2025-09-22 04:18:23] DEBUG    Waiting for other threads to finish...       60833s
[2025-09-22 04:19:27] DEBUG    Waiting for other threads to finish...       60897s
[2025-09-22 04:20:32] DEBUG    Waiting for other threads to finish...       60962s
[2025-09-22 04:21:36] DEBUG    Waiting for other threads to finish...       61026s
[2025-09-22 04:22:41] DEBUG    Waiting for other threads to finish...       61090s
[2025-09-22 04:23:45] DEBUG    Waiting for other threads to finish...       61155s
[2025-09-22 04:24:50] DEBUG    Waiting for other threads to finish...       61219s
[2025-09-22 04:25:54] DEBUG    Waiting for other threads to finish...       61284s
[2025-09-22 04:26:59] DEBUG    Waiting for other threads to finish...       61349s
[2025-09-22 04:28:04] DEBUG    Waiting for other threads to finish...       61413s
[2025-09-22 04:29:08] DEBUG    Waiting for other threads to finish...       61478s
[2025-09-22 04:30:13] DEBUG    Waiting for other threads to finish...       61542s
[2025-09-22 04:31:17] DEBUG    Waiting for other threads to finish...       61607s
[2025-09-22 04:32:22] DEBUG    Waiting for other threads to finish...       61672s
[2025-09-22 04:33:27] DEBUG    Waiting for other threads to finish...       61736s
[2025-09-22 04:34:31] DEBUG    Waiting for other threads to finish...       61801s
[2025-09-22 04:35:35] DEBUG    Waiting for other threads to finish...       61865s
[2025-09-22 04:36:30] DEBUG    Solved with dual simplex
[2025-09-22 04:36:45] DEBUG    Iteration    Objective       Primal Inf.    Dual Inf.      Time
[2025-09-22 04:36:45] DEBUG    4721029    2.0101370e+10   0.000000e+00   0.000000e+00  61935s

Solved in 4721029 iterations and 61935.15 seconds (48522.93 work units)
[2025-09-22 04:36:45] DEBUG    Optimal objective  2.010136962e+10
✅ Scenario completato: new_trasmission_VRES_2035_PHES

🚀 Lancio scenario: new_trasmission_VRES_2035_nostorage
[2025-09-22 04:49:42] INFO     Loading sets
[2025-09-22 04:49:42] INFO     Loading parameters
[2025-09-22 04:50:21] INFO     constraints are loaded in the following order: ['energy_balance', 'dispatch', 'costs', 'capacity', 'network', 'policy', 'conversion', 'group', 'conversion_plus', 'milp', 'export']
[2025-09-22 04:50:21] INFO     creating energy_balance constraints
[2025-09-22 04:53:43] INFO     creating dispatch constraints
[2025-09-22 05:00:44] INFO     creating costs constraints
[2025-09-22 05:11:21] INFO     creating capacity constraints
[2025-09-22 05:11:21] INFO     creating network constraints
[2025-09-22 05:11:21] INFO     creating policy constraints
[2025-09-22 05:11:21] INFO     creating conversion constraints
[2025-09-22 05:11:21] INFO     creating group constraints
[2025-09-22 05:11:21] INFO     creating conversion_plus constraints
[2025-09-22 05:11:21] INFO     creating milp constraints
[2025-09-22 05:11:21] INFO     creating export constraints
[2025-09-22 05:26:32] DEBUG    Set parameter WLSAccessID
Set parameter WLSSecret
Set parameter LicenseID to value 2680226
[2025-09-22 05:26:33] DEBUG    Academic license 2680226 - for non-commercial use only - registered to an___@mail.polimi.it
[2025-09-22 05:27:16] DEBUG    Read LP format model from file /tmp/tmprzlz6sy1.pyomo.lp
Reading time = 43.11 seconds
x21334090: 28280889 rows, 21334090 columns, 69277762 nonzeros
[2025-09-22 05:27:16] DEBUG    Set parameter NumericFocus to value 1
Gurobi Optimizer version 12.0.2 build v12.0.2rc0 (linux64 - "Debian GNU/Linux 11 (bullseye)")

CPU model: Intel(R) Xeon(R) Silver 4314 CPU @ 2.40GHz, instruction set [SSE2|AVX|AVX2|AVX512]
Thread count: 32 physical cores, 64 logical processors, using up to 32 threads

Non-default parameters:
NumericFocus  1
[2025-09-22 05:27:16] DEBUG    Academic license 2680226 - for non-commercial use only - registered to an___@mail.polimi.it
Optimize a model with 28280889 rows, 21334090 columns and 69277762 nonzeros
[2025-09-22 05:27:17] DEBUG    Model fingerprint: 0x84e04a92
[2025-09-22 05:27:17] DEBUG    Coefficient statistics:
  Matrix range     [1e-07, 6e+02]
  Objective range  [1e+00, 1e+06]
  Bounds range     [0e+00, 0e+00]
  RHS range        [1e+00, 2e+08]
[2025-09-22 05:27:22] DEBUG    Presolve removed 20918926 rows and 11585832 columns (presolve time = 5s)...
[2025-09-22 05:27:27] DEBUG    Presolve removed 21428776 rows and 13565148 columns (presolve time = 10s)...
[2025-09-22 05:27:32] DEBUG    Presolve removed 24653687 rows and 16790000 columns (presolve time = 15s)...
[2025-09-22 05:27:38] DEBUG    Presolve removed 25150112 rows and 17286425 columns (presolve time = 21s)...
[2025-09-22 05:28:08] DEBUG    Presolve removed 25679201 rows and 17540465 columns (presolve time = 51s)...
[2025-09-22 05:28:13] DEBUG    Presolve removed 25679201 rows and 18031025 columns (presolve time = 56s)...
[2025-09-22 05:28:13] DEBUG    Presolve removed 25819345 rows and 18031025 columns
[2025-09-22 05:28:51] DEBUG    Presolve time: 94.97s
Presolved: 2461544 rows, 3443209 columns, 10559642 nonzeros

Concurrent LP optimizer: primal simplex, dual simplex, and barrier
Showing barrier log only...
[2025-09-22 05:28:54] DEBUG    Ordering time: 1.58s
[2025-09-22 05:28:56] DEBUG    Barrier statistics:
 Dense cols : 144
 AA' NZ     : 8.702e+06
 Factor NZ  : 3.675e+07 (roughly 2.7 GB of memory)
 Factor Ops : 2.152e+09 (less than 1 second per iteration)
 Threads    : 30
[2025-09-22 05:29:01] DEBUG    Objective                Residual
[2025-09-22 05:29:01] DEBUG    Iter       Primal          Dual         Primal    Dual     Compl     Time
[2025-09-22 05:29:01] DEBUG    0   2.11236614e+21 -9.04101219e+18  6.87e+10 2.89e-11  3.56e+15   105s
[2025-09-22 05:29:07] DEBUG    1   1.61450598e+21 -9.29177763e+18  5.20e+10 2.00e+05  2.56e+15   111s
[2025-09-22 05:29:13] DEBUG    2   1.02710522e+21 -8.42275561e+18  3.31e+10 6.70e+04  1.42e+15   118s
[2025-09-22 05:29:22] DEBUG    3   4.47457863e+20 -7.38925859e+18  1.42e+10 1.29e+04  5.38e+14   126s
[2025-09-22 05:29:29] DEBUG    4   3.49403454e+20 -6.92419058e+18  1.12e+10 6.88e+03  4.21e+14   133s
[2025-09-22 05:29:34] DEBUG    5   3.03522974e+20 -6.64889872e+18  9.73e+09 4.77e+03  3.63e+14   139s
[2025-09-22 05:29:39] DEBUG    6   2.63651157e+20 -6.55660830e+18  8.43e+09 4.64e+03  3.16e+14   144s
[2025-09-22 05:29:45] DEBUG    7   2.27165232e+20 -6.47488834e+18  7.24e+09 4.16e+03  2.72e+14   149s
[2025-09-22 05:29:51] DEBUG    8   1.82736946e+20 -6.39771910e+18  5.86e+09 3.70e+03  2.22e+14   155s
[2025-09-22 05:30:00] DEBUG    9   1.48660833e+20 -6.32688634e+18  4.81e+09 3.16e+03  1.84e+14   164s
[2025-09-22 05:30:09] DEBUG    10   7.06861682e+19 -6.18067663e+18  2.40e+09 2.28e+03  9.54e+13   173s
[2025-09-22 05:30:20] DEBUG    11   1.94073943e+19 -6.02134069e+18  5.45e+08 7.08e+02  2.41e+13   184s
[2025-09-22 05:30:31] DEBUG    12   4.40821466e+18 -4.84990565e+18  1.07e+08 2.32e+02  5.65e+12   195s
[2025-09-22 05:30:40] DEBUG    13   2.86674516e+17 -2.26079166e+18  6.89e+06 3.00e+01  6.65e+11   204s
[2025-09-22 05:30:47] DEBUG    14   3.34766241e+16 -2.26542121e+17  7.49e+05 4.62e-01  4.96e+10   211s
[2025-09-22 05:30:52] DEBUG    15   1.17237000e+14 -2.47097329e+16  7.03e+02 1.10e-02  3.30e+09   217s
[2025-09-22 05:30:58] DEBUG    16   4.60412095e+13 -1.71661862e+15  4.69e+00 2.11e-03  2.30e+08   222s
[2025-09-22 05:31:03] DEBUG    17   3.91738999e+13 -9.29294958e+13  3.79e-01 3.60e-03  1.59e+07   227s
[2025-09-22 05:31:07] DEBUG    18   3.57738741e+13 -6.63374642e+13  2.08e-01 4.47e-03  1.15e+07   231s
[2025-09-22 05:31:13] DEBUG    19   3.48716531e+13 -6.46589300e+13  1.83e-01 4.52e-03  1.12e+07   237s
[2025-09-22 05:31:23] DEBUG    20   3.45423978e+13 -6.44426657e+13  1.74e-01 4.53e-03  1.11e+07   247s
[2025-09-22 05:31:28] DEBUG    21   3.43069484e+13 -6.21250288e+13  1.69e-01 4.60e-03  1.07e+07   252s
[2025-09-22 05:31:35] DEBUG    22   3.40256101e+13 -5.96244475e+13  1.63e-01 4.60e-03  1.08e+07   259s
[2025-09-22 05:31:41] DEBUG    23   3.37195555e+13 -5.63968363e+13  1.56e-01 4.72e-03  1.02e+07   265s
[2025-09-22 05:31:51] DEBUG    24   3.32790613e+13 -4.86026999e+13  1.47e-01 4.96e-03  8.97e+06   275s
[2025-09-22 05:31:59] DEBUG    25   3.27530112e+13 -4.31360094e+13  1.37e-01 5.16e-03  8.03e+06   283s
[2025-09-22 05:32:11] DEBUG    26   3.20868883e+13 -3.68416140e+13  1.25e-01 5.40e-03  6.94e+06   295s
[2025-09-22 05:32:21] DEBUG    27   3.16505631e+13 -3.31083910e+13  1.18e-01 5.54e-03  6.28e+06   305s
[2025-09-22 05:32:31] DEBUG    28   3.12841876e+13 -2.87084484e+13  1.12e-01 6.77e-03  5.52e+06   315s
[2025-09-22 05:32:44] DEBUG    29   3.02486863e+13 -2.30906455e+13  9.67e-02 1.31e-02  4.50e+06   328s
[2025-09-22 05:32:55] DEBUG    30   2.94047454e+13 -2.26712576e+13  8.61e-02 1.30e-02  4.37e+06   339s
[2025-09-22 05:33:06] DEBUG    31   2.86190838e+13 -1.36328364e+13  7.72e-02 1.36e-02  2.79e+06   350s
[2025-09-22 05:33:16] DEBUG    32   2.81848997e+13 -1.34870452e+13  7.26e-02 1.35e-02  2.74e+06   360s
[2025-09-22 05:33:26] DEBUG    33   2.74303991e+13 -1.03716219e+13  6.51e-02 1.09e-02  2.17e+06   370s
[2025-09-22 05:33:36] DEBUG    34   2.61363506e+13 -5.55137993e+12  5.33e-02 1.24e-02  1.28e+06   380s
[2025-09-22 05:33:46] DEBUG    35   2.49054903e+13 -4.91135302e+12  4.72e-02 1.30e-02  1.13e+06   391s
[2025-09-22 05:34:01] DEBUG    36   2.43181248e+13 -3.18533483e+12  4.54e-02 1.10e-02  8.79e+05   405s
[2025-09-22 05:34:14] DEBUG    37   2.04413022e+13 -2.38635450e+12  3.28e-02 1.14e-02  6.91e+05   418s
[2025-09-22 05:34:32] DEBUG    38   1.77897167e+13 -1.55720368e+12  2.74e-02 1.02e-02  5.15e+05   436s
[2025-09-22 05:34:52] DEBUG    39   1.44561147e+13 -9.49395701e+11  1.94e-02 7.14e-03  3.63e+05   457s
[2025-09-22 05:35:09] DEBUG    40   1.28143951e+13 -7.88552970e+11  1.56e-02 6.74e-03  2.92e+05   473s
[2025-09-22 05:35:28] DEBUG    41   1.15305409e+13 -4.23185546e+11  1.19e-02 4.91e-03  2.20e+05   493s
[2025-09-22 05:35:46] DEBUG    42   1.03526334e+13 -2.52293788e+11  9.39e-03 3.78e-03  1.63e+05   510s
[2025-09-22 05:36:04] DEBUG    43   9.47353197e+12 -1.74789977e+11  7.68e-03 3.11e-03  1.30e+05   529s
[2025-09-22 05:36:18] DEBUG    44   8.87024417e+12 -1.55028442e+11  6.59e-03 2.95e-03  1.11e+05   542s
[2025-09-22 05:36:36] DEBUG    45   8.27417650e+12 -1.21889538e+11  5.51e-03 2.63e-03  9.22e+04   560s
[2025-09-22 05:36:59] DEBUG    46   7.79928268e+12 -1.01428028e+11  4.72e-03 2.42e-03  7.83e+04   583s
[2025-09-22 05:37:14] DEBUG    47   7.52142626e+12 -8.03344765e+10  4.22e-03 2.20e-03  6.85e+04   599s
[2025-09-22 05:37:34] DEBUG    48   7.19500159e+12 -6.95543410e+10  3.54e-03 2.09e-03  5.73e+04   618s
[2025-09-22 05:37:48] DEBUG    49   6.98425288e+12 -4.70652375e+10  2.90e-03 2.04e-03  4.48e+04   632s
[2025-09-22 05:38:00] DEBUG    50   6.93132287e+12 -3.47895244e+10  2.76e-03 2.42e-03  4.06e+04   644s
[2025-09-22 05:38:16] DEBUG    51   6.86752892e+12 -3.22843887e+10  2.58e-03 6.61e-03  3.80e+04   660s
[2025-09-22 05:38:34] DEBUG    52   6.85779916e+12 -3.04479968e+10  2.55e-03 9.28e-03  3.73e+04   678s
[2025-09-22 05:38:49] DEBUG    53   6.81750723e+12 -2.63333188e+10  2.45e-03 1.51e-02  3.52e+04   693s
[2025-09-22 05:39:02] DEBUG    54   6.74083118e+12 -2.34816250e+10  2.25e-03 1.87e-02  3.22e+04   706s
[2025-09-22 05:39:09] DEBUG    55   6.71056803e+12 -2.05024215e+10  2.18e-03 2.25e-02  3.07e+04   714s
[2025-09-22 05:39:29] DEBUG    56   6.67972483e+12 -1.84603209e+10  2.10e-03 2.41e-02  2.95e+04   733s
[2025-09-22 05:39:53] DEBUG    57   6.63737058e+12 -1.65045792e+10  2.00e-03 2.52e-02  2.79e+04   757s
[2025-09-22 05:40:08] DEBUG    58   6.57838341e+12 -1.39811497e+10  1.87e-03 2.66e-02  2.56e+04   772s
[2025-09-22 05:40:15] DEBUG    59   6.54955818e+12 -1.13538108e+10  1.81e-03 2.80e-02  2.43e+04   779s
[2025-09-22 05:40:27] DEBUG    60   6.51665195e+12 -9.76855096e+09  1.74e-03 2.89e-02  2.32e+04   791s
[2025-09-22 05:40:39] DEBUG    61   6.43162040e+12 -8.51885706e+09  1.56e-03 2.96e-02  2.10e+04   803s
[2025-09-22 05:40:55] DEBUG    62   6.40159388e+12 -7.48998764e+09  1.50e-03 3.00e-02  2.01e+04   819s
[2025-09-22 05:41:09] DEBUG    63   6.38630656e+12 -6.92611274e+09  1.47e-03 3.02e-02  1.97e+04   833s
[2025-09-22 05:41:23] DEBUG    64   6.36682897e+12 -6.15647536e+09  1.44e-03 3.04e-02  1.91e+04   847s
[2025-09-22 05:41:38] DEBUG    65   6.34145464e+12 -4.76711057e+09  1.39e-03 3.07e-02  1.83e+04   862s
[2025-09-22 05:41:49] DEBUG    66   6.29149321e+12 -3.55750882e+09  1.31e-03 3.08e-02  1.70e+04   874s
[2025-09-22 05:42:01] DEBUG    67   6.23626212e+12 -1.93293775e+09  1.22e-03 3.07e-02  1.55e+04   885s
[2025-09-22 05:42:15] DEBUG    68   6.18817091e+12 -1.49058039e+09  1.14e-03 3.06e-02  1.46e+04   899s
[2025-09-22 05:42:32] DEBUG    69   6.17200885e+12 -1.07493305e+09  1.13e-03 3.04e-02  1.43e+04   916s
[2025-09-22 05:42:58] DEBUG    70   6.15546211e+12 -7.43995170e+08  1.11e-03 3.03e-02  1.41e+04   942s
[2025-09-22 05:43:18] DEBUG    71   6.07193979e+12  3.42348760e+08  1.04e-03 2.99e-02  1.32e+04   962s
[2025-09-22 05:43:35] DEBUG    72   6.03711772e+12  5.39612473e+08  1.02e-03 2.98e-02  1.29e+04   979s
[2025-09-22 05:43:56] DEBUG    73   6.03197083e+12  1.10318723e+09  1.02e-03 2.95e-02  1.29e+04  1000s
[2025-09-22 05:44:21] DEBUG    74   5.97506220e+12  1.51387606e+09  9.87e-04 2.93e-02  1.24e+04  1025s
[2025-09-22 05:44:42] DEBUG    75   5.95651300e+12  1.84305210e+09  9.73e-04 2.89e-02  1.39e+04  1046s
[2025-09-22 05:45:03] DEBUG    76   5.94726323e+12  2.45923194e+09  9.66e-04 2.83e-02  1.37e+04  1067s
[2025-09-22 05:45:21] DEBUG    77   5.90219018e+12  2.82921258e+09  9.34e-04 2.79e-02  1.36e+04  1085s
[2025-09-22 05:45:42] DEBUG    78   5.88044319e+12  3.23241239e+09  9.23e-04 2.74e-02  1.34e+04  1106s
[2025-09-22 05:45:42] DEBUG    Barrier performed 78 iterations in 1106.01 seconds (282.46 work units)
Numerical trouble encountered

Model may be infeasible or unbounded.  Consider using the
homogeneous algorithm (through parameter 'BarHomogeneous')
[2025-09-22 05:46:47] DEBUG    Waiting for other threads to finish...        1171s
[2025-09-22 05:47:51] DEBUG    Waiting for other threads to finish...        1235s
[2025-09-22 05:48:55] DEBUG    Waiting for other threads to finish...        1300s
[2025-09-22 05:50:00] DEBUG    Waiting for other threads to finish...        1364s
[2025-09-22 05:51:05] DEBUG    Waiting for other threads to finish...        1429s
[2025-09-22 05:52:09] DEBUG    Waiting for other threads to finish...        1493s
[2025-09-22 05:53:13] DEBUG    Waiting for other threads to finish...        1557s
[2025-09-22 05:54:18] DEBUG    Waiting for other threads to finish...        1622s
[2025-09-22 05:55:22] DEBUG    Waiting for other threads to finish...        1686s
[2025-09-22 05:56:27] DEBUG    Waiting for other threads to finish...        1751s
[2025-09-22 05:57:31] DEBUG    Waiting for other threads to finish...        1815s
[2025-09-22 05:58:36] DEBUG    Waiting for other threads to finish...        1880s
[2025-09-22 05:59:41] DEBUG    Waiting for other threads to finish...        1945s
[2025-09-22 06:00:46] DEBUG    Waiting for other threads to finish...        2010s
[2025-09-22 06:01:50] DEBUG    Waiting for other threads to finish...        2074s
[2025-09-22 06:02:55] DEBUG    Waiting for other threads to finish...        2139s
[2025-09-22 06:03:59] DEBUG    Waiting for other threads to finish...        2203s
[2025-09-22 06:05:03] DEBUG    Waiting for other threads to finish...        2268s
[2025-09-22 06:06:08] DEBUG    Waiting for other threads to finish...        2332s
[2025-09-22 06:07:12] DEBUG    Waiting for other threads to finish...        2396s
[2025-09-22 06:08:17] DEBUG    Waiting for other threads to finish...        2461s
[2025-09-22 06:09:21] DEBUG    Waiting for other threads to finish...        2525s
[2025-09-22 06:10:26] DEBUG    Waiting for other threads to finish...        2590s
[2025-09-22 06:11:30] DEBUG    Waiting for other threads to finish...        2654s
[2025-09-22 06:12:34] DEBUG    Waiting for other threads to finish...        2718s
[2025-09-22 06:13:39] DEBUG    Waiting for other threads to finish...        2783s
[2025-09-22 06:14:44] DEBUG    Waiting for other threads to finish...        2848s
[2025-09-22 06:15:48] DEBUG    Waiting for other threads to finish...        2912s
[2025-09-22 06:16:53] DEBUG    Waiting for other threads to finish...        2977s
[2025-09-22 06:17:57] DEBUG    Waiting for other threads to finish...        3041s
[2025-09-22 06:19:01] DEBUG    Waiting for other threads to finish...        3105s
[2025-09-22 06:20:06] DEBUG    Waiting for other threads to finish...        3170s
[2025-09-22 06:21:10] DEBUG    Waiting for other threads to finish...        3234s
[2025-09-22 06:22:15] DEBUG    Waiting for other threads to finish...        3299s
[2025-09-22 06:23:19] DEBUG    Waiting for other threads to finish...        3364s
[2025-09-22 06:24:24] DEBUG    Waiting for other threads to finish...        3428s
[2025-09-22 06:25:28] DEBUG    Waiting for other threads to finish...        3493s
[2025-09-22 06:26:33] DEBUG    Waiting for other threads to finish...        3557s
[2025-09-22 06:27:37] DEBUG    Waiting for other threads to finish...        3622s
[2025-09-22 06:28:42] DEBUG    Waiting for other threads to finish...        3686s
[2025-09-22 06:29:46] DEBUG    Waiting for other threads to finish...        3750s
[2025-09-22 06:30:51] DEBUG    Waiting for other threads to finish...        3815s
[2025-09-22 06:31:55] DEBUG    Waiting for other threads to finish...        3879s
[2025-09-22 06:33:00] DEBUG    Waiting for other threads to finish...        3944s
[2025-09-22 06:34:05] DEBUG    Waiting for other threads to finish...        4009s
[2025-09-22 06:35:09] DEBUG    Waiting for other threads to finish...        4074s
[2025-09-22 06:36:14] DEBUG    Waiting for other threads to finish...        4138s
[2025-09-22 06:37:19] DEBUG    Waiting for other threads to finish...        4203s
[2025-09-22 06:38:23] DEBUG    Waiting for other threads to finish...        4267s
[2025-09-22 06:39:28] DEBUG    Waiting for other threads to finish...        4332s
[2025-09-22 06:40:32] DEBUG    Waiting for other threads to finish...        4396s
[2025-09-22 06:41:37] DEBUG    Waiting for other threads to finish...        4461s
[2025-09-22 06:42:41] DEBUG    Waiting for other threads to finish...        4525s
[2025-09-22 06:43:46] DEBUG    Waiting for other threads to finish...        4590s
[2025-09-22 06:44:50] DEBUG    Waiting for other threads to finish...        4654s
[2025-09-22 06:45:55] DEBUG    Waiting for other threads to finish...        4719s
[2025-09-22 06:46:59] DEBUG    Waiting for other threads to finish...        4784s
[2025-09-22 06:48:04] DEBUG    Waiting for other threads to finish...        4848s
[2025-09-22 06:49:09] DEBUG    Waiting for other threads to finish...        4913s
[2025-09-22 06:50:13] DEBUG    Waiting for other threads to finish...        4977s
[2025-09-22 06:51:18] DEBUG    Waiting for other threads to finish...        5042s
[2025-09-22 06:52:22] DEBUG    Waiting for other threads to finish...        5106s
[2025-09-22 06:53:27] DEBUG    Waiting for other threads to finish...        5171s
[2025-09-22 06:54:32] DEBUG    Waiting for other threads to finish...        5236s
[2025-09-22 06:55:36] DEBUG    Waiting for other threads to finish...        5300s
[2025-09-22 06:56:40] DEBUG    Waiting for other threads to finish...        5365s
[2025-09-22 06:57:45] DEBUG    Waiting for other threads to finish...        5429s
[2025-09-22 06:58:50] DEBUG    Waiting for other threads to finish...        5494s
[2025-09-22 06:59:55] DEBUG    Waiting for other threads to finish...        5559s
[2025-09-22 07:00:59] DEBUG    Waiting for other threads to finish...        5623s
[2025-09-22 07:02:04] DEBUG    Waiting for other threads to finish...        5688s
[2025-09-22 07:03:08] DEBUG    Waiting for other threads to finish...        5752s
[2025-09-22 07:04:13] DEBUG    Waiting for other threads to finish...        5817s
[2025-09-22 07:05:17] DEBUG    Waiting for other threads to finish...        5882s
[2025-09-22 07:06:22] DEBUG    Waiting for other threads to finish...        5946s
[2025-09-22 07:07:27] DEBUG    Waiting for other threads to finish...        6011s
[2025-09-22 07:08:31] DEBUG    Waiting for other threads to finish...        6075s
[2025-09-22 07:09:36] DEBUG    Waiting for other threads to finish...        6140s
[2025-09-22 07:10:40] DEBUG    Waiting for other threads to finish...        6204s
[2025-09-22 07:11:44] DEBUG    Waiting for other threads to finish...        6268s
[2025-09-22 07:12:49] DEBUG    Waiting for other threads to finish...        6333s
[2025-09-22 07:13:53] DEBUG    Waiting for other threads to finish...        6397s
[2025-09-22 07:14:49] DEBUG    Solved with dual simplex
[2025-09-22 07:15:06] DEBUG    Iteration    Objective       Primal Inf.    Dual Inf.      Time
[2025-09-22 07:15:06] DEBUG    1717168    2.0337127e+10   0.000000e+00   0.000000e+00   6470s

Solved in 1717168 iterations and 6469.71 seconds (5811.54 work units)
[2025-09-22 07:15:06] DEBUG    Optimal objective  2.033712665e+10
✅ Scenario completato: new_trasmission_VRES_2035_nostorage

🚀 Lancio scenario: new_trasmission_CG+VRES_2035_BESS
[2025-09-22 07:32:03] INFO     Loading sets
[2025-09-22 07:32:03] INFO     Loading parameters
[2025-09-22 07:32:45] INFO     constraints are loaded in the following order: ['energy_balance', 'dispatch', 'costs', 'capacity', 'network', 'policy', 'conversion', 'group', 'conversion_plus', 'milp', 'export']
[2025-09-22 07:32:45] INFO     creating energy_balance constraints
[2025-09-22 07:36:19] INFO     creating dispatch constraints
[2025-09-22 07:38:50] INFO     creating costs constraints
[2025-09-22 07:56:08] INFO     creating capacity constraints
[2025-09-22 07:56:08] INFO     creating network constraints
[2025-09-22 07:56:08] INFO     creating policy constraints
[2025-09-22 07:56:08] INFO     creating conversion constraints
[2025-09-22 07:56:08] INFO     creating group constraints
[2025-09-22 07:56:08] INFO     creating conversion_plus constraints
[2025-09-22 07:56:08] INFO     creating milp constraints
[2025-09-22 07:56:08] INFO     creating export constraints
[2025-09-22 08:12:16] DEBUG    Set parameter WLSAccessID
Set parameter WLSSecret
Set parameter LicenseID to value 2680226
[2025-09-22 08:12:16] DEBUG    Academic license 2680226 - for non-commercial use only - registered to an___@mail.polimi.it
[2025-09-22 08:13:04] DEBUG    Read LP format model from file /tmp/tmploqbo185.pyomo.lp
Reading time = 47.86 seconds
[2025-09-22 08:13:04] DEBUG    x23042592: 30374791 rows, 23042592 columns, 75051098 nonzeros
Set parameter NumericFocus to value 1
Gurobi Optimizer version 12.0.2 build v12.0.2rc0 (linux64 - "Debian GNU/Linux 11 (bullseye)")

CPU model: Intel(R) Xeon(R) Silver 4314 CPU @ 2.40GHz, instruction set [SSE2|AVX|AVX2|AVX512]
Thread count: 32 physical cores, 64 logical processors, using up to 32 threads

Non-default parameters:
NumericFocus  1
[2025-09-22 08:13:04] DEBUG    Academic license 2680226 - for non-commercial use only - registered to an___@mail.polimi.it
Optimize a model with 30374791 rows, 23042592 columns and 75051098 nonzeros
[2025-09-22 08:13:05] DEBUG    Model fingerprint: 0x8524c51a
[2025-09-22 08:13:05] DEBUG    Coefficient statistics:
  Matrix range     [1e-07, 6e+02]
  Objective range  [1e+00, 1e+06]
  Bounds range     [0e+00, 0e+00]
  RHS range        [1e+00, 2e+08]
[2025-09-22 08:13:11] DEBUG    Presolve removed 13974320 rows and 11680581 columns (presolve time = 5s)...
[2025-09-22 08:13:16] DEBUG    Presolve removed 22103500 rows and 12984146 columns (presolve time = 11s)...
[2025-09-22 08:13:22] DEBUG    Presolve removed 22103559 rows and 14695403 columns (presolve time = 17s)...
[2025-09-22 08:13:25] DEBUG    Presolve removed 23748156 rows and 16340000 columns (presolve time = 20s)...
[2025-09-22 08:13:31] DEBUG    Presolve removed 25973785 rows and 18514850 columns (presolve time = 26s)...
[2025-09-22 08:13:36] DEBUG    Presolve removed 25973785 rows and 18514850 columns (presolve time = 31s)...
[2025-09-22 08:14:19] DEBUG    Presolve removed 26502932 rows and 18768890 columns (presolve time = 74s)...
[2025-09-22 08:14:20] DEBUG    Presolve removed 26502932 rows and 18768890 columns (presolve time = 75s)...
[2025-09-22 08:14:25] DEBUG    Presolve removed 26502932 rows and 19171850 columns (presolve time = 80s)...
[2025-09-22 08:14:28] DEBUG    Presolve removed 26643076 rows and 19171850 columns
[2025-09-22 08:15:33] DEBUG    Presolve time: 149.10s
Presolved: 3731715 rows, 4010886 columns, 15326660 nonzeros
[2025-09-22 08:15:33] DEBUG    Concurrent LP optimizer: primal simplex, dual simplex, and barrier
Showing barrier log only...
[2025-09-22 08:16:10] DEBUG    Elapsed ordering time = 34s
[2025-09-22 08:16:11] DEBUG    Elapsed ordering time = 35s
[2025-09-22 08:16:16] DEBUG    Elapsed ordering time = 40s
[2025-09-22 08:16:33] DEBUG    Ordering time: 57.01s
[2025-09-22 08:16:36] DEBUG    Barrier statistics:
 Dense cols : 202
 AA' NZ     : 1.617e+07
 Factor NZ  : 6.776e+07 (roughly 4.0 GB of memory)
 Factor Ops : 7.612e+09 (less than 1 second per iteration)
 Threads    : 30
[2025-09-22 08:16:43] DEBUG    Objective                Residual
Iter       Primal          Dual         Primal    Dual     Compl     Time
[2025-09-22 08:16:43] DEBUG    0   8.73626323e+14 -1.04868372e+15  7.37e+10 2.29e-01  4.02e+11   219s
[2025-09-22 08:16:51] DEBUG    1   7.59252956e+14 -1.05530803e+15  6.28e+10 2.45e+01  3.06e+11   227s
[2025-09-22 08:16:59] DEBUG    2   6.40630893e+14 -1.02017720e+15  5.07e+10 1.06e+01  2.05e+11   235s
[2025-09-22 08:17:11] DEBUG    3   4.52864525e+14 -1.01452109e+15  3.22e+10 5.09e+00  1.22e+11   247s
[2025-09-22 08:17:19] DEBUG    4   3.55105118e+14 -8.58279980e+14  2.19e+10 1.47e+00  7.01e+10   256s
[2025-09-22 08:17:26] DEBUG    5   2.34034071e+14 -7.86403399e+14  8.11e+09 5.81e-01  2.67e+10   262s
[2025-09-22 08:17:32] DEBUG    6   2.12478493e+14 -6.93079805e+14  3.73e+09 2.25e-01  1.22e+10   269s
[2025-09-22 08:17:39] DEBUG    7   2.10299395e+14 -5.89620758e+14  1.84e+09 8.64e-02  5.72e+09   275s
[2025-09-22 08:17:47] DEBUG    8   2.10847932e+14 -4.77267668e+14  1.53e+09 1.48e-02  4.05e+09   284s
[2025-09-22 08:17:54] DEBUG    9   2.22860107e+14 -4.15336740e+14  6.80e+08 2.02e-02  1.81e+09   290s
[2025-09-22 08:18:03] DEBUG    10   2.19705215e+14 -3.30941393e+14  1.61e+08 3.59e-02  4.49e+08   299s
[2025-09-22 08:18:10] DEBUG    11   2.02337169e+14 -2.30936888e+14  5.86e+07 3.99e-02  1.75e+08   306s
[2025-09-22 08:18:19] DEBUG    12   1.81881446e+14 -1.61325261e+14  2.44e+07 3.87e-02  7.88e+07   315s
[2025-09-22 08:18:30] DEBUG    13   1.73216787e+14 -1.17662371e+14  1.84e+07 9.38e-02  5.50e+07   326s
[2025-09-22 08:18:39] DEBUG    14   1.66919820e+14 -8.49188894e+13  1.50e+07 7.90e-02  4.12e+07   335s
[2025-09-22 08:18:46] DEBUG    15   1.65567630e+14 -6.85684556e+13  1.43e+07 7.14e-02  3.65e+07   342s
[2025-09-22 08:18:52] DEBUG    16   1.63678715e+14 -4.21753866e+13  1.35e+07 6.22e-02  2.92e+07   349s
[2025-09-22 08:19:01] DEBUG    17   1.52468016e+14 -3.16906951e+13  8.62e+06 5.89e-02  1.85e+07   357s
[2025-09-22 08:19:12] DEBUG    18   1.43903530e+14 -2.85699262e+13  5.97e+06 5.05e-02  1.35e+07   368s
[2025-09-22 08:19:21] DEBUG    19   1.42994264e+14 -2.32623219e+13  5.75e+06 3.96e-02  1.19e+07   378s
[2025-09-22 08:19:35] DEBUG    20   1.35668445e+14 -1.87551800e+13  3.95e+06 3.68e-02  7.77e+06   391s
[2025-09-22 08:19:51] DEBUG    21   1.29307723e+14 -9.88672591e+12  2.69e+06 4.19e-02  3.73e+06   407s
[2025-09-22 08:20:05] DEBUG    22   1.25998587e+14 -5.38069710e+12  2.19e+06 4.01e-02  2.16e+06   421s
[2025-09-22 08:20:14] DEBUG    23   1.18924478e+14 -3.31975846e+12  1.32e+06 3.94e-02  1.18e+06   430s
[2025-09-22 08:20:23] DEBUG    24   1.15868858e+14 -2.29018680e+12  1.07e+06 3.85e-02  7.97e+05   439s
[2025-09-22 08:20:29] DEBUG    25   1.14397299e+14 -2.14485011e+12  9.73e+05 3.82e-02  7.19e+05   445s
[2025-09-22 08:20:36] DEBUG    26   1.11704528e+14 -1.85311864e+12  8.02e+05 4.98e-02  5.85e+05   452s
[2025-09-22 08:20:43] DEBUG    27   1.10395476e+14 -1.56176775e+12  7.31e+05 6.65e-02  5.00e+05   459s
[2025-09-22 08:20:52] DEBUG    28   1.08511492e+14 -1.05524548e+12  6.38e+05 8.90e-02  3.55e+05   468s
[2025-09-22 08:21:04] DEBUG    29   1.05583508e+14 -7.44798698e+11  5.07e+05 9.39e-02  2.44e+05   480s
[2025-09-22 08:21:16] DEBUG    30   1.02511423e+14 -5.31557921e+11  3.93e+05 9.49e-02  1.62e+05   492s
[2025-09-22 08:21:31] DEBUG    31   9.96467400e+13 -3.85125966e+11  3.07e+05 9.44e-02  1.08e+05   507s
[2025-09-22 08:21:45] DEBUG    32   9.78835723e+13 -2.76472874e+11  2.64e+05 9.33e-02  7.75e+04   521s
[2025-09-22 08:21:58] DEBUG    33   9.62440149e+13 -2.22623665e+11  2.29e+05 9.13e-02  6.02e+04   534s
[2025-09-22 08:22:13] DEBUG    34   9.51194484e+13 -1.89409018e+11  2.08e+05 8.90e-02  5.05e+04   550s
[2025-09-22 08:22:27] DEBUG    35   9.40609679e+13 -1.73272763e+11  1.89e+05 8.66e-02  4.48e+04   563s
[2025-09-22 08:22:40] DEBUG    36   9.28522899e+13 -1.64828521e+11  1.70e+05 8.51e-02  3.97e+04   576s
[2025-09-22 08:22:54] DEBUG    37   9.21352853e+13 -1.52874022e+11  1.59e+05 8.33e-02  3.61e+04   590s
[2025-09-22 08:23:07] DEBUG    38   9.10621744e+13 -1.49055951e+11  1.45e+05 8.24e-02  3.27e+04   603s
[2025-09-22 08:23:19] DEBUG    39   9.04384677e+13 -1.41789167e+11  1.37e+05 8.09e-02  3.03e+04   615s
[2025-09-22 08:23:34] DEBUG    40   8.96151734e+13 -1.33746003e+11  1.27e+05 7.86e-02  2.73e+04   630s
[2025-09-22 08:23:47] DEBUG    41   8.88691356e+13 -1.30849953e+11  1.19e+05 7.73e-02  2.53e+04   644s
[2025-09-22 08:24:00] DEBUG    42   8.82863000e+13 -1.27728084e+11  1.12e+05 7.43e-02  2.38e+04   656s
[2025-09-22 08:24:14] DEBUG    43   8.77455208e+13 -1.25584674e+11  1.07e+05 7.01e-02  2.25e+04   670s
[2025-09-22 08:24:26] DEBUG    44   8.71924148e+13 -1.23689502e+11  1.01e+05 6.61e-02  2.13e+04   682s
[2025-09-22 08:24:39] DEBUG    45   8.66050631e+13 -1.22925119e+11  9.57e+04 6.40e-02  2.01e+04   695s
[2025-09-22 08:24:52] DEBUG    46   8.60012764e+13 -1.21107016e+11  9.02e+04 5.98e-02  1.88e+04   708s
[2025-09-22 08:25:08] DEBUG    47   8.55621827e+13 -1.19750004e+11  8.65e+04 5.65e-02  1.80e+04   724s
[2025-09-22 08:25:20] DEBUG    48   8.51446038e+13 -1.17850359e+11  8.30e+04 5.18e-02  1.71e+04   736s
[2025-09-22 08:25:33] DEBUG    49   8.45815516e+13 -1.16002013e+11  7.85e+04 4.72e-02  1.60e+04   750s
[2025-09-22 08:25:42] DEBUG    50   8.43634811e+13 -1.15647141e+11  7.68e+04 4.62e-02  1.57e+04   758s
[2025-09-22 08:25:56] DEBUG    51   8.39037450e+13 -1.14848806e+11  7.34e+04 4.40e-02  1.50e+04   772s
[2025-09-22 08:26:08] DEBUG    52   8.33297746e+13 -1.13783797e+11  6.93e+04 4.11e-02  1.40e+04   784s
[2025-09-22 08:26:17] DEBUG    53   8.30940040e+13 -1.13523161e+11  6.77e+04 4.03e-02  1.37e+04   793s
[2025-09-22 08:26:31] DEBUG    54   8.26565063e+13 -1.12873552e+11  6.48e+04 3.85e-02  1.31e+04   808s
[2025-09-22 08:26:44] DEBUG    55   8.22934354e+13 -1.11722979e+11  6.24e+04 3.53e-02  1.25e+04   820s
[2025-09-22 08:26:58] DEBUG    56   8.16669207e+13 -1.11248962e+11  5.85e+04 3.38e-02  1.18e+04   834s
[2025-09-22 08:27:11] DEBUG    57   8.14502018e+13 -1.10363338e+11  5.72e+04 3.13e-02  1.14e+04   847s
[2025-09-22 08:27:23] DEBUG    58   8.09182903e+13 -1.08926246e+11  5.41e+04 2.71e-02  1.07e+04   859s
[2025-09-22 08:27:32] DEBUG    59   8.07790563e+13 -1.08701852e+11  5.34e+04 2.64e-02  1.05e+04   869s
[2025-09-22 08:27:47] DEBUG    60   8.03610239e+13 -1.08042902e+11  5.11e+04 2.44e-02  1.00e+04   883s
[2025-09-22 08:28:00] DEBUG    61   7.99449893e+13 -1.07502809e+11  4.89e+04 2.27e-02  9.55e+03   896s
[2025-09-22 08:28:12] DEBUG    62   7.96676674e+13 -1.07159804e+11  4.76e+04 2.16e-02  9.25e+03   908s
[2025-09-22 08:28:26] DEBUG    63   7.94170419e+13 -1.06471134e+11  4.63e+04 1.94e-02  8.93e+03   922s
[2025-09-22 08:28:40] DEBUG    64   7.90230554e+13 -1.06229226e+11  4.44e+04 1.86e-02  8.56e+03   936s
[2025-09-22 08:28:53] DEBUG    65   7.87234410e+13 -1.05958013e+11  4.31e+04 2.14e-02  8.27e+03   949s
[2025-09-22 08:29:07] DEBUG    66   7.85831958e+13 -1.05844141e+11  4.24e+04 2.28e-02  8.14e+03   963s
[2025-09-22 08:29:18] DEBUG    67   7.85486042e+13 -1.05797822e+11  4.23e+04 2.34e-02  8.11e+03   974s
[2025-09-22 08:29:28] DEBUG    68   7.85303937e+13 -1.05704478e+11  4.22e+04 2.47e-02  8.09e+03   984s
[2025-09-22 08:29:40] DEBUG    69   7.83613955e+13 -1.05721261e+11  4.15e+04 2.61e-02  1.09e+04   996s
[2025-09-22 08:29:53] DEBUG    70   7.81779149e+13 -1.05548095e+11  4.07e+04 2.87e-02  1.17e+04  1009s
[2025-09-22 08:30:06] DEBUG    71   7.80056691e+13 -1.05465883e+11  3.99e+04 2.99e-02  1.19e+04  1022s
[2025-09-22 08:30:17] DEBUG    72   7.79819743e+13 -1.05453067e+11  3.98e+04 3.02e-02  1.21e+04  1033s
[2025-09-22 08:30:31] DEBUG    73   7.79190304e+13 -1.05382638e+11  3.96e+04 3.15e-02  1.20e+04  1047s
[2025-09-22 08:30:42] DEBUG    74   7.75081858e+13 -1.05317382e+11  3.78e+04 3.27e-02  1.16e+04  1058s
[2025-09-22 08:30:54] DEBUG    75   7.72581706e+13 -1.05131777e+11  3.68e+04 3.52e-02  1.13e+04  1070s
[2025-09-22 08:31:02] DEBUG    76   7.71715839e+13 -1.05084218e+11  3.65e+04 3.59e-02  1.11e+04  1078s
[2025-09-22 08:31:13] DEBUG    77   7.71509395e+13 -1.04969513e+11  3.64e+04 3.75e-02  1.10e+04  1089s
[2025-09-22 08:31:22] DEBUG    78   7.69655230e+13 -1.04810826e+11  3.57e+04 3.96e-02  1.07e+04  1099s
[2025-09-22 08:31:31] DEBUG    79   7.67882203e+13 -1.04769709e+11  3.50e+04 4.03e-02  1.05e+04  1107s
[2025-09-22 08:31:42] DEBUG    80   7.65569177e+13 -1.04645706e+11  3.41e+04 4.20e-02  1.02e+04  1118s
[2025-09-22 08:31:52] DEBUG    81   7.63257994e+13 -1.04601056e+11  3.33e+04 4.27e-02  1.00e+04  1128s
[2025-09-22 08:32:05] DEBUG    82   7.60034577e+13 -1.04460666e+11  3.21e+04 4.46e-02  9.63e+03  1142s
[2025-09-22 08:32:16] DEBUG    83   7.58815615e+13 -1.04414021e+11  3.17e+04 4.52e-02  9.50e+03  1152s
[2025-09-22 08:32:31] DEBUG    84   7.57931179e+13 -1.04301841e+11  3.14e+04 4.67e-02  9.33e+03  1167s
[2025-09-22 08:32:42] DEBUG    85   7.54812315e+13 -1.04177324e+11  3.03e+04 4.84e-02  8.98e+03  1178s
[2025-09-22 08:32:51] DEBUG    86   7.53348461e+13 -1.04136457e+11  2.98e+04 4.90e-02  8.84e+03  1187s
[2025-09-22 08:33:02] DEBUG    87   7.51007426e+13 -1.04077482e+11  2.90e+04 4.97e-02  8.62e+03  1198s
[2025-09-22 08:33:13] DEBUG    88   7.49695982e+13 -1.03990389e+11  2.86e+04 5.09e-02  8.45e+03  1209s
[2025-09-22 08:33:25] DEBUG    89   7.48541636e+13 -1.03948751e+11  2.83e+04 5.14e-02  8.34e+03  1221s
[2025-09-22 08:33:36] DEBUG    90   7.47662278e+13 -1.03880983e+11  2.80e+04 5.23e-02  8.22e+03  1232s
[2025-09-22 08:33:45] DEBUG    91   7.46892914e+13 -1.03862080e+11  2.77e+04 5.26e-02  8.15e+03  1241s
[2025-09-22 08:33:54] DEBUG    92   7.45096452e+13 -1.03803860e+11  2.72e+04 5.34e-02  7.98e+03  1250s
[2025-09-22 08:34:02] DEBUG    93   7.43839576e+13 -1.03784559e+11  2.68e+04 5.39e-02  8.19e+03  1258s
[2025-09-22 08:34:16] DEBUG    94   7.38173652e+13 -1.03736568e+11  2.51e+04 5.45e-02  7.77e+03  1272s
[2025-09-22 08:34:28] DEBUG    95   7.36484593e+13 -1.03622743e+11  2.47e+04 5.60e-02  7.60e+03  1284s
[2025-09-22 08:34:39] DEBUG    96   7.35151028e+13 -1.03551695e+11  2.43e+04 5.68e-02  7.45e+03  1295s
[2025-09-22 08:34:52] DEBUG    97   7.34781520e+13 -1.03505941e+11  2.42e+04 5.74e-02  7.38e+03  1308s
[2025-09-22 08:35:00] DEBUG    98   7.33354525e+13 -1.03475077e+11  2.38e+04 5.77e-02  7.27e+03  1316s
[2025-09-22 08:35:12] DEBUG    99   7.31740929e+13 -1.03428813e+11  2.34e+04 5.83e-02  7.26e+03  1328s
[2025-09-22 08:35:26] DEBUG    100   7.29074505e+13 -1.03339079e+11  2.27e+04 5.93e-02  7.02e+03  1342s
[2025-09-22 08:35:35] DEBUG    101   7.27779328e+13 -1.03326472e+11  2.24e+04 5.94e-02  7.01e+03  1351s
[2025-09-22 08:35:45] DEBUG    102   7.27273781e+13 -1.03292813e+11  2.22e+04 5.98e-02  6.95e+03  1361s
[2025-09-22 08:35:58] DEBUG    103   7.25799480e+13 -1.03245510e+11  2.19e+04 6.03e-02  6.86e+03  1374s
[2025-09-22 08:36:08] DEBUG    104   7.24066706e+13 -1.03203046e+11  2.14e+04 6.07e-02  6.74e+03  1384s
[2025-09-22 08:36:16] DEBUG    105   7.23305992e+13 -1.03172577e+11  2.12e+04 6.10e-02  6.67e+03  1392s
[2025-09-22 08:36:29] DEBUG    106   7.22361963e+13 -1.03121045e+11  2.10e+04 6.14e-02  6.59e+03  1405s
[2025-09-22 08:36:43] DEBUG    107   7.19080833e+13 -1.03067853e+11  2.02e+04 6.18e-02  6.36e+03  1419s
[2025-09-22 08:36:56] DEBUG    108   7.18539266e+13 -1.03020224e+11  2.01e+04 6.16e-02  6.31e+03  1433s
[2025-09-22 08:37:09] DEBUG    109   7.17897517e+13 -1.02992853e+11  2.00e+04 6.14e-02  6.27e+03  1445s
[2025-09-22 08:37:21] DEBUG    110   7.17172064e+13 -1.02966184e+11  1.98e+04 6.12e-02  6.25e+03  1457s
[2025-09-22 08:37:33] DEBUG    111   7.16277334e+13 -1.02924951e+11  1.96e+04 6.07e-02  6.20e+03  1469s
[2025-09-22 08:37:46] DEBUG    112   7.15045565e+13 -1.02860197e+11  1.93e+04 6.00e-02  6.11e+03  1482s
[2025-09-22 08:38:00] DEBUG    113   7.13701086e+13 -1.02784673e+11  1.90e+04 5.91e-02  6.01e+03  1496s
[2025-09-22 08:38:15] DEBUG    114   7.12126486e+13 -1.02709700e+11  1.86e+04 5.83e-02  5.90e+03  1511s
[2025-09-22 08:38:27] DEBUG    115   7.11521556e+13 -1.02630747e+11  1.85e+04 5.74e-02  5.84e+03  1524s
[2025-09-22 08:38:39] DEBUG    116   7.09852277e+13 -1.02562647e+11  1.81e+04 5.67e-02  5.73e+03  1535s
[2025-09-22 08:38:51] DEBUG    117   7.09521191e+13 -1.02496087e+11  1.81e+04 5.60e-02  5.68e+03  1547s
[2025-09-22 08:39:01] DEBUG    118   7.08475697e+13 -1.02434530e+11  1.78e+04 5.53e-02  5.61e+03  1557s
[2025-09-22 08:39:11] DEBUG    119   7.07806945e+13 -1.02392374e+11  1.77e+04 5.49e-02  5.61e+03  1567s
[2025-09-22 08:39:21] DEBUG    120   7.06986010e+13 -1.02316008e+11  1.75e+04 5.41e-02  5.55e+03  1577s
[2025-09-22 08:39:33] DEBUG    121   7.05954456e+13 -1.02251761e+11  1.73e+04 5.34e-02  5.51e+03  1589s
[2025-09-22 08:39:47] DEBUG    122   7.05450485e+13 -1.02188305e+11  1.72e+04 5.28e-02  5.47e+03  1603s
[2025-09-22 08:39:57] DEBUG    123   7.03707513e+13 -1.02103263e+11  1.68e+04 5.19e-02  5.39e+03  1614s
[2025-09-22 08:40:09] DEBUG    124   7.03259724e+13 -1.02067478e+11  1.67e+04 5.16e-02  5.37e+03  1625s
[2025-09-22 08:40:21] DEBUG    125   7.02170690e+13 -1.02001771e+11  1.65e+04 5.09e-02  5.30e+03  1637s
[2025-09-22 08:40:30] DEBUG    126   7.02012979e+13 -1.01943626e+11  1.65e+04 5.05e-02  5.30e+03  1646s
[2025-09-22 08:40:41] DEBUG    127   7.01939966e+13 -1.01916445e+11  1.65e+04 5.02e-02  5.29e+03  1657s
[2025-09-22 08:40:59] DEBUG    128   7.00400806e+13 -1.01873509e+11  1.62e+04 4.98e-02  5.24e+03  1675s
[2025-09-22 08:41:11] DEBUG    129   6.99162460e+13 -1.01774787e+11  1.59e+04 4.90e-02  5.16e+03  1687s
[2025-09-22 08:41:20] DEBUG    130   6.98613232e+13 -1.01745203e+11  1.58e+04 4.88e-02  5.13e+03  1696s
[2025-09-22 08:41:30] DEBUG    131   6.97770274e+13 -1.01704948e+11  1.56e+04 4.85e-02  5.08e+03  1706s
[2025-09-22 08:41:40] DEBUG    132   6.96555790e+13 -1.01649083e+11  1.54e+04 4.80e-02  5.03e+03  1716s
[2025-09-22 08:41:49] DEBUG    133   6.95774996e+13 -1.01613408e+11  1.53e+04 4.78e-02  4.99e+03  1725s
[2025-09-22 08:42:02] DEBUG    134   6.93901260e+13 -1.01506361e+11  1.49e+04 4.70e-02  4.88e+03  1739s
[2025-09-22 08:42:16] DEBUG    135   6.92969798e+13 -1.01416319e+11  1.47e+04 4.63e-02  4.82e+03  1752s
[2025-09-22 08:42:27] DEBUG    136   6.91844729e+13 -1.01339829e+11  1.45e+04 4.58e-02  4.75e+03  1763s
[2025-09-22 08:42:38] DEBUG    137   6.90709426e+13 -1.01197425e+11  1.43e+04 4.48e-02  4.67e+03  1774s
[2025-09-22 08:42:50] DEBUG    138   6.89949886e+13 -1.01077962e+11  1.42e+04 4.41e-02  4.61e+03  1786s
[2025-09-22 08:43:02] DEBUG    139   6.89360416e+13 -1.01023940e+11  1.41e+04 4.38e-02  4.58e+03  1798s
[2025-09-22 08:43:14] DEBUG    140   6.87300847e+13 -1.00934513e+11  1.37e+04 4.32e-02  4.47e+03  1810s
[2025-09-22 08:43:25] DEBUG    141   6.86799018e+13 -1.00868142e+11  1.36e+04 4.28e-02  4.47e+03  1821s
[2025-09-22 08:43:34] DEBUG    142   6.86365607e+13 -1.00835810e+11  1.36e+04 4.26e-02  4.44e+03  1830s
[2025-09-22 08:43:45] DEBUG    143   6.86232640e+13 -1.00829714e+11  1.35e+04 4.25e-02  4.45e+03  1841s
[2025-09-22 08:44:02] DEBUG    144   6.85512534e+13 -1.00731819e+11  1.34e+04 4.19e-02  4.41e+03  1859s
[2025-09-22 08:44:22] DEBUG    145   6.84879883e+13 -1.00636596e+11  1.33e+04 4.13e-02  4.38e+03  1878s
[2025-09-22 08:44:36] DEBUG    146   6.83796782e+13 -1.00560757e+11  1.31e+04 4.08e-02  4.34e+03  1892s
[2025-09-22 08:44:44] DEBUG    147   6.83684466e+13 -1.00480044e+11  1.31e+04 4.03e-02  4.33e+03  1900s
[2025-09-22 08:44:54] DEBUG    148   6.82989201e+13 -1.00455203e+11  1.30e+04 4.02e-02  4.29e+03  1910s
[2025-09-22 08:45:10] DEBUG    149   6.82712929e+13 -1.00386933e+11  1.29e+04 3.97e-02  4.28e+03  1926s
[2025-09-22 08:45:23] DEBUG    150   6.82375288e+13 -1.00297159e+11  1.29e+04 3.92e-02  4.27e+03  1939s
[2025-09-22 08:45:37] DEBUG    151   6.82232235e+13 -1.00245118e+11  1.29e+04 3.88e-02  4.28e+03  1953s
[2025-09-22 08:45:51] DEBUG    152   6.81980851e+13 -1.00173981e+11  1.28e+04 3.84e-02  4.28e+03  1967s
[2025-09-22 08:46:09] DEBUG    153   6.79253966e+13 -1.00078332e+11  1.24e+04 3.78e-02  4.16e+03  1985s
[2025-09-22 08:46:20] DEBUG    154   6.78592407e+13 -9.99715816e+10  1.23e+04 3.71e-02  4.12e+03  1997s
[2025-09-22 08:46:29] DEBUG    155   6.77849491e+13 -9.99466524e+10  1.21e+04 3.70e-02  4.08e+03  2005s
[2025-09-22 08:46:37] DEBUG    156   6.77471379e+13 -9.99065881e+10  1.21e+04 3.67e-02  4.06e+03  2014s
[2025-09-22 08:46:47] DEBUG    157   6.77051165e+13 -9.98712000e+10  1.20e+04 3.65e-02  4.04e+03  2023s
[2025-09-22 08:46:58] DEBUG    158   6.76914979e+13 -9.98061172e+10  1.20e+04 3.61e-02  4.03e+03  2034s
[2025-09-22 08:47:12] DEBUG    159   6.75238177e+13 -9.97690795e+10  1.17e+04 3.58e-02  3.97e+03  2048s
[2025-09-22 08:47:21] DEBUG    160   6.73871720e+13 -9.97098408e+10  1.15e+04 3.54e-02  3.90e+03  2057s
[2025-09-22 08:47:32] DEBUG    161   6.73784049e+13 -9.96791523e+10  1.15e+04 3.52e-02  3.89e+03  2068s
[2025-09-22 08:47:41] DEBUG    162   6.73607052e+13 -9.96617111e+10  1.15e+04 3.50e-02  3.88e+03  2077s
[2025-09-22 08:48:02] DEBUG    163   6.71731643e+13 -9.95605333e+10  1.12e+04 3.44e-02  3.79e+03  2098s
[2025-09-22 08:48:12] DEBUG    164   6.70691517e+13 -9.94613414e+10  1.10e+04 3.38e-02  3.73e+03  2108s
[2025-09-22 08:48:24] DEBUG    165   6.70594969e+13 -9.93901921e+10  1.10e+04 3.34e-02  3.72e+03  2120s
[2025-09-22 08:48:34] DEBUG    166   6.69889461e+13 -9.93679655e+10  1.09e+04 3.32e-02  3.69e+03  2130s
[2025-09-22 08:48:49] DEBUG    167   6.68867259e+13 -9.92649352e+10  1.08e+04 3.26e-02  3.64e+03  2145s
[2025-09-22 08:49:03] DEBUG    168   6.67438096e+13 -9.91953994e+10  1.06e+04 3.21e-02  3.59e+03  2159s
[2025-09-22 08:49:15] DEBUG    169   6.66373038e+13 -9.90883215e+10  1.04e+04 3.15e-02  3.53e+03  2171s
[2025-09-22 08:49:27] DEBUG    170   6.66173934e+13 -9.90054517e+10  1.04e+04 3.10e-02  3.51e+03  2183s
[2025-09-22 08:49:38] DEBUG    171   6.65171229e+13 -9.89416004e+10  1.02e+04 3.06e-02  3.46e+03  2194s
[2025-09-22 08:49:49] DEBUG    172   6.65003424e+13 -9.88589423e+10  1.02e+04 3.00e-02  3.47e+03  2205s
[2025-09-22 08:49:58] DEBUG    173   6.64291579e+13 -9.88106693e+10  1.01e+04 2.97e-02  3.44e+03  2215s
[2025-09-22 08:50:07] DEBUG    174   6.63806610e+13 -9.87802243e+10  1.01e+04 2.95e-02  3.45e+03  2223s
[2025-09-22 08:50:19] DEBUG    175   6.63003852e+13 -9.87434741e+10  9.94e+03 2.93e-02  3.41e+03  2235s
[2025-09-22 08:50:31] DEBUG    176   6.61851799e+13 -9.86877364e+10  9.79e+03 2.89e-02  3.37e+03  2247s
[2025-09-22 08:50:41] DEBUG    177   6.61546475e+13 -9.86148597e+10  9.75e+03 2.85e-02  3.35e+03  2257s
[2025-09-22 08:50:53] DEBUG    178   6.61127311e+13 -9.85716857e+10  9.69e+03 2.82e-02  3.33e+03  2269s
[2025-09-22 08:51:04] DEBUG    179   6.59859739e+13 -9.84916111e+10  9.53e+03 2.77e-02  3.29e+03  2280s
[2025-09-22 08:51:16] DEBUG    180   6.58696162e+13 -9.84416741e+10  9.37e+03 2.74e-02  3.26e+03  2292s
[2025-09-22 08:51:27] DEBUG    181   6.58327549e+13 -9.83927162e+10  9.33e+03 2.70e-02  3.24e+03  2303s
[2025-09-22 08:51:35] DEBUG    182   6.56898620e+13 -9.83503611e+10  9.15e+03 2.68e-02  3.18e+03  2311s
[2025-09-22 08:51:46] DEBUG    183   6.56299626e+13 -9.83085367e+10  9.07e+03 2.65e-02  3.16e+03  2322s
[2025-09-22 08:51:58] DEBUG    184   6.55799549e+13 -9.82748979e+10  9.01e+03 2.63e-02  3.13e+03  2334s
[2025-09-22 08:52:08] DEBUG    185   6.55411446e+13 -9.82740820e+10  8.96e+03 2.63e-02  3.12e+03  2345s
[2025-09-22 08:52:19] DEBUG    186   6.55330380e+13 -9.82573123e+10  8.95e+03 2.63e-02  3.13e+03  2356s
[2025-09-22 08:52:29] DEBUG    187   6.54919760e+13 -9.82564343e+10  8.90e+03 2.63e-02  3.12e+03  2365s
[2025-09-22 08:52:38] DEBUG    188   6.54484719e+13 -9.82444807e+10  8.85e+03 2.63e-02  3.12e+03  2374s
[2025-09-22 08:52:48] DEBUG    189   6.54349486e+13 -9.82046944e+10  8.83e+03 2.64e-02  3.11e+03  2384s
[2025-09-22 08:52:57] DEBUG    190   6.52974006e+13 -9.81919832e+10  8.66e+03 2.64e-02  3.08e+03  2393s
[2025-09-22 08:53:08] DEBUG    191   6.52265662e+13 -9.81746374e+10  8.58e+03 2.64e-02  3.05e+03  2404s
[2025-09-22 08:53:21] DEBUG    192   6.50681855e+13 -9.81361627e+10  8.39e+03 2.64e-02  2.99e+03  2417s
[2025-09-22 08:53:34] DEBUG    193   6.49808372e+13 -9.81100573e+10  8.29e+03 2.65e-02  2.95e+03  2430s
[2025-09-22 08:53:45] DEBUG    194   6.49299620e+13 -9.80915861e+10  8.23e+03 2.65e-02  2.93e+03  2441s
[2025-09-22 08:53:54] DEBUG    195   6.49014092e+13 -9.80743188e+10  8.20e+03 2.65e-02  2.92e+03  2451s
[2025-09-22 08:54:03] DEBUG    196   6.47835961e+13 -9.80723790e+10  8.06e+03 2.65e-02  2.89e+03  2460s
[2025-09-22 08:54:12] DEBUG    197   6.47354238e+13 -9.80453695e+10  8.01e+03 2.65e-02  2.88e+03  2468s
[2025-09-22 08:54:20] DEBUG    198   6.46920442e+13 -9.80251979e+10  7.96e+03 2.66e-02  2.86e+03  2477s
[2025-09-22 08:54:33] DEBUG    199   6.44772113e+13 -9.79957085e+10  7.72e+03 2.66e-02  2.80e+03  2489s
[2025-09-22 08:54:42] DEBUG    200   6.44751922e+13 -9.79904363e+10  7.72e+03 2.66e-02  2.79e+03  2498s
[2025-09-22 08:54:52] DEBUG    201   6.44602486e+13 -9.79729493e+10  7.71e+03 2.66e-02  2.78e+03  2508s
[2025-09-22 08:55:07] DEBUG    202   6.43360961e+13 -9.79627016e+10  7.57e+03 2.66e-02  2.75e+03  2523s
[2025-09-22 08:55:17] DEBUG    203   6.43128535e+13 -9.79444209e+10  7.55e+03 2.67e-02  2.74e+03  2533s
[2025-09-22 08:55:29] DEBUG    204   6.41759258e+13 -9.79132289e+10  7.40e+03 2.67e-02  2.69e+03  2546s
[2025-09-22 08:55:41] DEBUG    205   6.41347542e+13 -9.78846303e+10  7.36e+03 2.67e-02  2.68e+03  2558s
[2025-09-22 08:55:51] DEBUG    206   6.40845827e+13 -9.78391989e+10  7.31e+03 2.67e-02  2.66e+03  2567s
[2025-09-22 08:56:08] DEBUG    207   6.37651853e+13 -9.77857079e+10  6.98e+03 2.68e-02  2.58e+03  2585s
[2025-09-22 08:56:17] DEBUG    208   6.36560374e+13 -9.77585736e+10  6.87e+03 2.68e-02  2.54e+03  2594s
[2025-09-22 08:56:27] DEBUG    209   6.36392222e+13 -9.77423040e+10  6.86e+03 2.68e-02  2.53e+03  2603s
[2025-09-22 08:56:40] DEBUG    210   6.34475019e+13 -9.77339139e+10  6.67e+03 2.68e-02  2.48e+03  2616s
[2025-09-22 08:56:51] DEBUG    211   6.34381690e+13 -9.76802537e+10  6.66e+03 2.69e-02  2.46e+03  2627s
[2025-09-22 08:57:00] DEBUG    212   6.34218373e+13 -9.76781644e+10  6.65e+03 2.69e-02  2.46e+03  2636s
[2025-09-22 08:57:23] DEBUG    213   6.29945844e+13 -9.76098291e+10  6.24e+03 2.69e-02  2.34e+03  2660s
[2025-09-22 08:57:36] DEBUG    214   6.29248923e+13 -9.75776944e+10  6.18e+03 2.70e-02  2.32e+03  2672s
[2025-09-22 08:57:53] DEBUG    215   6.25701288e+13 -9.75132899e+10  5.87e+03 2.70e-02  2.22e+03  2689s
[2025-09-22 08:58:05] DEBUG    216   6.23972770e+13 -9.74771464e+10  5.72e+03 2.70e-02  2.17e+03  2701s
[2025-09-22 08:58:19] DEBUG    217   6.22136699e+13 -9.74343522e+10  5.57e+03 2.71e-02  2.11e+03  2715s
[2025-09-22 08:58:29] DEBUG    218   6.20777282e+13 -9.74167426e+10  5.46e+03 2.71e-02  2.07e+03  2726s
[2025-09-22 08:58:40] DEBUG    219   6.20373858e+13 -9.74095893e+10  5.43e+03 2.71e-02  2.05e+03  2737s
[2025-09-22 08:58:52] DEBUG    220   6.19815823e+13 -9.74099506e+10  5.39e+03 2.71e-02  2.04e+03  2748s
[2025-09-22 08:59:01] DEBUG    221   6.18844731e+13 -9.74297909e+10  5.31e+03 2.71e-02  2.02e+03  2757s
[2025-09-22 08:59:10] DEBUG    222   6.18124525e+13 -9.74401172e+10  5.26e+03 2.71e-02  2.01e+03  2766s
[2025-09-22 08:59:23] DEBUG    223   6.17365326e+13 -9.74434983e+10  5.20e+03 2.71e-02  1.99e+03  2779s
[2025-09-22 08:59:32] DEBUG    224   6.15791264e+13 -9.74628880e+10  5.08e+03 2.72e-02  1.95e+03  2788s
[2025-09-22 08:59:46] DEBUG    225   6.13700007e+13 -9.74786519e+10  4.92e+03 2.72e-02  1.89e+03  2802s
[2025-09-22 08:59:55] DEBUG    226   6.12890209e+13 -9.74963782e+10  4.87e+03 2.72e-02  1.87e+03  2811s
[2025-09-22 09:00:06] DEBUG    227   6.12749516e+13 -9.75035407e+10  4.86e+03 2.72e-02  1.86e+03  2822s
[2025-09-22 09:00:20] DEBUG    228   6.08605555e+13 -9.75472305e+10  4.56e+03 2.72e-02  1.78e+03  2837s
[2025-09-22 09:00:29] DEBUG    229   6.07220944e+13 -9.75562775e+10  4.47e+03 2.72e-02  1.75e+03  2845s
[2025-09-22 09:00:43] DEBUG    230   6.04969525e+13 -9.75727807e+10  4.32e+03 2.73e-02  1.69e+03  2859s
[2025-09-22 09:00:55] DEBUG    231   6.03414669e+13 -9.75871301e+10  4.22e+03 2.73e-02  1.65e+03  2872s
[2025-09-22 09:01:05] DEBUG    232   6.02037312e+13 -9.75948882e+10  4.14e+03 2.73e-02  1.62e+03  2881s
[2025-09-22 09:01:16] DEBUG    233   6.01916562e+13 -9.76029861e+10  4.13e+03 2.73e-02  1.61e+03  2892s
[2025-09-22 09:01:25] DEBUG    234   6.01855169e+13 -9.76140093e+10  4.12e+03 2.73e-02  1.61e+03  2901s
[2025-09-22 09:01:44] DEBUG    235   5.98393066e+13 -9.76419037e+10  3.91e+03 2.73e-02  1.55e+03  2920s
[2025-09-22 09:02:06] DEBUG    236   5.95634015e+13 -9.76532367e+10  3.75e+03 2.73e-02  1.49e+03  2942s
[2025-09-22 09:02:28] DEBUG    237   5.93269046e+13 -9.76660780e+10  3.62e+03 2.74e-02  1.44e+03  2964s
[2025-09-22 09:02:38] DEBUG    238   5.91499023e+13 -9.76813216e+10  3.52e+03 2.74e-02  1.40e+03  2974s
[2025-09-22 09:02:52] DEBUG    239   5.91050175e+13 -9.76856936e+10  3.50e+03 2.74e-02  1.39e+03  2988s
[2025-09-22 09:03:01] DEBUG    240   5.89744209e+13 -9.76917097e+10  3.43e+03 2.74e-02  1.37e+03  2997s
[2025-09-22 09:03:10] DEBUG    241   5.88274049e+13 -9.76944616e+10  3.36e+03 2.74e-02  1.34e+03  3006s
[2025-09-22 09:03:23] DEBUG    242   5.86327603e+13 -9.77000917e+10  3.26e+03 2.74e-02  1.31e+03  3019s
[2025-09-22 09:03:34] DEBUG    243   5.85489924e+13 -9.77037874e+10  3.22e+03 2.74e-02  1.29e+03  3030s
[2025-09-22 09:03:44] DEBUG    244   5.84222877e+13 -9.77080303e+10  3.16e+03 2.74e-02  1.27e+03  3040s
[2025-09-22 09:03:52] DEBUG    245   5.82472111e+13 -9.77126328e+10  3.07e+03 2.74e-02  1.24e+03  3048s
[2025-09-22 09:04:06] DEBUG    246   5.81321358e+13 -9.77103220e+10  3.02e+03 2.74e-02  1.22e+03  3062s
[2025-09-22 09:04:17] DEBUG    247   5.79940361e+13 -9.77087279e+10  2.96e+03 2.74e-02  1.19e+03  3073s
[2025-09-22 09:04:27] DEBUG    248   5.79456680e+13 -9.77057103e+10  2.94e+03 2.74e-02  1.18e+03  3083s
[2025-09-22 09:04:39] DEBUG    249   5.79090592e+13 -9.77037747e+10  2.92e+03 2.74e-02  1.18e+03  3095s
[2025-09-22 09:04:51] DEBUG    250   5.78771469e+13 -9.76990417e+10  2.90e+03 2.74e-02  1.17e+03  3107s
[2025-09-22 09:05:02] DEBUG    251   5.78216523e+13 -9.76953292e+10  2.88e+03 2.74e-02  1.17e+03  3118s
[2025-09-22 09:05:10] DEBUG    252   5.76350121e+13 -9.76882411e+10  2.80e+03 2.74e-02  1.14e+03  3127s
[2025-09-22 09:05:24] DEBUG    253   5.75531114e+13 -9.76805026e+10  2.76e+03 2.74e-02  1.13e+03  3140s
[2025-09-22 09:05:33] DEBUG    254   5.75364918e+13 -9.76770853e+10  2.76e+03 2.74e-02  1.13e+03  3150s
[2025-09-22 09:05:43] DEBUG    255   5.73586316e+13 -9.76781129e+10  2.68e+03 2.74e-02  1.10e+03  3159s
[2025-09-22 09:05:59] DEBUG    256   5.72420480e+13 -9.76648522e+10  2.63e+03 2.74e-02  1.08e+03  3175s
[2025-09-22 09:06:09] DEBUG    257   5.72316296e+13 -9.76587404e+10  2.63e+03 2.74e-02  1.08e+03  3185s
[2025-09-22 09:06:17] DEBUG    258   5.70208989e+13 -9.76561885e+10  2.55e+03 2.74e-02  1.05e+03  3193s
[2025-09-22 09:06:27] DEBUG    259   5.69472266e+13 -9.76373351e+10  2.52e+03 2.74e-02  1.04e+03  3204s
[2025-09-22 09:06:38] DEBUG    260   5.68899289e+13 -9.76213406e+10  2.49e+03 2.74e-02  1.03e+03  3214s
[2025-09-22 09:06:48] DEBUG    261   5.68446694e+13 -9.76111853e+10  2.48e+03 2.74e-02  1.03e+03  3224s
[2025-09-22 09:06:58] DEBUG    262   5.68186353e+13 -9.76023388e+10  2.47e+03 2.74e-02  1.02e+03  3234s
[2025-09-22 09:07:07] DEBUG    263   5.66861613e+13 -9.75921541e+10  2.42e+03 2.74e-02  1.01e+03  3243s
[2025-09-22 09:07:18] DEBUG    264   5.66345294e+13 -9.75816750e+10  2.40e+03 2.74e-02  1.00e+03  3254s
[2025-09-22 09:07:27] DEBUG    265   5.65924283e+13 -9.75726194e+10  2.38e+03 2.74e-02  1.00e+03  3263s
[2025-09-22 09:07:41] DEBUG    266   5.63554694e+13 -9.75417589e+10  2.29e+03 2.74e-02  9.71e+02  3277s
[2025-09-22 09:07:52] DEBUG    267   5.63338941e+13 -9.75187044e+10  2.29e+03 2.74e-02  9.68e+02  3288s
[2025-09-22 09:08:01] DEBUG    268   5.63289714e+13 -9.75117777e+10  2.29e+03 2.74e-02  9.69e+02  3297s
[2025-09-22 09:08:10] DEBUG    269   5.62139428e+13 -9.74956606e+10  2.24e+03 2.74e-02  9.58e+02  3306s
[2025-09-22 09:08:22] DEBUG    270   5.62020940e+13 -9.74780965e+10  2.24e+03 2.74e-02  9.57e+02  3318s
[2025-09-22 09:08:31] DEBUG    271   5.61357498e+13 -9.74665351e+10  2.22e+03 2.74e-02  9.50e+02  3327s
[2025-09-22 09:08:39] DEBUG    272   5.61086263e+13 -9.74513572e+10  2.21e+03 2.74e-02  9.49e+02  3336s
[2025-09-22 09:08:52] DEBUG    273   5.59671828e+13 -9.74326784e+10  2.16e+03 2.74e-02  9.31e+02  3348s
[2025-09-22 09:09:04] DEBUG    274   5.59587133e+13 -9.74196832e+10  2.16e+03 2.74e-02  9.30e+02  3360s
[2025-09-22 09:09:15] DEBUG    275   5.59426392e+13 -9.73979058e+10  2.15e+03 2.74e-02  9.28e+02  3371s
[2025-09-22 09:09:25] DEBUG    276   5.58267931e+13 -9.73776453e+10  2.11e+03 2.74e-02  9.16e+02  3381s
[2025-09-22 09:09:36] DEBUG    277   5.58182601e+13 -9.73657272e+10  2.11e+03 2.74e-02  9.15e+02  3392s
[2025-09-22 09:09:48] DEBUG    278   5.58030476e+13 -9.73500645e+10  2.10e+03 2.74e-02  9.15e+02  3404s
[2025-09-22 09:09:56] DEBUG    279   5.57422661e+13 -9.73369944e+10  2.08e+03 2.74e-02  9.12e+02  3413s
[2025-09-22 09:10:06] DEBUG    280   5.57226590e+13 -9.73187960e+10  2.08e+03 2.73e-02  9.11e+02  3422s
[2025-09-22 09:10:15] DEBUG    281   5.57171796e+13 -9.73134081e+10  2.07e+03 2.73e-02  9.12e+02  3431s
[2025-09-22 09:10:27] DEBUG    282   5.55717371e+13 -9.72939010e+10  2.03e+03 2.73e-02  8.95e+02  3443s
[2025-09-22 09:10:37] DEBUG    283   5.55667186e+13 -9.72723059e+10  2.02e+03 2.73e-02  8.95e+02  3453s
[2025-09-22 09:10:48] DEBUG    284   5.55379379e+13 -9.72551604e+10  2.02e+03 2.73e-02  8.93e+02  3464s
[2025-09-22 09:11:04] DEBUG    285   5.54480103e+13 -9.72213199e+10  1.99e+03 2.73e-02  8.82e+02  3480s
[2025-09-22 09:11:17] DEBUG    286   5.54307302e+13 -9.72022011e+10  1.98e+03 2.73e-02  8.81e+02  3493s
[2025-09-22 09:11:31] DEBUG    287   5.54152148e+13 -9.71803637e+10  1.98e+03 2.73e-02  8.79e+02  3507s
[2025-09-22 09:11:43] DEBUG    288   5.53943061e+13 -9.71650674e+10  1.97e+03 2.73e-02  8.80e+02  3519s
[2025-09-22 09:11:54] DEBUG    289   5.53704010e+13 -9.71368462e+10  1.96e+03 2.73e-02  8.81e+02  3530s
[2025-09-22 09:12:03] DEBUG    290   5.53288524e+13 -9.71103997e+10  1.95e+03 2.73e-02  8.81e+02  3539s
[2025-09-22 09:12:15] DEBUG    291   5.52377266e+13 -9.70704862e+10  1.92e+03 2.73e-02  8.74e+02  3551s
[2025-09-22 09:12:29] DEBUG    292   5.52084829e+13 -9.70491782e+10  1.91e+03 2.73e-02  8.74e+02  3566s
[2025-09-22 09:12:41] DEBUG    293   5.51527625e+13 -9.70226266e+10  1.89e+03 2.72e-02  8.69e+02  3577s
[2025-09-22 09:12:50] DEBUG    294   5.51352402e+13 -9.70135345e+10  1.89e+03 2.72e-02  8.69e+02  3586s
[2025-09-22 09:13:01] DEBUG    295   5.50773951e+13 -9.69778721e+10  1.87e+03 2.72e-02  8.63e+02  3597s
[2025-09-22 09:13:13] DEBUG    296   5.50730115e+13 -9.69670000e+10  1.87e+03 2.72e-02  8.64e+02  3609s
[2025-09-22 09:13:23] DEBUG    297   5.50194048e+13 -9.69534507e+10  1.85e+03 2.72e-02  8.59e+02  3619s
[2025-09-22 09:13:34] DEBUG    298   5.50033130e+13 -9.69406312e+10  1.85e+03 2.72e-02  8.58e+02  3630s
[2025-09-22 09:13:45] DEBUG    299   5.49880664e+13 -9.69171932e+10  1.84e+03 2.72e-02  8.57e+02  3641s
[2025-09-22 09:13:57] DEBUG    300   5.48788227e+13 -9.68850918e+10  1.81e+03 2.72e-02  8.43e+02  3653s
[2025-09-22 09:14:08] DEBUG    301   5.48656625e+13 -9.68580396e+10  1.81e+03 2.72e-02  8.42e+02  3664s
[2025-09-22 09:14:19] DEBUG    302   5.48508265e+13 -9.68313810e+10  1.80e+03 2.72e-02  8.41e+02  3675s
[2025-09-22 09:14:31] DEBUG    303   5.48185569e+13 -9.68129576e+10  1.79e+03 2.72e-02  8.41e+02  3687s
[2025-09-22 09:14:44] DEBUG    304   5.48060962e+13 -9.68005401e+10  1.79e+03 2.72e-02  8.40e+02  3700s
[2025-09-22 09:14:57] DEBUG    305   5.47701876e+13 -9.67872104e+10  1.78e+03 2.72e-02  8.37e+02  3713s
[2025-09-22 09:15:10] DEBUG    306   5.47055380e+13 -9.67689717e+10  1.76e+03 2.72e-02  8.30e+02  3726s
[2025-09-22 09:15:23] DEBUG    307   5.46856184e+13 -9.67363511e+10  1.75e+03 2.71e-02  8.29e+02  3739s
[2025-09-22 09:15:35] DEBUG    308   5.46766865e+13 -9.67201296e+10  1.75e+03 2.71e-02  8.29e+02  3751s
[2025-09-22 09:15:44] DEBUG    309   5.46559612e+13 -9.67001767e+10  1.75e+03 2.71e-02  8.29e+02  3760s
[2025-09-22 09:15:53] DEBUG    310   5.45688412e+13 -9.66814730e+10  1.72e+03 2.71e-02  8.19e+02  3769s
[2025-09-22 09:16:02] DEBUG    311   5.45627427e+13 -9.66614706e+10  1.72e+03 2.71e-02  8.19e+02  3778s
[2025-09-22 09:16:16] DEBUG    312   5.45107939e+13 -9.66350083e+10  1.71e+03 2.71e-02  8.13e+02  3792s
[2025-09-22 09:16:27] DEBUG    313   5.44594338e+13 -9.66152661e+10  1.69e+03 2.71e-02  8.06e+02  3804s
[2025-09-22 09:16:36] DEBUG    314   5.44526048e+13 -9.65930037e+10  1.69e+03 2.71e-02  8.06e+02  3812s
[2025-09-22 09:16:45] DEBUG    315   5.44213571e+13 -9.65728947e+10  1.68e+03 2.71e-02  8.04e+02  3822s
[2025-09-22 09:16:54] DEBUG    316   5.43725952e+13 -9.65593445e+10  1.67e+03 2.71e-02  8.00e+02  3830s
[2025-09-22 09:17:05] DEBUG    317   5.43215858e+13 -9.65124042e+10  1.65e+03 2.71e-02  7.93e+02  3841s
[2025-09-22 09:17:16] DEBUG    318   5.43026178e+13 -9.64900431e+10  1.65e+03 2.70e-02  7.93e+02  3853s
[2025-09-22 09:17:31] DEBUG    319   5.42745368e+13 -9.64543813e+10  1.64e+03 2.70e-02  7.91e+02  3867s
[2025-09-22 09:17:43] DEBUG    320   5.42550181e+13 -9.64352259e+10  1.63e+03 2.70e-02  7.92e+02  3879s
[2025-09-22 09:17:54] DEBUG    321   5.42430779e+13 -9.64269417e+10  1.63e+03 2.70e-02  7.93e+02  3890s
[2025-09-22 09:18:04] DEBUG    322   5.42265233e+13 -9.64185377e+10  1.63e+03 2.70e-02  7.92e+02  3900s
[2025-09-22 09:18:15] DEBUG    323   5.42075832e+13 -9.63932297e+10  1.62e+03 2.70e-02  7.92e+02  3911s
[2025-09-22 09:18:27] DEBUG    324   5.41971819e+13 -9.63785977e+10  1.62e+03 2.70e-02  7.93e+02  3923s
[2025-09-22 09:18:27] DEBUG    Barrier performed 324 iterations in 3923.27 seconds (1012.71 work units)
[2025-09-22 09:18:27] DEBUG    Numerical trouble encountered

Model may be infeasible or unbounded.  Consider using the
homogeneous algorithm (through parameter 'BarHomogeneous')
[2025-09-22 09:19:32] DEBUG    Waiting for other threads to finish...        3988s
[2025-09-22 09:20:36] DEBUG    Waiting for other threads to finish...        4052s
[2025-09-22 09:21:41] DEBUG    Waiting for other threads to finish...        4117s
[2025-09-22 09:22:45] DEBUG    Waiting for other threads to finish...        4181s
[2025-09-22 09:23:50] DEBUG    Waiting for other threads to finish...        4246s
[2025-09-22 09:24:54] DEBUG    Waiting for other threads to finish...        4310s
[2025-09-22 09:25:59] DEBUG    Waiting for other threads to finish...        4375s
[2025-09-22 09:27:03] DEBUG    Waiting for other threads to finish...        4440s
[2025-09-22 09:28:08] DEBUG    Waiting for other threads to finish...        4504s
[2025-09-22 09:29:12] DEBUG    Waiting for other threads to finish...        4569s
[2025-09-22 09:30:17] DEBUG    Waiting for other threads to finish...        4633s
[2025-09-22 09:31:22] DEBUG    Waiting for other threads to finish...        4698s
[2025-09-22 09:32:26] DEBUG    Waiting for other threads to finish...        4762s
[2025-09-22 09:33:31] DEBUG    Waiting for other threads to finish...        4827s
[2025-09-22 09:34:35] DEBUG    Waiting for other threads to finish...        4891s
[2025-09-22 09:35:40] DEBUG    Waiting for other threads to finish...        4956s
[2025-09-22 09:36:44] DEBUG    Waiting for other threads to finish...        5020s
[2025-09-22 09:37:49] DEBUG    Waiting for other threads to finish...        5085s
[2025-09-22 09:38:53] DEBUG    Waiting for other threads to finish...        5149s
[2025-09-22 09:39:57] DEBUG    Waiting for other threads to finish...        5214s
[2025-09-22 09:41:02] DEBUG    Waiting for other threads to finish...        5278s
[2025-09-22 09:42:06] DEBUG    Waiting for other threads to finish...        5342s
[2025-09-22 09:43:11] DEBUG    Waiting for other threads to finish...        5407s
[2025-09-22 09:44:15] DEBUG    Waiting for other threads to finish...        5471s
[2025-09-22 09:45:20] DEBUG    Waiting for other threads to finish...        5536s
[2025-09-22 09:46:24] DEBUG    Waiting for other threads to finish...        5600s
[2025-09-22 09:47:29] DEBUG    Waiting for other threads to finish...        5665s
[2025-09-22 09:48:34] DEBUG    Waiting for other threads to finish...        5730s
[2025-09-22 09:49:38] DEBUG    Waiting for other threads to finish...        5794s
[2025-09-22 09:50:42] DEBUG    Waiting for other threads to finish...        5859s
[2025-09-22 09:51:47] DEBUG    Waiting for other threads to finish...        5923s
[2025-09-22 09:52:52] DEBUG    Waiting for other threads to finish...        5988s
[2025-09-22 09:53:56] DEBUG    Waiting for other threads to finish...        6052s
[2025-09-22 09:55:01] DEBUG    Waiting for other threads to finish...        6117s
[2025-09-22 09:56:05] DEBUG    Waiting for other threads to finish...        6181s
[2025-09-22 09:57:10] DEBUG    Waiting for other threads to finish...        6246s
[2025-09-22 09:58:14] DEBUG    Waiting for other threads to finish...        6310s
[2025-09-22 09:59:19] DEBUG    Waiting for other threads to finish...        6375s
[2025-09-22 10:00:24] DEBUG    Waiting for other threads to finish...        6440s
[2025-09-22 10:01:28] DEBUG    Waiting for other threads to finish...        6504s
[2025-09-22 10:02:33] DEBUG    Waiting for other threads to finish...        6569s
[2025-09-22 10:03:38] DEBUG    Waiting for other threads to finish...        6634s
[2025-09-22 10:04:42] DEBUG    Waiting for other threads to finish...        6698s
[2025-09-22 10:05:47] DEBUG    Waiting for other threads to finish...        6763s
[2025-09-22 10:06:51] DEBUG    Waiting for other threads to finish...        6827s
[2025-09-22 10:07:56] DEBUG    Waiting for other threads to finish...        6892s
[2025-09-22 10:09:00] DEBUG    Waiting for other threads to finish...        6956s
[2025-09-22 10:10:05] DEBUG    Waiting for other threads to finish...        7021s
[2025-09-22 10:11:10] DEBUG    Waiting for other threads to finish...        7086s
[2025-09-22 10:12:14] DEBUG    Waiting for other threads to finish...        7151s
[2025-09-22 10:13:19] DEBUG    Waiting for other threads to finish...        7215s
[2025-09-22 10:14:23] DEBUG    Waiting for other threads to finish...        7279s
[2025-09-22 10:15:28] DEBUG    Waiting for other threads to finish...        7344s
[2025-09-22 10:16:32] DEBUG    Waiting for other threads to finish...        7408s
[2025-09-22 10:17:36] DEBUG    Waiting for other threads to finish...        7473s
[2025-09-22 10:18:41] DEBUG    Waiting for other threads to finish...        7537s
[2025-09-22 10:19:45] DEBUG    Waiting for other threads to finish...        7602s
[2025-09-22 10:20:50] DEBUG    Waiting for other threads to finish...        7666s
[2025-09-22 10:21:54] DEBUG    Waiting for other threads to finish...        7731s
[2025-09-22 10:22:59] DEBUG    Waiting for other threads to finish...        7795s
[2025-09-22 10:24:03] DEBUG    Waiting for other threads to finish...        7860s
[2025-09-22 10:25:08] DEBUG    Waiting for other threads to finish...        7924s
[2025-09-22 10:26:12] DEBUG    Waiting for other threads to finish...        7988s
[2025-09-22 10:27:17] DEBUG    Waiting for other threads to finish...        8053s
[2025-09-22 10:28:21] DEBUG    Waiting for other threads to finish...        8117s
[2025-09-22 10:29:25] DEBUG    Waiting for other threads to finish...        8181s
[2025-09-22 10:30:30] DEBUG    Waiting for other threads to finish...        8246s
[2025-09-22 10:31:35] DEBUG    Waiting for other threads to finish...        8311s
[2025-09-22 10:32:39] DEBUG    Waiting for other threads to finish...        8375s
[2025-09-22 10:33:44] DEBUG    Waiting for other threads to finish...        8440s
[2025-09-22 10:34:48] DEBUG    Waiting for other threads to finish...        8504s
[2025-09-22 10:35:53] DEBUG    Waiting for other threads to finish...        8569s
[2025-09-22 10:36:57] DEBUG    Waiting for other threads to finish...        8633s
[2025-09-22 10:38:01] DEBUG    Waiting for other threads to finish...        8698s
[2025-09-22 10:39:06] DEBUG    Waiting for other threads to finish...        8762s
[2025-09-22 10:40:11] DEBUG    Waiting for other threads to finish...        8827s
[2025-09-22 10:41:15] DEBUG    Waiting for other threads to finish...        8891s
[2025-09-22 10:42:20] DEBUG    Waiting for other threads to finish...        8956s
[2025-09-22 10:43:25] DEBUG    Waiting for other threads to finish...        9021s
[2025-09-22 10:44:29] DEBUG    Waiting for other threads to finish...        9085s
[2025-09-22 10:45:34] DEBUG    Waiting for other threads to finish...        9150s
[2025-09-22 10:46:38] DEBUG    Waiting for other threads to finish...        9215s
[2025-09-22 10:47:43] DEBUG    Waiting for other threads to finish...        9279s
[2025-09-22 10:48:48] DEBUG    Waiting for other threads to finish...        9344s
[2025-09-22 10:49:52] DEBUG    Waiting for other threads to finish...        9408s
[2025-09-22 10:50:57] DEBUG    Waiting for other threads to finish...        9473s
[2025-09-22 10:52:01] DEBUG    Waiting for other threads to finish...        9538s
[2025-09-22 10:53:06] DEBUG    Waiting for other threads to finish...        9602s
[2025-09-22 10:54:10] DEBUG    Waiting for other threads to finish...        9666s
[2025-09-22 10:55:15] DEBUG    Waiting for other threads to finish...        9731s
[2025-09-22 10:56:20] DEBUG    Waiting for other threads to finish...        9796s
[2025-09-22 10:57:24] DEBUG    Waiting for other threads to finish...        9861s
[2025-09-22 10:58:29] DEBUG    Waiting for other threads to finish...        9926s
[2025-09-22 10:59:34] DEBUG    Waiting for other threads to finish...        9990s
[2025-09-22 11:00:39] DEBUG    Waiting for other threads to finish...       10055s
[2025-09-22 11:01:44] DEBUG    Waiting for other threads to finish...       10120s
[2025-09-22 11:02:48] DEBUG    Waiting for other threads to finish...       10184s
[2025-09-22 11:03:52] DEBUG    Waiting for other threads to finish...       10249s
[2025-09-22 11:04:57] DEBUG    Waiting for other threads to finish...       10313s
[2025-09-22 11:06:02] DEBUG    Waiting for other threads to finish...       10378s
[2025-09-22 11:07:06] DEBUG    Waiting for other threads to finish...       10442s
[2025-09-22 11:08:10] DEBUG    Waiting for other threads to finish...       10507s
[2025-09-22 11:09:15] DEBUG    Waiting for other threads to finish...       10571s
[2025-09-22 11:10:19] DEBUG    Waiting for other threads to finish...       10636s
[2025-09-22 11:11:24] DEBUG    Waiting for other threads to finish...       10700s
[2025-09-22 11:12:29] DEBUG    Waiting for other threads to finish...       10765s
[2025-09-22 11:13:33] DEBUG    Waiting for other threads to finish...       10829s
[2025-09-22 11:14:38] DEBUG    Waiting for other threads to finish...       10894s
[2025-09-22 11:15:42] DEBUG    Waiting for other threads to finish...       10958s
[2025-09-22 11:16:47] DEBUG    Waiting for other threads to finish...       11023s
[2025-09-22 11:17:51] DEBUG    Waiting for other threads to finish...       11088s
[2025-09-22 11:18:56] DEBUG    Waiting for other threads to finish...       11152s
[2025-09-22 11:20:01] DEBUG    Waiting for other threads to finish...       11217s
[2025-09-22 11:21:05] DEBUG    Waiting for other threads to finish...       11281s
[2025-09-22 11:22:10] DEBUG    Waiting for other threads to finish...       11346s
[2025-09-22 11:23:14] DEBUG    Waiting for other threads to finish...       11410s
[2025-09-22 11:24:18] DEBUG    Waiting for other threads to finish...       11475s
[2025-09-22 11:25:23] DEBUG    Waiting for other threads to finish...       11539s
[2025-09-22 11:26:27] DEBUG    Waiting for other threads to finish...       11603s
[2025-09-22 11:27:32] DEBUG    Waiting for other threads to finish...       11668s
[2025-09-22 11:28:36] DEBUG    Waiting for other threads to finish...       11733s
[2025-09-22 11:29:41] DEBUG    Waiting for other threads to finish...       11797s
[2025-09-22 11:30:45] DEBUG    Waiting for other threads to finish...       11861s
[2025-09-22 11:31:50] DEBUG    Waiting for other threads to finish...       11926s
[2025-09-22 11:32:54] DEBUG    Waiting for other threads to finish...       11991s
[2025-09-22 11:33:59] DEBUG    Waiting for other threads to finish...       12055s
[2025-09-22 11:35:03] DEBUG    Waiting for other threads to finish...       12119s
[2025-09-22 11:36:08] DEBUG    Waiting for other threads to finish...       12184s
[2025-09-22 11:37:12] DEBUG    Waiting for other threads to finish...       12248s
[2025-09-22 11:38:17] DEBUG    Waiting for other threads to finish...       12313s
[2025-09-22 11:39:21] DEBUG    Waiting for other threads to finish...       12377s
[2025-09-22 11:40:26] DEBUG    Waiting for other threads to finish...       12442s
[2025-09-22 11:41:30] DEBUG    Waiting for other threads to finish...       12506s
[2025-09-22 11:42:35] DEBUG    Waiting for other threads to finish...       12571s
[2025-09-22 11:43:40] DEBUG    Waiting for other threads to finish...       12636s
[2025-09-22 11:44:44] DEBUG    Waiting for other threads to finish...       12700s
[2025-09-22 11:45:48] DEBUG    Waiting for other threads to finish...       12764s
[2025-09-22 11:46:53] DEBUG    Waiting for other threads to finish...       12829s
[2025-09-22 11:47:57] DEBUG    Waiting for other threads to finish...       12893s
[2025-09-22 11:49:01] DEBUG    Waiting for other threads to finish...       12957s
[2025-09-22 11:50:06] DEBUG    Waiting for other threads to finish...       13022s
[2025-09-22 11:51:11] DEBUG    Waiting for other threads to finish...       13087s
[2025-09-22 11:52:15] DEBUG    Waiting for other threads to finish...       13151s
[2025-09-22 11:53:20] DEBUG    Waiting for other threads to finish...       13216s
[2025-09-22 11:54:24] DEBUG    Waiting for other threads to finish...       13281s
[2025-09-22 11:55:29] DEBUG    Waiting for other threads to finish...       13345s
[2025-09-22 11:56:33] DEBUG    Waiting for other threads to finish...       13409s
[2025-09-22 11:57:37] DEBUG    Waiting for other threads to finish...       13474s
[2025-09-22 11:58:39] DEBUG    Solved with dual simplex
[2025-09-22 11:59:00] DEBUG    Iteration    Objective       Primal Inf.    Dual Inf.      Time
[2025-09-22 11:59:00] DEBUG    4062047    1.8735860e+10   0.000000e+00   0.000000e+00  13556s

Solved in 4062047 iterations and 13556.24 seconds (8541.45 work units)
[2025-09-22 11:59:00] DEBUG    Optimal objective  1.873585969e+10
✅ Scenario completato: new_trasmission_CG+VRES_2035_BESS

🚀 Lancio scenario: new_trasmission_CG+VRES_2035_nostorage
[2025-09-22 12:13:20] INFO     Loading sets
[2025-09-22 12:13:20] INFO     Loading parameters
[2025-09-22 12:14:00] INFO     constraints are loaded in the following order: ['energy_balance', 'dispatch', 'costs', 'capacity', 'network', 'policy', 'conversion', 'group', 'conversion_plus', 'milp', 'export']
[2025-09-22 12:14:00] INFO     creating energy_balance constraints
[2025-09-22 12:17:23] INFO     creating dispatch constraints
[2025-09-22 12:19:44] INFO     creating costs constraints
[2025-09-22 12:38:54] INFO     creating capacity constraints
[2025-09-22 12:38:54] INFO     creating network constraints
[2025-09-22 12:38:54] INFO     creating policy constraints
[2025-09-22 12:38:54] INFO     creating conversion constraints
[2025-09-22 12:38:54] INFO     creating group constraints
[2025-09-22 12:38:54] INFO     creating conversion_plus constraints
[2025-09-22 12:38:54] INFO     creating milp constraints
[2025-09-22 12:38:54] INFO     creating export constraints
[2025-09-22 12:54:46] DEBUG    Set parameter WLSAccessID
Set parameter WLSSecret
Set parameter LicenseID to value 2680226
[2025-09-22 12:54:46] DEBUG    Academic license 2680226 - for non-commercial use only - registered to an___@mail.polimi.it
[2025-09-22 12:55:31] DEBUG    Read LP format model from file /tmp/tmpdu3x4_pv.pyomo.lp
Reading time = 44.28 seconds
x21772218: 28596337 rows, 21772218 columns, 70478059 nonzeros
[2025-09-22 12:55:31] DEBUG    Set parameter NumericFocus to value 1
Gurobi Optimizer version 12.0.2 build v12.0.2rc0 (linux64 - "Debian GNU/Linux 11 (bullseye)")

CPU model: Intel(R) Xeon(R) Silver 4314 CPU @ 2.40GHz, instruction set [SSE2|AVX|AVX2|AVX512]
Thread count: 32 physical cores, 64 logical processors, using up to 32 threads

Non-default parameters:
NumericFocus  1
[2025-09-22 12:55:31] DEBUG    Academic license 2680226 - for non-commercial use only - registered to an___@mail.polimi.it
Optimize a model with 28596337 rows, 21772218 columns and 70478059 nonzeros
[2025-09-22 12:55:32] DEBUG    Model fingerprint: 0x4bb38608
[2025-09-22 12:55:32] DEBUG    Coefficient statistics:
  Matrix range     [1e-07, 6e+02]
  Objective range  [1e+00, 1e+06]
  Bounds range     [0e+00, 0e+00]
  RHS range        [1e+00, 2e+08]
[2025-09-22 12:55:37] DEBUG    Presolve removed 21094214 rows and 11945091 columns (presolve time = 5s)...
[2025-09-22 12:55:42] DEBUG    Presolve removed 21595304 rows and 14187207 columns (presolve time = 10s)...
[2025-09-22 12:55:47] DEBUG    Presolve removed 24278156 rows and 16870000 columns (presolve time = 15s)...
[2025-09-22 12:55:52] DEBUG    Presolve removed 25211520 rows and 17803364 columns (presolve time = 20s)...
[2025-09-22 12:56:23] DEBUG    Presolve removed 25740609 rows and 18057404 columns (presolve time = 51s)...
[2025-09-22 12:56:27] DEBUG    Presolve removed 25740609 rows and 18460364 columns (presolve time = 55s)...
[2025-09-22 12:56:28] DEBUG    Presolve removed 25880753 rows and 18460364 columns
[2025-09-22 12:57:07] DEBUG    Presolve time: 95.99s
Presolved: 2715584 rows, 3451998 columns, 11058962 nonzeros

Concurrent LP optimizer: primal simplex, dual simplex, and barrier
Showing barrier log only...
[2025-09-22 12:57:10] DEBUG    Ordering time: 1.80s
[2025-09-22 12:57:12] DEBUG    Barrier statistics:
 Dense cols : 173
 AA' NZ     : 9.210e+06
[2025-09-22 12:57:12] DEBUG    Factor NZ  : 4.003e+07 (roughly 3.0 GB of memory)
 Factor Ops : 2.324e+09 (less than 1 second per iteration)
 Threads    : 30
[2025-09-22 12:57:16] DEBUG    Objective                Residual
[2025-09-22 12:57:16] DEBUG    Iter       Primal          Dual         Primal    Dual     Compl     Time
[2025-09-22 12:57:16] DEBUG    0   8.88693007e+14 -1.05739581e+15  7.37e+10 2.96e-01  4.05e+11   106s
[2025-09-22 12:57:22] DEBUG    1   7.78623540e+14 -1.09185733e+15  6.35e+10 2.46e+01  3.21e+11   111s
[2025-09-22 12:57:28] DEBUG    2   6.66528323e+14 -1.09613609e+15  5.27e+10 1.19e+01  2.36e+11   118s
[2025-09-22 12:57:37] DEBUG    3   4.29871312e+14 -1.07293433e+15  3.13e+10 8.54e+00  1.47e+11   127s
[2025-09-22 12:57:44] DEBUG    4   3.81560149e+14 -9.76141766e+14  2.68e+10 5.45e+00  1.18e+11   134s
[2025-09-22 12:57:54] DEBUG    5   1.67400873e+14 -8.46330913e+14  6.07e+09 1.19e+00  2.75e+10   143s
[2025-09-22 12:58:02] DEBUG    6   1.36251633e+14 -7.00836560e+14  9.72e+08 4.15e-01  5.87e+09   151s
[2025-09-22 12:58:09] DEBUG    7   1.37812274e+14 -4.65953638e+14  4.22e+08 7.35e-02  1.86e+09   158s
[2025-09-22 12:58:14] DEBUG    8   1.36138361e+14 -3.18706602e+14  2.53e+08 1.24e-02  9.59e+08   163s
[2025-09-22 12:58:19] DEBUG    9   1.18197423e+14 -2.22081018e+14  9.22e+07 2.93e-02  3.40e+08   168s
[2025-09-22 12:58:24] DEBUG    10   9.70005271e+13 -1.55976870e+14  3.29e+07 3.52e-02  1.25e+08   173s
[2025-09-22 12:58:28] DEBUG    11   8.78068189e+13 -1.21083027e+14  2.22e+07 6.46e-02  8.37e+07   177s
[2025-09-22 12:58:33] DEBUG    12   7.78575451e+13 -8.25981068e+13  1.41e+07 6.07e-02  5.04e+07   182s
[2025-09-22 12:58:38] DEBUG    13   7.00698696e+13 -5.40704803e+13  9.63e+06 5.82e-02  3.18e+07   187s
[2025-09-22 12:58:43] DEBUG    14   6.40460673e+13 -3.98111764e+13  7.01e+06 5.63e-02  2.20e+07   192s
[2025-09-22 12:58:46] DEBUG    15   5.73134109e+13 -2.87252741e+13  4.70e+06 5.32e-02  1.42e+07   196s
[2025-09-22 12:58:51] DEBUG    16   5.38328013e+13 -2.20524464e+13  3.68e+06 4.01e-02  1.05e+07   200s
[2025-09-22 12:58:56] DEBUG    17   4.94604360e+13 -1.80229090e+13  2.57e+06 3.39e-02  7.47e+06   206s
[2025-09-22 12:59:03] DEBUG    18   4.67057889e+13 -1.19350313e+13  2.03e+06 3.22e-02  5.02e+06   213s
[2025-09-22 12:59:09] DEBUG    19   4.59729347e+13 -1.17461928e+13  1.91e+06 3.20e-02  4.77e+06   218s
[2025-09-22 12:59:14] DEBUG    20   4.27569267e+13 -7.93260974e+12  1.39e+06 3.21e-02  3.05e+06   223s
[2025-09-22 12:59:22] DEBUG    21   4.00129567e+13 -5.58877766e+12  1.04e+06 3.23e-02  2.01e+06   232s
[2025-09-22 12:59:33] DEBUG    22   3.79459955e+13 -4.86047724e+12  8.16e+05 3.11e-02  1.59e+06   242s
[2025-09-22 12:59:40] DEBUG    23   3.66158135e+13 -4.20943774e+12  6.96e+05 2.97e-02  1.30e+06   250s
[2025-09-22 12:59:51] DEBUG    24   3.54180400e+13 -3.57574142e+12  5.98e+05 2.80e-02  1.06e+06   261s
[2025-09-22 13:00:03] DEBUG    25   3.40410443e+13 -2.92556219e+12  4.95e+05 2.52e-02  8.25e+05   272s
[2025-09-22 13:00:13] DEBUG    26   3.29349352e+13 -2.50114351e+12  4.19e+05 2.21e-02  6.75e+05   282s
[2025-09-22 13:00:24] DEBUG    27   3.20108431e+13 -2.28809585e+12  3.64e+05 1.99e-02  5.91e+05   294s
[2025-09-22 13:00:35] DEBUG    28   3.12078360e+13 -1.98396892e+12  3.18e+05 1.80e-02  4.99e+05   304s
[2025-09-22 13:00:45] DEBUG    29   3.04534177e+13 -1.69981999e+12  2.77e+05 1.76e-02  4.17e+05   314s
[2025-09-22 13:00:56] DEBUG    30   2.98578054e+13 -1.46865624e+12  2.48e+05 1.73e-02  3.56e+05   325s
[2025-09-22 13:01:04] DEBUG    31   2.90490871e+13 -1.27392316e+12  2.12e+05 1.70e-02  2.99e+05   334s
[2025-09-22 13:01:16] DEBUG    32   2.85093468e+13 -1.08352356e+12  1.90e+05 1.66e-02  2.53e+05   345s
[2025-09-22 13:01:24] DEBUG    33   2.79669366e+13 -9.75520477e+11  1.70e+05 1.64e-02  2.24e+05   354s
[2025-09-22 13:01:34] DEBUG    34   2.76785255e+13 -8.89168199e+11  1.60e+05 1.62e-02  2.05e+05   364s
[2025-09-22 13:01:45] DEBUG    35   2.71704161e+13 -7.62983200e+11  1.43e+05 1.59e-02  1.75e+05   374s
[2025-09-22 13:01:55] DEBUG    36   2.66376749e+13 -6.77721920e+11  1.27e+05 1.57e-02  1.53e+05   385s
[2025-09-22 13:02:04] DEBUG    37   2.65726379e+13 -6.53934371e+11  1.25e+05 1.57e-02  1.48e+05   393s
[2025-09-22 13:02:15] DEBUG    38   2.62467383e+13 -6.33383120e+11  1.16e+05 1.79e-02  1.41e+05   404s
[2025-09-22 13:02:23] DEBUG    39   2.60573267e+13 -5.64644294e+11  1.11e+05 2.28e-02  1.28e+05   413s
[2025-09-22 13:02:34] DEBUG    40   2.58934232e+13 -5.35928609e+11  1.06e+05 2.32e-02  1.21e+05   423s
[2025-09-22 13:02:43] DEBUG    41   2.56036137e+13 -4.93458755e+11  9.89e+04 2.24e-02  1.11e+05   433s
[2025-09-22 13:02:54] DEBUG    42   2.54880048e+13 -4.71675794e+11  9.60e+04 2.18e-02  1.06e+05   443s
[2025-09-22 13:03:01] DEBUG    43   2.54069863e+13 -4.58734816e+11  9.41e+04 2.13e-02  1.03e+05   450s
[2025-09-22 13:03:09] DEBUG    44   2.53288410e+13 -4.42051517e+11  9.22e+04 2.06e-02  1.00e+05   458s
[2025-09-22 13:03:15] DEBUG    45   2.51805323e+13 -4.19879384e+11  8.86e+04 1.97e-02  9.51e+04   465s
[2025-09-22 13:03:25] DEBUG    46   2.49788800e+13 -3.90448778e+11  8.40e+04 1.88e-02  8.84e+04   474s
[2025-09-22 13:03:32] DEBUG    47   2.46870724e+13 -3.72804292e+11  7.74e+04 1.82e-02  8.30e+04   481s
[2025-09-22 13:03:42] DEBUG    48   2.44083919e+13 -3.47311273e+11  7.16e+04 1.72e-02  7.67e+04   491s
[2025-09-22 13:03:47] DEBUG    49   2.42938189e+13 -3.26420343e+11  6.93e+04 1.64e-02  7.27e+04   497s
[2025-09-22 13:03:56] DEBUG    50   2.41833893e+13 -3.12605164e+11  6.72e+04 1.59e-02  6.97e+04   505s
[2025-09-22 13:04:06] DEBUG    51   2.39396848e+13 -2.79682417e+11  6.26e+04 1.47e-02  6.27e+04   516s
[2025-09-22 13:04:17] DEBUG    52   2.36769700e+13 -2.65356315e+11  5.80e+04 1.41e-02  5.88e+04   527s
[2025-09-22 13:04:28] DEBUG    53   2.34460132e+13 -2.40309221e+11  5.41e+04 1.44e-02  5.35e+04   538s
[2025-09-22 13:04:39] DEBUG    54   2.32016808e+13 -2.21407907e+11  5.03e+04 1.48e-02  4.92e+04   548s
[2025-09-22 13:04:48] DEBUG    55   2.30715313e+13 -2.06943309e+11  4.84e+04 1.51e-02  4.63e+04   557s
[2025-09-22 13:04:58] DEBUG    56   2.30215251e+13 -1.90936457e+11  4.77e+04 1.54e-02  4.37e+04   568s
[2025-09-22 13:05:06] DEBUG    57   2.27242058e+13 -1.79640939e+11  4.35e+04 1.56e-02  4.05e+04   575s
[2025-09-22 13:05:11] DEBUG    58   2.26561326e+13 -1.73382494e+11  4.26e+04 1.57e-02  3.93e+04   581s
[2025-09-22 13:05:21] DEBUG    59   2.25521175e+13 -1.66358291e+11  4.13e+04 1.58e-02  3.78e+04   590s
[2025-09-22 13:05:30] DEBUG    60   2.24238961e+13 -1.55572996e+11  3.97e+04 1.60e-02  3.57e+04   600s
[2025-09-22 13:05:39] DEBUG    61   2.22667299e+13 -1.48822745e+11  3.78e+04 1.60e-02  3.40e+04   609s
[2025-09-22 13:05:49] DEBUG    62   2.21683782e+13 -1.41286638e+11  3.66e+04 1.60e-02  3.25e+04   618s
[2025-09-22 13:06:00] DEBUG    63   2.20491393e+13 -1.31701369e+11  3.53e+04 1.60e-02  3.06e+04   629s
[2025-09-22 13:06:10] DEBUG    64   2.19523032e+13 -1.25474807e+11  3.42e+04 1.59e-02  2.94e+04   639s
[2025-09-22 13:06:22] DEBUG    65   2.18222450e+13 -1.19328314e+11  3.28e+04 1.58e-02  2.80e+04   652s
[2025-09-22 13:06:32] DEBUG    66   2.17099149e+13 -1.12537795e+11  3.16e+04 1.56e-02  2.66e+04   662s
[2025-09-22 13:06:43] DEBUG    67   2.16003222e+13 -1.08164003e+11  3.05e+04 1.55e-02  2.56e+04   672s
[2025-09-22 13:06:53] DEBUG    68   2.15204446e+13 -1.03274279e+11  2.97e+04 1.53e-02  2.47e+04   682s
[2025-09-22 13:07:04] DEBUG    69   2.13847539e+13 -9.77694791e+10  2.84e+04 1.50e-02  2.34e+04   694s
[2025-09-22 13:07:14] DEBUG    70   2.12901965e+13 -9.36209100e+10  2.75e+04 1.50e-02  2.25e+04   703s
[2025-09-22 13:07:22] DEBUG    71   2.11856546e+13 -9.01871989e+10  2.65e+04 1.50e-02  2.17e+04   711s
[2025-09-22 13:07:31] DEBUG    72   2.10902346e+13 -8.27762392e+10  2.56e+04 1.50e-02  2.04e+04   721s
[2025-09-22 13:07:42] DEBUG    73   2.10230384e+13 -8.07451326e+10  2.50e+04 1.49e-02  1.99e+04   732s
[2025-09-22 13:07:50] DEBUG    74   2.10070630e+13 -7.87198838e+10  2.49e+04 1.49e-02  1.96e+04   739s
[2025-09-22 13:07:58] DEBUG    75   2.09933441e+13 -7.73656258e+10  2.48e+04 1.49e-02  1.94e+04   748s
[2025-09-22 13:08:05] DEBUG    76   2.08970265e+13 -7.65142866e+10  2.40e+04 1.49e-02  1.90e+04   754s
[2025-09-22 13:08:16] DEBUG    77   2.08415322e+13 -7.35310676e+10  2.35e+04 1.48e-02  1.84e+04   766s
[2025-09-22 13:08:25] DEBUG    78   2.08288508e+13 -7.11350997e+10  2.34e+04 1.47e-02  1.81e+04   775s
[2025-09-22 13:08:34] DEBUG    79   2.07366345e+13 -6.84822191e+10  2.26e+04 1.49e-02  1.74e+04   784s
[2025-09-22 13:08:44] DEBUG    80   2.07086229e+13 -6.55983379e+10  2.24e+04 1.52e-02  1.70e+04   793s
[2025-09-22 13:08:49] DEBUG    81   2.06629866e+13 -6.49639648e+10  2.20e+04 1.51e-02  1.68e+04   798s
[2025-09-22 13:08:57] DEBUG    82   2.06056250e+13 -6.27968099e+10  2.15e+04 1.51e-02  1.63e+04   806s
[2025-09-22 13:09:05] DEBUG    83   2.05529955e+13 -6.13821428e+10  2.11e+04 1.50e-02  1.60e+04   814s
[2025-09-22 13:09:14] DEBUG    84   2.04933752e+13 -5.82213963e+10  2.06e+04 1.48e-02  1.54e+04   823s
[2025-09-22 13:09:25] DEBUG    85   2.04069725e+13 -5.61687271e+10  2.00e+04 1.47e-02  1.49e+04   835s
[2025-09-22 13:09:33] DEBUG    86   2.03506736e+13 -5.27105177e+10  1.95e+04 1.43e-02  1.43e+04   842s
[2025-09-22 13:09:43] DEBUG    87   2.02954839e+13 -5.00916873e+10  1.91e+04 1.40e-02  1.38e+04   852s
[2025-09-22 13:09:53] DEBUG    88   2.01968846e+13 -4.82755861e+10  1.83e+04 1.37e-02  1.33e+04   863s
[2025-09-22 13:10:04] DEBUG    89   2.01239103e+13 -4.60010985e+10  1.78e+04 1.33e-02  1.28e+04   873s
[2025-09-22 13:10:12] DEBUG    90   2.00698651e+13 -4.35369372e+10  1.74e+04 1.29e-02  1.24e+04   881s
[2025-09-22 13:10:22] DEBUG    91   2.00362786e+13 -4.28719280e+10  1.71e+04 1.28e-02  1.22e+04   891s
[2025-09-22 13:10:31] DEBUG    92   1.99699921e+13 -4.13688906e+10  1.67e+04 1.25e-02  1.19e+04   900s
[2025-09-22 13:10:41] DEBUG    93   1.99142679e+13 -3.92029265e+10  1.63e+04 1.22e-02  1.15e+04   910s
[2025-09-22 13:10:50] DEBUG    94   1.98498919e+13 -3.73980645e+10  1.58e+04 1.18e-02  1.11e+04   920s
[2025-09-22 13:10:59] DEBUG    95   1.98126360e+13 -3.62857316e+10  1.56e+04 1.18e-02  1.08e+04   929s
[2025-09-22 13:11:07] DEBUG    96   1.97505056e+13 -3.48669069e+10  1.51e+04 1.25e-02  1.05e+04   937s
[2025-09-22 13:11:15] DEBUG    97   1.97127975e+13 -3.38352706e+10  1.49e+04 1.30e-02  1.03e+04   944s
[2025-09-22 13:11:22] DEBUG    98   1.96924434e+13 -3.28204848e+10  1.48e+04 1.34e-02  1.01e+04   952s
[2025-09-22 13:11:32] DEBUG    99   1.96507265e+13 -3.21715828e+10  1.45e+04 1.36e-02  9.95e+03   961s
[2025-09-22 13:11:43] DEBUG    100   1.96008334e+13 -3.10369587e+10  1.42e+04 1.39e-02  9.70e+03   972s
[2025-09-22 13:11:53] DEBUG    101   1.95435351e+13 -3.01371752e+10  1.38e+04 1.41e-02  9.46e+03   983s
[2025-09-22 13:12:02] DEBUG    102   1.95336331e+13 -2.93344897e+10  1.37e+04 1.42e-02  9.34e+03   992s
[2025-09-22 13:12:09] DEBUG    103   1.95306146e+13 -2.88581762e+10  1.37e+04 1.43e-02  9.27e+03   998s
[2025-09-22 13:12:16] DEBUG    104   1.94747055e+13 -2.85480709e+10  1.34e+04 1.42e-02  9.12e+03  1005s
[2025-09-22 13:12:27] DEBUG    105   1.94254104e+13 -2.76939731e+10  1.30e+04 1.42e-02  1.08e+04  1016s
[2025-09-22 13:12:36] DEBUG    106   1.94131820e+13 -2.72959744e+10  1.30e+04 1.42e-02  1.07e+04  1026s
[2025-09-22 13:12:44] DEBUG    107   1.93861770e+13 -2.70205126e+10  1.28e+04 1.41e-02  1.10e+04  1033s
[2025-09-22 13:12:52] DEBUG    108   1.93562719e+13 -2.60143024e+10  1.26e+04 1.40e-02  1.09e+04  1042s
[2025-09-22 13:12:59] DEBUG    109   1.93139378e+13 -2.55374551e+10  1.24e+04 1.39e-02  1.07e+04  1049s
[2025-09-22 13:13:12] DEBUG    110   1.92577056e+13 -2.47412707e+10  1.20e+04 1.38e-02  1.05e+04  1061s
[2025-09-22 13:13:22] DEBUG    111   1.91799841e+13 -2.36880868e+10  1.16e+04 1.36e-02  1.01e+04  1072s
[2025-09-22 13:13:29] DEBUG    112   1.91545713e+13 -2.31987154e+10  1.14e+04 1.36e-02  9.96e+03  1079s
[2025-09-22 13:13:39] DEBUG    113   1.91279631e+13 -2.28091272e+10  1.13e+04 1.36e-02  9.83e+03  1088s
[2025-09-22 13:13:50] DEBUG    114   1.90674078e+13 -2.22648896e+10  1.09e+04 1.35e-02  9.61e+03  1100s
[2025-09-22 13:13:59] DEBUG    115   1.90468453e+13 -2.18241341e+10  1.08e+04 1.35e-02  9.49e+03  1108s
[2025-09-22 13:14:08] DEBUG    116   1.90284551e+13 -2.13814276e+10  1.07e+04 1.35e-02  9.37e+03  1117s
[2025-09-22 13:14:20] DEBUG    117   1.89801156e+13 -2.08618935e+10  1.05e+04 1.34e-02  9.18e+03  1129s
[2025-09-22 13:14:28] DEBUG    118   1.89530189e+13 -2.00055176e+10  1.03e+04 1.33e-02  8.97e+03  1137s
[2025-09-22 13:14:35] DEBUG    119   1.89335746e+13 -1.96756151e+10  1.02e+04 1.33e-02  8.87e+03  1144s
[2025-09-22 13:14:43] DEBUG    120   1.89126093e+13 -1.93653887e+10  1.01e+04 1.33e-02  8.77e+03  1153s
[2025-09-22 13:14:52] DEBUG    121   1.88474437e+13 -1.82648471e+10  9.78e+03 1.32e-02  8.45e+03  1162s
[2025-09-22 13:15:02] DEBUG    122   1.88178173e+13 -1.73378338e+10  9.64e+03 1.31e-02  8.22e+03  1172s
[2025-09-22 13:15:13] DEBUG    123   1.87485093e+13 -1.64976686e+10  9.30e+03 1.30e-02  7.94e+03  1182s
[2025-09-22 13:15:24] DEBUG    124   1.86703278e+13 -1.52085953e+10  8.92e+03 1.28e-02  7.56e+03  1194s
[2025-09-22 13:15:36] DEBUG    125   1.85719094e+13 -1.38461889e+10  8.47e+03 1.26e-02  7.15e+03  1206s
[2025-09-22 13:15:48] DEBUG    126   1.84878880e+13 -1.28551906e+10  8.10e+03 1.25e-02  6.83e+03  1218s
[2025-09-22 13:15:58] DEBUG    127   1.84358985e+13 -1.21657229e+10  7.88e+03 1.24e-02  6.62e+03  1228s
[2025-09-22 13:16:07] DEBUG    128   1.83512102e+13 -1.10591617e+10  7.53e+03 1.22e-02  6.29e+03  1237s
[2025-09-22 13:16:19] DEBUG    129   1.82621856e+13 -9.77540083e+09  7.18e+03 1.20e-02  5.93e+03  1248s
[2025-09-22 13:16:32] DEBUG    130   1.81635066e+13 -8.64985022e+09  6.80e+03 1.19e-02  5.59e+03  1261s
[2025-09-22 13:16:45] DEBUG    131   1.80860535e+13 -7.79302126e+09  6.52e+03 1.17e-02  5.33e+03  1274s
[2025-09-22 13:16:56] DEBUG    132   1.80263236e+13 -7.06782565e+09  6.31e+03 1.16e-02  5.13e+03  1285s
[2025-09-22 13:17:07] DEBUG    133   1.79703351e+13 -6.54578497e+09  6.12e+03 1.15e-02  4.97e+03  1296s
[2025-09-22 13:17:18] DEBUG    134   1.78886225e+13 -6.06164402e+09  5.85e+03 1.14e-02  4.78e+03  1308s
[2025-09-22 13:17:29] DEBUG    135   1.78308704e+13 -5.50470552e+09  5.67e+03 1.13e-02  4.62e+03  1319s
[2025-09-22 13:17:36] DEBUG    136   1.78198363e+13 -5.23124987e+09  5.64e+03 1.12e-02  4.56e+03  1326s
[2025-09-22 13:17:48] DEBUG    137   1.77857781e+13 -4.62242310e+09  5.53e+03 1.11e-02  4.42e+03  1338s
[2025-09-22 13:17:54] DEBUG    138   1.77658917e+13 -4.40190494e+09  5.47e+03 1.11e-02  4.36e+03  1344s
[2025-09-22 13:18:02] DEBUG    139   1.77399822e+13 -4.11946603e+09  5.39e+03 1.10e-02  4.28e+03  1351s
[2025-09-22 13:18:13] DEBUG    140   1.77126064e+13 -3.49907780e+09  5.31e+03 1.07e-02  4.15e+03  1362s
[2025-09-22 13:18:21] DEBUG    141   1.76715236e+13 -3.33557037e+09  5.18e+03 1.06e-02  4.07e+03  1371s
[2025-09-22 13:18:28] DEBUG    142   1.76309633e+13 -3.07692156e+09  5.06e+03 1.06e-02  3.98e+03  1378s
[2025-09-22 13:18:37] DEBUG    143   1.75561634e+13 -2.74712012e+09  4.83e+03 1.04e-02  3.84e+03  1386s
[2025-09-22 13:18:44] DEBUG    144   1.75329357e+13 -2.44905901e+09  4.77e+03 1.03e-02  3.76e+03  1393s
[2025-09-22 13:18:54] DEBUG    145   1.75058072e+13 -2.23308671e+09  4.69e+03 1.03e-02  3.70e+03  1403s
[2025-09-22 13:19:02] DEBUG    146   1.74869308e+13 -1.89372181e+09  4.64e+03 1.01e-02  3.62e+03  1411s
[2025-09-22 13:19:12] DEBUG    147   1.74180431e+13 -1.58088465e+09  4.44e+03 1.00e-02  3.49e+03  1422s
[2025-09-22 13:19:24] DEBUG    148   1.73856638e+13 -1.24696491e+09  4.35e+03 9.89e-03  3.40e+03  1433s
[2025-09-22 13:19:30] DEBUG    149   1.73693617e+13 -1.01619956e+09  4.31e+03 9.88e-03  3.35e+03  1439s
[2025-09-22 13:19:41] DEBUG    150   1.73259578e+13 -6.40988010e+08  4.20e+03 9.92e-03  3.24e+03  1451s
[2025-09-22 13:19:51] DEBUG    151   1.72344584e+13 -4.38841350e+08  3.96e+03 9.95e-03  3.12e+03  1460s
[2025-09-22 13:20:01] DEBUG    152   1.71925890e+13 -5.22777657e+07  3.86e+03 9.99e-03  3.01e+03  1471s
[2025-09-22 13:20:13] DEBUG    153   1.71314341e+13  2.85863537e+08  3.71e+03 1.00e-02  2.90e+03  1482s
[2025-09-22 13:20:23] DEBUG    154   1.70629543e+13  5.60597870e+08  3.55e+03 1.01e-02  2.80e+03  1492s
[2025-09-22 13:20:33] DEBUG    155   1.70043931e+13  1.01363446e+09  3.42e+03 1.01e-02  2.67e+03  1503s
[2025-09-22 13:20:41] DEBUG    156   1.69763770e+13  1.11914118e+09  3.36e+03 1.01e-02  2.63e+03  1511s
[2025-09-22 13:20:52] DEBUG    157   1.69585884e+13  1.37821731e+09  3.33e+03 1.01e-02  2.57e+03  1521s
[2025-09-22 13:21:03] DEBUG    158   1.69387412e+13  1.58745621e+09  3.28e+03 1.02e-02  2.52e+03  1532s
[2025-09-22 13:21:13] DEBUG    159   1.68699118e+13  1.84572524e+09  3.14e+03 1.02e-02  2.42e+03  1542s
[2025-09-22 13:21:23] DEBUG    160   1.68400109e+13  2.16584772e+09  3.08e+03 1.02e-02  2.35e+03  1552s
[2025-09-22 13:21:33] DEBUG    161   1.67898964e+13  2.39529016e+09  2.98e+03 1.02e-02  2.27e+03  1562s
[2025-09-22 13:21:43] DEBUG    162   1.67698446e+13  2.68159076e+09  2.95e+03 1.02e-02  2.21e+03  1573s
[2025-09-22 13:21:51] DEBUG    163   1.67268228e+13  2.74912535e+09  2.86e+03 1.02e-02  2.17e+03  1581s
[2025-09-22 13:21:59] DEBUG    164   1.66801465e+13  2.97138093e+09  2.78e+03 1.02e-02  2.10e+03  1589s
[2025-09-22 13:22:08] DEBUG    165   1.66616681e+13  3.07053901e+09  2.75e+03 1.02e-02  2.07e+03  1597s
[2025-09-22 13:22:17] DEBUG    166   1.66468585e+13  3.20502398e+09  2.72e+03 1.02e-02  2.04e+03  1607s
[2025-09-22 13:22:29] DEBUG    167   1.66240979e+13  3.33732249e+09  2.68e+03 1.02e-02  2.00e+03  1619s
[2025-09-22 13:22:40] DEBUG    168   1.65839167e+13  3.51117316e+09  2.61e+03 1.02e-02  1.95e+03  1630s
[2025-09-22 13:22:51] DEBUG    169   1.65590471e+13  3.63159317e+09  2.57e+03 1.02e-02  1.91e+03  1641s
[2025-09-22 13:23:02] DEBUG    170   1.65362085e+13  3.74866953e+09  2.53e+03 1.02e-02  1.88e+03  1652s
[2025-09-22 13:23:11] DEBUG    171   1.65034682e+13  3.87888101e+09  2.48e+03 1.02e-02  1.84e+03  1661s
[2025-09-22 13:23:20] DEBUG    172   1.64837197e+13  3.99020570e+09  2.45e+03 1.02e-02  1.81e+03  1670s
[2025-09-22 13:23:30] DEBUG    173   1.64441553e+13  4.09989043e+09  2.38e+03 1.02e-02  1.77e+03  1679s
[2025-09-22 13:23:41] DEBUG    174   1.64218348e+13  4.18961513e+09  2.35e+03 1.02e-02  1.74e+03  1690s
[2025-09-22 13:23:51] DEBUG    175   1.63871863e+13  4.30962853e+09  2.29e+03 1.02e-02  1.70e+03  1701s
[2025-09-22 13:24:02] DEBUG    176   1.63563032e+13  4.43468689e+09  2.25e+03 1.02e-02  1.66e+03  1711s
[2025-09-22 13:24:10] DEBUG    177   1.63347166e+13  4.54552399e+09  2.22e+03 1.01e-02  1.64e+03  1719s
[2025-09-22 13:24:19] DEBUG    178   1.63180279e+13  4.65695830e+09  2.19e+03 1.01e-02  1.61e+03  1728s
[2025-09-22 13:24:27] DEBUG    179   1.63040591e+13  4.74922149e+09  2.17e+03 1.01e-02  1.59e+03  1736s
[2025-09-22 13:24:36] DEBUG    180   1.62812676e+13  4.82056257e+09  2.14e+03 1.01e-02  1.57e+03  1745s
[2025-09-22 13:24:46] DEBUG    181   1.62680426e+13  4.92479947e+09  2.12e+03 1.01e-02  1.54e+03  1756s
[2025-09-22 13:24:55] DEBUG    182   1.62408824e+13  4.98597042e+09  2.08e+03 1.00e-02  1.52e+03  1764s
[2025-09-22 13:25:04] DEBUG    183   1.62332529e+13  5.08699902e+09  2.07e+03 1.00e-02  1.50e+03  1774s
[2025-09-22 13:25:15] DEBUG    184   1.62096788e+13  5.17144789e+09  2.04e+03 1.00e-02  1.48e+03  1784s
[2025-09-22 13:25:24] DEBUG    185   1.61873172e+13  5.23968133e+09  2.01e+03 9.98e-03  1.45e+03  1793s
[2025-09-22 13:25:33] DEBUG    186   1.61623580e+13  5.29180989e+09  1.98e+03 9.97e-03  1.43e+03  1802s
[2025-09-22 13:25:42] DEBUG    187   1.61506251e+13  5.38720630e+09  1.96e+03 9.94e-03  1.41e+03  1811s
[2025-09-22 13:25:49] DEBUG    188   1.61338625e+13  5.46031364e+09  1.94e+03 9.92e-03  1.39e+03  1819s
[2025-09-22 13:25:55] DEBUG    189   1.61208121e+13  5.51306123e+09  1.92e+03 9.91e-03  1.38e+03  1824s
[2025-09-22 13:26:04] DEBUG    190   1.61129522e+13  5.57302582e+09  1.91e+03 9.89e-03  1.37e+03  1833s
[2025-09-22 13:26:15] DEBUG    191   1.61051401e+13  5.63654694e+09  1.90e+03 9.88e-03  1.36e+03  1844s
[2025-09-22 13:26:22] DEBUG    192   1.61013915e+13  5.66227325e+09  1.90e+03 9.87e-03  1.41e+03  1851s
[2025-09-22 13:26:27] DEBUG    193   1.60902735e+13  5.69021586e+09  1.88e+03 9.86e-03  1.42e+03  1857s
[2025-09-22 13:26:33] DEBUG    194   1.60828939e+13  5.72733193e+09  1.88e+03 9.85e-03  1.41e+03  1862s
[2025-09-22 13:26:39] DEBUG    195   1.60790626e+13  5.76379103e+09  1.87e+03 9.84e-03  1.41e+03  1868s
[2025-09-22 13:26:48] DEBUG    196   1.60748924e+13  5.81675470e+09  1.87e+03 9.82e-03  1.40e+03  1878s
[2025-09-22 13:26:55] DEBUG    197   1.60602483e+13  5.83378202e+09  1.85e+03 9.82e-03  1.39e+03  1885s
[2025-09-22 13:27:09] DEBUG    198   1.60366074e+13  5.89136649e+09  1.82e+03 9.80e-03  1.37e+03  1899s
[2025-09-22 13:27:19] DEBUG    199   1.60236915e+13  5.93620894e+09  1.80e+03 9.79e-03  1.36e+03  1908s
[2025-09-22 13:27:27] DEBUG    200   1.60083903e+13  5.95978704e+09  1.78e+03 9.78e-03  1.35e+03  1916s
[2025-09-22 13:27:36] DEBUG    201   1.60025467e+13  5.97801389e+09  1.77e+03 9.77e-03  1.34e+03  1926s
[2025-09-22 13:27:44] DEBUG    202   1.59953878e+13  5.99913719e+09  1.77e+03 9.76e-03  1.33e+03  1933s
[2025-09-22 13:27:57] DEBUG    203   1.59868986e+13  6.01907424e+09  1.76e+03 9.76e-03  1.33e+03  1947s
[2025-09-22 13:28:06] DEBUG    204   1.59803168e+13  6.04032642e+09  1.75e+03 9.75e-03  1.32e+03  1956s
[2025-09-22 13:28:17] DEBUG    205   1.59729024e+13  6.05803496e+09  1.74e+03 9.74e-03  1.32e+03  1967s
[2025-09-22 13:28:17] DEBUG    Barrier performed 205 iterations in 1966.55 seconds (530.45 work units)
Numerical trouble encountered

Model may be infeasible or unbounded.  Consider using the
homogeneous algorithm (through parameter 'BarHomogeneous')
[2025-09-22 13:29:22] DEBUG    Waiting for other threads to finish...        2031s
[2025-09-22 13:30:27] DEBUG    Waiting for other threads to finish...        2096s
[2025-09-22 13:31:31] DEBUG    Waiting for other threads to finish...        2161s
[2025-09-22 13:32:36] DEBUG    Waiting for other threads to finish...        2225s
[2025-09-22 13:33:40] DEBUG    Waiting for other threads to finish...        2290s
[2025-09-22 13:34:45] DEBUG    Waiting for other threads to finish...        2354s
[2025-09-22 13:35:50] DEBUG    Waiting for other threads to finish...        2419s
[2025-09-22 13:36:54] DEBUG    Waiting for other threads to finish...        2484s
[2025-09-22 13:37:59] DEBUG    Waiting for other threads to finish...        2548s
[2025-09-22 13:39:03] DEBUG    Waiting for other threads to finish...        2613s
[2025-09-22 13:40:08] DEBUG    Waiting for other threads to finish...        2677s
[2025-09-22 13:41:13] DEBUG    Waiting for other threads to finish...        2742s
[2025-09-22 13:42:17] DEBUG    Waiting for other threads to finish...        2806s
[2025-09-22 13:43:22] DEBUG    Waiting for other threads to finish...        2871s
[2025-09-22 13:44:26] DEBUG    Waiting for other threads to finish...        2935s
[2025-09-22 13:45:30] DEBUG    Waiting for other threads to finish...        3000s
[2025-09-22 13:46:35] DEBUG    Waiting for other threads to finish...        3064s
[2025-09-22 13:47:39] DEBUG    Waiting for other threads to finish...        3128s
[2025-09-22 13:48:44] DEBUG    Waiting for other threads to finish...        3193s
[2025-09-22 13:49:48] DEBUG    Waiting for other threads to finish...        3258s
[2025-09-22 13:50:53] DEBUG    Waiting for other threads to finish...        3322s
[2025-09-22 13:51:57] DEBUG    Waiting for other threads to finish...        3387s
[2025-09-22 13:53:02] DEBUG    Waiting for other threads to finish...        3451s
[2025-09-22 13:54:06] DEBUG    Waiting for other threads to finish...        3516s
[2025-09-22 13:55:11] DEBUG    Waiting for other threads to finish...        3580s
[2025-09-22 13:56:16] DEBUG    Waiting for other threads to finish...        3645s
[2025-09-22 13:57:20] DEBUG    Waiting for other threads to finish...        3709s
[2025-09-22 13:58:24] DEBUG    Waiting for other threads to finish...        3774s
[2025-09-22 13:59:29] DEBUG    Waiting for other threads to finish...        3838s
[2025-09-22 14:00:33] DEBUG    Waiting for other threads to finish...        3903s
[2025-09-22 14:01:38] DEBUG    Waiting for other threads to finish...        3967s
[2025-09-22 14:02:42] DEBUG    Waiting for other threads to finish...        4032s
[2025-09-22 14:03:47] DEBUG    Waiting for other threads to finish...        4096s
[2025-09-22 14:04:52] DEBUG    Waiting for other threads to finish...        4161s
[2025-09-22 14:05:56] DEBUG    Waiting for other threads to finish...        4226s
[2025-09-22 14:07:01] DEBUG    Waiting for other threads to finish...        4290s
[2025-09-22 14:08:05] DEBUG    Waiting for other threads to finish...        4355s
[2025-09-22 14:09:10] DEBUG    Waiting for other threads to finish...        4419s
[2025-09-22 14:10:15] DEBUG    Waiting for other threads to finish...        4484s
[2025-09-22 14:11:19] DEBUG    Waiting for other threads to finish...        4548s
[2025-09-22 14:12:24] DEBUG    Waiting for other threads to finish...        4613s
[2025-09-22 14:13:16] DEBUG    Solved with dual simplex
[2025-09-22 14:13:29] DEBUG    Iteration    Objective       Primal Inf.    Dual Inf.      Time
[2025-09-22 14:13:29] DEBUG    1729103    1.8735860e+10   0.000000e+00   0.000000e+00   4678s

Solved in 1729103 iterations and 4678.10 seconds (3036.62 work units)
[2025-09-22 14:13:29] DEBUG    Optimal objective  1.873585969e+10
✅ Scenario completato: new_trasmission_CG+VRES_2035_nostorage

🚀 Lancio scenario: new_trasmission_GT+VRES_2035_PHES
[2025-09-22 14:32:27] INFO     Loading sets
[2025-09-22 14:32:27] INFO     Loading parameters
[2025-09-22 14:33:12] INFO     constraints are loaded in the following order: ['energy_balance', 'dispatch', 'costs', 'capacity', 'network', 'policy', 'conversion', 'group', 'conversion_plus', 'milp', 'export']
[2025-09-22 14:33:12] INFO     creating energy_balance constraints
[2025-09-22 14:36:48] INFO     creating dispatch constraints
[2025-09-22 14:39:19] INFO     creating costs constraints
[2025-09-22 14:50:46] INFO     creating capacity constraints
[2025-09-22 14:50:46] INFO     creating network constraints
[2025-09-22 14:50:46] INFO     creating policy constraints
[2025-09-22 14:50:46] INFO     creating conversion constraints
[2025-09-22 14:50:46] INFO     creating group constraints
[2025-09-22 14:50:46] INFO     creating conversion_plus constraints
[2025-09-22 14:50:46] INFO     creating milp constraints
[2025-09-22 14:50:46] INFO     creating export constraints
[2025-09-22 15:06:51] DEBUG    Set parameter WLSAccessID
Set parameter WLSSecret
Set parameter LicenseID to value 2680226
[2025-09-22 15:06:51] DEBUG    Academic license 2680226 - for non-commercial use only - registered to an___@mail.polimi.it
[2025-09-22 15:07:38] DEBUG    Read LP format model from file /tmp/tmpcx8ia4zo.pyomo.lp
[2025-09-22 15:07:38] DEBUG    Reading time = 47.32 seconds
x23042592: 30374849 rows, 23042592 columns, 75305196 nonzeros
[2025-09-22 15:07:38] DEBUG    Set parameter NumericFocus to value 1
[2025-09-22 15:07:38] DEBUG    Gurobi Optimizer version 12.0.2 build v12.0.2rc0 (linux64 - "Debian GNU/Linux 11 (bullseye)")

CPU model: Intel(R) Xeon(R) Silver 4314 CPU @ 2.40GHz, instruction set [SSE2|AVX|AVX2|AVX512]
Thread count: 32 physical cores, 64 logical processors, using up to 32 threads
[2025-09-22 15:07:38] DEBUG    Non-default parameters:
NumericFocus  1
[2025-09-22 15:07:38] DEBUG    Academic license 2680226 - for non-commercial use only - registered to an___@mail.polimi.it
[2025-09-22 15:07:38] DEBUG    Optimize a model with 30374849 rows, 23042592 columns and 75305196 nonzeros
[2025-09-22 15:07:39] DEBUG    Model fingerprint: 0x58bf9ccf
[2025-09-22 15:07:39] DEBUG    Coefficient statistics:
  Matrix range     [1e-07, 6e+02]
  Objective range  [1e+00, 1e+06]
[2025-09-22 15:07:39] DEBUG    Bounds range     [0e+00, 0e+00]
  RHS range        [1e+00, 6e+09]
Warning: Model contains large rhs
[2025-09-22 15:07:45] DEBUG    Presolve removed 21602468 rows and 12453290 columns (presolve time = 6s)...
[2025-09-22 15:07:49] DEBUG    Presolve removed 22234964 rows and 13062992 columns (presolve time = 10s)...
[2025-09-22 15:07:55] DEBUG    Presolve removed 22235049 rows and 14774249 columns (presolve time = 15s)...
[2025-09-22 15:08:00] DEBUG    Presolve removed 26079044 rows and 18572666 columns (presolve time = 21s)...
[2025-09-22 15:08:05] DEBUG    Presolve removed 26079044 rows and 18572666 columns (presolve time = 25s)...
[2025-09-22 15:08:09] DEBUG    Presolve removed 26079044 rows and 18572666 columns (presolve time = 30s)...
[2025-09-22 15:08:41] DEBUG    Presolve removed 26608185 rows and 18826706 columns (presolve time = 62s)...
[2025-09-22 15:08:45] DEBUG    Presolve removed 26608185 rows and 19229666 columns (presolve time = 65s)...
[2025-09-22 15:08:49] DEBUG    Presolve removed 26748329 rows and 19229666 columns
[2025-09-22 15:09:43] DEBUG    Presolve time: 124.44s
[2025-09-22 15:09:43] DEBUG    Presolved: 3626520 rows, 3953070 columns, 14884810 nonzeros

Concurrent LP optimizer: primal simplex, dual simplex, and barrier
Showing barrier log only...
[2025-09-22 15:10:31] DEBUG    Elapsed ordering time = 45s
[2025-09-22 15:10:36] DEBUG    Elapsed ordering time = 50s
[2025-09-22 15:10:42] DEBUG    Ordering time: 56.03s
[2025-09-22 15:10:45] DEBUG    Barrier statistics:
 Dense cols : 199
 AA' NZ     : 1.545e+07
 Factor NZ  : 6.473e+07 (roughly 3.6 GB of memory)
 Factor Ops : 7.081e+09 (less than 1 second per iteration)
 Threads    : 30
[2025-09-22 15:10:50] DEBUG    Objective                Residual
[2025-09-22 15:10:50] DEBUG    Iter       Primal          Dual         Primal    Dual     Compl     Time
[2025-09-22 15:10:51] DEBUG    0   9.08907617e+14 -9.46045929e+14  7.37e+10 2.46e-01  3.72e+11   192s
[2025-09-22 15:10:57] DEBUG    1   8.33312635e+14 -1.09289454e+15  6.70e+10 2.19e+01  2.93e+11   199s
[2025-09-22 15:11:06] DEBUG    2   7.89775842e+14 -3.67297107e+15  6.31e+10 1.60e+01  2.62e+11   207s
[2025-09-22 15:11:16] DEBUG    3   6.85723746e+14 -1.41921896e+16  5.36e+10 5.51e+00  1.94e+11   218s
[2025-09-22 15:11:24] DEBUG    4   4.98260750e+14 -1.45540769e+16  3.54e+10 2.19e+00  1.23e+11   226s
[2025-09-22 15:11:34] DEBUG    5   3.50782399e+14 -1.28522184e+16  2.17e+10 8.54e-01  7.39e+10   236s
[2025-09-22 15:11:42] DEBUG    6   2.31822265e+14 -1.08041987e+16  7.69e+09 4.06e-01  2.77e+10   244s
[2025-09-22 15:11:48] DEBUG    7   2.17686795e+14 -7.49585006e+15  3.28e+09 1.87e-01  1.20e+10   250s
[2025-09-22 15:11:54] DEBUG    8   2.17513352e+14 -4.99288560e+15  2.43e+09 9.49e-02  8.34e+09   256s
[2025-09-22 15:12:00] DEBUG    9   2.07384704e+14 -2.52798727e+15  6.66e+08 2.72e-02  2.35e+09   262s
[2025-09-22 15:12:07] DEBUG    10   2.03206671e+14 -1.02811835e+15  1.96e+08 1.91e-02  6.94e+08   269s
[2025-09-22 15:12:14] DEBUG    11   1.90891660e+14 -4.05566289e+14  1.24e+08 3.49e-02  3.77e+08   276s
[2025-09-22 15:12:20] DEBUG    12   1.72101515e+14 -2.52269401e+14  5.33e+07 4.32e-02  1.66e+08   282s
[2025-09-22 15:12:27] DEBUG    13   1.63196008e+14 -1.86279094e+14  3.91e+07 6.17e-02  1.17e+08   288s
[2025-09-22 15:12:35] DEBUG    14   1.49986116e+14 -1.42224005e+14  2.35e+07 6.59e-02  7.20e+07   297s
[2025-09-22 15:12:46] DEBUG    15   1.39313872e+14 -6.78434515e+13  1.50e+07 8.70e-02  3.96e+07   307s
[2025-09-22 15:12:54] DEBUG    16   1.32598024e+14 -4.80768353e+13  1.18e+07 6.83e-02  2.90e+07   316s
[2025-09-22 15:13:01] DEBUG    17   1.23692836e+14 -4.20087536e+13  8.20e+06 6.71e-02  2.09e+07   322s
[2025-09-22 15:13:07] DEBUG    18   1.19535510e+14 -3.44588552e+13  6.90e+06 6.60e-02  1.69e+07   329s
[2025-09-22 15:13:13] DEBUG    19   1.18630240e+14 -3.23154999e+13  6.66e+06 6.58e-02  1.60e+07   335s
[2025-09-22 15:13:21] DEBUG    20   1.17532000e+14 -2.78862256e+13  6.39e+06 6.54e-02  1.40e+07   343s
[2025-09-22 15:13:32] DEBUG    21   1.10852771e+14 -2.10148796e+13  4.80e+06 6.42e-02  9.72e+06   354s
[2025-09-22 15:13:45] DEBUG    22   1.03849495e+14 -1.46901228e+13  3.48e+06 6.28e-02  6.41e+06   367s
[2025-09-22 15:13:58] DEBUG    23   1.01175619e+14 -9.96034209e+12  3.09e+06 6.13e-02  4.42e+06   380s
[2025-09-22 15:14:10] DEBUG    24   9.44465666e+13 -8.07096692e+12  2.17e+06 6.06e-02  3.05e+06   392s
[2025-09-22 15:14:22] DEBUG    25   9.12345030e+13 -6.45090515e+12  1.84e+06 5.94e-02  2.34e+06   404s
[2025-09-22 15:14:34] DEBUG    26   8.72246841e+13 -5.06044280e+12  1.47e+06 5.69e-02  1.69e+06   416s
[2025-09-22 15:14:46] DEBUG    27   8.62240238e+13 -4.62213147e+12  1.38e+06 5.59e-02  1.54e+06   427s
[2025-09-22 15:14:59] DEBUG    28   8.42913248e+13 -3.91021590e+12  1.21e+06 6.16e-02  1.27e+06   440s
[2025-09-22 15:15:12] DEBUG    29   8.14000834e+13 -2.96790236e+12  9.74e+05 4.67e-02  9.28e+05   454s
[2025-09-22 15:15:25] DEBUG    30   7.79967446e+13 -2.25560269e+12  7.29e+05 3.57e-02  6.54e+05   467s
[2025-09-22 15:15:38] DEBUG    31   7.55306541e+13 -1.60612865e+12  5.92e+05 3.86e-02  4.59e+05   479s
[2025-09-22 15:15:51] DEBUG    32   7.36605590e+13 -1.40116000e+12  5.02e+05 3.67e-02  3.82e+05   493s
[2025-09-22 15:16:03] DEBUG    33   7.28799271e+13 -1.30916597e+12  4.70e+05 3.52e-02  3.52e+05   505s
[2025-09-22 15:16:10] DEBUG    34   7.12749821e+13 -1.11366419e+12  4.06e+05 3.44e-02  2.91e+05   512s
[2025-09-22 15:16:20] DEBUG    35   6.96625847e+13 -8.99182265e+11  3.49e+05 3.40e-02  2.31e+05   522s
[2025-09-22 15:16:34] DEBUG    36   6.85302655e+13 -7.10617011e+11  3.14e+05 3.34e-02  1.87e+05   536s
[2025-09-22 15:16:45] DEBUG    37   6.76386585e+13 -6.61040192e+11  2.89e+05 3.32e-02  1.70e+05   547s
[2025-09-22 15:16:59] DEBUG    38   6.69296973e+13 -6.27710023e+11  2.70e+05 3.30e-02  1.58e+05   561s
[2025-09-22 15:17:08] DEBUG    39   6.67059148e+13 -6.08228424e+11  2.64e+05 3.28e-02  1.54e+05   570s
[2025-09-22 15:17:19] DEBUG    40   6.63279927e+13 -5.79605463e+11  2.55e+05 3.27e-02  1.46e+05   581s
[2025-09-22 15:17:29] DEBUG    41   6.55494008e+13 -5.31636944e+11  2.36e+05 3.81e-02  1.32e+05   591s
[2025-09-22 15:17:42] DEBUG    42   6.50534603e+13 -4.68450534e+11  2.25e+05 4.50e-02  1.18e+05   604s
[2025-09-22 15:17:54] DEBUG    43   6.42877173e+13 -4.31392897e+11  2.08e+05 4.91e-02  1.07e+05   616s
[2025-09-22 15:18:06] DEBUG    44   6.36728045e+13 -4.07253770e+11  1.95e+05 5.16e-02  9.99e+04   628s
[2025-09-22 15:18:18] DEBUG    45   6.32806148e+13 -3.78625150e+11  1.88e+05 5.43e-02  9.31e+04   640s
[2025-09-22 15:18:31] DEBUG    46   6.28051817e+13 -3.56988280e+11  1.79e+05 5.64e-02  8.72e+04   652s
[2025-09-22 15:18:41] DEBUG    47   6.27812581e+13 -3.40955392e+11  1.78e+05 5.80e-02  8.48e+04   663s
[2025-09-22 15:18:52] DEBUG    48   6.22639965e+13 -3.34194697e+11  1.69e+05 5.87e-02  8.12e+04   673s
[2025-09-22 15:19:00] DEBUG    49   6.22340588e+13 -3.27054264e+11  1.69e+05 5.94e-02  8.01e+04   682s
[2025-09-22 15:19:07] DEBUG    50   6.20815964e+13 -3.23763360e+11  1.66e+05 5.97e-02  7.89e+04   689s
[2025-09-22 15:19:18] DEBUG    51   6.19713702e+13 -3.16360466e+11  1.64e+05 6.04e-02  7.73e+04   700s
[2025-09-22 15:19:27] DEBUG    52   6.19269733e+13 -3.09893713e+11  1.63e+05 6.10e-02  7.63e+04   709s
[2025-09-22 15:19:40] DEBUG    53   6.13168073e+13 -3.01772278e+11  1.53e+05 6.17e-02  7.22e+04   722s
[2025-09-22 15:19:54] DEBUG    54   6.08772846e+13 -2.87733380e+11  1.45e+05 6.29e-02  6.82e+04   736s
[2025-09-22 15:20:02] DEBUG    55   6.06842949e+13 -2.82773737e+11  1.42e+05 6.33e-02  6.67e+04   744s
[2025-09-22 15:20:12] DEBUG    56   6.06476111e+13 -2.75544251e+11  1.42e+05 6.39e-02  6.56e+04   754s
[2025-09-22 15:20:23] DEBUG    57   6.02120300e+13 -2.66417030e+11  1.35e+05 6.46e-02  6.23e+04   765s
[2025-09-22 15:20:34] DEBUG    58   5.99062550e+13 -2.57908930e+11  1.30e+05 6.53e-02  5.99e+04   776s
[2025-09-22 15:20:46] DEBUG    59   5.96357096e+13 -2.51378523e+11  1.26e+05 6.58e-02  5.79e+04   787s
[2025-09-22 15:20:58] DEBUG    60   5.92774020e+13 -2.36562763e+11  1.21e+05 6.69e-02  5.43e+04   799s
[2025-09-22 15:21:06] DEBUG    61   5.91872129e+13 -2.28718724e+11  1.20e+05 6.74e-02  5.30e+04   808s
[2025-09-22 15:21:18] DEBUG    62   5.89388029e+13 -2.19401426e+11  1.16e+05 6.79e-02  5.07e+04   819s
[2025-09-22 15:21:29] DEBUG    63   5.88197721e+13 -2.09439442e+11  1.15e+05 6.85e-02  4.91e+04   831s
[2025-09-22 15:21:38] DEBUG    64   5.84646968e+13 -2.01128904e+11  1.10e+05 6.90e-02  4.68e+04   840s
[2025-09-22 15:21:46] DEBUG    65   5.82347542e+13 -1.95004511e+11  1.07e+05 6.93e-02  4.53e+04   847s
[2025-09-22 15:21:54] DEBUG    66   5.77478063e+13 -1.87926863e+11  1.01e+05 6.96e-02  4.28e+04   856s
[2025-09-22 15:22:06] DEBUG    67   5.74269924e+13 -1.82828163e+11  9.69e+04 6.97e-02  4.11e+04   868s
[2025-09-22 15:22:17] DEBUG    68   5.71331677e+13 -1.77276489e+11  9.34e+04 6.99e-02  3.95e+04   878s
[2025-09-22 15:22:30] DEBUG    69   5.68282162e+13 -1.70488468e+11  8.99e+04 7.00e-02  3.77e+04   891s
[2025-09-22 15:22:38] DEBUG    70   5.66487888e+13 -1.65781288e+11  8.79e+04 6.98e-02  3.67e+04   900s
[2025-09-22 15:22:49] DEBUG    71   5.63523361e+13 -1.61803024e+11  8.47e+04 6.89e-02  3.54e+04   910s
[2025-09-22 15:22:56] DEBUG    72   5.60096414e+13 -1.53281724e+11  8.10e+04 6.67e-02  3.34e+04   918s
[2025-09-22 15:23:05] DEBUG    73   5.57717733e+13 -1.50162874e+11  7.85e+04 6.45e-02  3.25e+04   927s
[2025-09-22 15:23:15] DEBUG    74   5.55424347e+13 -1.46892604e+11  7.61e+04 6.32e-02  3.14e+04   937s
[2025-09-22 15:23:27] DEBUG    75   5.54835702e+13 -1.43992395e+11  7.55e+04 6.18e-02  3.10e+04   949s
[2025-09-22 15:23:40] DEBUG    76   5.54266159e+13 -1.38731785e+11  7.49e+04 5.93e-02  3.02e+04   962s
[2025-09-22 15:23:51] DEBUG    77   5.49081940e+13 -1.35990822e+11  6.95e+04 5.77e-02  2.85e+04   973s
[2025-09-22 15:24:03] DEBUG    78   5.45718462e+13 -1.32865168e+11  6.62e+04 5.58e-02  2.72e+04   985s
[2025-09-22 15:24:16] DEBUG    79   5.43023024e+13 -1.27542130e+11  6.37e+04 5.28e-02  2.59e+04   997s
[2025-09-22 15:24:24] DEBUG    80   5.42499683e+13 -1.24886414e+11  6.32e+04 5.13e-02  2.55e+04  1006s
[2025-09-22 15:24:35] DEBUG    81   5.39767232e+13 -1.21877825e+11  6.08e+04 4.96e-02  2.45e+04  1017s
[2025-09-22 15:24:45] DEBUG    82   5.37409266e+13 -1.19320169e+11  5.87e+04 4.82e-02  2.37e+04  1027s
[2025-09-22 15:24:57] DEBUG    83   5.35939888e+13 -1.13391873e+11  5.75e+04 4.50e-02  2.27e+04  1039s
[2025-09-22 15:25:08] DEBUG    84   5.33144984e+13 -1.09969044e+11  5.51e+04 4.33e-02  2.17e+04  1049s
[2025-09-22 15:25:19] DEBUG    85   5.30258990e+13 -1.06859157e+11  5.28e+04 4.17e-02  2.07e+04  1061s
[2025-09-22 15:25:30] DEBUG    86   5.29485478e+13 -1.03757695e+11  5.22e+04 4.00e-02  2.03e+04  1072s
[2025-09-22 15:25:41] DEBUG    87   5.27524856e+13 -1.00906198e+11  5.07e+04 3.84e-02  1.96e+04  1083s
[2025-09-22 15:25:53] DEBUG    88   5.25094386e+13 -9.66602982e+10  4.88e+04 3.62e-02  1.86e+04  1095s
[2025-09-22 15:26:02] DEBUG    89   5.24343318e+13 -9.62450133e+10  4.83e+04 3.59e-02  1.85e+04  1103s
[2025-09-22 15:26:14] DEBUG    90   5.21781589e+13 -9.32676679e+10  4.64e+04 3.44e-02  1.77e+04  1115s
[2025-09-22 15:26:25] DEBUG    91   5.21230090e+13 -9.19851018e+10  4.60e+04 3.36e-02  2.10e+04  1127s
[2025-09-22 15:26:36] DEBUG    92   5.20003637e+13 -8.89631914e+10  4.52e+04 3.20e-02  2.03e+04  1138s
[2025-09-22 15:26:45] DEBUG    93   5.17730302e+13 -8.74607199e+10  4.36e+04 3.12e-02  2.05e+04  1147s
[2025-09-22 15:26:54] DEBUG    94   5.15755628e+13 -8.64676815e+10  4.23e+04 3.07e-02  2.00e+04  1156s
[2025-09-22 15:27:06] DEBUG    95   5.13971392e+13 -8.44167758e+10  4.11e+04 2.96e-02  1.95e+04  1168s
[2025-09-22 15:27:15] DEBUG    96   5.12355721e+13 -8.31362279e+10  4.01e+04 2.89e-02  1.91e+04  1177s
[2025-09-22 15:27:27] DEBUG    97   5.09398103e+13 -8.12565237e+10  3.83e+04 2.79e-02  1.83e+04  1189s
[2025-09-22 15:27:39] DEBUG    98   5.08650884e+13 -7.92388175e+10  3.78e+04 2.69e-02  1.79e+04  1200s
[2025-09-22 15:27:48] DEBUG    99   5.07191450e+13 -7.82464816e+10  3.69e+04 2.64e-02  1.75e+04  1210s
[2025-09-22 15:27:57] DEBUG    100   5.06685154e+13 -7.67483268e+10  3.67e+04 2.57e-02  1.72e+04  1219s
[2025-09-22 15:28:11] DEBUG    101   5.02345821e+13 -7.51372783e+10  3.41e+04 2.49e-02  1.63e+04  1233s
[2025-09-22 15:28:24] DEBUG    102   4.99231123e+13 -7.34168103e+10  3.24e+04 2.41e-02  1.56e+04  1246s
[2025-09-22 15:28:36] DEBUG    103   4.97589553e+13 -7.16817232e+10  3.16e+04 2.34e-02  1.52e+04  1258s
[2025-09-22 15:28:45] DEBUG    104   4.97069640e+13 -7.05948139e+10  3.13e+04 2.29e-02  1.50e+04  1267s
[2025-09-22 15:28:57] DEBUG    105   4.93854756e+13 -6.93041904e+10  2.97e+04 2.24e-02  1.44e+04  1279s
[2025-09-22 15:29:08] DEBUG    106   4.93137258e+13 -6.84317395e+10  2.94e+04 2.20e-02  1.42e+04  1290s
[2025-09-22 15:29:22] DEBUG    107   4.91298836e+13 -6.66199423e+10  2.85e+04 2.12e-02  1.37e+04  1303s
[2025-09-22 15:29:35] DEBUG    108   4.90180832e+13 -6.49222733e+10  2.79e+04 2.06e-02  1.34e+04  1316s
[2025-09-22 15:29:45] DEBUG    109   4.89578228e+13 -6.36751433e+10  2.77e+04 2.00e-02  1.32e+04  1327s
[2025-09-22 15:29:54] DEBUG    110   4.88909828e+13 -6.29689717e+10  2.74e+04 1.97e-02  1.30e+04  1336s
[2025-09-22 15:30:03] DEBUG    111   4.87809493e+13 -6.19853911e+10  2.69e+04 1.93e-02  1.28e+04  1345s
[2025-09-22 15:30:14] DEBUG    112   4.87199590e+13 -6.13476369e+10  2.66e+04 1.91e-02  1.27e+04  1356s
[2025-09-22 15:30:25] DEBUG    113   4.87131108e+13 -6.04408559e+10  2.65e+04 1.87e-02  1.26e+04  1366s
[2025-09-22 15:30:38] DEBUG    114   4.86544838e+13 -5.85276342e+10  2.63e+04 1.93e-02  1.23e+04  1380s
[2025-09-22 15:30:50] DEBUG    115   4.84059540e+13 -5.77966486e+10  2.52e+04 1.91e-02  1.21e+04  1392s
[2025-09-22 15:31:01] DEBUG    116   4.82591011e+13 -5.62635442e+10  2.45e+04 1.96e-02  1.17e+04  1403s
[2025-09-22 15:31:15] DEBUG    117   4.81461139e+13 -5.43650539e+10  2.40e+04 2.08e-02  1.14e+04  1417s
[2025-09-22 15:31:25] DEBUG    118   4.80409879e+13 -5.31892169e+10  2.36e+04 2.14e-02  1.11e+04  1427s
[2025-09-22 15:31:37] DEBUG    119   4.79635749e+13 -5.23760156e+10  2.33e+04 2.17e-02  1.09e+04  1439s
[2025-09-22 15:31:47] DEBUG    120   4.78712103e+13 -5.11216615e+10  2.29e+04 2.19e-02  1.07e+04  1448s
[2025-09-22 15:31:58] DEBUG    121   4.77361595e+13 -5.03232432e+10  2.23e+04 2.21e-02  1.05e+04  1460s
[2025-09-22 15:32:07] DEBUG    122   4.77178330e+13 -4.95833103e+10  2.23e+04 2.22e-02  1.04e+04  1469s
[2025-09-22 15:32:20] DEBUG    123   4.75955993e+13 -4.88348170e+10  2.18e+04 2.22e-02  1.02e+04  1482s
[2025-09-22 15:32:31] DEBUG    124   4.75708980e+13 -4.82570266e+10  2.17e+04 2.23e-02  1.02e+04  1493s
[2025-09-22 15:32:39] DEBUG    125   4.75543906e+13 -4.79137974e+10  2.16e+04 2.21e-02  1.01e+04  1501s
[2025-09-22 15:32:47] DEBUG    126   4.74866060e+13 -4.70066747e+10  2.13e+04 2.21e-02  1.00e+04  1509s
[2025-09-22 15:33:01] DEBUG    127   4.73750064e+13 -4.64332042e+10  2.09e+04 2.21e-02  9.84e+03  1523s
[2025-09-22 15:33:08] DEBUG    128   4.73580069e+13 -4.59057928e+10  2.09e+04 2.20e-02  9.77e+03  1530s
[2025-09-22 15:33:21] DEBUG    129   4.72416256e+13 -4.53349534e+10  2.04e+04 2.19e-02  9.59e+03  1543s
[2025-09-22 15:33:31] DEBUG    130   4.72027386e+13 -4.46468104e+10  2.03e+04 2.18e-02  9.49e+03  1553s
[2025-09-22 15:33:43] DEBUG    131   4.69992739e+13 -4.35852587e+10  1.95e+04 2.16e-02  9.16e+03  1565s
[2025-09-22 15:33:54] DEBUG    132   4.68877566e+13 -4.25040346e+10  1.91e+04 2.13e-02  8.94e+03  1576s
[2025-09-22 15:34:02] DEBUG    133   4.68052194e+13 -4.21971380e+10  1.88e+04 2.12e-02  8.83e+03  1584s
[2025-09-22 15:34:14] DEBUG    134   4.66676312e+13 -4.13486660e+10  1.84e+04 2.09e-02  8.61e+03  1596s
[2025-09-22 15:34:21] DEBUG    135   4.66026303e+13 -4.06709055e+10  1.81e+04 2.06e-02  8.50e+03  1603s
[2025-09-22 15:34:32] DEBUG    136   4.65535157e+13 -4.05187946e+10  1.80e+04 2.06e-02  8.44e+03  1613s
[2025-09-22 15:34:43] DEBUG    137   4.64320518e+13 -3.91651676e+10  1.76e+04 2.01e-02  8.19e+03  1625s
[2025-09-22 15:34:54] DEBUG    138   4.63569089e+13 -3.83442896e+10  1.73e+04 1.98e-02  8.08e+03  1636s
[2025-09-22 15:35:02] DEBUG    139   4.63284334e+13 -3.80709039e+10  1.72e+04 1.97e-02  8.03e+03  1644s
[2025-09-22 15:35:15] DEBUG    140   4.62650162e+13 -3.74676459e+10  1.70e+04 1.95e-02  7.91e+03  1657s
[2025-09-22 15:35:24] DEBUG    141   4.62548113e+13 -3.71429761e+10  1.70e+04 1.95e-02  7.90e+03  1665s
[2025-09-22 15:35:34] DEBUG    142   4.62178270e+13 -3.67572788e+10  1.69e+04 1.95e-02  7.83e+03  1676s
[2025-09-22 15:35:44] DEBUG    143   4.61834474e+13 -3.62233062e+10  1.68e+04 1.96e-02  7.77e+03  1686s
[2025-09-22 15:35:55] DEBUG    144   4.60884107e+13 -3.58353611e+10  1.65e+04 1.96e-02  7.66e+03  1696s
[2025-09-22 15:36:03] DEBUG    145   4.60732482e+13 -3.56108775e+10  1.64e+04 1.96e-02  7.62e+03  1705s
[2025-09-22 15:36:16] DEBUG    146   4.59394933e+13 -3.48111809e+10  1.60e+04 1.97e-02  7.43e+03  1717s
[2025-09-22 15:36:29] DEBUG    147   4.58535587e+13 -3.40328335e+10  1.58e+04 1.98e-02  7.30e+03  1731s
[2025-09-22 15:36:38] DEBUG    148   4.57834047e+13 -3.38765181e+10  1.56e+04 1.98e-02  7.22e+03  1740s
[2025-09-22 15:36:46] DEBUG    149   4.57603647e+13 -3.35419419e+10  1.55e+04 1.97e-02  7.18e+03  1748s
[2025-09-22 15:36:58] DEBUG    150   4.56461651e+13 -3.28846915e+10  1.52e+04 1.96e-02  7.03e+03  1760s
[2025-09-22 15:37:10] DEBUG    151   4.54476614e+13 -3.24931836e+10  1.46e+04 1.95e-02  6.85e+03  1772s
[2025-09-22 15:37:20] DEBUG    152   4.54124922e+13 -3.21564179e+10  1.45e+04 1.94e-02  6.79e+03  1782s
[2025-09-22 15:37:31] DEBUG    153   4.53641594e+13 -3.16218296e+10  1.44e+04 1.91e-02  6.69e+03  1793s
[2025-09-22 15:37:43] DEBUG    154   4.51383347e+13 -3.10925846e+10  1.37e+04 1.87e-02  6.45e+03  1805s
[2025-09-22 15:37:53] DEBUG    155   4.50976267e+13 -3.03342734e+10  1.36e+04 1.83e-02  6.34e+03  1815s
[2025-09-22 15:38:02] DEBUG    156   4.50400495e+13 -2.98620378e+10  1.35e+04 1.79e-02  6.25e+03  1824s
[2025-09-22 15:38:12] DEBUG    157   4.49723908e+13 -2.92657343e+10  1.33e+04 1.76e-02  6.14e+03  1834s
[2025-09-22 15:38:24] DEBUG    158   4.49550504e+13 -2.87994971e+10  1.32e+04 1.73e-02  6.08e+03  1846s
[2025-09-22 15:38:33] DEBUG    159   4.48192120e+13 -2.84761224e+10  1.29e+04 1.70e-02  5.94e+03  1854s
[2025-09-22 15:38:43] DEBUG    160   4.47465224e+13 -2.80249990e+10  1.27e+04 1.72e-02  5.88e+03  1865s
[2025-09-22 15:38:54] DEBUG    161   4.46371684e+13 -2.75996988e+10  1.24e+04 1.74e-02  5.75e+03  1876s
[2025-09-22 15:39:05] DEBUG    162   4.45872937e+13 -2.71216326e+10  1.23e+04 1.76e-02  5.67e+03  1886s
[2025-09-22 15:39:15] DEBUG    163   4.44197855e+13 -2.63836879e+10  1.19e+04 1.80e-02  5.48e+03  1897s
[2025-09-22 15:39:27] DEBUG    164   4.42981198e+13 -2.58532788e+10  1.16e+04 1.82e-02  5.35e+03  1909s
[2025-09-22 15:39:38] DEBUG    165   4.42032848e+13 -2.53557966e+10  1.14e+04 1.84e-02  5.24e+03  1919s
[2025-09-22 15:39:47] DEBUG    166   4.41238810e+13 -2.46793684e+10  1.12e+04 1.86e-02  5.15e+03  1929s
[2025-09-22 15:40:01] DEBUG    167   4.40174531e+13 -2.37786769e+10  1.10e+04 1.88e-02  5.03e+03  1943s
[2025-09-22 15:40:14] DEBUG    168   4.38901745e+13 -2.28883780e+10  1.07e+04 1.92e-02  4.87e+03  1955s
[2025-09-22 15:40:27] DEBUG    169   4.37502133e+13 -2.22812731e+10  1.04e+04 1.95e-02  4.73e+03  1969s
[2025-09-22 15:40:38] DEBUG    170   4.37180785e+13 -2.20346103e+10  1.03e+04 1.96e-02  4.69e+03  1980s
[2025-09-22 15:40:46] DEBUG    171   4.36184434e+13 -2.18332036e+10  1.01e+04 1.96e-02  4.62e+03  1988s
[2025-09-22 15:40:54] DEBUG    172   4.35647167e+13 -2.14181683e+10  9.99e+03 1.98e-02  4.59e+03  1996s
[2025-09-22 15:41:05] DEBUG    173   4.35340757e+13 -2.08678804e+10  9.92e+03 2.00e-02  4.54e+03  2007s
[2025-09-22 15:41:15] DEBUG    174   4.35089515e+13 -2.04682430e+10  9.87e+03 2.01e-02  4.52e+03  2017s
[2025-09-22 15:41:25] DEBUG    175   4.34906900e+13 -2.03798327e+10  9.84e+03 2.01e-02  4.51e+03  2027s
[2025-09-22 15:41:35] DEBUG    176   4.33146399e+13 -1.97935146e+10  9.48e+03 2.03e-02  4.38e+03  2037s
[2025-09-22 15:41:47] DEBUG    177   4.32872415e+13 -1.93080559e+10  9.43e+03 2.05e-02  4.33e+03  2048s
[2025-09-22 15:41:58] DEBUG    178   4.31308589e+13 -1.88061932e+10  9.12e+03 2.06e-02  4.21e+03  2060s
[2025-09-22 15:42:06] DEBUG    179   4.30741800e+13 -1.82700665e+10  9.02e+03 2.08e-02  4.14e+03  2068s
[2025-09-22 15:42:16] DEBUG    180   4.30119384e+13 -1.78123791e+10  8.90e+03 2.09e-02  4.08e+03  2078s
[2025-09-22 15:42:26] DEBUG    181   4.29601012e+13 -1.71915691e+10  8.80e+03 2.10e-02  4.02e+03  2088s
[2025-09-22 15:42:39] DEBUG    182   4.28992891e+13 -1.67747187e+10  8.69e+03 2.11e-02  3.97e+03  2101s
[2025-09-22 15:42:50] DEBUG    183   4.28809299e+13 -1.63641528e+10  8.66e+03 2.12e-02  3.94e+03  2112s
[2025-09-22 15:43:03] DEBUG    184   4.28493085e+13 -1.59564952e+10  8.60e+03 2.13e-02  3.90e+03  2125s
[2025-09-22 15:43:14] DEBUG    185   4.28084971e+13 -1.57317972e+10  8.53e+03 2.14e-02  3.89e+03  2136s
[2025-09-22 15:43:25] DEBUG    186   4.27356974e+13 -1.53308662e+10  8.40e+03 2.15e-02  3.84e+03  2146s
[2025-09-22 15:43:32] DEBUG    187   4.27070261e+13 -1.50544444e+10  8.35e+03 2.16e-02  3.82e+03  2154s
[2025-09-22 15:43:43] DEBUG    188   4.25541638e+13 -1.47944741e+10  8.08e+03 2.16e-02  3.72e+03  2164s
[2025-09-22 15:43:53] DEBUG    189   4.24325106e+13 -1.43667532e+10  7.88e+03 2.17e-02  3.64e+03  2174s
[2025-09-22 15:43:59] DEBUG    190   4.23937777e+13 -1.38335433e+10  7.81e+03 2.18e-02  3.60e+03  2181s
[2025-09-22 15:44:09] DEBUG    191   4.23765625e+13 -1.33207258e+10  7.78e+03 2.19e-02  3.57e+03  2191s
[2025-09-22 15:44:18] DEBUG    192   4.23695302e+13 -1.30318795e+10  7.77e+03 2.20e-02  3.55e+03  2200s
[2025-09-22 15:44:28] DEBUG    193   4.23622819e+13 -1.29233538e+10  7.76e+03 2.20e-02  3.55e+03  2210s
[2025-09-22 15:44:39] DEBUG    194   4.22036798e+13 -1.27769829e+10  7.50e+03 2.21e-02  3.46e+03  2221s
[2025-09-22 15:44:53] DEBUG    195   4.21414620e+13 -1.25611864e+10  7.40e+03 2.22e-02  3.41e+03  2234s
[2025-09-22 15:45:04] DEBUG    196   4.19659337e+13 -1.23417125e+10  7.13e+03 2.22e-02  3.31e+03  2245s
[2025-09-22 15:45:13] DEBUG    197   4.19015204e+13 -1.22053740e+10  7.03e+03 2.23e-02  3.27e+03  2254s
[2025-09-22 15:45:27] DEBUG    198   4.17897769e+13 -1.18822988e+10  6.86e+03 2.24e-02  3.21e+03  2269s
[2025-09-22 15:45:39] DEBUG    199   4.17367787e+13 -1.12114768e+10  6.78e+03 2.25e-02  3.14e+03  2281s
[2025-09-22 15:45:50] DEBUG    200   4.16846666e+13 -1.09063545e+10  6.71e+03 2.26e-02  3.10e+03  2292s
[2025-09-22 15:46:03] DEBUG    201   4.16439106e+13 -1.06426373e+10  6.65e+03 2.27e-02  3.07e+03  2305s
[2025-09-22 15:46:12] DEBUG    202   4.16193498e+13 -1.05385621e+10  6.61e+03 2.27e-02  3.05e+03  2314s
[2025-09-22 15:46:20] DEBUG    203   4.15884110e+13 -1.03833994e+10  6.57e+03 2.28e-02  3.03e+03  2322s
[2025-09-22 15:46:34] DEBUG    204   4.15163083e+13 -9.91528430e+09  6.47e+03 2.29e-02  2.97e+03  2336s
[2025-09-22 15:46:47] DEBUG    205   4.14892390e+13 -9.77340130e+09  6.43e+03 2.29e-02  2.96e+03  2349s
[2025-09-22 15:46:57] DEBUG    206   4.13710585e+13 -9.39772511e+09  6.27e+03 2.30e-02  2.88e+03  2359s
[2025-09-22 15:47:09] DEBUG    207   4.12753483e+13 -9.13982141e+09  6.14e+03 2.31e-02  2.83e+03  2371s
[2025-09-22 15:47:18] DEBUG    208   4.12204777e+13 -8.93437356e+09  6.06e+03 2.32e-02  2.79e+03  2380s
[2025-09-22 15:47:29] DEBUG    209   4.11793468e+13 -8.75681063e+09  6.01e+03 2.33e-02  2.75e+03  2390s
[2025-09-22 15:47:36] DEBUG    210   4.11457995e+13 -8.70411580e+09  5.97e+03 2.33e-02  2.74e+03  2398s
[2025-09-22 15:47:45] DEBUG    211   4.10386991e+13 -8.63438767e+09  5.83e+03 2.34e-02  2.69e+03  2407s
[2025-09-22 15:47:58] DEBUG    212   4.09442854e+13 -8.38443146e+09  5.71e+03 2.34e-02  2.64e+03  2420s
[2025-09-22 15:48:06] DEBUG    213   4.08997063e+13 -8.32512090e+09  5.65e+03 2.35e-02  2.62e+03  2428s
[2025-09-22 15:48:18] DEBUG    214   4.07640281e+13 -8.06416752e+09  5.49e+03 2.35e-02  2.54e+03  2439s
[2025-09-22 15:48:28] DEBUG    215   4.06512396e+13 -7.84881899e+09  5.35e+03 2.36e-02  2.49e+03  2450s
[2025-09-22 15:48:37] DEBUG    216   4.05895044e+13 -7.60985483e+09  5.28e+03 2.37e-02  2.45e+03  2459s
[2025-09-22 15:48:48] DEBUG    217   4.05411582e+13 -7.37506958e+09  5.22e+03 2.37e-02  2.42e+03  2470s
[2025-09-22 15:48:57] DEBUG    218   4.05334679e+13 -7.23567823e+09  5.21e+03 2.38e-02  2.40e+03  2479s
[2025-09-22 15:49:04] DEBUG    219   4.05050933e+13 -7.17221467e+09  5.18e+03 2.38e-02  2.39e+03  2486s
[2025-09-22 15:49:15] DEBUG    220   4.04626248e+13 -6.94933124e+09  5.13e+03 2.39e-02  2.37e+03  2497s
[2025-09-22 15:49:26] DEBUG    221   4.04323286e+13 -6.80251596e+09  5.10e+03 2.39e-02  2.36e+03  2508s
[2025-09-22 15:49:43] DEBUG    222   4.03857374e+13 -6.55826009e+09  5.04e+03 2.40e-02  2.33e+03  2525s
[2025-09-22 15:49:54] DEBUG    223   4.03343498e+13 -6.47768790e+09  4.99e+03 2.40e-02  2.31e+03  2536s
[2025-09-22 15:50:03] DEBUG    224   4.03200724e+13 -6.38902394e+09  4.97e+03 2.40e-02  2.30e+03  2545s
[2025-09-22 15:50:12] DEBUG    225   4.02812105e+13 -6.30457089e+09  4.93e+03 2.40e-02  2.29e+03  2554s
[2025-09-22 15:50:25] DEBUG    226   4.02605892e+13 -6.08810370e+09  4.90e+03 2.41e-02  2.27e+03  2567s
[2025-09-22 15:50:36] DEBUG    227   4.02172132e+13 -5.84908299e+09  4.86e+03 2.42e-02  2.25e+03  2578s
[2025-09-22 15:50:48] DEBUG    228   4.01835506e+13 -5.67417685e+09  4.82e+03 2.42e-02  2.24e+03  2589s
[2025-09-22 15:50:58] DEBUG    229   4.01505570e+13 -5.45680792e+09  4.78e+03 2.43e-02  2.22e+03  2600s
[2025-09-22 15:51:07] DEBUG    230   4.00899192e+13 -5.35416758e+09  4.72e+03 2.43e-02  2.20e+03  2609s
[2025-09-22 15:51:20] DEBUG    231   4.00499347e+13 -5.14390244e+09  4.68e+03 2.43e-02  2.18e+03  2622s
[2025-09-22 15:51:33] DEBUG    232   3.99877279e+13 -4.96683979e+09  4.61e+03 2.44e-02  2.15e+03  2635s
[2025-09-22 15:51:41] DEBUG    233   3.99772448e+13 -4.84258926e+09  4.60e+03 2.44e-02  2.14e+03  2642s
[2025-09-22 15:51:52] DEBUG    234   3.99465114e+13 -4.68782141e+09  4.57e+03 2.45e-02  2.12e+03  2653s
[2025-09-22 15:52:01] DEBUG    235   3.99174404e+13 -4.49425173e+09  4.54e+03 2.45e-02  2.11e+03  2663s
[2025-09-22 15:52:11] DEBUG    236   3.98710784e+13 -4.39179666e+09  4.49e+03 2.45e-02  2.10e+03  2673s
[2025-09-22 15:52:19] DEBUG    237   3.98203324e+13 -4.22824902e+09  4.44e+03 2.45e-02  2.07e+03  2680s
[2025-09-22 15:52:30] DEBUG    238   3.97763990e+13 -4.03328664e+09  4.39e+03 2.46e-02  2.05e+03  2692s
[2025-09-22 15:52:42] DEBUG    239   3.97703691e+13 -3.96804185e+09  4.39e+03 2.46e-02  2.05e+03  2703s
[2025-09-22 15:52:52] DEBUG    240   3.97213408e+13 -3.79713541e+09  4.34e+03 2.46e-02  2.02e+03  2714s
[2025-09-22 15:53:03] DEBUG    241   3.96795590e+13 -3.71115928e+09  4.30e+03 2.46e-02  2.01e+03  2724s
[2025-09-22 15:53:13] DEBUG    242   3.96273687e+13 -3.55003058e+09  4.25e+03 2.47e-02  1.99e+03  2735s
[2025-09-22 15:53:20] DEBUG    243   3.95834768e+13 -3.55370817e+09  4.20e+03 2.47e-02  1.97e+03  2742s
[2025-09-22 15:53:30] DEBUG    244   3.94857784e+13 -3.46011811e+09  4.11e+03 2.47e-02  1.94e+03  2752s
[2025-09-22 15:53:42] DEBUG    245   3.94729922e+13 -3.38526835e+09  4.10e+03 2.47e-02  1.93e+03  2764s
[2025-09-22 15:53:54] DEBUG    246   3.94267791e+13 -3.24600231e+09  4.05e+03 2.47e-02  1.91e+03  2775s
[2025-09-22 15:54:02] DEBUG    247   3.94030592e+13 -3.17693327e+09  4.03e+03 2.47e-02  1.89e+03  2784s
[2025-09-22 15:54:12] DEBUG    248   3.93713146e+13 -3.10008525e+09  4.00e+03 2.48e-02  1.88e+03  2793s
[2025-09-22 15:54:22] DEBUG    249   3.93531531e+13 -3.01041373e+09  3.99e+03 2.48e-02  1.87e+03  2804s
[2025-09-22 15:54:33] DEBUG    250   3.93315144e+13 -2.89583111e+09  3.97e+03 2.48e-02  1.86e+03  2815s
[2025-09-22 15:54:41] DEBUG    251   3.93144826e+13 -2.87286654e+09  3.95e+03 2.48e-02  1.86e+03  2823s
[2025-09-22 15:54:53] DEBUG    252   3.92932999e+13 -2.75528156e+09  3.93e+03 2.48e-02  1.85e+03  2835s
[2025-09-22 15:55:03] DEBUG    253   3.92573466e+13 -2.67855094e+09  3.90e+03 2.49e-02  1.84e+03  2845s
[2025-09-22 15:55:12] DEBUG    254   3.92395878e+13 -2.57386967e+09  3.88e+03 2.49e-02  1.83e+03  2854s
[2025-09-22 15:55:21] DEBUG    255   3.92174896e+13 -2.51890174e+09  3.86e+03 2.50e-02  1.83e+03  2863s
[2025-09-22 15:55:32] DEBUG    256   3.92100779e+13 -2.44702591e+09  3.86e+03 2.50e-02  1.82e+03  2874s
[2025-09-22 15:55:44] DEBUG    257   3.90871504e+13 -2.36068789e+09  3.75e+03 2.55e-02  1.78e+03  2885s
[2025-09-22 15:55:53] DEBUG    258   3.90534674e+13 -2.25259048e+09  3.72e+03 2.62e-02  1.77e+03  2895s
[2025-09-22 15:56:10] DEBUG    259   3.89928238e+13 -2.09114209e+09  3.67e+03 2.72e-02  1.74e+03  2912s
[2025-09-22 15:56:23] DEBUG    260   3.89284082e+13 -1.95698528e+09  3.61e+03 2.81e-02  1.72e+03  2925s
[2025-09-22 15:56:32] DEBUG    261   3.88921479e+13 -1.87750265e+09  3.58e+03 2.85e-02  1.70e+03  2934s
[2025-09-22 15:56:43] DEBUG    262   3.88707071e+13 -1.72494317e+09  3.56e+03 2.94e-02  1.69e+03  2945s
[2025-09-22 15:56:53] DEBUG    263   3.88568653e+13 -1.62588788e+09  3.55e+03 3.00e-02  1.69e+03  2955s
[2025-09-22 15:57:03] DEBUG    264   3.88442790e+13 -1.59560292e+09  3.54e+03 3.03e-02  1.69e+03  2964s
[2025-09-22 15:57:13] DEBUG    265   3.87278043e+13 -1.48269026e+09  3.44e+03 3.09e-02  1.65e+03  2975s
[2025-09-22 15:57:35] DEBUG    266   3.86729376e+13 -1.31193007e+09  3.40e+03 3.18e-02  1.63e+03  2997s
[2025-09-22 15:57:45] DEBUG    267   3.86653668e+13 -1.23469854e+09  3.39e+03 3.23e-02  1.63e+03  3006s
[2025-09-22 15:58:01] DEBUG    268   3.86089730e+13 -1.08498327e+09  3.35e+03 3.31e-02  1.60e+03  3023s
[2025-09-22 15:58:17] DEBUG    269   3.85591201e+13 -9.03618764e+08  3.31e+03 3.40e-02  1.59e+03  3039s
[2025-09-22 15:58:28] DEBUG    270   3.85102472e+13 -7.73106217e+08  3.27e+03 3.47e-02  1.57e+03  3050s
[2025-09-22 15:58:39] DEBUG    271   3.84823678e+13 -6.33765917e+08  3.25e+03 3.54e-02  1.56e+03  3060s
[2025-09-22 15:58:50] DEBUG    272   3.84688370e+13 -5.46480083e+08  3.24e+03 3.59e-02  1.56e+03  3072s
[2025-09-22 15:59:01] DEBUG    273   3.84343863e+13 -4.26258527e+08  3.21e+03 3.65e-02  1.55e+03  3083s
[2025-09-22 15:59:12] DEBUG    274   3.84267666e+13 -3.30499249e+08  3.21e+03 3.70e-02  1.55e+03  3094s
[2025-09-22 15:59:24] DEBUG    275   3.83833937e+13 -1.96296970e+08  3.17e+03 3.77e-02  1.53e+03  3106s
[2025-09-22 15:59:35] DEBUG    276   3.83764891e+13 -9.59956256e+07  3.17e+03 3.82e-02  1.53e+03  3117s
[2025-09-22 15:59:45] DEBUG    277   3.83473034e+13 -6.81683728e+06  3.15e+03 3.87e-02  1.52e+03  3127s
[2025-09-22 15:59:56] DEBUG    278   3.83127972e+13  9.37931549e+07  3.12e+03 3.92e-02  1.51e+03  3138s
[2025-09-22 16:00:05] DEBUG    279   3.83086481e+13  1.52954973e+08  3.12e+03 3.95e-02  1.51e+03  3147s
[2025-09-22 16:00:16] DEBUG    280   3.82508045e+13  2.26783125e+08  3.07e+03 3.98e-02  1.50e+03  3158s
[2025-09-22 16:00:28] DEBUG    281   3.82376494e+13  3.07496629e+08  3.06e+03 4.02e-02  1.49e+03  3169s
[2025-09-22 16:00:38] DEBUG    282   3.82207548e+13  3.98515786e+08  3.05e+03 4.06e-02  1.48e+03  3180s
[2025-09-22 16:00:50] DEBUG    283   3.81513132e+13  4.82430090e+08  3.00e+03 4.10e-02  1.47e+03  3192s
[2025-09-22 16:01:03] DEBUG    284   3.81380674e+13  5.73343080e+08  2.99e+03 4.14e-02  1.46e+03  3205s
[2025-09-22 16:01:15] DEBUG    285   3.81321281e+13  6.22679268e+08  2.99e+03 4.16e-02  1.46e+03  3217s
[2025-09-22 16:01:26] DEBUG    286   3.81130605e+13  7.15212604e+08  2.97e+03 4.20e-02  1.45e+03  3228s
[2025-09-22 16:01:43] DEBUG    287   3.80697431e+13  8.44916566e+08  2.94e+03 4.26e-02  1.44e+03  3244s
[2025-09-22 16:01:55] DEBUG    288   3.80460559e+13  9.54564983e+08  2.93e+03 4.31e-02  1.43e+03  3257s
[2025-09-22 16:02:09] DEBUG    289   3.80190419e+13  1.07163519e+09  2.91e+03 4.36e-02  1.42e+03  3271s
[2025-09-22 16:02:19] DEBUG    290   3.79889674e+13  1.18482716e+09  2.89e+03 4.41e-02  1.42e+03  3281s
[2025-09-22 16:02:28] DEBUG    291   3.79713904e+13  1.22443824e+09  2.88e+03 4.43e-02  1.41e+03  3290s
[2025-09-22 16:02:37] DEBUG    292   3.79286832e+13  1.28691480e+09  2.85e+03 4.46e-02  1.40e+03  3299s
[2025-09-22 16:02:48] DEBUG    293   3.79025263e+13  1.38173418e+09  2.83e+03 4.51e-02  1.39e+03  3310s
[2025-09-22 16:02:58] DEBUG    294   3.78965037e+13  1.43529166e+09  2.82e+03 4.54e-02  1.39e+03  3320s
[2025-09-22 16:03:09] DEBUG    295   3.78727236e+13  1.48390424e+09  2.81e+03 4.58e-02  1.38e+03  3331s
[2025-09-22 16:03:19] DEBUG    296   3.78498865e+13  1.50337854e+09  2.79e+03 4.61e-02  1.38e+03  3341s
[2025-09-22 16:03:27] DEBUG    297   3.78267386e+13  1.42765567e+09  2.78e+03 4.64e-02  1.37e+03  3348s
[2025-09-22 16:03:37] DEBUG    298   3.77291951e+13  1.49733587e+09  2.71e+03 4.68e-02  1.34e+03  3359s
[2025-09-22 16:03:44] DEBUG    299   3.77080621e+13  1.54415715e+09  2.70e+03 4.72e-02  1.34e+03  3366s
[2025-09-22 16:03:54] DEBUG    300   3.76736635e+13  1.56901594e+09  2.67e+03 4.74e-02  1.32e+03  3376s
[2025-09-22 16:04:03] DEBUG    301   3.76689791e+13  1.59136845e+09  2.67e+03 4.76e-02  1.32e+03  3384s
[2025-09-22 16:04:15] DEBUG    302   3.76601767e+13  1.61924096e+09  2.67e+03 4.79e-02  1.32e+03  3396s
[2025-09-22 16:04:27] DEBUG    303   3.76524053e+13  1.63837583e+09  2.66e+03 4.81e-02  1.32e+03  3408s
[2025-09-22 16:04:42] DEBUG    304   3.76288236e+13  1.66375355e+09  2.65e+03 4.84e-02  1.31e+03  3424s
[2025-09-22 16:04:53] DEBUG    305   3.76107355e+13  1.68685230e+09  2.63e+03 4.88e-02  1.31e+03  3435s
[2025-09-22 16:05:03] DEBUG    306   3.76010269e+13  1.70724393e+09  2.63e+03 4.91e-02  1.31e+03  3445s
[2025-09-22 16:05:14] DEBUG    307   3.75899757e+13  1.72773879e+09  2.62e+03 4.93e-02  1.30e+03  3456s
[2025-09-22 16:05:24] DEBUG    308   3.75823678e+13  1.74460016e+09  2.62e+03 4.96e-02  1.30e+03  3465s
[2025-09-22 16:05:37] DEBUG    309   3.75331274e+13  1.76267359e+09  2.58e+03 4.98e-02  1.29e+03  3478s
[2025-09-22 16:05:59] DEBUG    310   3.75150512e+13  1.78614020e+09  2.57e+03 5.02e-02  1.28e+03  3500s
[2025-09-22 16:06:10] DEBUG    311   3.75007057e+13  1.80838472e+09  2.56e+03 5.05e-02  1.28e+03  3512s
[2025-09-22 16:06:21] DEBUG    312   3.74828836e+13  1.83021673e+09  2.55e+03 5.08e-02  1.28e+03  3523s
[2025-09-22 16:06:33] DEBUG    313   3.74658770e+13  1.84636713e+09  2.54e+03 5.11e-02  1.27e+03  3535s
[2025-09-22 16:06:44] DEBUG    314   3.74593320e+13  1.86114383e+09  2.54e+03 5.13e-02  1.27e+03  3546s
[2025-09-22 16:06:56] DEBUG    315   3.74224585e+13  1.86562431e+09  2.52e+03 5.14e-02  1.27e+03  3558s
[2025-09-22 16:07:19] DEBUG    316   3.73412411e+13  1.88933866e+09  2.47e+03 5.18e-02  1.24e+03  3581s
[2025-09-22 16:07:32] DEBUG    317   3.72880617e+13  1.90325438e+09  2.43e+03 5.21e-02  1.23e+03  3594s
[2025-09-22 16:07:47] DEBUG    318   3.72554768e+13  1.92572075e+09  2.41e+03 5.24e-02  1.22e+03  3609s
[2025-09-22 16:07:56] DEBUG    319   3.72504733e+13  1.93952898e+09  2.41e+03 5.26e-02  1.21e+03  3618s
[2025-09-22 16:08:04] DEBUG    320   3.72472724e+13  1.95135448e+09  2.41e+03 5.28e-02  1.21e+03  3626s
[2025-09-22 16:08:15] DEBUG    321   3.72275359e+13  1.96343805e+09  2.40e+03 5.30e-02  1.21e+03  3637s
[2025-09-22 16:08:25] DEBUG    322   3.72147302e+13  1.96885220e+09  2.39e+03 5.31e-02  1.21e+03  3646s
[2025-09-22 16:08:38] DEBUG    323   3.72006936e+13  1.98108019e+09  2.38e+03 5.33e-02  1.21e+03  3660s
[2025-09-22 16:08:38] DEBUG    Barrier performed 323 iterations in 3659.73 seconds (998.53 work units)
[2025-09-22 16:08:38] DEBUG    Numerical trouble encountered

Model may be infeasible or unbounded.  Consider using the
homogeneous algorithm (through parameter 'BarHomogeneous')
[2025-09-22 16:09:43] DEBUG    Waiting for other threads to finish...        3724s
[2025-09-22 16:10:47] DEBUG    Waiting for other threads to finish...        3789s
[2025-09-22 16:11:51] DEBUG    Waiting for other threads to finish...        3853s
[2025-09-22 16:12:55] DEBUG    Waiting for other threads to finish...        3917s
[2025-09-22 16:13:59] DEBUG    Waiting for other threads to finish...        3981s
[2025-09-22 16:15:04] DEBUG    Waiting for other threads to finish...        4046s
[2025-09-22 16:16:08] DEBUG    Waiting for other threads to finish...        4110s
[2025-09-22 16:17:13] DEBUG    Waiting for other threads to finish...        4175s
[2025-09-22 16:18:17] DEBUG    Waiting for other threads to finish...        4239s
[2025-09-22 16:19:22] DEBUG    Waiting for other threads to finish...        4304s
[2025-09-22 16:20:27] DEBUG    Waiting for other threads to finish...        4368s
[2025-09-22 16:21:31] DEBUG    Waiting for other threads to finish...        4433s
[2025-09-22 16:22:36] DEBUG    Waiting for other threads to finish...        4498s
[2025-09-22 16:23:40] DEBUG    Waiting for other threads to finish...        4562s
[2025-09-22 16:24:45] DEBUG    Waiting for other threads to finish...        4627s
[2025-09-22 16:25:49] DEBUG    Waiting for other threads to finish...        4691s
[2025-09-22 16:26:54] DEBUG    Waiting for other threads to finish...        4756s
[2025-09-22 16:27:59] DEBUG    Waiting for other threads to finish...        4820s
[2025-09-22 16:29:03] DEBUG    Waiting for other threads to finish...        4885s
[2025-09-22 16:30:07] DEBUG    Waiting for other threads to finish...        4949s
[2025-09-22 16:31:12] DEBUG    Waiting for other threads to finish...        5014s
[2025-09-22 16:32:17] DEBUG    Waiting for other threads to finish...        5078s
[2025-09-22 16:33:21] DEBUG    Waiting for other threads to finish...        5143s
[2025-09-22 16:34:26] DEBUG    Waiting for other threads to finish...        5207s
[2025-09-22 16:35:30] DEBUG    Waiting for other threads to finish...        5272s
[2025-09-22 16:36:34] DEBUG    Waiting for other threads to finish...        5336s
[2025-09-22 16:37:39] DEBUG    Waiting for other threads to finish...        5401s
[2025-09-22 16:38:43] DEBUG    Waiting for other threads to finish...        5465s
[2025-09-22 16:39:48] DEBUG    Waiting for other threads to finish...        5530s
[2025-09-22 16:40:52] DEBUG    Waiting for other threads to finish...        5594s
[2025-09-22 16:41:57] DEBUG    Waiting for other threads to finish...        5659s
[2025-09-22 16:43:02] DEBUG    Waiting for other threads to finish...        5723s
[2025-09-22 16:44:06] DEBUG    Waiting for other threads to finish...        5788s
[2025-09-22 16:45:11] DEBUG    Waiting for other threads to finish...        5853s
[2025-09-22 16:46:16] DEBUG    Waiting for other threads to finish...        5917s
[2025-09-22 16:47:20] DEBUG    Waiting for other threads to finish...        5982s
[2025-09-22 16:48:24] DEBUG    Waiting for other threads to finish...        6046s
[2025-09-22 16:49:29] DEBUG    Waiting for other threads to finish...        6110s
[2025-09-22 16:50:33] DEBUG    Waiting for other threads to finish...        6175s
[2025-09-22 16:51:38] DEBUG    Waiting for other threads to finish...        6239s
[2025-09-22 16:52:42] DEBUG    Waiting for other threads to finish...        6304s
[2025-09-22 16:53:46] DEBUG    Waiting for other threads to finish...        6368s
[2025-09-22 16:54:51] DEBUG    Waiting for other threads to finish...        6433s
[2025-09-22 16:55:56] DEBUG    Waiting for other threads to finish...        6498s
[2025-09-22 16:57:00] DEBUG    Waiting for other threads to finish...        6562s
[2025-09-22 16:58:04] DEBUG    Waiting for other threads to finish...        6626s
[2025-09-22 16:59:09] DEBUG    Waiting for other threads to finish...        6691s
[2025-09-22 17:00:13] DEBUG    Waiting for other threads to finish...        6755s
[2025-09-22 17:01:17] DEBUG    Waiting for other threads to finish...        6819s
[2025-09-22 17:02:22] DEBUG    Waiting for other threads to finish...        6884s
[2025-09-22 17:03:27] DEBUG    Waiting for other threads to finish...        6949s
[2025-09-22 17:04:31] DEBUG    Waiting for other threads to finish...        7013s
[2025-09-22 17:05:36] DEBUG    Waiting for other threads to finish...        7078s
[2025-09-22 17:06:40] DEBUG    Waiting for other threads to finish...        7142s
[2025-09-22 17:07:45] DEBUG    Waiting for other threads to finish...        7207s
[2025-09-22 17:08:49] DEBUG    Waiting for other threads to finish...        7271s
[2025-09-22 17:09:54] DEBUG    Waiting for other threads to finish...        7335s
[2025-09-22 17:10:58] DEBUG    Waiting for other threads to finish...        7400s
[2025-09-22 17:12:03] DEBUG    Waiting for other threads to finish...        7465s
[2025-09-22 17:13:08] DEBUG    Waiting for other threads to finish...        7529s
[2025-09-22 17:14:12] DEBUG    Waiting for other threads to finish...        7594s
[2025-09-22 17:15:16] DEBUG    Waiting for other threads to finish...        7658s
[2025-09-22 17:16:21] DEBUG    Waiting for other threads to finish...        7723s
[2025-09-22 17:17:26] DEBUG    Waiting for other threads to finish...        7787s
[2025-09-22 17:18:30] DEBUG    Waiting for other threads to finish...        7852s
[2025-09-22 17:19:35] DEBUG    Waiting for other threads to finish...        7917s
[2025-09-22 17:20:39] DEBUG    Waiting for other threads to finish...        7981s
[2025-09-22 17:21:44] DEBUG    Waiting for other threads to finish...        8045s
[2025-09-22 17:22:48] DEBUG    Waiting for other threads to finish...        8110s
[2025-09-22 17:23:53] DEBUG    Waiting for other threads to finish...        8175s
[2025-09-22 17:24:57] DEBUG    Waiting for other threads to finish...        8239s
[2025-09-22 17:26:02] DEBUG    Waiting for other threads to finish...        8303s
[2025-09-22 17:27:06] DEBUG    Waiting for other threads to finish...        8368s
[2025-09-22 17:28:11] DEBUG    Waiting for other threads to finish...        8433s
[2025-09-22 17:29:16] DEBUG    Waiting for other threads to finish...        8497s
[2025-09-22 17:30:20] DEBUG    Waiting for other threads to finish...        8562s
[2025-09-22 17:31:24] DEBUG    Waiting for other threads to finish...        8626s
[2025-09-22 17:32:28] DEBUG    Waiting for other threads to finish...        8690s
[2025-09-22 17:33:33] DEBUG    Waiting for other threads to finish...        8755s
[2025-09-22 17:34:37] DEBUG    Waiting for other threads to finish...        8819s
[2025-09-22 17:35:42] DEBUG    Waiting for other threads to finish...        8884s
[2025-09-22 17:36:47] DEBUG    Waiting for other threads to finish...        8948s
[2025-09-22 17:37:51] DEBUG    Waiting for other threads to finish...        9013s
[2025-09-22 17:38:55] DEBUG    Waiting for other threads to finish...        9077s
[2025-09-22 17:40:00] DEBUG    Waiting for other threads to finish...        9142s
[2025-09-22 17:41:05] DEBUG    Waiting for other threads to finish...        9206s
[2025-09-22 17:42:09] DEBUG    Waiting for other threads to finish...        9271s
[2025-09-22 17:43:13] DEBUG    Waiting for other threads to finish...        9335s
[2025-09-22 17:44:18] DEBUG    Waiting for other threads to finish...        9400s
[2025-09-22 17:45:23] DEBUG    Waiting for other threads to finish...        9464s
[2025-09-22 17:46:27] DEBUG    Waiting for other threads to finish...        9529s
[2025-09-22 17:47:32] DEBUG    Waiting for other threads to finish...        9593s
[2025-09-22 17:48:36] DEBUG    Waiting for other threads to finish...        9658s
[2025-09-22 17:49:41] DEBUG    Waiting for other threads to finish...        9723s
[2025-09-22 17:50:46] DEBUG    Waiting for other threads to finish...        9788s
[2025-09-22 17:51:50] DEBUG    Waiting for other threads to finish...        9852s
[2025-09-22 17:52:55] DEBUG    Waiting for other threads to finish...        9917s
[2025-09-22 17:54:00] DEBUG    Waiting for other threads to finish...        9982s
[2025-09-22 17:55:05] DEBUG    Waiting for other threads to finish...       10046s
[2025-09-22 17:56:09] DEBUG    Waiting for other threads to finish...       10111s
[2025-09-22 17:57:13] DEBUG    Waiting for other threads to finish...       10175s
[2025-09-22 17:58:18] DEBUG    Waiting for other threads to finish...       10240s
[2025-09-22 17:59:23] DEBUG    Waiting for other threads to finish...       10305s
[2025-09-22 18:00:27] DEBUG    Waiting for other threads to finish...       10369s
[2025-09-22 18:01:32] DEBUG    Waiting for other threads to finish...       10434s
[2025-09-22 18:02:36] DEBUG    Waiting for other threads to finish...       10498s
[2025-09-22 18:03:41] DEBUG    Waiting for other threads to finish...       10562s
[2025-09-22 18:04:45] DEBUG    Waiting for other threads to finish...       10627s
[2025-09-22 18:05:49] DEBUG    Waiting for other threads to finish...       10691s
[2025-09-22 18:06:54] DEBUG    Waiting for other threads to finish...       10756s
[2025-09-22 18:07:23] DEBUG    Solved with dual simplex
[2025-09-22 18:07:38] DEBUG    Iteration    Objective       Primal Inf.    Dual Inf.      Time
[2025-09-22 18:07:38] DEBUG    3614955    1.8735860e+10   0.000000e+00   0.000000e+00  10800s

Solved in 3614955 iterations and 10799.74 seconds (6904.31 work units)
[2025-09-22 18:07:38] DEBUG    Optimal objective  1.873585969e+10
✅ Scenario completato: new_trasmission_GT+VRES_2035_PHES
🏁 Tutti gli scenari sono stati processati.
