
🚀 Lancio scenario: new_trasmission_VRES_2035_BESS
[2025-08-30 03:40:30] INFO     Loading sets
[2025-08-30 03:40:30] INFO     Loading parameters
[2025-08-30 03:41:25] INFO     constraints are loaded in the following order: ['energy_balance', 'dispatch', 'costs', 'capacity', 'network', 'policy', 'conversion', 'group', 'conversion_plus', 'milp', 'export']
[2025-08-30 03:41:25] INFO     creating energy_balance constraints
[2025-08-30 03:46:06] INFO     creating dispatch constraints
[2025-08-30 03:50:11] INFO     creating costs constraints
[2025-08-30 04:02:40] INFO     creating capacity constraints
[2025-08-30 04:02:40] INFO     creating network constraints
[2025-08-30 04:02:40] INFO     creating policy constraints
[2025-08-30 04:02:40] INFO     creating conversion constraints
[2025-08-30 04:02:40] INFO     creating group constraints
[2025-08-30 04:02:40] INFO     creating conversion_plus constraints
[2025-08-30 04:02:40] INFO     creating milp constraints
[2025-08-30 04:02:40] INFO     creating export constraints
[2025-08-30 04:18:30] DEBUG    Set parameter WLSAccessID
Set parameter WLSSecret
Set parameter LicenseID to value 2680226
[2025-08-30 04:18:30] DEBUG    Academic license 2680226 - for non-commercial use only - registered to an___@mail.polimi.it
[2025-08-30 04:19:17] DEBUG    Read LP format model from file /tmp/tmps1d5klkd.pyomo.lp
Reading time = 47.14 seconds
x22683384: 30278408 rows, 22683384 columns, 74245353 nonzeros
[2025-08-30 04:19:17] DEBUG    Set parameter NumericFocus to value 1
Gurobi Optimizer version 12.0.2 build v12.0.2rc0 (linux64 - "Debian GNU/Linux 11 (bullseye)")

CPU model: Intel(R) Xeon(R) Silver 4314 CPU @ 2.40GHz, instruction set [SSE2|AVX|AVX2|AVX512]
Thread count: 32 physical cores, 64 logical processors, using up to 32 threads

Non-default parameters:
NumericFocus  1
[2025-08-30 04:19:17] DEBUG    Academic license 2680226 - for non-commercial use only - registered to an___@mail.polimi.it
Optimize a model with 30278408 rows, 22683384 columns and 74245353 nonzeros
[2025-08-30 04:19:18] DEBUG    Model fingerprint: 0x7e518df8
[2025-08-30 04:19:18] DEBUG    Coefficient statistics:
  Matrix range     [1e-07, 6e+02]
  Objective range  [1e+00, 1e+06]
  Bounds range     [0e+00, 0e+00]
  RHS range        [1e+00, 2e+08]
[2025-08-30 04:19:24] DEBUG    Presolve removed 21584862 rows and 12163876 columns (presolve time = 6s)...
[2025-08-30 04:19:28] DEBUG    Presolve removed 22287154 rows and 12501832 columns (presolve time = 10s)...
[2025-08-30 04:19:33] DEBUG    Presolve removed 23074630 rows and 15080000 columns (presolve time = 15s)...
[2025-08-30 04:19:39] DEBUG    Presolve removed 26070029 rows and 18024620 columns (presolve time = 20s)...
[2025-08-30 04:19:43] DEBUG    Presolve removed 26070029 rows and 18024620 columns (presolve time = 25s)...
[2025-08-30 04:20:14] DEBUG    Presolve removed 26581751 rows and 18278660 columns (presolve time = 56s)...
[2025-08-30 04:20:18] DEBUG    Presolve removed 26581751 rows and 18453860 columns (presolve time = 60s)...
[2025-08-30 04:20:22] DEBUG    Presolve removed 26730654 rows and 18453860 columns
[2025-08-30 04:21:06] DEBUG    Presolve time: 108.53s
Presolved: 3547754 rows, 4378427 columns, 15545398 nonzeros
[2025-08-30 04:21:06] DEBUG    Concurrent LP optimizer: primal simplex, dual simplex, and barrier
Showing barrier log only...
[2025-08-30 04:21:46] DEBUG    Elapsed ordering time = 38s
[2025-08-30 04:21:48] DEBUG    Elapsed ordering time = 40s
[2025-08-30 04:21:53] DEBUG    Elapsed ordering time = 45s
[2025-08-30 04:22:15] DEBUG    Ordering time: 67.28s
[2025-08-30 04:22:20] DEBUG    Barrier statistics:
[2025-08-30 04:22:20] DEBUG    Dense cols : 171
 AA' NZ     : 1.579e+07
 Factor NZ  : 6.780e+07 (roughly 4.0 GB of memory)
 Factor Ops : 7.715e+09 (less than 1 second per iteration)
 Threads    : 30
[2025-08-30 04:22:26] DEBUG    Objective                Residual
[2025-08-30 04:22:26] DEBUG    Iter       Primal          Dual         Primal    Dual     Compl     Time
[2025-08-30 04:22:26] DEBUG    0   1.79100209e+21 -8.98243301e+18  8.89e+10 2.88e-11  2.86e+15   189s
[2025-08-30 04:22:32] DEBUG    1   1.21710886e+21 -8.96296391e+18  5.96e+10 1.56e+05  1.84e+15   195s
[2025-08-30 04:22:40] DEBUG    2   6.41811690e+20 -8.03773526e+18  3.09e+10 4.94e+04  8.40e+14   203s
[2025-08-30 04:22:51] DEBUG    3   4.77270255e+20 -7.50730375e+18  2.29e+10 2.10e+04  5.39e+14   214s
[2025-08-30 04:22:59] DEBUG    4   3.91492297e+20 -7.41515235e+18  1.89e+10 1.81e+04  4.50e+14   222s
[2025-08-30 04:23:05] DEBUG    5   3.63168081e+20 -7.32272168e+18  1.75e+10 1.53e+04  4.10e+14   228s
[2025-08-30 04:23:11] DEBUG    6   3.10275148e+20 -7.17219964e+18  1.49e+10 1.09e+04  3.39e+14   234s
[2025-08-30 04:23:19] DEBUG    7   2.58649970e+20 -7.13360315e+18  1.25e+10 6.15e+03  2.69e+14   242s
[2025-08-30 04:23:28] DEBUG    8   9.56247493e+19 -7.12467419e+18  4.23e+09 1.44e+03  9.08e+13   251s
[2025-08-30 04:23:42] DEBUG    9   3.57887606e+19 -6.97273552e+18  1.37e+09 3.94e+02  3.02e+13   265s
[2025-08-30 04:23:53] DEBUG    10   5.71041608e+18 -6.02935113e+18  1.86e+08 1.13e+02  5.00e+12   275s
[2025-08-30 04:24:01] DEBUG    11   4.78797813e+17 -3.41048875e+18  1.55e+07 1.40e+01  7.13e+11   284s
[2025-08-30 04:24:08] DEBUG    12   1.41094965e+17 -7.70728299e+17  4.41e+06 2.14e+00  1.54e+11   291s
[2025-08-30 04:24:15] DEBUG    13   5.27300232e+15 -1.31894141e+17  1.44e+05 1.35e-01  1.57e+10   297s
[2025-08-30 04:24:21] DEBUG    14   9.73927084e+13 -2.26234925e+15  5.94e+01 5.19e-03  2.41e+08   304s
[2025-08-30 04:24:27] DEBUG    15   7.99249224e+13 -5.45411154e+14  3.55e-01 1.06e-02  5.88e+07   310s
[2025-08-30 04:24:34] DEBUG    16   7.00767529e+13 -1.32108389e+14  5.01e-02 9.97e-03  1.50e+07   317s
[2025-08-30 04:24:48] DEBUG    17   5.73080111e+13 -8.21415345e+13  3.67e-02 2.39e-02  9.56e+06   331s
[2025-08-30 04:25:03] DEBUG    18   5.07045979e+13 -6.00473169e+13  3.07e-02 2.34e-02  7.14e+06   346s
[2025-08-30 04:25:23] DEBUG    19   4.92830122e+13 -5.98202630e+13  2.96e-02 2.33e-02  7.08e+06   366s
[2025-08-30 04:25:44] DEBUG    20   4.84337416e+13 -5.62679554e+13  2.87e-02 2.31e-02  6.72e+06   387s
[2025-08-30 04:26:04] DEBUG    21   4.75725566e+13 -4.79585306e+13  2.80e-02 2.21e-02  6.68e+06   407s
[2025-08-30 04:26:22] DEBUG    22   4.61671956e+13 -3.69130015e+13  2.67e-02 2.09e-02  5.43e+06   425s
[2025-08-30 04:26:45] DEBUG    23   4.57712572e+13 -3.66321913e+13  2.63e-02 2.09e-02  5.48e+06   448s
[2025-08-30 04:27:10] DEBUG    24   4.39718221e+13 -2.99585241e+13  2.48e-02 1.99e-02  4.66e+06   473s
[2025-08-30 04:27:35] DEBUG    25   4.24317182e+13 -2.33507786e+13  2.36e-02 1.88e-02  3.90e+06   498s
[2025-08-30 04:27:57] DEBUG    26   4.08391645e+13 -1.83879484e+13  2.23e-02 1.79e-02  3.28e+06   520s
[2025-08-30 04:28:20] DEBUG    27   3.98297274e+13 -1.71004634e+13  2.15e-02 1.76e-02  3.09e+06   543s
[2025-08-30 04:28:48] DEBUG    28   3.97510568e+13 -1.67677709e+13  2.14e-02 1.75e-02  3.05e+06   571s
[2025-08-30 04:29:20] DEBUG    29   3.92840276e+13 -1.64840329e+13  2.10e-02 1.75e-02  3.00e+06   603s
[2025-08-30 04:29:41] DEBUG    30   3.89235405e+13 -1.51723243e+13  2.07e-02 1.72e-02  2.83e+06   624s
[2025-08-30 04:30:04] DEBUG    31   3.84748154e+13 -1.50544077e+13  2.04e-02 1.71e-02  2.80e+06   647s
[2025-08-30 04:30:31] DEBUG    32   3.81995624e+13 -1.36662311e+13  2.02e-02 1.68e-02  2.64e+06   674s
[2025-08-30 04:30:43] DEBUG    33   3.75486928e+13 -1.31836308e+13  1.96e-02 1.65e-02  2.55e+06   686s
[2025-08-30 04:31:14] DEBUG    34   3.67762654e+13 -1.20062456e+13  1.90e-02 1.62e-02  2.39e+06   717s
[2025-08-30 04:31:42] DEBUG    35   3.66062955e+13 -1.16257617e+13  1.89e-02 1.60e-02  2.34e+06   745s
[2025-08-30 04:32:03] DEBUG    36   3.61053950e+13 -1.10055681e+13  1.85e-02 1.56e-02  2.25e+06   766s
[2025-08-30 04:32:23] DEBUG    37   3.52720891e+13 -1.07189306e+13  1.78e-02 1.54e-02  2.19e+06   785s
[2025-08-30 04:32:50] DEBUG    38   3.48746567e+13 -1.03535652e+13  1.75e-02 1.53e-02  2.13e+06   813s
[2025-08-30 04:33:16] DEBUG    39   3.47545411e+13 -1.00286654e+13  1.74e-02 1.51e-02  2.09e+06   839s
[2025-08-30 04:33:39] DEBUG    40   3.41648399e+13 -9.25921780e+12  1.70e-02 1.48e-02  1.98e+06   862s
[2025-08-30 04:33:59] DEBUG    41   3.34149048e+13 -8.26037428e+12  1.64e-02 1.41e-02  1.84e+06   882s
[2025-08-30 04:34:22] DEBUG    42   3.09422943e+13 -7.98391165e+12  1.46e-02 1.40e-02  1.69e+06   905s
[2025-08-30 04:34:45] DEBUG    43   2.88747589e+13 -6.65210799e+12  1.31e-02 1.42e-02  1.46e+06   928s
[2025-08-30 04:35:09] DEBUG    44   2.78572060e+13 -5.51663250e+12  1.24e-02 1.43e-02  1.30e+06   952s
[2025-08-30 04:35:28] DEBUG    45   2.54596225e+13 -4.11561003e+12  1.07e-02 1.43e-02  1.05e+06   970s
[2025-08-30 04:35:49] DEBUG    46   2.22119148e+13 -2.40558692e+12  8.36e-03 1.44e-02  7.43e+05   992s
[2025-08-30 04:36:10] DEBUG    47   2.18293873e+13 -1.82205323e+12  8.10e-03 1.45e-02  6.68e+05  1013s
[2025-08-30 04:36:31] DEBUG    48   1.91123872e+13 -1.42781639e+12  6.35e-03 1.43e-02  5.17e+05  1034s
[2025-08-30 04:36:55] DEBUG    49   1.61107845e+13 -1.19941080e+12  4.61e-03 1.40e-02  3.80e+05  1058s
[2025-08-30 04:37:18] DEBUG    50   1.60480867e+13 -9.76260920e+11  4.58e-03 1.38e-02  3.59e+05  1081s
[2025-08-30 04:37:45] DEBUG    51   1.51555887e+13 -7.78674779e+11  4.13e-03 1.33e-02  3.11e+05  1108s
[2025-08-30 04:38:10] DEBUG    52   1.35411347e+13 -5.61187359e+11  3.28e-03 1.27e-02  2.37e+05  1133s
[2025-08-30 04:38:38] DEBUG    53   1.25668522e+13 -4.45769614e+11  2.81e-03 1.21e-02  1.98e+05  1161s
[2025-08-30 04:39:03] DEBUG    54   1.16735330e+13 -3.55144116e+11  2.42e-03 1.14e-02  1.63e+05  1186s
[2025-08-30 04:39:31] DEBUG    55   1.11632787e+13 -2.79585303e+11  2.20e-03 1.03e-02  1.44e+05  1214s
[2025-08-30 04:40:00] DEBUG    56   1.00594130e+13 -1.64238165e+11  1.72e-03 9.09e-03  1.05e+05  1243s
[2025-08-30 04:40:26] DEBUG    57   9.13605138e+12 -1.08767835e+11  1.35e-03 8.74e-03  8.03e+04  1269s
[2025-08-30 04:40:49] DEBUG    58   8.64229055e+12 -8.24172721e+10  1.17e-03 8.52e-03  6.88e+04  1292s
[2025-08-30 04:41:16] DEBUG    59   8.10685126e+12 -5.80558988e+10  9.93e-04 8.19e-03  5.57e+04  1319s
[2025-08-30 04:41:58] DEBUG    60   7.51410718e+12 -4.34643791e+10  8.02e-04 7.80e-03  4.42e+04  1361s
[2025-08-30 04:42:30] DEBUG    61   7.19696630e+12 -3.69956726e+10  7.05e-04 7.52e-03  3.84e+04  1393s
[2025-08-30 04:42:57] DEBUG    62   7.07059657e+12 -2.82637189e+10  6.63e-04 7.22e-03  3.54e+04  1420s
[2025-08-30 04:43:23] DEBUG    63   6.92871577e+12 -2.26288522e+10  6.16e-04 6.98e-03  3.21e+04  1446s
[2025-08-30 04:43:49] DEBUG    64   6.66064605e+12 -1.57806147e+10  5.13e-04 6.65e-03  2.60e+04  1472s
[2025-08-30 04:44:11] DEBUG    65   6.49273174e+12 -1.01328855e+10  4.40e-04 6.38e-03  2.15e+04  1494s
[2025-08-30 04:44:29] DEBUG    66   6.35867443e+12 -1.84096279e+09  3.66e-04 6.03e-03  1.71e+04  1512s
[2025-08-30 04:44:46] DEBUG    67   6.28976807e+12  2.24241674e+09  3.34e-04 5.80e-03  1.48e+04  1529s
[2025-08-30 04:45:07] DEBUG    68   6.14601585e+12  5.34981828e+09  2.69e-04 5.66e-03  1.15e+04  1550s
[2025-08-30 04:45:25] DEBUG    69   6.12584994e+12  6.22697082e+09  2.62e-04 5.61e-03  1.09e+04  1568s
[2025-08-30 04:45:39] DEBUG    70   6.02494342e+12  7.38277643e+09  2.24e-04 5.56e-03  9.29e+03  1582s
[2025-08-30 04:45:55] DEBUG    71   5.95047676e+12  8.07685098e+09  2.00e-04 5.53e-03  8.14e+03  1598s
[2025-08-30 04:46:09] DEBUG    72   5.87056570e+12  9.16822113e+09  1.76e-04 5.48e-03  6.94e+03  1612s
[2025-08-30 04:46:26] DEBUG    73   5.78429092e+12  1.01309091e+10  1.53e-04 5.44e-03  5.92e+03  1629s
[2025-08-30 04:46:40] DEBUG    74   5.73390162e+12  1.04216155e+10  1.41e-04 5.43e-03  5.40e+03  1643s
[2025-08-30 04:46:57] DEBUG    75   5.69500167e+12  1.07795106e+10  1.33e-04 5.39e-03  5.03e+03  1660s
[2025-08-30 04:47:28] DEBUG    76   5.64737342e+12  1.10322794e+10  1.27e-04 5.34e-03  4.80e+03  1691s
[2025-08-30 04:48:07] DEBUG    77   5.59097086e+12  1.12853947e+10  1.19e-04 5.32e-03  4.45e+03  1729s
[2025-08-30 04:48:30] DEBUG    78   5.53392214e+12  1.15437672e+10  1.07e-04 5.31e-03  3.96e+03  1753s
[2025-08-30 04:48:48] DEBUG    79   5.49174598e+12  1.18607009e+10  9.91e-05 5.29e-03  3.60e+03  1771s
[2025-08-30 04:49:10] DEBUG    80   5.45016979e+12  1.21004856e+10  9.18e-05 5.27e-03  3.29e+03  1793s
[2025-08-30 04:49:30] DEBUG    81   5.39950396e+12  1.22649887e+10  8.33e-05 5.26e-03  2.95e+03  1813s
[2025-08-30 04:49:46] DEBUG    82   5.38127238e+12  1.24565322e+10  7.82e-05 5.26e-03  2.72e+03  1829s
[2025-08-30 04:50:00] DEBUG    83   5.34671381e+12  1.27736582e+10  6.86e-05 5.25e-03  2.34e+03  1843s
[2025-08-30 04:50:12] DEBUG    84   5.30729682e+12  1.28888668e+10  5.94e-05 5.24e-03  1.99e+03  1855s
[2025-08-30 04:50:25] DEBUG    85   5.29303484e+12  1.29595010e+10  5.67e-05 5.24e-03  1.88e+03  1868s
[2025-08-30 04:50:37] DEBUG    86   5.27634281e+12  1.30214014e+10  5.29e-05 5.23e-03  1.76e+03  1880s
[2025-08-30 04:50:49] DEBUG    87   5.26796405e+12  1.30491954e+10  5.13e-05 5.23e-03  1.70e+03  1892s
[2025-08-30 04:51:02] DEBUG    88   5.25832864e+12  1.30645096e+10  4.95e-05 5.23e-03  1.64e+03  1905s
[2025-08-30 04:51:16] DEBUG    89   5.24686498e+12  1.31387508e+10  4.74e-05 5.23e-03  1.57e+03  1919s
[2025-08-30 04:51:39] DEBUG    90   5.24420121e+12  1.31512537e+10  4.71e-05 5.23e-03  1.55e+03  1942s
[2025-08-30 04:51:54] DEBUG    91   5.23523137e+12  1.32099272e+10  4.55e-05 5.22e-03  1.48e+03  1957s
[2025-08-30 04:52:14] DEBUG    92   5.23355863e+12  1.32209966e+10  4.51e-05 5.22e-03  1.47e+03  1977s
[2025-08-30 04:52:33] DEBUG    93   5.23196924e+12  1.32239426e+10  4.41e-05 5.22e-03  1.46e+03  1996s
[2025-08-30 04:52:46] DEBUG    94   5.22153813e+12  1.32269157e+10  4.30e-05 5.22e-03  1.57e+03  2009s
[2025-08-30 04:53:14] DEBUG    95   5.21734602e+12  1.32375691e+10  4.21e-05 5.22e-03  1.58e+03  2037s
[2025-08-30 04:53:54] DEBUG    96   5.21613825e+12  1.32549614e+10  4.24e-05 5.20e-03  1.58e+03  2077s
[2025-08-30 04:54:42] DEBUG    97   5.21249895e+12  1.32629168e+10  4.18e-05 5.18e-03  1.57e+03  2125s
[2025-08-30 04:54:42] DEBUG    Barrier performed 97 iterations in 2124.59 seconds (524.28 work units)
Numerical trouble encountered

Model may be infeasible or unbounded.  Consider using the
homogeneous algorithm (through parameter 'BarHomogeneous')
[2025-08-30 04:55:46] DEBUG    Waiting for other threads to finish...        2189s
[2025-08-30 04:56:51] DEBUG    Waiting for other threads to finish...        2253s
[2025-08-30 04:57:55] DEBUG    Waiting for other threads to finish...        2318s
[2025-08-30 04:59:00] DEBUG    Waiting for other threads to finish...        2383s
[2025-08-30 05:00:04] DEBUG    Waiting for other threads to finish...        2447s
[2025-08-30 05:01:09] DEBUG    Waiting for other threads to finish...        2512s
[2025-08-30 05:02:13] DEBUG    Waiting for other threads to finish...        2576s
[2025-08-30 05:03:18] DEBUG    Waiting for other threads to finish...        2641s
[2025-08-30 05:04:23] DEBUG    Waiting for other threads to finish...        2705s
[2025-08-30 05:05:27] DEBUG    Waiting for other threads to finish...        2770s
[2025-08-30 05:06:31] DEBUG    Waiting for other threads to finish...        2834s
[2025-08-30 05:07:36] DEBUG    Waiting for other threads to finish...        2899s
[2025-08-30 05:08:41] DEBUG    Waiting for other threads to finish...        2964s
[2025-08-30 05:09:45] DEBUG    Waiting for other threads to finish...        3028s
[2025-08-30 05:10:50] DEBUG    Waiting for other threads to finish...        3093s
[2025-08-30 05:11:55] DEBUG    Waiting for other threads to finish...        3158s
[2025-08-30 05:12:59] DEBUG    Waiting for other threads to finish...        3222s
[2025-08-30 05:14:04] DEBUG    Waiting for other threads to finish...        3287s
[2025-08-30 05:15:08] DEBUG    Waiting for other threads to finish...        3351s
[2025-08-30 05:16:13] DEBUG    Waiting for other threads to finish...        3416s
[2025-08-30 05:17:17] DEBUG    Waiting for other threads to finish...        3480s
[2025-08-30 05:18:22] DEBUG    Waiting for other threads to finish...        3545s
[2025-08-30 05:19:26] DEBUG    Waiting for other threads to finish...        3609s
[2025-08-30 05:20:31] DEBUG    Waiting for other threads to finish...        3674s
[2025-08-30 05:21:36] DEBUG    Waiting for other threads to finish...        3739s
[2025-08-30 05:22:41] DEBUG    Waiting for other threads to finish...        3804s
[2025-08-30 05:23:45] DEBUG    Waiting for other threads to finish...        3868s
[2025-08-30 05:24:50] DEBUG    Waiting for other threads to finish...        3933s
[2025-08-30 05:25:54] DEBUG    Waiting for other threads to finish...        3997s
[2025-08-30 05:26:59] DEBUG    Waiting for other threads to finish...        4062s
[2025-08-30 05:28:04] DEBUG    Waiting for other threads to finish...        4126s
[2025-08-30 05:29:08] DEBUG    Waiting for other threads to finish...        4191s
[2025-08-30 05:30:13] DEBUG    Waiting for other threads to finish...        4256s
[2025-08-30 05:31:17] DEBUG    Waiting for other threads to finish...        4320s
[2025-08-30 05:32:22] DEBUG    Waiting for other threads to finish...        4385s
[2025-08-30 05:33:27] DEBUG    Waiting for other threads to finish...        4450s
[2025-08-30 05:34:31] DEBUG    Waiting for other threads to finish...        4514s
[2025-08-30 05:35:36] DEBUG    Waiting for other threads to finish...        4579s
[2025-08-30 05:36:41] DEBUG    Waiting for other threads to finish...        4643s
[2025-08-30 05:37:45] DEBUG    Waiting for other threads to finish...        4708s
[2025-08-30 05:38:50] DEBUG    Waiting for other threads to finish...        4773s
[2025-08-30 05:39:54] DEBUG    Waiting for other threads to finish...        4837s
[2025-08-30 05:40:59] DEBUG    Waiting for other threads to finish...        4902s
[2025-08-30 05:42:04] DEBUG    Waiting for other threads to finish...        4967s
[2025-08-30 05:43:09] DEBUG    Waiting for other threads to finish...        5032s
[2025-08-30 05:44:13] DEBUG    Waiting for other threads to finish...        5096s
[2025-08-30 05:45:18] DEBUG    Waiting for other threads to finish...        5161s
[2025-08-30 05:46:22] DEBUG    Waiting for other threads to finish...        5225s
[2025-08-30 05:47:27] DEBUG    Waiting for other threads to finish...        5290s
[2025-08-30 05:48:32] DEBUG    Waiting for other threads to finish...        5354s
[2025-08-30 05:49:36] DEBUG    Waiting for other threads to finish...        5419s
[2025-08-30 05:50:41] DEBUG    Waiting for other threads to finish...        5484s
[2025-08-30 05:51:45] DEBUG    Waiting for other threads to finish...        5548s
[2025-08-30 05:52:50] DEBUG    Waiting for other threads to finish...        5613s
[2025-08-30 05:53:55] DEBUG    Waiting for other threads to finish...        5678s
[2025-08-30 05:54:59] DEBUG    Waiting for other threads to finish...        5742s
[2025-08-30 05:56:04] DEBUG    Waiting for other threads to finish...        5807s
[2025-08-30 05:57:08] DEBUG    Waiting for other threads to finish...        5871s
[2025-08-30 05:58:13] DEBUG    Waiting for other threads to finish...        5936s
[2025-08-30 05:59:17] DEBUG    Waiting for other threads to finish...        6000s
[2025-08-30 06:00:22] DEBUG    Waiting for other threads to finish...        6065s
[2025-08-30 06:01:27] DEBUG    Waiting for other threads to finish...        6130s
[2025-08-30 06:02:32] DEBUG    Waiting for other threads to finish...        6195s
[2025-08-30 06:03:36] DEBUG    Waiting for other threads to finish...        6259s
[2025-08-30 06:04:41] DEBUG    Waiting for other threads to finish...        6324s
[2025-08-30 06:05:46] DEBUG    Waiting for other threads to finish...        6389s
[2025-08-30 06:06:51] DEBUG    Waiting for other threads to finish...        6454s
[2025-08-30 06:07:55] DEBUG    Waiting for other threads to finish...        6518s
[2025-08-30 06:08:59] DEBUG    Waiting for other threads to finish...        6582s
[2025-08-30 06:10:04] DEBUG    Waiting for other threads to finish...        6646s
[2025-08-30 06:11:08] DEBUG    Waiting for other threads to finish...        6711s
[2025-08-30 06:12:13] DEBUG    Waiting for other threads to finish...        6776s
[2025-08-30 06:13:17] DEBUG    Waiting for other threads to finish...        6840s
[2025-08-30 06:14:22] DEBUG    Waiting for other threads to finish...        6905s
[2025-08-30 06:15:26] DEBUG    Waiting for other threads to finish...        6969s
[2025-08-30 06:16:31] DEBUG    Waiting for other threads to finish...        7034s
[2025-08-30 06:17:35] DEBUG    Waiting for other threads to finish...        7098s
[2025-08-30 06:18:40] DEBUG    Waiting for other threads to finish...        7163s
[2025-08-30 06:19:44] DEBUG    Waiting for other threads to finish...        7227s
[2025-08-30 06:20:48] DEBUG    Waiting for other threads to finish...        7291s
[2025-08-30 06:21:05] DEBUG    Solved with dual simplex
[2025-08-30 06:21:18] DEBUG    Iteration    Objective       Primal Inf.    Dual Inf.      Time
[2025-08-30 06:21:18] DEBUG    3673288    1.9553749e+10   0.000000e+00   0.000000e+00   7321s

Solved in 3673288 iterations and 7320.86 seconds (5577.66 work units)
[2025-08-30 06:21:18] DEBUG    Optimal objective  1.955374931e+10
✅ Scenario completato: new_trasmission_VRES_2035_BESS

🚀 Lancio scenario: new_trasmission_VRES_2035_PHES
[2025-08-30 06:30:38] INFO     Loading sets
[2025-08-30 06:30:38] INFO     Loading parameters
[2025-08-30 06:31:19] INFO     constraints are loaded in the following order: ['energy_balance', 'dispatch', 'costs', 'capacity', 'network', 'policy', 'conversion', 'group', 'conversion_plus', 'milp', 'export']
[2025-08-30 06:31:19] INFO     creating energy_balance constraints
[2025-08-30 06:37:03] INFO     creating dispatch constraints
[2025-08-30 06:41:50] INFO     creating costs constraints
[2025-08-30 06:55:38] INFO     creating capacity constraints
[2025-08-30 06:55:38] INFO     creating network constraints
[2025-08-30 06:55:38] INFO     creating policy constraints
[2025-08-30 06:55:38] INFO     creating conversion constraints
[2025-08-30 06:55:38] INFO     creating group constraints
[2025-08-30 06:55:38] INFO     creating conversion_plus constraints
[2025-08-30 06:55:38] INFO     creating milp constraints
[2025-08-30 06:55:38] INFO     creating export constraints
[2025-08-30 07:11:30] DEBUG    Set parameter WLSAccessID
Set parameter WLSSecret
Set parameter LicenseID to value 2680226
[2025-08-30 07:11:30] DEBUG    Academic license 2680226 - for non-commercial use only - registered to an___@mail.polimi.it
[2025-08-30 07:12:18] DEBUG    Read LP format model from file /tmp/tmp6nkxlwd4.pyomo.lp
Reading time = 47.72 seconds
x22928682: 30576328 rows, 22928682 columns, 75261589 nonzeros
[2025-08-30 07:12:18] DEBUG    Set parameter NumericFocus to value 1
Gurobi Optimizer version 12.0.2 build v12.0.2rc0 (linux64 - "Debian GNU/Linux 11 (bullseye)")

CPU model: Intel(R) Xeon(R) Silver 4314 CPU @ 2.40GHz, instruction set [SSE2|AVX|AVX2|AVX512]
Thread count: 32 physical cores, 64 logical processors, using up to 32 threads

Non-default parameters:
NumericFocus  1
[2025-08-30 07:12:18] DEBUG    Academic license 2680226 - for non-commercial use only - registered to an___@mail.polimi.it
Optimize a model with 30576328 rows, 22928682 columns and 75261589 nonzeros
[2025-08-30 07:12:19] DEBUG    Model fingerprint: 0x942a4de9
[2025-08-30 07:12:19] DEBUG    Coefficient statistics:
  Matrix range     [1e-07, 6e+02]
  Objective range  [1e+00, 1e+06]
  Bounds range     [0e+00, 0e+00]
  RHS range        [1e+00, 6e+09]
[2025-08-30 07:12:19] DEBUG    Warning: Model contains large rhs
[2025-08-30 07:12:25] DEBUG    Presolve removed 21882786 rows and 12321578 columns (presolve time = 6s)...
[2025-08-30 07:12:29] DEBUG    Presolve removed 22707722 rows and 14090066 columns (presolve time = 10s)...
[2025-08-30 07:12:34] DEBUG    Presolve removed 24274881 rows and 16140000 columns (presolve time = 15s)...
[2025-08-30 07:12:39] DEBUG    Presolve removed 26543228 rows and 18364522 columns (presolve time = 20s)...
[2025-08-30 07:13:15] DEBUG    Presolve removed 27054942 rows and 18618562 columns (presolve time = 56s)...
[2025-08-30 07:13:19] DEBUG    Presolve removed 27054942 rows and 18863842 columns (presolve time = 60s)...
[2025-08-30 07:13:22] DEBUG    Presolve removed 27203845 rows and 18863842 columns
[2025-08-30 07:14:04] DEBUG    Presolve time: 106.55s
Presolved: 3372483 rows, 4213743 columns, 14781208 nonzeros

Concurrent LP optimizer: primal simplex, dual simplex, and barrier
Showing barrier log only...
[2025-08-30 07:15:07] DEBUG    Elapsed ordering time = 60s
[2025-08-30 07:15:08] DEBUG    Elapsed ordering time = 61s
[2025-08-30 07:15:12] DEBUG    Elapsed ordering time = 65s
[2025-08-30 07:15:17] DEBUG    Elapsed ordering time = 70s
[2025-08-30 07:15:21] DEBUG    Ordering time: 73.50s
[2025-08-30 07:15:24] DEBUG    Barrier statistics:
 Dense cols : 167
 AA' NZ     : 1.476e+07
 Factor NZ  : 6.326e+07 (roughly 3.6 GB of memory)
 Factor Ops : 7.050e+09 (less than 1 second per iteration)
 Threads    : 30
[2025-08-30 07:15:30] DEBUG    Objective                Residual
[2025-08-30 07:15:30] DEBUG    Iter       Primal          Dual         Primal    Dual     Compl     Time
[2025-08-30 07:15:30] DEBUG    0   1.91909144e+21 -9.90336412e+18  7.49e+10 2.88e-11  3.03e+15   192s
[2025-08-30 07:15:36] DEBUG    1   1.72971552e+21 -1.11013574e+19  6.73e+10 1.54e+05  2.38e+15   199s
[2025-08-30 07:15:45] DEBUG    2   1.65061622e+21 -3.61247994e+19  6.44e+10 1.13e+05  2.20e+15   207s
[2025-08-30 07:15:54] DEBUG    3   1.36090080e+21 -7.59867514e+19  5.28e+10 4.47e+04  1.64e+15   216s
[2025-08-30 07:16:03] DEBUG    4   6.38193657e+20 -9.66291683e+19  2.43e+10 1.30e+04  7.46e+14   225s
[2025-08-30 07:16:12] DEBUG    5   4.79628337e+20 -8.96849380e+19  1.84e+10 8.02e+03  5.64e+14   234s
[2025-08-30 07:16:21] DEBUG    6   3.99434146e+20 -8.11713559e+19  1.54e+10 4.89e+03  4.64e+14   243s
[2025-08-30 07:16:27] DEBUG    7   3.60057808e+20 -7.63222622e+19  1.38e+10 3.76e+03  4.12e+14   249s
[2025-08-30 07:16:34] DEBUG    8   2.90143188e+20 -6.93692903e+19  1.11e+10 2.46e+03  3.29e+14   256s
[2025-08-30 07:16:42] DEBUG    9   2.20167315e+20 -5.78743334e+19  8.44e+09 1.12e+03  2.46e+14   264s
[2025-08-30 07:16:51] DEBUG    10   6.26602920e+19 -4.44741914e+19  2.21e+09 4.78e+02  6.86e+13   273s
[2025-08-30 07:17:04] DEBUG    11   2.16144032e+19 -3.10264486e+19  7.01e+08 1.92e+02  2.36e+13   286s
[2025-08-30 07:17:15] DEBUG    12   8.31886240e+18 -1.63293886e+19  2.59e+08 5.75e+01  8.93e+12   297s
[2025-08-30 07:17:24] DEBUG    13   3.13306463e+18 -8.09318598e+18  9.52e+07 1.69e+01  3.36e+12   306s
[2025-08-30 07:17:30] DEBUG    14   4.19544012e+17 -3.28039595e+18  1.35e+07 4.42e+00  6.85e+11   312s
[2025-08-30 07:17:37] DEBUG    15   1.10711214e+17 -4.34519149e+17  3.51e+06 2.21e-01  1.06e+11   319s
[2025-08-30 07:17:43] DEBUG    16   3.45749236e+14 -7.83717386e+16  4.48e+03 8.07e-03  8.33e+09   325s
[2025-08-30 07:17:49] DEBUG    17   1.06445510e+14 -3.75550765e+15  1.69e-02 1.32e-03  3.98e+08   331s
[2025-08-30 07:18:09] DEBUG    18   8.17209505e+13 -9.30046557e+14  7.14e-03 3.43e-03  1.01e+08   351s
[2025-08-30 07:18:26] DEBUG    19   6.06746784e+13 -2.52384518e+14  2.21e-03 6.77e-03  2.85e+07   368s
[2025-08-30 07:18:48] DEBUG    20   5.62913624e+13 -1.96453661e+14  1.79e-03 7.41e-03  2.24e+07   390s
[2025-08-30 07:19:08] DEBUG    21   5.13960483e+13 -1.31352984e+14  1.39e-03 7.38e-03  1.53e+07   410s
[2025-08-30 07:19:31] DEBUG    22   5.03988015e+13 -1.28895495e+14  1.33e-03 7.41e-03  1.50e+07   433s
[2025-08-30 07:19:52] DEBUG    23   4.90458258e+13 -7.99508086e+13  1.25e-03 7.34e-03  9.74e+06   454s
[2025-08-30 07:20:13] DEBUG    24   4.51162067e+13 -6.69412116e+13  1.01e-03 7.09e-03  8.21e+06   475s
[2025-08-30 07:20:38] DEBUG    25   4.29644525e+13 -4.58166653e+13  8.92e-04 6.36e-03  5.85e+06   500s
[2025-08-30 07:21:09] DEBUG    26   4.10319036e+13 -2.44241606e+13  7.98e-04 5.10e-03  3.49e+06   531s
[2025-08-30 07:21:32] DEBUG    27   4.01274343e+13 -2.31755665e+13  7.56e-04 5.02e-03  3.32e+06   554s
[2025-08-30 07:21:57] DEBUG    28   3.82801465e+13 -1.57607156e+13  6.75e-04 4.51e-03  2.45e+06   579s
[2025-08-30 07:22:25] DEBUG    29   3.75765941e+13 -1.48331349e+13  6.45e-04 4.45e-03  2.32e+06   607s
[2025-08-30 07:22:49] DEBUG    30   3.57562239e+13 -1.32343865e+13  5.70e-04 4.26e-03  2.07e+06   631s
[2025-08-30 07:23:12] DEBUG    31   3.48948603e+13 -9.66207942e+12  5.36e-04 3.85e-03  1.65e+06   654s
[2025-08-30 07:23:47] DEBUG    32   3.43708363e+13 -9.40850566e+12  5.15e-04 3.81e-03  1.60e+06   689s
[2025-08-30 07:24:18] DEBUG    33   3.34679967e+13 -6.55049602e+12  4.80e-04 3.39e-03  1.26e+06   720s
[2025-08-30 07:24:45] DEBUG    34   3.29072659e+13 -4.92883429e+12  4.60e-04 3.14e-03  1.06e+06   747s
[2025-08-30 07:25:14] DEBUG    35   3.26611477e+13 -4.80583871e+12  4.51e-04 3.10e-03  1.04e+06   776s
[2025-08-30 07:25:44] DEBUG    36   3.18763289e+13 -4.04314730e+12  4.22e-04 2.94e-03  9.22e+05   806s
[2025-08-30 07:26:09] DEBUG    37   3.09183712e+13 -3.03214980e+12  3.86e-04 2.65e-03  7.77e+05   831s
[2025-08-30 07:26:38] DEBUG    38   3.04442328e+13 -2.12956174e+12  3.70e-04 2.68e-03  6.62e+05   860s
[2025-08-30 07:27:03] DEBUG    39   2.91301413e+13 -2.03265820e+12  3.24e-04 2.67e-03  5.88e+05   886s
[2025-08-30 07:27:28] DEBUG    40   2.80586729e+13 -1.40983782e+12  2.81e-04 1.97e-03  4.86e+05   910s
[2025-08-30 07:27:53] DEBUG    41   2.68077969e+13 -1.17907092e+12  2.37e-04 2.08e-03  4.11e+05   935s
[2025-08-30 07:28:19] DEBUG    42   2.60032600e+13 -1.04178311e+12  2.14e-04 2.18e-03  3.61e+05   961s
[2025-08-30 07:28:50] DEBUG    43   2.42188374e+13 -8.24256515e+11  1.60e-04 2.01e-03  2.66e+05   993s
[2025-08-30 07:29:02] DEBUG    44   2.38022416e+13 -7.68104184e+11  1.38e-04 2.27e-03  2.35e+05  1005s
[2025-08-30 07:29:17] DEBUG    45   2.33820610e+13 -6.07064369e+11  1.16e-04 2.80e-03  1.95e+05  1019s
[2025-08-30 07:29:42] DEBUG    46   2.33440805e+13 -5.59952221e+11  1.14e-04 3.17e-03  1.87e+05  1044s
[2025-08-30 07:29:54] DEBUG    47   2.28298985e+13 -4.78433316e+11  9.09e-05 3.77e-03  1.50e+05  1056s
[2025-08-30 07:30:11] DEBUG    48   2.26727902e+13 -4.47767206e+11  8.41e-05 3.80e-03  1.39e+05  1073s
[2025-08-30 07:30:30] DEBUG    49   2.24305376e+13 -3.60612750e+11  7.39e-05 3.85e-03  1.19e+05  1092s
[2025-08-30 07:30:48] DEBUG    50   2.22115284e+13 -2.32943667e+11  6.56e-05 4.67e-03  9.44e+04  1110s
[2025-08-30 07:31:04] DEBUG    51   2.19259397e+13 -1.67082703e+11  5.54e-05 6.58e-03  7.52e+04  1126s
[2025-08-30 07:31:20] DEBUG    52   2.16485153e+13 -1.23360814e+11  4.69e-05 6.70e-03  5.93e+04  1142s
[2025-08-30 07:31:32] DEBUG    53   2.14181776e+13 -8.93862376e+10  4.03e-05 6.42e-03  4.82e+04  1154s
[2025-08-30 07:31:47] DEBUG    54   2.12381684e+13 -7.14285891e+10  3.56e-05 6.29e-03  4.12e+04  1169s
[2025-08-30 07:32:01] DEBUG    55   2.10109676e+13 -6.19958181e+10  3.03e-05 6.17e-03  3.48e+04  1183s
[2025-08-30 07:32:16] DEBUG    56   2.09248050e+13 -5.35913602e+10  2.87e-05 6.00e-03  3.19e+04  1199s
[2025-08-30 07:32:28] DEBUG    57   2.07597926e+13 -4.86457337e+10  3.45e-05 5.74e-03  2.83e+04  1210s
[2025-08-30 07:32:49] DEBUG    58   2.06896309e+13 -4.28741591e+10  3.08e-05 5.60e-03  2.65e+04  1231s
[2025-08-30 07:33:05] DEBUG    59   2.05298933e+13 -4.11135908e+10  3.08e-05 5.50e-03  2.38e+04  1247s
[2025-08-30 07:33:18] DEBUG    60   2.04384780e+13 -3.64172732e+10  3.08e-05 5.25e-03  2.19e+04  1260s
[2025-08-30 07:33:34] DEBUG    61   2.03449587e+13 -3.30889665e+10  2.60e-05 5.09e-03  2.02e+04  1276s
[2025-08-30 07:33:48] DEBUG    62   2.02722859e+13 -2.97549219e+10  3.19e-05 4.86e-03  1.89e+04  1290s
[2025-08-30 07:34:00] DEBUG    63   2.02123959e+13 -2.71599312e+10  3.08e-05 4.67e-03  1.80e+04  1303s
[2025-08-30 07:34:17] DEBUG    64   2.00781236e+13 -2.49279685e+10  2.95e-05 4.52e-03  1.62e+04  1319s
[2025-08-30 07:34:32] DEBUG    65   1.99528594e+13 -2.20444742e+10  2.65e-05 4.44e-03  1.47e+04  1334s
[2025-08-30 07:34:45] DEBUG    66   1.98992689e+13 -1.69203353e+10  2.76e-05 4.39e-03  1.35e+04  1347s
[2025-08-30 07:34:57] DEBUG    67   1.97867152e+13 -1.43291853e+10  2.86e-05 4.33e-03  1.22e+04  1360s
[2025-08-30 07:35:09] DEBUG    68   1.97038233e+13 -1.10395898e+10  3.47e-05 4.39e-03  1.12e+04  1371s
[2025-08-30 07:35:23] DEBUG    69   1.96265011e+13 -8.95658921e+09  3.45e-05 4.57e-03  1.04e+04  1385s
[2025-08-30 07:35:38] DEBUG    70   1.95739623e+13 -6.75713655e+09  2.87e-05 4.87e-03  9.41e+03  1401s
[2025-08-30 07:35:52] DEBUG    71   1.95232640e+13 -6.00730138e+09  3.11e-05 4.98e-03  8.76e+03  1414s
[2025-08-30 07:36:07] DEBUG    72   1.94439285e+13 -3.58919024e+09  3.81e-05 5.30e-03  7.60e+03  1429s
[2025-08-30 07:36:21] DEBUG    73   1.93862662e+13 -2.97864828e+09  2.78e-05 5.39e-03  6.97e+03  1443s
[2025-08-30 07:36:31] DEBUG    74   1.93428785e+13 -2.10201104e+09  3.45e-05 5.48e-03  6.52e+03  1454s
[2025-08-30 07:36:45] DEBUG    75   1.93084931e+13 -1.19302091e+09  3.37e-05 5.60e-03  6.11e+03  1467s
[2025-08-30 07:36:58] DEBUG    76   1.92851005e+13 -2.60538164e+08  3.36e-05 5.70e-03  5.79e+03  1480s
[2025-08-30 07:37:11] DEBUG    77   1.92643678e+13  9.06253408e+08  5.29e-05 5.81e-03  5.49e+03  1493s
[2025-08-30 07:37:28] DEBUG    78   1.92235296e+13  2.09837745e+09  6.46e-04 5.88e-03  5.12e+03  1510s
[2025-08-30 07:37:38] DEBUG    79   1.92013453e+13  2.52538110e+09  6.45e-04 5.90e-03  4.96e+03  1520s
[2025-08-30 07:37:52] DEBUG    80   1.91664633e+13  4.03075596e+09  7.61e-04 6.00e-03  4.60e+03  1534s
[2025-08-30 07:38:04] DEBUG    81   1.91226520e+13  5.64948086e+09  5.95e-04 6.15e-03  4.18e+03  1546s
[2025-08-30 07:38:14] DEBUG    82   1.90895038e+13  7.31225795e+09  8.60e-04 6.79e-03  3.84e+03  1556s
[2025-08-30 07:38:23] DEBUG    83   1.90474765e+13  8.13563137e+09  1.61e-03 7.17e-03  3.57e+03  1565s
[2025-08-30 07:38:40] DEBUG    84   1.89517671e+13  8.54516397e+09  1.55e-03 7.53e-03  3.11e+03  1582s
[2025-08-30 07:38:54] DEBUG    85   1.88988671e+13  9.85240659e+09  1.57e-03 8.28e-03  2.72e+03  1596s
[2025-08-30 07:39:08] DEBUG    86   1.88399930e+13  1.07060800e+10  1.68e-03 8.68e-03  2.42e+03  1610s
[2025-08-30 07:39:22] DEBUG    87   1.88168586e+13  1.13195024e+10  1.59e-03 8.94e-03  2.28e+03  1624s
[2025-08-30 07:39:32] DEBUG    88   1.87936779e+13  1.15834477e+10  1.53e-03 9.06e-03  2.18e+03  1634s
[2025-08-30 07:39:41] DEBUG    89   1.87665028e+13  1.19344221e+10  1.46e-03 9.17e-03  2.08e+03  1643s
[2025-08-30 07:39:53] DEBUG    90   1.86628406e+13  1.24078702e+10  1.20e-03 9.33e-03  1.77e+03  1655s
[2025-08-30 07:40:06] DEBUG    91   1.86197227e+13  1.31205022e+10  1.12e-03 9.52e-03  1.60e+03  1668s
[2025-08-30 07:40:20] DEBUG    92   1.85848260e+13  1.37598734e+10  1.05e-03 9.74e-03  1.45e+03  1683s
[2025-08-30 07:40:34] DEBUG    93   1.85546617e+13  1.42176789e+10  1.00e-03 9.79e-03  1.34e+03  1696s
[2025-08-30 07:40:46] DEBUG    94   1.85372977e+13  1.44558157e+10  9.74e-04 9.79e-03  1.28e+03  1708s
[2025-08-30 07:41:00] DEBUG    95   1.85008362e+13  1.46934398e+10  9.08e-04 9.83e-03  1.18e+03  1722s
[2025-08-30 07:41:14] DEBUG    96   1.84628148e+13  1.47987840e+10  8.52e-04 9.81e-03  1.11e+03  1736s
[2025-08-30 07:41:30] DEBUG    97   1.84081813e+13  1.50654595e+10  1.37e-03 9.80e-03  9.92e+02  1752s
[2025-08-30 07:41:43] DEBUG    98   1.83796065e+13  1.52300573e+10  1.26e-03 9.72e-03  9.36e+02  1765s
[2025-08-30 07:41:55] DEBUG    99   1.83676417e+13  1.54782755e+10  1.29e-03 9.57e-03  8.96e+02  1777s
[2025-08-30 07:42:04] DEBUG    100   1.83443383e+13  1.55730733e+10  1.13e-03 9.49e-03  8.61e+02  1786s
[2025-08-30 07:42:20] DEBUG    101   1.83104375e+13  1.56146759e+10  1.07e-03 9.44e-03  8.13e+02  1802s
[2025-08-30 07:42:35] DEBUG    102   1.83006381e+13  1.56789405e+10  1.02e-03 9.37e-03  7.95e+02  1817s
[2025-08-30 07:42:46] DEBUG    103   1.82851891e+13  1.57515101e+10  1.06e-03 9.29e-03  7.72e+02  1828s
[2025-08-30 07:43:00] DEBUG    104   1.82639535e+13  1.57845231e+10  1.01e-03 9.24e-03  7.47e+02  1842s
[2025-08-30 07:43:13] DEBUG    105   1.82499474e+13  1.59692112e+10  1.24e-03 9.05e-03  7.18e+02  1855s
[2025-08-30 07:43:28] DEBUG    106   1.82144452e+13  1.60510094e+10  1.16e-03 8.96e-03  6.75e+02  1870s
[2025-08-30 07:43:42] DEBUG    107   1.81701170e+13  1.62461688e+10  9.12e-04 8.75e-03  6.20e+02  1884s
[2025-08-30 07:43:56] DEBUG    108   1.81417144e+13  1.66197023e+10  8.28e-04 8.22e-03  5.70e+02  1898s
[2025-08-30 07:44:08] DEBUG    109   1.80977003e+13  1.66830808e+10  8.92e-04 8.07e-03  5.31e+02  1910s
[2025-08-30 07:44:25] DEBUG    110   1.80910439e+13  1.67605340e+10  8.75e-04 7.92e-03  5.21e+02  1927s
[2025-08-30 07:44:47] DEBUG    111   1.80902558e+13  1.67625205e+10  8.77e-04 7.91e-03  5.20e+02  1949s
[2025-08-30 07:45:00] DEBUG    112   1.80881990e+13  1.67759271e+10  8.66e-04 7.89e-03  5.18e+02  1962s
[2025-08-30 07:45:22] DEBUG    113   1.80836408e+13  1.67834749e+10  8.56e-04 7.85e-03  5.81e+02  1984s
[2025-08-30 07:45:46] DEBUG    114   1.80826599e+13  1.67832772e+10  8.55e-04 7.85e-03  5.91e+02  2009s
[2025-08-30 07:46:12] DEBUG    115   1.80812455e+13  1.67859210e+10  8.54e-04 7.84e-03  5.92e+02  2034s
[2025-08-30 07:46:47] DEBUG    116   1.80733224e+13  1.68114751e+10  8.49e-04 7.76e-03  5.88e+02  2070s
[2025-08-30 07:47:14] DEBUG    117   1.80450869e+13  1.68914462e+10  8.27e-04 7.52e-03  5.72e+02  2096s
[2025-08-30 07:47:14] DEBUG    Barrier performed 117 iterations in 2095.76 seconds (528.74 work units)
Numerical trouble encountered
[2025-08-30 07:47:14] DEBUG    Model may be infeasible or unbounded.  Consider using the
homogeneous algorithm (through parameter 'BarHomogeneous')
[2025-08-30 07:48:18] DEBUG    Waiting for other threads to finish...        2160s
[2025-08-30 07:49:23] DEBUG    Waiting for other threads to finish...        2225s
[2025-08-30 07:50:27] DEBUG    Waiting for other threads to finish...        2289s
[2025-08-30 07:51:31] DEBUG    Waiting for other threads to finish...        2353s
[2025-08-30 07:52:35] DEBUG    Waiting for other threads to finish...        2417s
[2025-08-30 07:53:39] DEBUG    Waiting for other threads to finish...        2481s
[2025-08-30 07:54:44] DEBUG    Waiting for other threads to finish...        2546s
[2025-08-30 07:55:48] DEBUG    Waiting for other threads to finish...        2610s
[2025-08-30 07:56:53] DEBUG    Waiting for other threads to finish...        2675s
[2025-08-30 07:57:58] DEBUG    Waiting for other threads to finish...        2740s
[2025-08-30 07:59:02] DEBUG    Waiting for other threads to finish...        2804s
[2025-08-30 08:00:07] DEBUG    Waiting for other threads to finish...        2869s
[2025-08-30 08:01:11] DEBUG    Waiting for other threads to finish...        2933s
[2025-08-30 08:02:16] DEBUG    Waiting for other threads to finish...        2998s
[2025-08-30 08:03:21] DEBUG    Waiting for other threads to finish...        3063s
[2025-08-30 08:04:26] DEBUG    Waiting for other threads to finish...        3128s
[2025-08-30 08:05:30] DEBUG    Waiting for other threads to finish...        3193s
[2025-08-30 08:06:35] DEBUG    Waiting for other threads to finish...        3257s
[2025-08-30 08:07:39] DEBUG    Waiting for other threads to finish...        3321s
[2025-08-30 08:08:44] DEBUG    Waiting for other threads to finish...        3386s
[2025-08-30 08:09:48] DEBUG    Waiting for other threads to finish...        3450s
[2025-08-30 08:10:53] DEBUG    Waiting for other threads to finish...        3515s
[2025-08-30 08:11:57] DEBUG    Waiting for other threads to finish...        3579s
[2025-08-30 08:13:02] DEBUG    Waiting for other threads to finish...        3644s
[2025-08-30 08:14:06] DEBUG    Waiting for other threads to finish...        3708s
[2025-08-30 08:15:10] DEBUG    Waiting for other threads to finish...        3773s
[2025-08-30 08:16:15] DEBUG    Waiting for other threads to finish...        3837s
[2025-08-30 08:17:20] DEBUG    Waiting for other threads to finish...        3902s
[2025-08-30 08:18:24] DEBUG    Waiting for other threads to finish...        3966s
[2025-08-30 08:19:29] DEBUG    Waiting for other threads to finish...        4031s
[2025-08-30 08:20:33] DEBUG    Waiting for other threads to finish...        4095s
[2025-08-30 08:21:38] DEBUG    Waiting for other threads to finish...        4160s
[2025-08-30 08:22:43] DEBUG    Waiting for other threads to finish...        4225s
[2025-08-30 08:23:47] DEBUG    Waiting for other threads to finish...        4289s
[2025-08-30 08:24:52] DEBUG    Waiting for other threads to finish...        4354s
[2025-08-30 08:25:56] DEBUG    Waiting for other threads to finish...        4419s
[2025-08-30 08:27:01] DEBUG    Waiting for other threads to finish...        4483s
[2025-08-30 08:28:05] DEBUG    Waiting for other threads to finish...        4548s
[2025-08-30 08:29:10] DEBUG    Waiting for other threads to finish...        4612s
[2025-08-30 08:30:14] DEBUG    Waiting for other threads to finish...        4677s
[2025-08-30 08:31:19] DEBUG    Waiting for other threads to finish...        4741s
[2025-08-30 08:32:24] DEBUG    Waiting for other threads to finish...        4806s
[2025-08-30 08:33:28] DEBUG    Waiting for other threads to finish...        4870s
[2025-08-30 08:34:33] DEBUG    Waiting for other threads to finish...        4935s
[2025-08-30 08:35:37] DEBUG    Waiting for other threads to finish...        5000s
[2025-08-30 08:36:42] DEBUG    Waiting for other threads to finish...        5064s
[2025-08-30 08:37:47] DEBUG    Waiting for other threads to finish...        5129s
[2025-08-30 08:38:51] DEBUG    Waiting for other threads to finish...        5193s
[2025-08-30 08:39:56] DEBUG    Waiting for other threads to finish...        5258s
[2025-08-30 08:41:00] DEBUG    Waiting for other threads to finish...        5322s
[2025-08-30 08:42:05] DEBUG    Waiting for other threads to finish...        5387s
[2025-08-30 08:43:10] DEBUG    Waiting for other threads to finish...        5452s
[2025-08-30 08:44:14] DEBUG    Waiting for other threads to finish...        5517s
[2025-08-30 08:45:19] DEBUG    Waiting for other threads to finish...        5581s
[2025-08-30 08:46:23] DEBUG    Waiting for other threads to finish...        5645s
[2025-08-30 08:47:28] DEBUG    Waiting for other threads to finish...        5710s
[2025-08-30 08:48:32] DEBUG    Waiting for other threads to finish...        5775s
[2025-08-30 08:49:37] DEBUG    Waiting for other threads to finish...        5840s
[2025-08-30 08:50:42] DEBUG    Waiting for other threads to finish...        5904s
[2025-08-30 08:51:47] DEBUG    Waiting for other threads to finish...        5969s
[2025-08-30 08:52:52] DEBUG    Waiting for other threads to finish...        6034s
[2025-08-30 08:53:56] DEBUG    Waiting for other threads to finish...        6098s
[2025-08-30 08:55:01] DEBUG    Waiting for other threads to finish...        6163s
[2025-08-30 08:56:06] DEBUG    Waiting for other threads to finish...        6228s
[2025-08-30 08:57:10] DEBUG    Waiting for other threads to finish...        6292s
[2025-08-30 08:58:15] DEBUG    Waiting for other threads to finish...        6357s
[2025-08-30 08:59:19] DEBUG    Waiting for other threads to finish...        6422s
[2025-08-30 09:00:24] DEBUG    Waiting for other threads to finish...        6486s
[2025-08-30 09:01:29] DEBUG    Waiting for other threads to finish...        6551s
[2025-08-30 09:02:33] DEBUG    Waiting for other threads to finish...        6615s
[2025-08-30 09:03:38] DEBUG    Waiting for other threads to finish...        6680s
[2025-08-30 09:04:42] DEBUG    Waiting for other threads to finish...        6744s
[2025-08-30 09:05:47] DEBUG    Waiting for other threads to finish...        6809s
[2025-08-30 09:06:51] DEBUG    Waiting for other threads to finish...        6873s
[2025-08-30 09:07:56] DEBUG    Waiting for other threads to finish...        6938s
[2025-08-30 09:09:00] DEBUG    Waiting for other threads to finish...        7002s
[2025-08-30 09:10:04] DEBUG    Waiting for other threads to finish...        7067s
[2025-08-30 09:11:09] DEBUG    Waiting for other threads to finish...        7131s
[2025-08-30 09:12:14] DEBUG    Waiting for other threads to finish...        7196s
[2025-08-30 09:13:03] DEBUG    Solved with dual simplex
[2025-08-30 09:13:19] DEBUG    Iteration    Objective       Primal Inf.    Dual Inf.      Time
[2025-08-30 09:13:19] DEBUG    3053176    2.3120543e+10   0.000000e+00   0.000000e+00   7262s

Solved in 3053176 iterations and 7261.53 seconds (6098.45 work units)
[2025-08-30 09:13:19] DEBUG    Optimal objective  2.312054337e+10
✅ Scenario completato: new_trasmission_VRES_2035_PHES

🚀 Lancio scenario: new_trasmission_VRES_2035_nostorage
[2025-08-30 09:26:13] INFO     Loading sets
[2025-08-30 09:26:14] INFO     Loading parameters
[2025-08-30 09:26:54] INFO     constraints are loaded in the following order: ['energy_balance', 'dispatch', 'costs', 'capacity', 'network', 'policy', 'conversion', 'group', 'conversion_plus', 'milp', 'export']
[2025-08-30 09:26:54] INFO     creating energy_balance constraints
[2025-08-30 09:30:28] INFO     creating dispatch constraints
[2025-08-30 09:36:49] INFO     creating costs constraints
[2025-08-30 09:47:49] INFO     creating capacity constraints
[2025-08-30 09:47:49] INFO     creating network constraints
[2025-08-30 09:47:49] INFO     creating policy constraints
[2025-08-30 09:47:49] INFO     creating conversion constraints
[2025-08-30 09:47:49] INFO     creating group constraints
[2025-08-30 09:47:49] INFO     creating conversion_plus constraints
[2025-08-30 09:47:49] INFO     creating milp constraints
[2025-08-30 09:47:49] INFO     creating export constraints
[2025-08-30 10:03:06] DEBUG    Set parameter WLSAccessID
Set parameter WLSSecret
Set parameter LicenseID to value 2680226
[2025-08-30 10:03:07] DEBUG    Academic license 2680226 - for non-commercial use only - registered to an___@mail.polimi.it
[2025-08-30 10:03:51] DEBUG    Read LP format model from file /tmp/tmpgk3e5xd7.pyomo.lp
Reading time = 44.07 seconds
x21877338: 29104441 rows, 21877338 columns, 71069718 nonzeros
[2025-08-30 10:03:51] DEBUG    Set parameter NumericFocus to value 1
Gurobi Optimizer version 12.0.2 build v12.0.2rc0 (linux64 - "Debian GNU/Linux 11 (bullseye)")

CPU model: Intel(R) Xeon(R) Silver 4314 CPU @ 2.40GHz, instruction set [SSE2|AVX|AVX2|AVX512]
Thread count: 32 physical cores, 64 logical processors, using up to 32 threads

Non-default parameters:
NumericFocus  1
[2025-08-30 10:03:51] DEBUG    Academic license 2680226 - for non-commercial use only - registered to an___@mail.polimi.it
Optimize a model with 29104441 rows, 21877338 columns and 71069718 nonzeros
[2025-08-30 10:03:52] DEBUG    Model fingerprint: 0x7e74110f
[2025-08-30 10:03:52] DEBUG    Coefficient statistics:
  Matrix range     [1e-07, 6e+02]
  Objective range  [1e+00, 1e+06]
  Bounds range     [0e+00, 0e+00]
  RHS range        [1e+00, 2e+08]
[2025-08-30 10:03:57] DEBUG    Presolve removed 21672400 rows and 11988608 columns (presolve time = 5s)...
[2025-08-30 10:04:02] DEBUG    Presolve removed 22322125 rows and 14187388 columns (presolve time = 10s)...
[2025-08-30 10:04:07] DEBUG    Presolve removed 24994796 rows and 16860000 columns (presolve time = 15s)...
[2025-08-30 10:04:12] DEBUG    Presolve removed 25973571 rows and 17838775 columns (presolve time = 20s)...
[2025-08-30 10:04:43] DEBUG    Presolve removed 26485235 rows and 18092815 columns (presolve time = 52s)...
[2025-08-30 10:04:47] DEBUG    Presolve removed 26485235 rows and 18355615 columns (presolve time = 55s)...
[2025-08-30 10:04:49] DEBUG    Presolve removed 26634138 rows and 18355615 columns
[2025-08-30 10:04:49] DEBUG    Presolve time: 58.22s
Presolved: 2470303 rows, 3670626 columns, 10979874 nonzeros

Concurrent LP optimizer: primal simplex, dual simplex, and barrier
Showing barrier log only...
[2025-08-30 10:04:52] DEBUG    Ordering time: 1.79s
[2025-08-30 10:04:54] DEBUG    Barrier statistics:
 Dense cols : 142
 AA' NZ     : 8.711e+06
 Factor NZ  : 3.933e+07 (roughly 3.0 GB of memory)
 Factor Ops : 3.361e+09 (less than 1 second per iteration)
[2025-08-30 10:04:54] DEBUG    Threads    : 30
[2025-08-30 10:04:59] DEBUG    Objective                Residual
[2025-08-30 10:04:59] DEBUG    Iter       Primal          Dual         Primal    Dual     Compl     Time
[2025-08-30 10:04:59] DEBUG    0   1.85206069e+21 -1.22595239e+19  6.90e+10 2.88e-11  3.22e+15    69s
[2025-08-30 10:05:05] DEBUG    1   1.38081561e+21 -1.22920256e+19  5.08e+10 1.62e+05  2.24e+15    74s
[2025-08-30 10:05:12] DEBUG    2   7.81693763e+20 -1.11466804e+19  2.85e+10 5.86e+04  1.17e+15    81s
[2025-08-30 10:05:19] DEBUG    3   4.64128163e+20 -9.54356947e+18  1.70e+10 1.06e+04  5.87e+14    89s
[2025-08-30 10:05:25] DEBUG    4   3.83156939e+20 -9.41610447e+18  1.40e+10 9.43e+03  4.88e+14    95s
[2025-08-30 10:05:30] DEBUG    5   3.57067251e+20 -9.26541861e+18  1.30e+10 8.14e+03  4.53e+14   100s
[2025-08-30 10:05:35] DEBUG    6   3.20064339e+20 -9.02536050e+18  1.16e+10 6.27e+03  4.01e+14   105s
[2025-08-30 10:05:40] DEBUG    7   2.63504347e+20 -8.79954009e+18  9.52e+09 4.75e+03  3.29e+14   109s
[2025-08-30 10:05:47] DEBUG    8   2.16414030e+20 -8.63497408e+18  7.86e+09 3.64e+03  2.71e+14   117s
[2025-08-30 10:05:55] DEBUG    9   2.04897943e+20 -8.59088620e+18  7.42e+09 3.46e+03  2.56e+14   124s
[2025-08-30 10:06:06] DEBUG    10   7.95783198e+19 -8.31160278e+18  2.84e+09 1.54e+03  1.01e+14   135s
[2025-08-30 10:06:18] DEBUG    11   1.93272214e+19 -7.56223332e+18  5.49e+08 4.60e+02  2.18e+13   147s
[2025-08-30 10:06:26] DEBUG    12   3.38018183e+18 -5.63366239e+18  8.28e+07 1.34e+02  4.15e+12   156s
[2025-08-30 10:06:33] DEBUG    13   3.24864130e+17 -2.83295236e+18  7.77e+06 2.74e+01  7.31e+11   162s
[2025-08-30 10:06:38] DEBUG    14   6.03084548e+16 -3.31128196e+17  1.39e+06 1.36e+00  7.82e+10   167s
[2025-08-30 10:06:43] DEBUG    15   1.87023447e+14 -3.60077879e+16  1.87e+03 9.07e-03  4.53e+09   173s
[2025-08-30 10:06:48] DEBUG    16   5.89734517e+13 -3.23227600e+15  2.42e+01 7.73e-04  4.06e+08   177s
[2025-08-30 10:06:53] DEBUG    17   5.32503463e+13 -1.45514351e+14  3.07e-03 2.13e-03  2.28e+07   182s
[2025-08-30 10:07:10] DEBUG    18   4.00720779e+13 -8.63228136e+13  1.84e-03 1.98e-03  1.38e+07   199s
[2025-08-30 10:07:28] DEBUG    19   3.81654871e+13 -8.59314088e+13  1.70e-03 2.00e-03  1.37e+07   217s
[2025-08-30 10:07:45] DEBUG    20   3.73459229e+13 -8.08366387e+13  1.64e-03 2.00e-03  1.29e+07   235s
[2025-08-30 10:08:02] DEBUG    21   3.67536378e+13 -7.69839089e+13  1.60e-03 2.01e-03  1.24e+07   251s
[2025-08-30 10:08:24] DEBUG    22   3.60931474e+13 -7.61867456e+13  1.56e-03 2.02e-03  1.22e+07   273s
[2025-08-30 10:08:43] DEBUG    23   3.54623883e+13 -7.48093814e+13  1.51e-03 2.02e-03  1.20e+07   293s
[2025-08-30 10:09:10] DEBUG    24   3.45114327e+13 -6.17903453e+13  1.46e-03 2.06e-03  1.02e+07   320s
[2025-08-30 10:09:33] DEBUG    25   3.38770365e+13 -6.06352809e+13  1.41e-03 2.07e-03  9.98e+06   342s
[2025-08-30 10:09:53] DEBUG    26   3.35494782e+13 -5.84838939e+13  1.39e-03 2.08e-03  9.66e+06   363s
[2025-08-30 10:10:17] DEBUG    27   3.27159686e+13 -4.37027862e+13  1.34e-03 2.13e-03  7.59e+06   386s
[2025-08-30 10:10:41] DEBUG    28   3.20263050e+13 -4.30171023e+13  1.29e-03 2.14e-03  7.45e+06   411s
[2025-08-30 10:11:02] DEBUG    29   3.13635165e+13 -4.00850940e+13  1.25e-03 2.15e-03  7.01e+06   432s
[2025-08-30 10:11:26] DEBUG    30   2.99134242e+13 -3.38533374e+13  1.15e-03 2.21e-03  6.05e+06   455s
[2025-08-30 10:11:51] DEBUG    31   2.87124225e+13 -2.90319912e+13  1.09e-03 2.59e-03  5.30e+06   481s
[2025-08-30 10:12:17] DEBUG    32   2.69572064e+13 -2.42826376e+13  9.75e-04 3.04e-03  4.53e+06   507s
[2025-08-30 10:12:46] DEBUG    33   2.60815929e+13 -2.12547858e+13  9.23e-04 2.63e-03  4.06e+06   536s
[2025-08-30 10:13:08] DEBUG    34   2.40349954e+13 -1.35115246e+13  7.97e-04 3.54e-03  2.86e+06   558s
[2025-08-30 10:13:34] DEBUG    35   2.17801782e+13 -1.24353950e+13  6.65e-04 3.26e-03  2.55e+06   584s
[2025-08-30 10:13:58] DEBUG    36   1.81092147e+13 -6.79408336e+12  4.57e-04 6.51e-03  1.51e+06   607s
[2025-08-30 10:14:20] DEBUG    37   1.73503831e+13 -5.60529632e+12  4.18e-04 5.65e-03  1.30e+06   629s
[2025-08-30 10:14:39] DEBUG    38   1.56301264e+13 -2.24520917e+12  3.28e-04 4.38e-03  7.29e+05   649s
[2025-08-30 10:14:55] DEBUG    39   1.39944328e+13 -5.59027347e+11  2.48e-04 3.43e-03  3.95e+05   665s
[2025-08-30 10:15:15] DEBUG    40   1.23824410e+13 -4.07128891e+11  1.83e-04 3.36e-03  2.75e+05   684s
[2025-08-30 10:15:35] DEBUG    41   1.10915079e+13 -3.71120911e+11  1.35e-04 3.45e-03  2.06e+05   704s
[2025-08-30 10:15:51] DEBUG    42   1.06043315e+13 -2.56102771e+11  1.15e-04 3.13e-03  1.74e+05   720s
[2025-08-30 10:16:06] DEBUG    43   1.01641712e+13 -2.03037105e+11  9.90e-05 2.79e-03  1.47e+05   735s
[2025-08-30 10:16:18] DEBUG    44   9.79085539e+12 -1.44723443e+11  8.11e-05 3.02e-03  1.19e+05   747s
[2025-08-30 10:16:30] DEBUG    45   9.63469258e+12 -1.02658976e+11  7.62e-05 3.16e-03  1.04e+05   759s
[2025-08-30 10:16:41] DEBUG    46   9.43681838e+12 -8.63128008e+10  6.59e-05 3.39e-03  8.93e+04   771s
[2025-08-30 10:16:52] DEBUG    47   9.27131278e+12 -5.92193390e+10  5.84e-05 4.71e-03  7.46e+04   782s
[2025-08-30 10:17:07] DEBUG    48   9.04702974e+12 -4.57215110e+10  4.84e-05 3.65e-03  6.08e+04   796s
[2025-08-30 10:17:18] DEBUG    49   8.93500002e+12 -3.76411413e+10  4.42e-05 3.26e-03  5.41e+04   807s
[2025-08-30 10:17:32] DEBUG    50   8.82465919e+12 -3.25594864e+10  4.01e-05 3.21e-03  4.84e+04   821s
[2025-08-30 10:17:44] DEBUG    51   8.74065516e+12 -2.91999923e+10  4.09e-05 3.37e-03  4.42e+04   834s
[2025-08-30 10:17:54] DEBUG    52   8.66035410e+12 -2.35388531e+10  3.49e-05 3.64e-03  3.96e+04   844s
[2025-08-30 10:18:18] DEBUG    53   8.63087303e+12 -2.22068061e+10  5.32e-05 3.78e-03  3.83e+04   867s
[2025-08-30 10:18:42] DEBUG    54   8.53128152e+12 -1.99814129e+10  4.99e-05 6.79e-03  3.53e+04   892s
[2025-08-30 10:19:00] DEBUG    55   8.49964948e+12 -1.80916474e+10  6.84e-05 1.01e-02  3.38e+04   909s
[2025-08-30 10:19:17] DEBUG    56   8.48253676e+12 -1.62414586e+10  6.32e-05 1.33e-02  3.30e+04   926s
[2025-08-30 10:19:31] DEBUG    57   8.42029525e+12 -1.33106674e+10  4.69e-05 1.92e-02  3.03e+04   940s
[2025-08-30 10:19:50] DEBUG    58   8.39434694e+12 -1.17832389e+10  4.58e-05 2.10e-02  2.92e+04   959s
[2025-08-30 10:20:05] DEBUG    59   8.36043195e+12 -1.06024744e+10  4.65e-05 2.17e-02  2.79e+04   975s
[2025-08-30 10:20:21] DEBUG    60   8.34133240e+12 -9.74740145e+09  4.15e-05 2.25e-02  2.72e+04   990s
[2025-08-30 10:20:33] DEBUG    61   8.31739543e+12 -9.26670895e+09  3.24e-05 2.29e-02  2.65e+04  1003s
[2025-08-30 10:20:47] DEBUG    62   8.29562859e+12 -8.27000508e+09  3.21e-05 2.37e-02  2.57e+04  1016s
[2025-08-30 10:20:58] DEBUG    63   8.27665220e+12 -6.81366405e+09  3.18e-05 2.49e-02  2.49e+04  1027s
[2025-08-30 10:21:07] DEBUG    64   8.21633404e+12 -5.36489182e+09  2.52e-05 2.60e-02  2.31e+04  1036s
[2025-08-30 10:21:19] DEBUG    65   8.19792895e+12 -4.89329205e+09  2.36e-05 2.63e-02  2.26e+04  1049s
[2025-08-30 10:21:37] DEBUG    66   8.14660685e+12 -4.32620002e+09  2.71e-05 2.66e-02  2.12e+04  1066s
[2025-08-30 10:21:48] DEBUG    67   8.12806659e+12 -3.76196347e+09  2.50e-05 2.67e-02  2.07e+04  1077s
[2025-08-30 10:21:59] DEBUG    68   8.09913147e+12 -3.27891643e+09  2.59e-05 2.69e-02  2.00e+04  1089s
[2025-08-30 10:22:15] DEBUG    69   8.05246564e+12 -2.84676519e+09  3.02e-05 2.71e-02  1.88e+04  1104s
[2025-08-30 10:22:28] DEBUG    70   8.00069634e+12 -1.95822612e+09  4.21e-05 2.70e-02  1.76e+04  1117s
[2025-08-30 10:22:47] DEBUG    71   7.96093560e+12 -1.31276103e+09  6.62e-05 2.69e-02  1.67e+04  1137s
[2025-08-30 10:23:04] DEBUG    72   7.92943495e+12 -4.78961554e+08  3.59e-05 2.67e-02  1.59e+04  1153s
[2025-08-30 10:23:20] DEBUG    73   7.88846829e+12  1.51747516e+08  3.86e-05 2.65e-02  1.50e+04  1169s
[2025-08-30 10:23:43] DEBUG    74   7.85886860e+12  1.23426132e+09  3.21e-05 2.60e-02  1.43e+04  1192s
[2025-08-30 10:23:58] DEBUG    75   7.80301203e+12  1.61749952e+09  4.54e-05 2.58e-02  1.33e+04  1208s
[2025-08-30 10:24:18] DEBUG    76   7.78286912e+12  2.61971161e+09  4.32e-05 2.52e-02  1.27e+04  1228s
[2025-08-30 10:24:37] DEBUG    77   7.76233009e+12  3.19632438e+09  4.89e-05 2.48e-02  1.22e+04  1246s
[2025-08-30 10:24:53] DEBUG    78   7.73131917e+12  3.97605646e+09  3.84e-05 2.44e-02  1.17e+04  1262s
[2025-08-30 10:25:12] DEBUG    79   7.71735146e+12  4.30807958e+09  3.78e-05 2.42e-02  1.14e+04  1281s
[2025-08-30 10:25:32] DEBUG    80   7.70254468e+12  4.97358582e+09  3.40e-05 2.38e-02  1.11e+04  1302s
[2025-08-30 10:25:44] DEBUG    81   7.67083816e+12  5.61646693e+09  3.54e-05 2.34e-02  1.06e+04  1313s
[2025-08-30 10:26:02] DEBUG    82   7.64414054e+12  6.45396289e+09  5.19e-05 2.29e-02  1.00e+04  1331s
[2025-08-30 10:26:17] DEBUG    83   7.59713495e+12  6.97864101e+09  5.59e-05 2.25e-02  9.38e+03  1346s
[2025-08-30 10:26:31] DEBUG    84   7.58483005e+12  7.28642096e+09  4.91e-05 2.23e-02  9.17e+03  1360s
[2025-08-30 10:26:47] DEBUG    85   7.54991464e+12  7.60862993e+09  6.79e-05 2.19e-02  8.65e+03  1377s
[2025-08-30 10:27:00] DEBUG    86   7.47892401e+12  8.76018075e+09  7.52e-05 2.11e-02  7.58e+03  1389s
[2025-08-30 10:27:17] DEBUG    87   7.43923134e+12  9.29145257e+09  7.40e-05 2.07e-02  7.25e+03  1407s
[2025-08-30 10:27:37] DEBUG    88   7.40813680e+12  9.50544812e+09  7.32e-05 2.05e-02  7.12e+03  1426s
[2025-08-30 10:28:06] DEBUG    89   7.31554867e+12  9.86289638e+09  5.06e-05 2.02e-02  6.60e+03  1456s
[2025-08-30 10:28:23] DEBUG    90   7.30030994e+12  1.02105980e+10  4.98e-05 1.99e-02  6.50e+03  1472s
[2025-08-30 10:28:42] DEBUG    91   7.25732991e+12  1.08411884e+10  5.71e-05 1.94e-02  6.17e+03  1492s
[2025-08-30 10:29:23] DEBUG    92   7.20917225e+12  1.17148258e+10  5.56e-05 1.88e-02  5.99e+03  1533s
[2025-08-30 10:29:58] DEBUG    93   7.16896598e+12  1.25076937e+10  5.68e-05 1.81e-02  5.76e+03  1568s
[2025-08-30 10:30:18] DEBUG    94   7.12163860e+12  1.29349064e+10  8.04e-05 1.77e-02  5.41e+03  1587s
[2025-08-30 10:30:31] DEBUG    95   7.08628025e+12  1.32945861e+10  1.26e-04 1.73e-02  5.04e+03  1600s
[2025-08-30 10:30:46] DEBUG    96   7.05150016e+12  1.34296559e+10  6.13e-05 1.72e-02  4.72e+03  1615s
[2025-08-30 10:30:59] DEBUG    97   7.03537391e+12  1.37605077e+10  8.76e-05 1.70e-02  4.55e+03  1628s
[2025-08-30 10:31:13] DEBUG    98   7.00628740e+12  1.41067848e+10  9.95e-05 1.67e-02  4.32e+03  1642s
[2025-08-30 10:31:27] DEBUG    99   6.98786560e+12  1.41928136e+10  1.74e-04 1.66e-02  4.05e+03  1656s
[2025-08-30 10:31:39] DEBUG    100   6.97104696e+12  1.46214715e+10  2.02e-04 1.62e-02  3.78e+03  1669s
[2025-08-30 10:31:50] DEBUG    101   6.95059859e+12  1.50476780e+10  5.25e-04 1.59e-02  3.46e+03  1679s
[2025-08-30 10:32:05] DEBUG    102   6.92870164e+12  1.53685250e+10  6.39e-04 1.57e-02  3.16e+03  1694s
[2025-08-30 10:32:22] DEBUG    103   6.91166535e+12  1.56159864e+10  5.85e-04 1.54e-02  2.94e+03  1711s
[2025-08-30 10:32:34] DEBUG    104   6.89862021e+12  1.58983196e+10  6.44e-04 1.51e-02  2.77e+03  1723s
[2025-08-30 10:32:44] DEBUG    105   6.88161162e+12  1.59976372e+10  6.63e-04 1.50e-02  2.60e+03  1733s
[2025-08-30 10:32:56] DEBUG    106   6.87008984e+12  1.62221651e+10  5.76e-04 1.48e-02  2.46e+03  1745s
[2025-08-30 10:33:08] DEBUG    107   6.85599108e+12  1.63285343e+10  4.89e-04 1.47e-02  2.33e+03  1757s
[2025-08-30 10:33:18] DEBUG    108   6.84870725e+12  1.64725907e+10  5.69e-04 1.46e-02  2.26e+03  1768s
[2025-08-30 10:33:37] DEBUG    109   6.84689642e+12  1.65568580e+10  5.72e-04 1.45e-02  2.24e+03  1786s
[2025-08-30 10:33:49] DEBUG    110   6.83757187e+12  1.67237736e+10  5.78e-04 1.43e-02  2.14e+03  1798s
[2025-08-30 10:33:59] DEBUG    111   6.82777123e+12  1.69464229e+10  5.97e-04 1.41e-02  2.05e+03  1809s
[2025-08-30 10:34:12] DEBUG    112   6.80775389e+12  1.70521859e+10  6.29e-04 1.41e-02  1.90e+03  1821s
[2025-08-30 10:34:25] DEBUG    113   6.79708082e+12  1.74121694e+10  5.71e-04 1.38e-02  1.77e+03  1834s
[2025-08-30 10:34:39] DEBUG    114   6.78547609e+12  1.75782348e+10  6.23e-04 1.37e-02  1.68e+03  1848s
[2025-08-30 10:34:55] DEBUG    115   6.77659095e+12  1.76732539e+10  6.59e-04 1.36e-02  1.62e+03  1864s
[2025-08-30 10:35:08] DEBUG    116   6.75998648e+12  1.77591720e+10  6.23e-04 1.36e-02  1.53e+03  1877s
[2025-08-30 10:35:23] DEBUG    117   6.74745350e+12  1.77870475e+10  5.15e-04 1.35e-02  1.46e+03  1892s
[2025-08-30 10:35:35] DEBUG    118   6.73237613e+12  1.78237817e+10  4.66e-04 1.35e-02  1.38e+03  1904s
[2025-08-30 10:35:53] DEBUG    119   6.70694403e+12  1.79456000e+10  2.72e-04 1.34e-02  1.24e+03  1923s
[2025-08-30 10:36:06] DEBUG    120   6.69792435e+12  1.80702632e+10  2.93e-04 1.33e-02  1.19e+03  1936s
[2025-08-30 10:36:20] DEBUG    121   6.68994529e+12  1.82200908e+10  2.76e-04 1.32e-02  1.14e+03  1949s
[2025-08-30 10:36:32] DEBUG    122   6.66377770e+12  1.83897273e+10  2.46e-04 1.30e-02  1.02e+03  1961s
[2025-08-30 10:36:42] DEBUG    123   6.64743963e+12  1.85723356e+10  2.15e-04 1.29e-02  9.37e+02  1972s
[2025-08-30 10:36:52] DEBUG    124   6.62993866e+12  1.86338632e+10  2.03e-04 1.28e-02  8.69e+02  1981s
[2025-08-30 10:37:03] DEBUG    125   6.61286001e+12  1.86938456e+10  3.31e-04 1.27e-02  8.05e+02  1993s
[2025-08-30 10:37:12] DEBUG    126   6.60258675e+12  1.87269046e+10  2.84e-04 1.27e-02  7.72e+02  2001s
[2025-08-30 10:37:25] DEBUG    127   6.60016408e+12  1.87637468e+10  3.08e-04 1.26e-02  7.57e+02  2014s
[2025-08-30 10:37:36] DEBUG    128   6.57112082e+12  1.88269914e+10  2.64e-04 1.25e-02  6.66e+02  2026s
[2025-08-30 10:37:46] DEBUG    129   6.55729007e+12  1.88681023e+10  2.61e-04 1.25e-02  6.28e+02  2036s
[2025-08-30 10:38:00] DEBUG    130   6.55371986e+12  1.88935168e+10  2.52e-04 1.24e-02  6.15e+02  2049s
[2025-08-30 10:38:24] DEBUG    131   6.55263961e+12  1.88945165e+10  2.50e-04 1.24e-02  6.13e+02  2074s
[2025-08-30 10:38:43] DEBUG    132   6.55050407e+12  1.89202927e+10  2.43e-04 1.24e-02  6.04e+02  2092s
[2025-08-30 10:39:01] DEBUG    133   6.54809994e+12  1.89066400e+10  2.41e-04 1.24e-02  6.82e+02  2111s
[2025-08-30 10:39:31] DEBUG    134   6.54597464e+12  1.89111673e+10  2.40e-04 1.24e-02  6.80e+02  2141s
[2025-08-30 10:39:53] DEBUG    135   6.54375264e+12  1.89166947e+10  2.40e-04 1.24e-02  6.91e+02  2162s
[2025-08-30 10:40:14] DEBUG    136   6.54028283e+12  1.89225942e+10  2.40e-04 1.24e-02  6.88e+02  2184s
[2025-08-30 10:40:48] DEBUG    137   6.53366001e+12  1.89316165e+10  2.38e-04 1.24e-02  6.79e+02  2218s
[2025-08-30 10:41:11] DEBUG    138   6.52848051e+12  1.89493274e+10  2.35e-04 1.24e-02  6.71e+02  2241s
[2025-08-30 10:41:11] DEBUG    Barrier performed 138 iterations in 2240.70 seconds (458.56 work units)
[2025-08-30 10:41:11] DEBUG    Numerical trouble encountered
[2025-08-30 10:41:11] DEBUG    Model may be infeasible or unbounded.  Consider using the
[2025-08-30 10:41:11] DEBUG    homogeneous algorithm (through parameter 'BarHomogeneous')
[2025-08-30 10:42:16] DEBUG    Waiting for other threads to finish...        2305s
[2025-08-30 10:43:20] DEBUG    Waiting for other threads to finish...        2370s
[2025-08-30 10:44:25] DEBUG    Waiting for other threads to finish...        2434s
[2025-08-30 10:45:29] DEBUG    Waiting for other threads to finish...        2499s
[2025-08-30 10:46:34] DEBUG    Waiting for other threads to finish...        2563s
[2025-08-30 10:47:39] DEBUG    Waiting for other threads to finish...        2628s
[2025-08-30 10:48:43] DEBUG    Waiting for other threads to finish...        2692s
[2025-08-30 10:49:48] DEBUG    Waiting for other threads to finish...        2757s
[2025-08-30 10:50:52] DEBUG    Waiting for other threads to finish...        2822s
[2025-08-30 10:51:57] DEBUG    Waiting for other threads to finish...        2886s
[2025-08-30 10:53:01] DEBUG    Waiting for other threads to finish...        2951s
[2025-08-30 10:54:06] DEBUG    Waiting for other threads to finish...        3015s
[2025-08-30 10:55:11] DEBUG    Waiting for other threads to finish...        3080s
[2025-08-30 10:56:16] DEBUG    Waiting for other threads to finish...        3145s
[2025-08-30 10:57:20] DEBUG    Waiting for other threads to finish...        3209s
[2025-08-30 10:58:25] DEBUG    Waiting for other threads to finish...        3274s
[2025-08-30 10:59:29] DEBUG    Waiting for other threads to finish...        3339s
[2025-08-30 11:00:34] DEBUG    Waiting for other threads to finish...        3403s
[2025-08-30 11:01:39] DEBUG    Waiting for other threads to finish...        3468s
[2025-08-30 11:02:43] DEBUG    Waiting for other threads to finish...        3533s
[2025-08-30 11:03:48] DEBUG    Waiting for other threads to finish...        3597s
[2025-08-30 11:04:52] DEBUG    Waiting for other threads to finish...        3662s
[2025-08-30 11:05:56] DEBUG    Waiting for other threads to finish...        3726s
[2025-08-30 11:07:01] DEBUG    Waiting for other threads to finish...        3791s
[2025-08-30 11:08:06] DEBUG    Waiting for other threads to finish...        3856s
[2025-08-30 11:09:11] DEBUG    Waiting for other threads to finish...        3920s
[2025-08-30 11:10:15] DEBUG    Waiting for other threads to finish...        3985s
[2025-08-30 11:11:20] DEBUG    Waiting for other threads to finish...        4050s
[2025-08-30 11:12:25] DEBUG    Waiting for other threads to finish...        4114s
[2025-08-30 11:13:29] DEBUG    Waiting for other threads to finish...        4179s
[2025-08-30 11:14:34] DEBUG    Waiting for other threads to finish...        4243s
[2025-08-30 11:15:39] DEBUG    Waiting for other threads to finish...        4308s
[2025-08-30 11:16:43] DEBUG    Waiting for other threads to finish...        4373s
[2025-08-30 11:17:48] DEBUG    Waiting for other threads to finish...        4437s
[2025-08-30 11:18:52] DEBUG    Waiting for other threads to finish...        4502s
[2025-08-30 11:19:57] DEBUG    Waiting for other threads to finish...        4566s
[2025-08-30 11:21:02] DEBUG    Waiting for other threads to finish...        4631s
[2025-08-30 11:22:06] DEBUG    Waiting for other threads to finish...        4696s
[2025-08-30 11:23:11] DEBUG    Waiting for other threads to finish...        4760s
[2025-08-30 11:24:15] DEBUG    Waiting for other threads to finish...        4825s
[2025-08-30 11:25:20] DEBUG    Waiting for other threads to finish...        4889s
[2025-08-30 11:26:25] DEBUG    Waiting for other threads to finish...        4954s
[2025-08-30 11:27:29] DEBUG    Waiting for other threads to finish...        5019s
[2025-08-30 11:28:34] DEBUG    Waiting for other threads to finish...        5083s
[2025-08-30 11:29:39] DEBUG    Waiting for other threads to finish...        5148s
[2025-08-30 11:30:43] DEBUG    Waiting for other threads to finish...        5213s
[2025-08-30 11:31:48] DEBUG    Waiting for other threads to finish...        5277s
[2025-08-30 11:32:52] DEBUG    Waiting for other threads to finish...        5342s
[2025-08-30 11:33:57] DEBUG    Waiting for other threads to finish...        5406s
[2025-08-30 11:35:02] DEBUG    Waiting for other threads to finish...        5471s
[2025-08-30 11:36:06] DEBUG    Waiting for other threads to finish...        5535s
[2025-08-30 11:37:10] DEBUG    Waiting for other threads to finish...        5600s
[2025-08-30 11:38:15] DEBUG    Waiting for other threads to finish...        5665s
[2025-08-30 11:39:20] DEBUG    Waiting for other threads to finish...        5729s
[2025-08-30 11:40:24] DEBUG    Waiting for other threads to finish...        5794s
[2025-08-30 11:41:29] DEBUG    Waiting for other threads to finish...        5859s
[2025-08-30 11:42:34] DEBUG    Waiting for other threads to finish...        5923s
[2025-08-30 11:43:39] DEBUG    Waiting for other threads to finish...        5988s
[2025-08-30 11:44:43] DEBUG    Waiting for other threads to finish...        6053s
[2025-08-30 11:45:48] DEBUG    Waiting for other threads to finish...        6117s
[2025-08-30 11:46:53] DEBUG    Waiting for other threads to finish...        6182s
[2025-08-30 11:47:57] DEBUG    Waiting for other threads to finish...        6246s
[2025-08-30 11:49:02] DEBUG    Waiting for other threads to finish...        6311s
[2025-08-30 11:50:07] DEBUG    Waiting for other threads to finish...        6376s
[2025-08-30 11:51:11] DEBUG    Waiting for other threads to finish...        6440s
[2025-08-30 11:52:15] DEBUG    Waiting for other threads to finish...        6505s
[2025-08-30 11:53:20] DEBUG    Waiting for other threads to finish...        6569s
[2025-08-30 11:54:25] DEBUG    Waiting for other threads to finish...        6634s
[2025-08-30 11:55:29] DEBUG    Waiting for other threads to finish...        6699s
[2025-08-30 11:56:34] DEBUG    Waiting for other threads to finish...        6763s
[2025-08-30 11:57:38] DEBUG    Waiting for other threads to finish...        6828s
[2025-08-30 11:58:43] DEBUG    Waiting for other threads to finish...        6892s
[2025-08-30 11:59:47] DEBUG    Waiting for other threads to finish...        6957s
[2025-08-30 12:00:52] DEBUG    Waiting for other threads to finish...        7021s
[2025-08-30 12:01:16] DEBUG    Solved with dual simplex
[2025-08-30 12:01:28] DEBUG    Iteration    Objective       Primal Inf.    Dual Inf.      Time
[2025-08-30 12:01:28] DEBUG    1751235    2.7483579e+10   0.000000e+00   0.000000e+00   7058s

Solved in 1751235 iterations and 7057.79 seconds (6153.46 work units)
[2025-08-30 12:01:28] DEBUG    Optimal objective  2.748357863e+10
✅ Scenario completato: new_trasmission_VRES_2035_nostorage

🚀 Lancio scenario: new_trasmission_CG+VRES_2035_BESS
[2025-08-30 12:17:42] INFO     Loading sets
[2025-08-30 12:17:42] INFO     Loading parameters
[2025-08-30 12:18:22] INFO     constraints are loaded in the following order: ['energy_balance', 'dispatch', 'costs', 'capacity', 'network', 'policy', 'conversion', 'group', 'conversion_plus', 'milp', 'export']
[2025-08-30 12:18:22] INFO     creating energy_balance constraints
[2025-08-30 12:22:01] INFO     creating dispatch constraints
[2025-08-30 12:24:35] INFO     creating costs constraints
[2025-08-30 12:42:05] INFO     creating capacity constraints
[2025-08-30 12:42:05] INFO     creating network constraints
[2025-08-30 12:42:05] INFO     creating policy constraints
[2025-08-30 12:42:05] INFO     creating conversion constraints
[2025-08-30 12:42:05] INFO     creating group constraints
[2025-08-30 12:42:05] INFO     creating conversion_plus constraints
[2025-08-30 12:42:05] INFO     creating milp constraints
[2025-08-30 12:42:05] INFO     creating export constraints
[2025-08-30 12:58:04] DEBUG    Set parameter WLSAccessID
Set parameter WLSSecret
Set parameter LicenseID to value 2680226
[2025-08-30 12:58:05] DEBUG    Academic license 2680226 - for non-commercial use only - registered to an___@mail.polimi.it
[2025-08-30 12:58:52] DEBUG    Read LP format model from file /tmp/tmp5pdembzp.pyomo.lp
Reading time = 47.35 seconds
x22955038: 30269706 rows, 22955038 columns, 74771186 nonzeros
[2025-08-30 12:58:52] DEBUG    Set parameter NumericFocus to value 1
Gurobi Optimizer version 12.0.2 build v12.0.2rc0 (linux64 - "Debian GNU/Linux 11 (bullseye)")

CPU model: Intel(R) Xeon(R) Silver 4314 CPU @ 2.40GHz, instruction set [SSE2|AVX|AVX2|AVX512]
Thread count: 32 physical cores, 64 logical processors, using up to 32 threads

Non-default parameters:
NumericFocus  1
[2025-08-30 12:58:52] DEBUG    Academic license 2680226 - for non-commercial use only - registered to an___@mail.polimi.it
Optimize a model with 30269706 rows, 22955038 columns and 74771186 nonzeros
[2025-08-30 12:58:53] DEBUG    Model fingerprint: 0x7ee43dbf
[2025-08-30 12:58:53] DEBUG    Coefficient statistics:
  Matrix range     [1e-07, 6e+02]
  Objective range  [1e+00, 1e+06]
  Bounds range     [0e+00, 0e+00]
  RHS range        [1e+00, 2e+08]
[2025-08-30 12:58:59] DEBUG    Presolve removed 21611207 rows and 12444258 columns (presolve time = 6s)...
[2025-08-30 12:59:03] DEBUG    Presolve removed 22059773 rows and 12931341 columns (presolve time = 10s)...
[2025-08-30 12:59:08] DEBUG    Presolve removed 22862700 rows and 15560000 columns (presolve time = 15s)...
[2025-08-30 12:59:13] DEBUG    Presolve removed 25842434 rows and 18488955 columns (presolve time = 20s)...
[2025-08-30 12:59:18] DEBUG    Presolve removed 25842434 rows and 18488955 columns (presolve time = 25s)...
[2025-08-30 12:59:49] DEBUG    Presolve removed 26380329 rows and 18742995 columns (presolve time = 56s)...
[2025-08-30 12:59:53] DEBUG    Presolve removed 26380329 rows and 18918195 columns (presolve time = 60s)...
[2025-08-30 12:59:56] DEBUG    Presolve removed 26529232 rows and 18918195 columns
[2025-08-30 13:00:38] DEBUG    Presolve time: 105.98s
[2025-08-30 13:00:38] DEBUG    Presolved: 3740474 rows, 4185746 columns, 15650425 nonzeros

Concurrent LP optimizer: primal simplex, dual simplex, and barrier
Showing barrier log only...
[2025-08-30 13:01:29] DEBUG    Elapsed ordering time = 48s
[2025-08-30 13:01:30] DEBUG    Elapsed ordering time = 50s
[2025-08-30 13:01:35] DEBUG    Elapsed ordering time = 55s
[2025-08-30 13:01:41] DEBUG    Ordering time: 60.32s
[2025-08-30 13:01:44] DEBUG    Barrier statistics:
 Dense cols : 203
 AA' NZ     : 1.621e+07
 Factor NZ  : 6.906e+07 (roughly 4.0 GB of memory)
 Factor Ops : 8.193e+09 (less than 1 second per iteration)
 Threads    : 30
[2025-08-30 13:01:50] DEBUG    Objective                Residual
Iter       Primal          Dual         Primal    Dual     Compl     Time
[2025-08-30 13:01:50] DEBUG    0   8.93717528e+14 -1.09908506e+15  7.38e+10 2.41e-01  3.85e+11   178s
[2025-08-30 13:01:57] DEBUG    1   7.72148292e+14 -1.10119752e+15  6.24e+10 2.43e+01  2.96e+11   185s
[2025-08-30 13:02:04] DEBUG    2   6.49414257e+14 -1.05499848e+15  5.02e+10 1.03e+01  1.98e+11   192s
[2025-08-30 13:02:14] DEBUG    3   4.80068823e+14 -9.37746025e+14  3.33e+10 2.82e+00  1.08e+11   202s
[2025-08-30 13:02:24] DEBUG    4   4.20079849e+14 -8.43713679e+14  2.69e+10 9.00e-01  7.58e+10   212s
[2025-08-30 13:02:30] DEBUG    5   2.84933248e+14 -7.97283660e+14  1.17e+10 4.24e-01  3.38e+10   218s
[2025-08-30 13:02:36] DEBUG    6   2.39497602e+14 -7.31068832e+14  4.60e+09 2.64e-01  1.37e+10   225s
[2025-08-30 13:02:42] DEBUG    7   2.50296393e+14 -6.41651431e+14  1.58e+09 8.26e-02  4.78e+09   230s
[2025-08-30 13:02:49] DEBUG    8   2.45250004e+14 -4.86558195e+14  1.02e+09 1.01e-02  2.75e+09   237s
[2025-08-30 13:02:56] DEBUG    9   2.50681046e+14 -4.12407378e+14  4.64e+08 2.91e-02  1.25e+09   244s
[2025-08-30 13:03:04] DEBUG    10   2.29572454e+14 -3.17369737e+14  1.05e+08 4.09e-02  3.01e+08   252s
[2025-08-30 13:03:11] DEBUG    11   2.17076999e+14 -2.15715928e+14  6.59e+07 4.00e-02  1.84e+08   259s
[2025-08-30 13:03:17] DEBUG    12   2.15456089e+14 -2.09249830e+14  6.32e+07 3.99e-02  1.75e+08   265s
[2025-08-30 13:03:26] DEBUG    13   1.98839267e+14 -1.35818771e+14  3.47e+07 3.82e-02  9.41e+07   274s
[2025-08-30 13:03:35] DEBUG    14   1.97122482e+14 -8.06811934e+13  3.31e+07 7.35e-02  7.77e+07   283s
[2025-08-30 13:03:42] DEBUG    15   1.87282682e+14 -6.76362952e+13  2.39e+07 7.22e-02  5.57e+07   290s
[2025-08-30 13:03:48] DEBUG    16   1.84541350e+14 -5.65768552e+13  2.20e+07 7.02e-02  4.90e+07   296s
[2025-08-30 13:03:54] DEBUG    17   1.77869285e+14 -4.59859580e+13  1.72e+07 6.89e-02  3.74e+07   302s
[2025-08-30 13:04:03] DEBUG    18   1.74002659e+14 -3.84508327e+13  1.51e+07 6.81e-02  3.00e+07   311s
[2025-08-30 13:04:12] DEBUG    19   1.57353657e+14 -2.58673193e+13  6.59e+06 6.50e-02  1.37e+07   320s
[2025-08-30 13:04:26] DEBUG    20   1.46989940e+14 -1.40741688e+13  4.09e+06 6.19e-02  6.92e+06   334s
[2025-08-30 13:04:35] DEBUG    21   1.44691077e+14 -9.96758676e+12  3.68e+06 5.61e-02  5.10e+06   343s
[2025-08-30 13:04:43] DEBUG    22   1.38354050e+14 -6.83073400e+12  2.54e+06 4.33e-02  3.09e+06   351s
[2025-08-30 13:04:50] DEBUG    23   1.32649882e+14 -5.58864193e+12  1.75e+06 4.16e-02  2.15e+06   358s
[2025-08-30 13:04:57] DEBUG    24   1.29685955e+14 -4.44602085e+12  1.47e+06 4.03e-02  1.67e+06   365s
[2025-08-30 13:05:03] DEBUG    25   1.26806939e+14 -4.00524023e+12  1.22e+06 3.97e-02  1.39e+06   371s
[2025-08-30 13:05:10] DEBUG    26   1.26513644e+14 -3.82899221e+12  1.20e+06 3.94e-02  1.34e+06   378s
[2025-08-30 13:05:17] DEBUG    27   1.22931745e+14 -2.44646284e+12  9.48e+05 3.76e-02  8.46e+05   385s
[2025-08-30 13:05:28] DEBUG    28   1.18401720e+14 -1.79689765e+12  6.84e+05 3.64e-02  5.43e+05   396s
[2025-08-30 13:05:40] DEBUG    29   1.15429627e+14 -1.07022551e+12  5.51e+05 3.47e-02  3.23e+05   408s
[2025-08-30 13:05:53] DEBUG    30   1.12336465e+14 -6.64729127e+11  4.35e+05 3.18e-02  2.01e+05   421s
[2025-08-30 13:06:04] DEBUG    31   1.09415632e+14 -4.85419464e+11  3.47e+05 3.03e-02  1.37e+05   432s
[2025-08-30 13:06:12] DEBUG    32   1.08515983e+14 -4.49269102e+11  3.24e+05 2.92e-02  1.25e+05   440s
[2025-08-30 13:06:19] DEBUG    33   1.07765035e+14 -4.19296593e+11  3.06e+05 2.85e-02  1.16e+05   447s
[2025-08-30 13:06:27] DEBUG    34   1.06453747e+14 -3.77742114e+11  2.75e+05 2.72e-02  1.03e+05   455s
[2025-08-30 13:06:37] DEBUG    35   1.05130582e+14 -3.49734900e+11  2.48e+05 2.84e-02  9.04e+04   465s
[2025-08-30 13:06:49] DEBUG    36   1.04763444e+14 -3.42552133e+11  2.41e+05 2.91e-02  8.74e+04   477s
[2025-08-30 13:07:02] DEBUG    37   1.03214398e+14 -3.17010950e+11  2.11e+05 3.14e-02  7.54e+04   490s
[2025-08-30 13:07:15] DEBUG    38   1.02124004e+14 -3.02675554e+11  1.93e+05 3.29e-02  6.82e+04   503s
[2025-08-30 13:07:27] DEBUG    39   1.01064005e+14 -2.91208632e+11  1.77e+05 3.68e-02  6.20e+04   515s
[2025-08-30 13:07:40] DEBUG    40   1.00239529e+14 -2.70318805e+11  1.65e+05 4.30e-02  5.55e+04   528s
[2025-08-30 13:07:51] DEBUG    41   9.93625014e+13 -2.61668110e+11  1.53e+05 4.53e-02  5.11e+04   539s
[2025-08-30 13:08:04] DEBUG    42   9.80940374e+13 -2.39764461e+11  1.36e+05 5.12e-02  4.36e+04   552s
[2025-08-30 13:08:16] DEBUG    43   9.72322509e+13 -2.32358201e+11  1.26e+05 5.30e-02  4.00e+04   564s
[2025-08-30 13:08:27] DEBUG    44   9.68043069e+13 -2.25564973e+11  1.22e+05 5.49e-02  3.81e+04   575s
[2025-08-30 13:08:37] DEBUG    45   9.59913339e+13 -2.18176256e+11  1.13e+05 5.67e-02  3.52e+04   586s
[2025-08-30 13:08:50] DEBUG    46   9.51866098e+13 -2.06222246e+11  1.05e+05 5.97e-02  3.16e+04   598s
[2025-08-30 13:09:03] DEBUG    47   9.44686118e+13 -1.98687415e+11  9.84e+04 6.12e-02  2.89e+04   611s
[2025-08-30 13:09:15] DEBUG    48   9.38167271e+13 -1.92385372e+11  9.27e+04 6.24e-02  2.67e+04   623s
[2025-08-30 13:09:28] DEBUG    49   9.33334384e+13 -1.87974245e+11  8.88e+04 6.32e-02  2.52e+04   636s
[2025-08-30 13:09:41] DEBUG    50   9.25813383e+13 -1.85232175e+11  8.28e+04 6.35e-02  2.35e+04   649s
[2025-08-30 13:09:54] DEBUG    51   9.18300891e+13 -1.81297560e+11  7.71e+04 6.40e-02  2.17e+04   662s
[2025-08-30 13:10:06] DEBUG    52   9.16158144e+13 -1.78802689e+11  7.56e+04 6.42e-02  2.10e+04   674s
[2025-08-30 13:10:17] DEBUG    53   9.10314857e+13 -1.76671663e+11  7.16e+04 6.37e-02  1.98e+04   685s
[2025-08-30 13:10:29] DEBUG    54   9.04883615e+13 -1.73206035e+11  6.78e+04 5.92e-02  1.89e+04   697s
[2025-08-30 13:10:42] DEBUG    55   8.96440991e+13 -1.70031320e+11  6.22e+04 5.23e-02  1.75e+04   710s
[2025-08-30 13:10:53] DEBUG    56   8.91394474e+13 -1.65995525e+11  5.91e+04 4.79e-02  1.66e+04   721s
[2025-08-30 13:11:05] DEBUG    57   8.86164118e+13 -1.62396547e+11  5.61e+04 4.34e-02  1.55e+04   733s
[2025-08-30 13:11:17] DEBUG    58   8.79723424e+13 -1.60483097e+11  5.25e+04 4.08e-02  1.44e+04   745s
[2025-08-30 13:11:29] DEBUG    59   8.75805299e+13 -1.58090980e+11  5.05e+04 3.74e-02  1.37e+04   757s
[2025-08-30 13:11:40] DEBUG    60   8.71431826e+13 -1.56671380e+11  4.83e+04 3.53e-02  1.30e+04   768s
[2025-08-30 13:11:54] DEBUG    61   8.66298264e+13 -1.55389455e+11  4.58e+04 3.34e-02  1.22e+04   782s
[2025-08-30 13:12:06] DEBUG    62   8.63416579e+13 -1.54104730e+11  4.45e+04 3.26e-02  1.18e+04   794s
[2025-08-30 13:12:18] DEBUG    63   8.59892481e+13 -1.53031618e+11  4.29e+04 3.28e-02  1.13e+04   806s
[2025-08-30 13:12:27] DEBUG    64   8.58286777e+13 -1.52510876e+11  4.22e+04 3.28e-02  1.11e+04   815s
[2025-08-30 13:12:39] DEBUG    65   8.54661137e+13 -1.51991157e+11  4.06e+04 3.29e-02  1.07e+04   827s
[2025-08-30 13:12:48] DEBUG    66   8.54390997e+13 -1.51322782e+11  4.05e+04 3.30e-02  1.06e+04   836s
[2025-08-30 13:12:59] DEBUG    67   8.50857609e+13 -1.50850553e+11  3.90e+04 3.31e-02  1.02e+04   847s
[2025-08-30 13:13:08] DEBUG    68   8.49137317e+13 -1.50743600e+11  3.83e+04 3.31e-02  1.36e+04   856s
[2025-08-30 13:13:17] DEBUG    69   8.47139570e+13 -1.50586927e+11  3.75e+04 3.32e-02  1.33e+04   865s
[2025-08-30 13:13:29] DEBUG    70   8.43323039e+13 -1.50136000e+11  3.61e+04 3.32e-02  1.40e+04   877s
[2025-08-30 13:13:42] DEBUG    71   8.38233913e+13 -1.49777425e+11  3.42e+04 3.33e-02  1.34e+04   890s
[2025-08-30 13:13:53] DEBUG    72   8.33432085e+13 -1.49265205e+11  3.24e+04 3.34e-02  1.31e+04   901s
[2025-08-30 13:14:04] DEBUG    73   8.30726287e+13 -1.48861275e+11  3.15e+04 3.34e-02  1.27e+04   912s
[2025-08-30 13:14:15] DEBUG    74   8.27627572e+13 -1.48141973e+11  3.05e+04 3.35e-02  1.21e+04   923s
[2025-08-30 13:14:27] DEBUG    75   8.24356373e+13 -1.47688628e+11  2.95e+04 3.52e-02  1.17e+04   935s
[2025-08-30 13:14:38] DEBUG    76   8.20677622e+13 -1.47295613e+11  2.83e+04 3.74e-02  1.12e+04   946s
[2025-08-30 13:14:47] DEBUG    77   8.19209080e+13 -1.47109404e+11  2.79e+04 3.84e-02  1.10e+04   955s
[2025-08-30 13:14:59] DEBUG    78   8.16486672e+13 -1.46768813e+11  2.71e+04 4.03e-02  1.06e+04   967s
[2025-08-30 13:15:09] DEBUG    79   8.14796613e+13 -1.46637769e+11  2.66e+04 4.11e-02  1.04e+04   977s
[2025-08-30 13:15:21] DEBUG    80   8.13835569e+13 -1.46463759e+11  2.63e+04 4.21e-02  1.03e+04   989s
[2025-08-30 13:15:30] DEBUG    81   8.12559339e+13 -1.46344647e+11  2.59e+04 4.29e-02  1.02e+04   998s
[2025-08-30 13:15:40] DEBUG    82   8.11186782e+13 -1.46184269e+11  2.56e+04 4.39e-02  9.98e+03  1008s
[2025-08-30 13:15:49] DEBUG    83   8.10779044e+13 -1.45937020e+11  2.54e+04 4.54e-02  9.85e+03  1017s
[2025-08-30 13:15:58] DEBUG    84   8.09098397e+13 -1.45892987e+11  2.50e+04 4.57e-02  9.71e+03  1026s
[2025-08-30 13:16:08] DEBUG    85   8.08682231e+13 -1.45606341e+11  2.49e+04 4.74e-02  9.58e+03  1036s
[2025-08-30 13:16:21] DEBUG    86   8.04610585e+13 -1.45392536e+11  2.37e+04 4.88e-02  9.18e+03  1049s
[2025-08-30 13:16:29] DEBUG    87   8.04134761e+13 -1.45348494e+11  2.36e+04 4.90e-02  9.12e+03  1057s
[2025-08-30 13:16:41] DEBUG    88   8.02570215e+13 -1.45233018e+11  2.32e+04 4.98e-02  8.96e+03  1069s
[2025-08-30 13:16:54] DEBUG    89   7.98683672e+13 -1.45003082e+11  2.22e+04 5.13e-02  8.96e+03  1082s
[2025-08-30 13:17:05] DEBUG    90   7.97861074e+13 -1.44871054e+11  2.20e+04 5.22e-02  8.84e+03  1093s
[2025-08-30 13:17:18] DEBUG    91   7.95431286e+13 -1.44767846e+11  2.14e+04 5.29e-02  8.78e+03  1106s
[2025-08-30 13:17:31] DEBUG    92   7.92729554e+13 -1.44652701e+11  2.07e+04 5.37e-02  8.54e+03  1119s
[2025-08-30 13:17:44] DEBUG    93   7.90154426e+13 -1.44487940e+11  2.01e+04 5.48e-02  8.32e+03  1132s
[2025-08-30 13:17:52] DEBUG    94   7.88679609e+13 -1.44443888e+11  1.98e+04 5.52e-02  8.20e+03  1140s
[2025-08-30 13:18:01] DEBUG    95   7.86428141e+13 -1.44321287e+11  1.93e+04 5.60e-02  7.97e+03  1149s
[2025-08-30 13:18:13] DEBUG    96   7.84864174e+13 -1.44222758e+11  1.89e+04 5.67e-02  7.82e+03  1161s
[2025-08-30 13:18:23] DEBUG    97   7.84648916e+13 -1.44139443e+11  1.89e+04 5.73e-02  7.75e+03  1171s
[2025-08-30 13:18:36] DEBUG    98   7.82179764e+13 -1.44035662e+11  1.84e+04 5.80e-02  7.53e+03  1184s
[2025-08-30 13:18:46] DEBUG    99   7.81427523e+13 -1.43992688e+11  1.82e+04 5.84e-02  7.53e+03  1194s
[2025-08-30 13:18:55] DEBUG    100   7.79128002e+13 -1.43928204e+11  1.77e+04 5.90e-02  7.35e+03  1203s
[2025-08-30 13:19:06] DEBUG    101   7.76899733e+13 -1.43869136e+11  1.73e+04 5.94e-02  7.22e+03  1214s
[2025-08-30 13:19:18] DEBUG    102   7.75314074e+13 -1.43689699e+11  1.69e+04 6.04e-02  7.03e+03  1226s
[2025-08-30 13:19:26] DEBUG    103   7.74812673e+13 -1.43666854e+11  1.68e+04 6.06e-02  6.99e+03  1234s
[2025-08-30 13:19:35] DEBUG    104   7.72265010e+13 -1.43596057e+11  1.63e+04 6.10e-02  6.80e+03  1243s
[2025-08-30 13:19:48] DEBUG    105   7.70333965e+13 -1.43457321e+11  1.60e+04 6.16e-02  6.66e+03  1256s
[2025-08-30 13:20:00] DEBUG    106   7.67791790e+13 -1.43286836e+11  1.55e+04 6.23e-02  6.46e+03  1268s
[2025-08-30 13:20:11] DEBUG    107   7.66542129e+13 -1.43131570e+11  1.53e+04 6.29e-02  6.33e+03  1279s
[2025-08-30 13:20:19] DEBUG    108   7.65532384e+13 -1.43053119e+11  1.51e+04 6.32e-02  6.26e+03  1287s
[2025-08-30 13:20:28] DEBUG    109   7.63433087e+13 -1.42971454e+11  1.47e+04 6.35e-02  6.12e+03  1296s
[2025-08-30 13:20:35] DEBUG    110   7.61656555e+13 -1.42881715e+11  1.44e+04 6.39e-02  6.01e+03  1304s
[2025-08-30 13:20:49] DEBUG    111   7.58672552e+13 -1.42720009e+11  1.39e+04 6.45e-02  5.80e+03  1317s
[2025-08-30 13:21:00] DEBUG    112   7.56441534e+13 -1.42576929e+11  1.35e+04 6.50e-02  5.64e+03  1328s
[2025-08-30 13:21:10] DEBUG    113   7.55328633e+13 -1.42453348e+11  1.34e+04 6.55e-02  5.54e+03  1338s
[2025-08-30 13:21:20] DEBUG    114   7.54050621e+13 -1.42323035e+11  1.31e+04 6.60e-02  5.44e+03  1348s
[2025-08-30 13:21:32] DEBUG    115   7.50678456e+13 -1.42203892e+11  1.26e+04 6.64e-02  5.25e+03  1360s
[2025-08-30 13:21:41] DEBUG    116   7.48071899e+13 -1.42106536e+11  1.22e+04 6.68e-02  5.11e+03  1369s
[2025-08-30 13:21:52] DEBUG    117   7.45520668e+13 -1.41916307e+11  1.19e+04 6.74e-02  4.93e+03  1380s
[2025-08-30 13:22:02] DEBUG    118   7.44984902e+13 -1.41833249e+11  1.18e+04 6.77e-02  4.88e+03  1390s
[2025-08-30 13:22:14] DEBUG    119   7.41030524e+13 -1.41680245e+11  1.12e+04 6.83e-02  4.66e+03  1402s
[2025-08-30 13:22:26] DEBUG    120   7.39375890e+13 -1.41543057e+11  1.10e+04 6.88e-02  4.54e+03  1414s
[2025-08-30 13:22:36] DEBUG    121   7.38836744e+13 -1.41498331e+11  1.09e+04 6.89e-02  4.51e+03  1424s
[2025-08-30 13:22:45] DEBUG    122   7.37656083e+13 -1.41445836e+11  1.08e+04 6.91e-02  4.45e+03  1433s
[2025-08-30 13:22:54] DEBUG    123   7.36254315e+13 -1.41346969e+11  1.06e+04 6.95e-02  4.44e+03  1442s
[2025-08-30 13:23:02] DEBUG    124   7.35040491e+13 -1.41320310e+11  1.04e+04 6.96e-02  4.39e+03  1450s
[2025-08-30 13:23:10] DEBUG    125   7.34245929e+13 -1.41299081e+11  1.03e+04 6.97e-02  4.39e+03  1458s
[2025-08-30 13:23:18] DEBUG    126   7.32985552e+13 -1.41286689e+11  1.02e+04 6.97e-02  4.34e+03  1466s
[2025-08-30 13:23:29] DEBUG    127   7.31733241e+13 -1.41180896e+11  1.00e+04 7.01e-02  4.25e+03  1477s
[2025-08-30 13:23:41] DEBUG    128   7.30646043e+13 -1.41086003e+11  9.89e+03 7.04e-02  4.18e+03  1489s
[2025-08-30 13:23:51] DEBUG    129   7.30348747e+13 -1.41063626e+11  9.85e+03 7.05e-02  4.16e+03  1499s
[2025-08-30 13:24:01] DEBUG    130   7.29634052e+13 -1.40983738e+11  9.77e+03 7.08e-02  4.12e+03  1510s
[2025-08-30 13:24:11] DEBUG    131   7.29202026e+13 -1.40955293e+11  9.71e+03 7.09e-02  4.14e+03  1519s
[2025-08-30 13:24:21] DEBUG    132   7.28848248e+13 -1.40923114e+11  9.67e+03 7.10e-02  4.12e+03  1529s
[2025-08-30 13:24:32] DEBUG    133   7.26664696e+13 -1.40876572e+11  9.41e+03 7.11e-02  4.05e+03  1540s
[2025-08-30 13:24:39] DEBUG    134   7.25997682e+13 -1.40835515e+11  9.34e+03 7.13e-02  4.01e+03  1547s
[2025-08-30 13:24:48] DEBUG    135   7.25592969e+13 -1.40817389e+11  9.29e+03 7.13e-02  3.99e+03  1556s
[2025-08-30 13:24:59] DEBUG    136   7.25360022e+13 -1.40795984e+11  9.26e+03 7.13e-02  3.99e+03  1567s
[2025-08-30 13:25:14] DEBUG    137   7.24423849e+13 -1.40776052e+11  9.15e+03 7.13e-02  3.95e+03  1582s
[2025-08-30 13:25:24] DEBUG    138   7.23831518e+13 -1.40757243e+11  9.08e+03 7.11e-02  3.93e+03  1593s
[2025-08-30 13:25:42] DEBUG    139   7.23032726e+13 -1.40715238e+11  8.99e+03 7.07e-02  3.89e+03  1610s
[2025-08-30 13:25:55] DEBUG    140   7.22192178e+13 -1.40670879e+11  8.89e+03 7.02e-02  3.85e+03  1623s
[2025-08-30 13:26:08] DEBUG    141   7.21477672e+13 -1.40618297e+11  8.81e+03 6.97e-02  3.81e+03  1636s
[2025-08-30 13:26:21] DEBUG    142   7.20411255e+13 -1.40560127e+11  8.69e+03 6.90e-02  3.76e+03  1649s
[2025-08-30 13:26:34] DEBUG    143   7.19221838e+13 -1.40492163e+11  8.55e+03 6.82e-02  3.71e+03  1662s
[2025-08-30 13:26:46] DEBUG    144   7.18236320e+13 -1.40420913e+11  8.44e+03 6.72e-02  3.65e+03  1674s
[2025-08-30 13:26:56] DEBUG    145   7.17123037e+13 -1.40371920e+11  8.32e+03 6.65e-02  3.60e+03  1684s
[2025-08-30 13:27:04] DEBUG    146   7.16513076e+13 -1.40343158e+11  8.25e+03 6.61e-02  3.58e+03  1692s
[2025-08-30 13:27:13] DEBUG    147   7.14545026e+13 -1.40277696e+11  8.04e+03 6.53e-02  3.49e+03  1701s
[2025-08-30 13:27:23] DEBUG    148   7.13757180e+13 -1.40212864e+11  7.96e+03 6.45e-02  3.45e+03  1711s
[2025-08-30 13:27:33] DEBUG    149   7.13300480e+13 -1.40168143e+11  7.91e+03 6.39e-02  3.43e+03  1721s
[2025-08-30 13:27:46] DEBUG    150   7.12677507e+13 -1.40110413e+11  7.84e+03 6.32e-02  3.39e+03  1734s
[2025-08-30 13:27:55] DEBUG    151   7.12104337e+13 -1.40056188e+11  7.79e+03 6.25e-02  3.38e+03  1743s
[2025-08-30 13:28:07] DEBUG    152   7.10799337e+13 -1.40001739e+11  7.65e+03 6.18e-02  3.32e+03  1755s
[2025-08-30 13:28:20] DEBUG    153   7.09684734e+13 -1.39959395e+11  7.54e+03 6.13e-02  3.29e+03  1768s
[2025-08-30 13:28:28] DEBUG    154   7.08785472e+13 -1.39922636e+11  7.45e+03 6.08e-02  3.25e+03  1777s
[2025-08-30 13:28:36] DEBUG    155   7.08494266e+13 -1.39883881e+11  7.42e+03 6.03e-02  3.23e+03  1784s
[2025-08-30 13:28:47] DEBUG    156   7.07728495e+13 -1.39848897e+11  7.35e+03 5.99e-02  3.20e+03  1795s
[2025-08-30 13:29:01] DEBUG    157   7.06595781e+13 -1.39783695e+11  7.23e+03 5.90e-02  3.15e+03  1809s
[2025-08-30 13:29:13] DEBUG    158   7.05588555e+13 -1.39717734e+11  7.14e+03 5.81e-02  3.11e+03  1821s
[2025-08-30 13:29:24] DEBUG    159   7.04554464e+13 -1.39674670e+11  7.04e+03 5.74e-02  3.07e+03  1833s
[2025-08-30 13:29:33] DEBUG    160   7.03409272e+13 -1.39641457e+11  6.93e+03 5.69e-02  3.03e+03  1841s
[2025-08-30 13:29:45] DEBUG    161   7.01359033e+13 -1.39584872e+11  6.74e+03 5.60e-02  2.95e+03  1853s
[2025-08-30 13:29:58] DEBUG    162   6.99193627e+13 -1.39522622e+11  6.54e+03 5.49e-02  2.88e+03  1866s
[2025-08-30 13:30:09] DEBUG    163   6.97738891e+13 -1.39467169e+11  6.42e+03 5.40e-02  2.82e+03  1877s
[2025-08-30 13:30:20] DEBUG    164   6.96414407e+13 -1.39394140e+11  6.30e+03 5.28e-02  2.76e+03  1889s
[2025-08-30 13:30:30] DEBUG    165   6.96135373e+13 -1.39300387e+11  6.28e+03 5.12e-02  2.73e+03  1898s
[2025-08-30 13:30:38] DEBUG    166   6.95425912e+13 -1.39269915e+11  6.22e+03 5.06e-02  2.70e+03  1907s
[2025-08-30 13:30:47] DEBUG    167   6.95192864e+13 -1.39234638e+11  6.20e+03 4.99e-02  2.69e+03  1915s
[2025-08-30 13:30:55] DEBUG    168   6.92420744e+13 -1.39210159e+11  5.97e+03 4.95e-02  2.64e+03  1923s
[2025-08-30 13:31:06] DEBUG    169   6.91207545e+13 -1.39166147e+11  5.87e+03 4.87e-02  2.60e+03  1934s
[2025-08-30 13:31:16] DEBUG    170   6.90840929e+13 -1.39140471e+11  5.84e+03 4.82e-02  2.58e+03  1944s
[2025-08-30 13:31:25] DEBUG    171   6.90710302e+13 -1.39118633e+11  5.83e+03 4.79e-02  2.57e+03  1953s
[2025-08-30 13:31:33] DEBUG    172   6.89435028e+13 -1.39076008e+11  5.73e+03 4.71e-02  2.53e+03  1962s
[2025-08-30 13:31:44] DEBUG    173   6.87976941e+13 -1.39023736e+11  5.61e+03 4.61e-02  2.49e+03  1972s
[2025-08-30 13:31:52] DEBUG    174   6.86919632e+13 -1.39009652e+11  5.53e+03 4.58e-02  2.46e+03  1980s
[2025-08-30 13:32:00] DEBUG    175   6.85112976e+13 -1.38966835e+11  5.40e+03 4.50e-02  2.40e+03  1988s
[2025-08-30 13:32:08] DEBUG    176   6.84714984e+13 -1.38957497e+11  5.37e+03 4.48e-02  2.39e+03  1996s
[2025-08-30 13:32:13] DEBUG    177   6.84140647e+13 -1.38958011e+11  5.32e+03 4.46e-02  2.37e+03  2001s
[2025-08-30 13:32:24] DEBUG    178   6.82762130e+13 -1.38945002e+11  5.22e+03 4.43e-02  2.34e+03  2012s
[2025-08-30 13:32:35] DEBUG    179   6.81650082e+13 -1.38900995e+11  5.14e+03 4.34e-02  2.30e+03  2023s
[2025-08-30 13:32:43] DEBUG    180   6.81466920e+13 -1.38887250e+11  5.13e+03 4.28e-02  2.29e+03  2031s
[2025-08-30 13:32:51] DEBUG    181   6.79783125e+13 -1.38878818e+11  5.01e+03 4.25e-02  2.24e+03  2039s
[2025-08-30 13:33:00] DEBUG    182   6.79691933e+13 -1.38852225e+11  5.01e+03 4.17e-02  2.23e+03  2048s
[2025-08-30 13:33:08] DEBUG    183   6.78937333e+13 -1.38856674e+11  4.95e+03 4.15e-02  2.21e+03  2056s
[2025-08-30 13:33:15] DEBUG    184   6.78263269e+13 -1.38847288e+11  4.91e+03 4.09e-02  2.19e+03  2064s
[2025-08-30 13:33:24] DEBUG    185   6.77862864e+13 -1.38844079e+11  4.88e+03 4.08e-02  2.19e+03  2072s
[2025-08-30 13:33:33] DEBUG    186   6.76664571e+13 -1.38830931e+11  4.80e+03 4.02e-02  2.15e+03  2081s
[2025-08-30 13:33:46] DEBUG    187   6.74364041e+13 -1.38813260e+11  4.65e+03 3.95e-02  2.10e+03  2094s
[2025-08-30 13:33:54] DEBUG    188   6.73899320e+13 -1.38804394e+11  4.62e+03 3.91e-02  2.08e+03  2102s
[2025-08-30 13:34:04] DEBUG    189   6.73331010e+13 -1.38792311e+11  4.58e+03 3.85e-02  2.06e+03  2112s
[2025-08-30 13:34:14] DEBUG    190   6.72100245e+13 -1.38763143e+11  4.50e+03 3.75e-02  2.03e+03  2122s
[2025-08-30 13:34:23] DEBUG    191   6.71413917e+13 -1.38754611e+11  4.46e+03 3.72e-02  2.02e+03  2131s
[2025-08-30 13:34:35] DEBUG    192   6.69636495e+13 -1.38744922e+11  4.35e+03 3.68e-02  1.97e+03  2143s
[2025-08-30 13:34:44] DEBUG    193   6.69045872e+13 -1.38729765e+11  4.31e+03 3.63e-02  1.95e+03  2152s
[2025-08-30 13:34:51] DEBUG    194   6.68192815e+13 -1.38724895e+11  4.26e+03 3.61e-02  1.94e+03  2159s
[2025-08-30 13:35:02] DEBUG    195   6.66738823e+13 -1.38704921e+11  4.18e+03 3.54e-02  1.90e+03  2170s
[2025-08-30 13:35:15] DEBUG    196   6.64748376e+13 -1.38674257e+11  4.06e+03 3.46e-02  1.85e+03  2183s
[2025-08-30 13:35:24] DEBUG    197   6.64685441e+13 -1.38652213e+11  4.06e+03 3.40e-02  1.84e+03  2192s
[2025-08-30 13:35:32] DEBUG    198   6.63288445e+13 -1.38651895e+11  3.98e+03 3.38e-02  1.81e+03  2200s
[2025-08-30 13:35:44] DEBUG    199   6.61471766e+13 -1.38627185e+11  3.87e+03 3.32e-02  1.77e+03  2212s
[2025-08-30 13:35:58] DEBUG    200   6.60155451e+13 -1.38582251e+11  3.80e+03 3.22e-02  1.74e+03  2226s
[2025-08-30 13:36:08] DEBUG    201   6.58852438e+13 -1.38564387e+11  3.73e+03 3.18e-02  1.71e+03  2237s
[2025-08-30 13:36:20] DEBUG    202   6.57571908e+13 -1.38524044e+11  3.67e+03 3.11e-02  1.67e+03  2248s
[2025-08-30 13:36:30] DEBUG    203   6.56422393e+13 -1.38509177e+11  3.61e+03 3.08e-02  1.65e+03  2258s
[2025-08-30 13:36:42] DEBUG    204   6.54833437e+13 -1.38452202e+11  3.52e+03 2.99e-02  1.61e+03  2270s
[2025-08-30 13:36:49] DEBUG    205   6.53954560e+13 -1.38430405e+11  3.48e+03 2.96e-02  1.59e+03  2277s
[2025-08-30 13:36:59] DEBUG    206   6.53394772e+13 -1.38404310e+11  3.45e+03 2.91e-02  1.58e+03  2287s
[2025-08-30 13:37:10] DEBUG    207   6.52757905e+13 -1.38389117e+11  3.42e+03 2.87e-02  1.57e+03  2298s
[2025-08-30 13:37:18] DEBUG    208   6.51706488e+13 -1.38408510e+11  3.37e+03 2.85e-02  1.57e+03  2306s
[2025-08-30 13:37:28] DEBUG    209   6.49787161e+13 -1.38411877e+11  3.28e+03 2.85e-02  1.54e+03  2316s
[2025-08-30 13:37:39] DEBUG    210   6.49382846e+13 -1.38437208e+11  3.26e+03 2.85e-02  1.53e+03  2327s
[2025-08-30 13:37:49] DEBUG    211   6.48817297e+13 -1.38472268e+11  3.23e+03 2.85e-02  1.52e+03  2337s
[2025-08-30 13:37:57] DEBUG    212   6.48325838e+13 -1.38516956e+11  3.21e+03 2.85e-02  1.52e+03  2345s
[2025-08-30 13:38:06] DEBUG    213   6.47572120e+13 -1.38557338e+11  3.17e+03 2.85e-02  1.50e+03  2354s
[2025-08-30 13:38:19] DEBUG    214   6.47372542e+13 -1.38586955e+11  3.16e+03 2.85e-02  1.50e+03  2367s
[2025-08-30 13:38:28] DEBUG    215   6.46824484e+13 -1.38624574e+11  3.14e+03 2.85e-02  1.50e+03  2376s
[2025-08-30 13:38:40] DEBUG    216   6.44417114e+13 -1.38692413e+11  3.03e+03 2.85e-02  1.46e+03  2388s
[2025-08-30 13:38:49] DEBUG    217   6.44114126e+13 -1.38719788e+11  3.02e+03 2.85e-02  1.45e+03  2397s
[2025-08-30 13:38:57] DEBUG    218   6.42945951e+13 -1.38739716e+11  2.96e+03 2.85e-02  1.43e+03  2405s
[2025-08-30 13:39:08] DEBUG    219   6.42157219e+13 -1.38789002e+11  2.93e+03 2.85e-02  1.41e+03  2416s
[2025-08-30 13:39:19] DEBUG    220   6.41163173e+13 -1.38828001e+11  2.89e+03 2.84e-02  1.39e+03  2427s
[2025-08-30 13:39:29] DEBUG    221   6.40434756e+13 -1.38884681e+11  2.86e+03 2.84e-02  1.38e+03  2437s
[2025-08-30 13:39:38] DEBUG    222   6.39994496e+13 -1.38900097e+11  2.84e+03 2.84e-02  1.37e+03  2446s
[2025-08-30 13:39:49] DEBUG    223   6.38935982e+13 -1.38950056e+11  2.79e+03 2.84e-02  1.35e+03  2457s
[2025-08-30 13:40:00] DEBUG    224   6.38688817e+13 -1.38981234e+11  2.78e+03 2.84e-02  1.35e+03  2468s
[2025-08-30 13:40:10] DEBUG    225   6.38438121e+13 -1.39005422e+11  2.77e+03 2.84e-02  1.35e+03  2478s
[2025-08-30 13:40:20] DEBUG    226   6.37659086e+13 -1.39032466e+11  2.74e+03 2.84e-02  1.34e+03  2488s
[2025-08-30 13:40:29] DEBUG    227   6.36989051e+13 -1.39051621e+11  2.71e+03 2.84e-02  1.33e+03  2497s
[2025-08-30 13:40:39] DEBUG    228   6.36179592e+13 -1.39093626e+11  2.68e+03 2.84e-02  1.32e+03  2507s
[2025-08-30 13:40:47] DEBUG    229   6.35944877e+13 -1.39140679e+11  2.67e+03 2.84e-02  1.32e+03  2515s
[2025-08-30 13:40:55] DEBUG    230   6.34504308e+13 -1.39160788e+11  2.62e+03 2.84e-02  1.29e+03  2523s
[2025-08-30 13:41:04] DEBUG    231   6.33703255e+13 -1.39192536e+11  2.58e+03 2.84e-02  1.28e+03  2532s
[2025-08-30 13:41:14] DEBUG    232   6.33448363e+13 -1.39211651e+11  2.58e+03 2.84e-02  1.28e+03  2542s
[2025-08-30 13:41:25] DEBUG    233   6.32952446e+13 -1.39242823e+11  2.56e+03 2.84e-02  1.27e+03  2553s
[2025-08-30 13:41:37] DEBUG    234   6.32292320e+13 -1.39258892e+11  2.53e+03 2.84e-02  1.26e+03  2565s
[2025-08-30 13:41:45] DEBUG    235   6.32144192e+13 -1.39282285e+11  2.53e+03 2.84e-02  1.26e+03  2573s
[2025-08-30 13:41:54] DEBUG    236   6.30641665e+13 -1.39309808e+11  2.47e+03 2.84e-02  1.24e+03  2582s
[2025-08-30 13:42:06] DEBUG    237   6.29647158e+13 -1.39337825e+11  2.43e+03 2.84e-02  1.23e+03  2594s
[2025-08-30 13:42:14] DEBUG    238   6.29029402e+13 -1.39350973e+11  2.41e+03 2.83e-02  1.22e+03  2603s
[2025-08-30 13:42:25] DEBUG    239   6.27623826e+13 -1.39365518e+11  2.36e+03 2.83e-02  1.19e+03  2613s
[2025-08-30 13:42:35] DEBUG    240   6.27176333e+13 -1.39387292e+11  2.34e+03 2.83e-02  1.19e+03  2623s
[2025-08-30 13:42:44] DEBUG    241   6.26807675e+13 -1.39401487e+11  2.33e+03 2.83e-02  1.18e+03  2632s
[2025-08-30 13:42:53] DEBUG    242   6.26221125e+13 -1.39420129e+11  2.31e+03 2.83e-02  1.17e+03  2641s
[2025-08-30 13:43:00] DEBUG    243   6.25758834e+13 -1.39426016e+11  2.29e+03 2.83e-02  1.16e+03  2648s
[2025-08-30 13:43:11] DEBUG    244   6.24120859e+13 -1.39444923e+11  2.24e+03 2.83e-02  1.14e+03  2660s
[2025-08-30 13:43:22] DEBUG    245   6.23327598e+13 -1.39468042e+11  2.21e+03 2.83e-02  1.12e+03  2670s
[2025-08-30 13:43:35] DEBUG    246   6.23033987e+13 -1.39485874e+11  2.20e+03 2.83e-02  1.12e+03  2683s
[2025-08-30 13:43:44] DEBUG    247   6.22482724e+13 -1.39493646e+11  2.18e+03 2.83e-02  1.11e+03  2692s
[2025-08-30 13:43:57] DEBUG    248   6.21058375e+13 -1.39513851e+11  2.14e+03 2.83e-02  1.09e+03  2706s
[2025-08-30 13:44:08] DEBUG    249   6.20364094e+13 -1.39525117e+11  2.11e+03 2.83e-02  1.08e+03  2716s
[2025-08-30 13:44:18] DEBUG    250   6.20211847e+13 -1.39536268e+11  2.11e+03 2.82e-02  1.08e+03  2726s
[2025-08-30 13:44:27] DEBUG    251   6.19857907e+13 -1.39544283e+11  2.10e+03 2.82e-02  1.08e+03  2735s
[2025-08-30 13:44:39] DEBUG    252   6.17855156e+13 -1.39554295e+11  2.03e+03 2.82e-02  1.05e+03  2747s
[2025-08-30 13:44:50] DEBUG    253   6.17273202e+13 -1.39565402e+11  2.02e+03 2.82e-02  1.04e+03  2758s
[2025-08-30 13:45:01] DEBUG    254   6.17086493e+13 -1.39578265e+11  2.01e+03 2.82e-02  1.04e+03  2769s
[2025-08-30 13:45:13] DEBUG    255   6.16240688e+13 -1.39588972e+11  1.98e+03 2.82e-02  1.02e+03  2781s
[2025-08-30 13:45:24] DEBUG    256   6.15876631e+13 -1.39597587e+11  1.97e+03 2.82e-02  1.02e+03  2792s
[2025-08-30 13:45:32] DEBUG    257   6.15461497e+13 -1.39600241e+11  1.96e+03 2.82e-02  1.01e+03  2800s
[2025-08-30 13:45:40] DEBUG    258   6.15094641e+13 -1.39606786e+11  1.95e+03 2.82e-02  1.01e+03  2808s
[2025-08-30 13:45:49] DEBUG    259   6.14622698e+13 -1.39611542e+11  1.94e+03 2.82e-02  1.00e+03  2817s
[2025-08-30 13:46:03] DEBUG    260   6.13990959e+13 -1.39620392e+11  1.92e+03 2.82e-02  9.93e+02  2831s
[2025-08-30 13:46:12] DEBUG    261   6.13293451e+13 -1.39625159e+11  1.90e+03 2.81e-02  9.86e+02  2840s
[2025-08-30 13:46:20] DEBUG    262   6.13182604e+13 -1.39626127e+11  1.89e+03 2.81e-02  9.87e+02  2848s
[2025-08-30 13:46:30] DEBUG    263   6.11513013e+13 -1.39632583e+11  1.84e+03 2.81e-02  9.64e+02  2858s
[2025-08-30 13:46:39] DEBUG    264   6.11100362e+13 -1.39633753e+11  1.83e+03 2.81e-02  9.58e+02  2867s
[2025-08-30 13:46:48] DEBUG    265   6.10516199e+13 -1.39632906e+11  1.82e+03 2.81e-02  9.51e+02  2876s
[2025-08-30 13:46:58] DEBUG    266   6.10345512e+13 -1.39634140e+11  1.81e+03 2.81e-02  9.47e+02  2886s
[2025-08-30 13:47:12] DEBUG    267   6.09758825e+13 -1.39633725e+11  1.79e+03 2.81e-02  9.42e+02  2900s
[2025-08-30 13:47:20] DEBUG    268   6.09745203e+13 -1.39634250e+11  1.79e+03 2.81e-02  9.43e+02  2908s
[2025-08-30 13:47:32] DEBUG    269   6.09590605e+13 -1.39634894e+11  1.79e+03 2.81e-02  9.42e+02  2920s
[2025-08-30 13:47:43] DEBUG    270   6.08014051e+13 -1.39633411e+11  1.75e+03 2.81e-02  9.25e+02  2931s
[2025-08-30 13:47:56] DEBUG    271   6.07636157e+13 -1.39630759e+11  1.74e+03 2.80e-02  9.20e+02  2944s
[2025-08-30 13:48:07] DEBUG    272   6.07598882e+13 -1.39629689e+11  1.74e+03 2.80e-02  9.19e+02  2955s
[2025-08-30 13:48:17] DEBUG    273   6.06123991e+13 -1.39629338e+11  1.70e+03 2.80e-02  9.01e+02  2965s
[2025-08-30 13:48:27] DEBUG    274   6.05816524e+13 -1.39626936e+11  1.69e+03 2.80e-02  8.97e+02  2975s
[2025-08-30 13:48:36] DEBUG    275   6.05380456e+13 -1.39624845e+11  1.68e+03 2.80e-02  8.92e+02  2984s
[2025-08-30 13:48:44] DEBUG    276   6.04651377e+13 -1.39624618e+11  1.66e+03 2.80e-02  8.85e+02  2992s
[2025-08-30 13:48:54] DEBUG    277   6.03703590e+13 -1.39621062e+11  1.63e+03 2.80e-02  8.73e+02  3002s
[2025-08-30 13:49:03] DEBUG    278   6.03357125e+13 -1.39611986e+11  1.62e+03 2.80e-02  8.68e+02  3011s
[2025-08-30 13:49:14] DEBUG    279   6.03280967e+13 -1.39607783e+11  1.62e+03 2.80e-02  8.66e+02  3022s
[2025-08-30 13:49:23] DEBUG    280   6.02570444e+13 -1.39604022e+11  1.60e+03 2.80e-02  8.61e+02  3031s
[2025-08-30 13:49:33] DEBUG    281   6.02331931e+13 -1.39594584e+11  1.60e+03 2.79e-02  8.59e+02  3041s
[2025-08-30 13:49:44] DEBUG    282   6.02033535e+13 -1.39588676e+11  1.59e+03 2.79e-02  8.57e+02  3052s
[2025-08-30 13:49:53] DEBUG    283   6.01525370e+13 -1.39583433e+11  1.58e+03 2.79e-02  8.54e+02  3061s
[2025-08-30 13:50:01] DEBUG    284   6.01195284e+13 -1.39577398e+11  1.57e+03 2.79e-02  8.50e+02  3069s
[2025-08-30 13:50:10] DEBUG    285   6.01081499e+13 -1.39573731e+11  1.57e+03 2.79e-02  8.50e+02  3078s
[2025-08-30 13:50:20] DEBUG    286   6.00577728e+13 -1.39569746e+11  1.55e+03 2.79e-02  8.45e+02  3088s
[2025-08-30 13:50:30] DEBUG    287   5.99914549e+13 -1.39561438e+11  1.54e+03 2.79e-02  8.37e+02  3098s
[2025-08-30 13:50:40] DEBUG    288   5.99571568e+13 -1.39552082e+11  1.53e+03 2.79e-02  8.33e+02  3108s
[2025-08-30 13:50:48] DEBUG    289   5.99526259e+13 -1.39548727e+11  1.53e+03 2.79e-02  8.34e+02  3116s
[2025-08-30 13:50:58] DEBUG    290   5.98963009e+13 -1.39546065e+11  1.52e+03 2.79e-02  8.30e+02  3126s
[2025-08-30 13:51:07] DEBUG    291   5.98915257e+13 -1.39542466e+11  1.51e+03 2.78e-02  8.30e+02  3135s
[2025-08-30 13:51:19] DEBUG    292   5.98501645e+13 -1.39537823e+11  1.50e+03 2.78e-02  8.26e+02  3147s
[2025-08-30 13:51:28] DEBUG    293   5.98060540e+13 -1.39532891e+11  1.49e+03 2.78e-02  8.22e+02  3156s
[2025-08-30 13:51:40] DEBUG    294   5.97169753e+13 -1.39518878e+11  1.47e+03 2.78e-02  8.11e+02  3168s
[2025-08-30 13:51:49] DEBUG    295   5.96936695e+13 -1.39514015e+11  1.47e+03 2.78e-02  8.09e+02  3177s
[2025-08-30 13:52:00] DEBUG    296   5.95132433e+13 -1.39502147e+11  1.43e+03 2.78e-02  7.87e+02  3188s
[2025-08-30 13:52:09] DEBUG    297   5.94950639e+13 -1.39496405e+11  1.42e+03 2.78e-02  7.86e+02  3197s
[2025-08-30 13:52:17] DEBUG    298   5.93754324e+13 -1.39494020e+11  1.39e+03 2.78e-02  7.73e+02  3205s
[2025-08-30 13:52:25] DEBUG    299   5.93580152e+13 -1.39485794e+11  1.39e+03 2.78e-02  7.71e+02  3213s
[2025-08-30 13:52:34] DEBUG    300   5.93084895e+13 -1.39472748e+11  1.38e+03 2.77e-02  7.65e+02  3222s
[2025-08-30 13:52:43] DEBUG    301   5.92690024e+13 -1.39467318e+11  1.37e+03 2.77e-02  7.61e+02  3231s
[2025-08-30 13:52:55] DEBUG    302   5.92461132e+13 -1.39448790e+11  1.37e+03 2.77e-02  7.58e+02  3243s
[2025-08-30 13:53:05] DEBUG    303   5.92334936e+13 -1.39437171e+11  1.36e+03 2.77e-02  7.56e+02  3253s
[2025-08-30 13:53:16] DEBUG    304   5.91622843e+13 -1.39424082e+11  1.35e+03 2.77e-02  7.50e+02  3264s
[2025-08-30 13:53:27] DEBUG    305   5.91586776e+13 -1.39419489e+11  1.35e+03 2.77e-02  7.50e+02  3275s
[2025-08-30 13:53:37] DEBUG    306   5.91145760e+13 -1.39415465e+11  1.34e+03 2.77e-02  7.47e+02  3285s
[2025-08-30 13:53:47] DEBUG    307   5.90134507e+13 -1.39396625e+11  1.32e+03 2.76e-02  7.35e+02  3295s
[2025-08-30 13:53:56] DEBUG    308   5.89891191e+13 -1.39383577e+11  1.31e+03 2.76e-02  7.33e+02  3304s
[2025-08-30 13:54:08] DEBUG    309   5.89739128e+13 -1.39378223e+11  1.31e+03 2.76e-02  7.32e+02  3316s
[2025-08-30 13:54:30] DEBUG    310   5.89074017e+13 -1.39355851e+11  1.29e+03 2.76e-02  7.28e+02  3339s
[2025-08-30 13:54:42] DEBUG    311   5.87916070e+13 -1.39342775e+11  1.27e+03 2.76e-02  7.16e+02  3350s
[2025-08-30 13:54:51] DEBUG    312   5.87888848e+13 -1.39333596e+11  1.27e+03 2.76e-02  7.16e+02  3359s
[2025-08-30 13:55:06] DEBUG    313   5.87122829e+13 -1.39308995e+11  1.25e+03 2.76e-02  7.08e+02  3374s
[2025-08-30 13:55:17] DEBUG    314   5.86798127e+13 -1.39288338e+11  1.25e+03 2.75e-02  7.05e+02  3385s
[2025-08-30 13:55:27] DEBUG    315   5.86706605e+13 -1.39271800e+11  1.24e+03 2.75e-02  7.05e+02  3395s
[2025-08-30 13:55:37] DEBUG    316   5.86315599e+13 -1.39260247e+11  1.24e+03 2.75e-02  7.04e+02  3405s
[2025-08-30 13:55:45] DEBUG    317   5.85041765e+13 -1.39246620e+11  1.21e+03 2.75e-02  6.93e+02  3413s
[2025-08-30 13:55:56] DEBUG    318   5.84664091e+13 -1.39228152e+11  1.20e+03 2.75e-02  6.89e+02  3424s
[2025-08-30 13:56:04] DEBUG    319   5.84553615e+13 -1.39219712e+11  1.20e+03 2.75e-02  6.88e+02  3432s
[2025-08-30 13:56:14] DEBUG    320   5.84286141e+13 -1.39202484e+11  1.20e+03 2.75e-02  6.86e+02  3442s
[2025-08-30 13:56:25] DEBUG    321   5.83660619e+13 -1.39183677e+11  1.18e+03 2.74e-02  6.79e+02  3453s
[2025-08-30 13:56:35] DEBUG    322   5.83333617e+13 -1.39165273e+11  1.18e+03 2.74e-02  6.76e+02  3463s
[2025-08-30 13:56:43] DEBUG    323   5.82758626e+13 -1.39150184e+11  1.17e+03 2.74e-02  6.71e+02  3471s
[2025-08-30 13:56:54] DEBUG    324   5.82562918e+13 -1.39139398e+11  1.16e+03 2.74e-02  6.69e+02  3482s
[2025-08-30 13:57:07] DEBUG    325   5.82322322e+13 -1.39117388e+11  1.16e+03 2.74e-02  6.68e+02  3495s
[2025-08-30 13:57:17] DEBUG    326   5.82156355e+13 -1.39108306e+11  1.16e+03 2.74e-02  6.68e+02  3505s
[2025-08-30 13:57:27] DEBUG    327   5.81955707e+13 -1.39096332e+11  1.15e+03 2.74e-02  6.68e+02  3515s
[2025-08-30 13:57:38] DEBUG    328   5.81801597e+13 -1.39083767e+11  1.15e+03 2.73e-02  6.70e+02  3526s
[2025-08-30 13:57:49] DEBUG    329   5.81550093e+13 -1.39073390e+11  1.14e+03 2.73e-02  6.70e+02  3537s
[2025-08-30 13:57:57] DEBUG    330   5.80596879e+13 -1.39056179e+11  1.13e+03 2.73e-02  6.60e+02  3545s
[2025-08-30 13:58:04] DEBUG    331   5.80547135e+13 -1.39033863e+11  1.13e+03 2.73e-02  6.60e+02  3552s
[2025-08-30 13:58:14] DEBUG    332   5.80335641e+13 -1.39022709e+11  1.12e+03 2.73e-02  6.59e+02  3562s
[2025-08-30 13:58:23] DEBUG    333   5.79698726e+13 -1.39011494e+11  1.11e+03 2.73e-02  6.54e+02  3571s
[2025-08-30 13:58:36] DEBUG    334   5.79534218e+13 -1.38995741e+11  1.11e+03 2.73e-02  6.53e+02  3584s
[2025-08-30 13:58:44] DEBUG    335   5.78702803e+13 -1.38982644e+11  1.09e+03 2.73e-02  6.46e+02  3592s
[2025-08-30 13:58:51] DEBUG    336   5.78671213e+13 -1.38965233e+11  1.09e+03 2.72e-02  6.47e+02  3599s
[2025-08-30 13:59:03] DEBUG    337   5.78517610e+13 -1.38944724e+11  1.09e+03 2.72e-02  6.46e+02  3611s
[2025-08-30 13:59:14] DEBUG    338   5.78446602e+13 -1.38934038e+11  1.09e+03 2.72e-02  6.48e+02  3622s
[2025-08-30 13:59:24] DEBUG    339   5.76856860e+13 -1.38912597e+11  1.06e+03 2.72e-02  6.35e+02  3632s
[2025-08-30 13:59:33] DEBUG    340   5.76745435e+13 -1.38892525e+11  1.06e+03 2.72e-02  6.35e+02  3642s
[2025-08-30 13:59:44] DEBUG    341   5.74908856e+13 -1.38872014e+11  1.02e+03 2.72e-02  6.19e+02  3652s
[2025-08-30 13:59:53] DEBUG    342   5.74844792e+13 -1.38858821e+11  1.02e+03 2.72e-02  6.18e+02  3661s
[2025-08-30 14:00:03] DEBUG    343   5.74498481e+13 -1.38818524e+11  1.02e+03 2.71e-02  6.15e+02  3671s
[2025-08-30 14:00:13] DEBUG    344   5.74390405e+13 -1.38797588e+11  1.02e+03 2.71e-02  6.14e+02  3681s
[2025-08-30 14:00:22] DEBUG    345   5.74279430e+13 -1.38789118e+11  1.01e+03 2.71e-02  6.14e+02  3690s
[2025-08-30 14:00:32] DEBUG    346   5.73699470e+13 -1.38765804e+11  1.00e+03 2.71e-02  6.10e+02  3700s
[2025-08-30 14:00:43] DEBUG    347   5.73335534e+13 -1.38740883e+11  9.98e+02 2.71e-02  6.06e+02  3711s
[2025-08-30 14:00:55] DEBUG    348   5.73284154e+13 -1.38724640e+11  9.98e+02 2.70e-02  6.06e+02  3723s
[2025-08-30 14:01:05] DEBUG    349   5.73033724e+13 -1.38696030e+11  9.93e+02 2.70e-02  6.04e+02  3733s
[2025-08-30 14:01:13] DEBUG    350   5.72817304e+13 -1.38679607e+11  9.90e+02 2.70e-02  6.04e+02  3741s
[2025-08-30 14:01:21] DEBUG    351   5.71809497e+13 -1.38666917e+11  9.73e+02 2.70e-02  5.95e+02  3749s
[2025-08-30 14:01:30] DEBUG    352   5.71773424e+13 -1.38653821e+11  9.73e+02 2.70e-02  5.95e+02  3759s
[2025-08-30 14:01:39] DEBUG    353   5.71739272e+13 -1.38637778e+11  9.72e+02 2.70e-02  5.95e+02  3768s
[2025-08-30 14:01:49] DEBUG    354   5.71581987e+13 -1.38615137e+11  9.70e+02 2.70e-02  5.94e+02  3778s
[2025-08-30 14:02:00] DEBUG    355   5.71391600e+13 -1.38603108e+11  9.66e+02 2.70e-02  5.94e+02  3788s
[2025-08-30 14:02:14] DEBUG    356   5.70806337e+13 -1.38582617e+11  9.57e+02 2.69e-02  5.89e+02  3802s
[2025-08-30 14:02:26] DEBUG    357   5.70747459e+13 -1.38556570e+11  9.56e+02 2.69e-02  5.88e+02  3814s
[2025-08-30 14:02:36] DEBUG    358   5.70676789e+13 -1.38549434e+11  9.55e+02 2.69e-02  5.89e+02  3824s
[2025-08-30 14:02:49] DEBUG    359   5.69901456e+13 -1.38520621e+11  9.43e+02 2.69e-02  5.83e+02  3837s
[2025-08-30 14:02:59] DEBUG    360   5.69433835e+13 -1.38492637e+11  9.35e+02 2.69e-02  5.79e+02  3848s
[2025-08-30 14:03:08] DEBUG    361   5.69183096e+13 -1.38467038e+11  9.31e+02 2.69e-02  5.78e+02  3856s
[2025-08-30 14:03:17] DEBUG    362   5.68349152e+13 -1.38438253e+11  9.18e+02 2.68e-02  5.71e+02  3865s
[2025-08-30 14:03:29] DEBUG    363   5.67958223e+13 -1.38411864e+11  9.12e+02 2.68e-02  5.68e+02  3877s
[2025-08-30 14:03:37] DEBUG    364   5.67692217e+13 -1.38394841e+11  9.08e+02 2.68e-02  5.66e+02  3885s
[2025-08-30 14:03:47] DEBUG    365   5.67167719e+13 -1.38360569e+11  9.00e+02 2.68e-02  5.62e+02  3895s
[2025-08-30 14:03:58] DEBUG    366   5.67133067e+13 -1.38345551e+11  9.00e+02 2.68e-02  5.62e+02  3906s
[2025-08-30 14:04:07] DEBUG    367   5.66492841e+13 -1.38321281e+11  8.90e+02 2.68e-02  5.58e+02  3915s
[2025-08-30 14:04:17] DEBUG    368   5.66080088e+13 -1.38295690e+11  8.84e+02 2.67e-02  5.54e+02  3925s
[2025-08-30 14:04:28] DEBUG    369   5.65939320e+13 -1.38271917e+11  8.82e+02 2.67e-02  5.53e+02  3936s
[2025-08-30 14:04:38] DEBUG    370   5.65647705e+13 -1.38245989e+11  8.77e+02 2.67e-02  5.52e+02  3947s
[2025-08-30 14:04:49] DEBUG    371   5.65258196e+13 -1.38203793e+11  8.72e+02 2.67e-02  5.49e+02  3958s
[2025-08-30 14:04:57] DEBUG    372   5.65145541e+13 -1.38190042e+11  8.70e+02 2.67e-02  5.50e+02  3965s
[2025-08-30 14:05:06] DEBUG    373   5.65045503e+13 -1.38168429e+11  8.69e+02 2.67e-02  5.51e+02  3974s
[2025-08-30 14:05:18] DEBUG    374   5.64408186e+13 -1.38130805e+11  8.59e+02 2.66e-02  5.48e+02  3986s
[2025-08-30 14:05:29] DEBUG    375   5.63820121e+13 -1.38104601e+11  8.51e+02 2.66e-02  5.44e+02  3997s
[2025-08-30 14:05:40] DEBUG    376   5.63690512e+13 -1.38076595e+11  8.49e+02 2.66e-02  5.43e+02  4008s
[2025-08-30 14:05:49] DEBUG    377   5.63552986e+13 -1.38066240e+11  8.47e+02 2.66e-02  5.44e+02  4017s
[2025-08-30 14:06:00] DEBUG    378   5.63483388e+13 -1.38044076e+11  8.46e+02 2.66e-02  5.44e+02  4028s
[2025-08-30 14:06:13] DEBUG    379   5.63228068e+13 -1.38007598e+11  8.42e+02 2.66e-02  5.44e+02  4041s
[2025-08-30 14:06:24] DEBUG    380   5.63001894e+13 -1.37974377e+11  8.39e+02 2.65e-02  5.45e+02  4052s
[2025-08-30 14:06:35] DEBUG    381   5.62526006e+13 -1.37933247e+11  8.32e+02 2.65e-02  5.43e+02  4063s
[2025-08-30 14:06:43] DEBUG    382   5.62375505e+13 -1.37913457e+11  8.30e+02 2.65e-02  5.44e+02  4071s
[2025-08-30 14:06:51] DEBUG    383   5.62120962e+13 -1.37892774e+11  8.26e+02 2.65e-02  5.44e+02  4079s
[2025-08-30 14:07:01] DEBUG    384   5.61599030e+13 -1.37870471e+11  8.19e+02 2.65e-02  5.40e+02  4089s
[2025-08-30 14:07:11] DEBUG    385   5.61437370e+13 -1.37860239e+11  8.17e+02 2.65e-02  5.39e+02  4099s
[2025-08-30 14:07:22] DEBUG    386   5.61219026e+13 -1.37823728e+11  8.14e+02 2.64e-02  5.38e+02  4110s
[2025-08-30 14:07:30] DEBUG    387   5.61060796e+13 -1.37804591e+11  8.12e+02 2.64e-02  5.38e+02  4118s
[2025-08-30 14:07:41] DEBUG    388   5.61028481e+13 -1.37781933e+11  8.11e+02 2.64e-02  5.40e+02  4129s
[2025-08-30 14:07:56] DEBUG    389   5.59924306e+13 -1.37763012e+11  7.96e+02 2.64e-02  5.31e+02  4144s
[2025-08-30 14:08:08] DEBUG    390   5.59676352e+13 -1.37719868e+11  7.92e+02 2.64e-02  5.29e+02  4156s
[2025-08-30 14:08:18] DEBUG    391   5.59613750e+13 -1.37692354e+11  7.92e+02 2.64e-02  5.30e+02  4166s
[2025-08-30 14:08:29] DEBUG    392   5.59361683e+13 -1.37659346e+11  7.88e+02 2.63e-02  5.29e+02  4177s
[2025-08-30 14:08:37] DEBUG    393   5.59233343e+13 -1.37650654e+11  7.87e+02 2.63e-02  5.29e+02  4185s
[2025-08-30 14:08:46] DEBUG    394   5.58968354e+13 -1.37636474e+11  7.83e+02 2.63e-02  5.29e+02  4194s
[2025-08-30 14:08:57] DEBUG    395   5.58715295e+13 -1.37614161e+11  7.80e+02 2.63e-02  5.27e+02  4205s
[2025-08-30 14:09:06] DEBUG    396   5.58565765e+13 -1.37599848e+11  7.78e+02 2.63e-02  5.26e+02  4214s
[2025-08-30 14:09:19] DEBUG    397   5.58260890e+13 -1.37551163e+11  7.73e+02 2.63e-02  5.26e+02  4227s
[2025-08-30 14:09:27] DEBUG    398   5.58214376e+13 -1.37528843e+11  7.73e+02 2.62e-02  5.29e+02  4235s
[2025-08-30 14:09:38] DEBUG    399   5.57661939e+13 -1.37510647e+11  7.66e+02 2.62e-02  5.27e+02  4246s
[2025-08-30 14:09:49] DEBUG    400   5.57336539e+13 -1.37485604e+11  7.61e+02 2.62e-02  5.24e+02  4257s
[2025-08-30 14:10:00] DEBUG    401   5.57053083e+13 -1.37449675e+11  7.58e+02 2.62e-02  5.23e+02  4268s
[2025-08-30 14:10:13] DEBUG    402   5.56867193e+13 -1.37420496e+11  7.55e+02 2.62e-02  5.23e+02  4281s
[2025-08-30 14:10:24] DEBUG    403   5.56653728e+13 -1.37406009e+11  7.52e+02 2.62e-02  5.23e+02  4292s
[2025-08-30 14:10:36] DEBUG    404   5.56438933e+13 -1.37383689e+11  7.50e+02 2.62e-02  5.22e+02  4304s
[2025-08-30 14:10:48] DEBUG    405   5.55985431e+13 -1.37350313e+11  7.44e+02 2.61e-02  5.20e+02  4316s
[2025-08-30 14:10:57] DEBUG    406   5.55891500e+13 -1.37331549e+11  7.42e+02 2.61e-02  5.20e+02  4325s
[2025-08-30 14:11:04] DEBUG    407   5.55777685e+13 -1.37321285e+11  7.41e+02 2.61e-02  5.20e+02  4332s
[2025-08-30 14:11:14] DEBUG    408   5.55742261e+13 -1.37301383e+11  7.41e+02 2.61e-02  5.20e+02  4342s
[2025-08-30 14:11:24] DEBUG    409   5.55708055e+13 -1.37291636e+11  7.40e+02 2.61e-02  5.21e+02  4353s
[2025-08-30 14:11:35] DEBUG    410   5.55435594e+13 -1.37283322e+11  7.37e+02 2.61e-02  5.19e+02  4363s
[2025-08-30 14:11:36] DEBUG    Barrier performed 410 iterations in 4363.45 seconds (1252.80 work units)
Numerical trouble encountered

Model may be infeasible or unbounded.  Consider using the
homogeneous algorithm (through parameter 'BarHomogeneous')
[2025-08-30 14:12:40] DEBUG    Waiting for other threads to finish...        4428s
[2025-08-30 14:13:44] DEBUG    Waiting for other threads to finish...        4492s
[2025-08-30 14:14:48] DEBUG    Waiting for other threads to finish...        4556s
[2025-08-30 14:15:52] DEBUG    Waiting for other threads to finish...        4620s
[2025-08-30 14:16:57] DEBUG    Waiting for other threads to finish...        4685s
[2025-08-30 14:18:01] DEBUG    Waiting for other threads to finish...        4749s
[2025-08-30 14:19:06] DEBUG    Waiting for other threads to finish...        4814s
[2025-08-30 14:20:10] DEBUG    Waiting for other threads to finish...        4879s
[2025-08-30 14:21:15] DEBUG    Waiting for other threads to finish...        4943s
[2025-08-30 14:22:20] DEBUG    Waiting for other threads to finish...        5008s
[2025-08-30 14:23:24] DEBUG    Waiting for other threads to finish...        5072s
[2025-08-30 14:24:29] DEBUG    Waiting for other threads to finish...        5137s
[2025-08-30 14:25:34] DEBUG    Waiting for other threads to finish...        5202s
[2025-08-30 14:26:38] DEBUG    Waiting for other threads to finish...        5266s
[2025-08-30 14:27:43] DEBUG    Waiting for other threads to finish...        5331s
[2025-08-30 14:28:47] DEBUG    Waiting for other threads to finish...        5395s
[2025-08-30 14:29:51] DEBUG    Waiting for other threads to finish...        5460s
[2025-08-30 14:30:56] DEBUG    Waiting for other threads to finish...        5524s
[2025-08-30 14:32:00] DEBUG    Waiting for other threads to finish...        5588s
[2025-08-30 14:33:05] DEBUG    Waiting for other threads to finish...        5653s
[2025-08-30 14:34:09] DEBUG    Waiting for other threads to finish...        5717s
[2025-08-30 14:35:14] DEBUG    Waiting for other threads to finish...        5782s
[2025-08-30 14:36:18] DEBUG    Waiting for other threads to finish...        5846s
[2025-08-30 14:37:23] DEBUG    Waiting for other threads to finish...        5911s
[2025-08-30 14:38:01] DEBUG    Solved with dual simplex
[2025-08-30 14:38:16] DEBUG    Iteration    Objective       Primal Inf.    Dual Inf.      Time
[2025-08-30 14:38:16] DEBUG    2517230    1.7816511e+10   0.000000e+00   0.000000e+00   5964s

Solved in 2517230 iterations and 5963.72 seconds (2866.74 work units)
[2025-08-30 14:38:16] DEBUG    Optimal objective  1.781651146e+10
✅ Scenario completato: new_trasmission_CG+VRES_2035_BESS

🚀 Lancio scenario: new_trasmission_CG+VRES_2035_nostorage
[2025-08-30 14:52:17] INFO     Loading sets
[2025-08-30 14:52:17] INFO     Loading parameters
[2025-08-30 14:52:57] INFO     constraints are loaded in the following order: ['energy_balance', 'dispatch', 'costs', 'capacity', 'network', 'policy', 'conversion', 'group', 'conversion_plus', 'milp', 'export']
[2025-08-30 14:52:57] INFO     creating energy_balance constraints
[2025-08-30 14:56:23] INFO     creating dispatch constraints
[2025-08-30 14:58:48] INFO     creating costs constraints
[2025-08-30 15:17:51] INFO     creating capacity constraints
[2025-08-30 15:17:51] INFO     creating network constraints
[2025-08-30 15:17:51] INFO     creating policy constraints
[2025-08-30 15:17:51] INFO     creating conversion constraints
[2025-08-30 15:17:51] INFO     creating group constraints
[2025-08-30 15:17:51] INFO     creating conversion_plus constraints
[2025-08-30 15:17:51] INFO     creating milp constraints
[2025-08-30 15:17:51] INFO     creating export constraints
[2025-08-30 15:33:05] DEBUG    Set parameter WLSAccessID
Set parameter WLSSecret
Set parameter LicenseID to value 2680226
[2025-08-30 15:33:05] DEBUG    Academic license 2680226 - for non-commercial use only - registered to an___@mail.polimi.it
[2025-08-30 15:33:49] DEBUG    Read LP format model from file /tmp/tmpwwcajz8b.pyomo.lp
Reading time = 43.59 seconds
x21684664: 28491252 rows, 21684664 columns, 70198147 nonzeros
[2025-08-30 15:33:49] DEBUG    Set parameter NumericFocus to value 1
Gurobi Optimizer version 12.0.2 build v12.0.2rc0 (linux64 - "Debian GNU/Linux 11 (bullseye)")

CPU model: Intel(R) Xeon(R) Silver 4314 CPU @ 2.40GHz, instruction set [SSE2|AVX|AVX2|AVX512]
Thread count: 32 physical cores, 64 logical processors, using up to 32 threads

Non-default parameters:
NumericFocus  1
[2025-08-30 15:33:49] DEBUG    Academic license 2680226 - for non-commercial use only - registered to an___@mail.polimi.it
Optimize a model with 28491252 rows, 21684664 columns and 70198147 nonzeros
[2025-08-30 15:33:50] DEBUG    Model fingerprint: 0x1c9b8527
[2025-08-30 15:33:50] DEBUG    Coefficient statistics:
  Matrix range     [1e-07, 6e+02]
  Objective range  [1e+00, 1e+06]
  Bounds range     [0e+00, 0e+00]
  RHS range        [1e+00, 2e+08]
[2025-08-30 15:33:55] DEBUG    Presolve removed 21103011 rows and 11936062 columns (presolve time = 5s)...
[2025-08-30 15:34:00] DEBUG    Presolve removed 21551577 rows and 14248936 columns (presolve time = 10s)...
[2025-08-30 15:34:05] DEBUG    Presolve removed 24182700 rows and 16880000 columns (presolve time = 15s)...
[2025-08-30 15:34:10] DEBUG    Presolve removed 25080169 rows and 17777469 columns (presolve time = 20s)...
[2025-08-30 15:34:41] DEBUG    Presolve removed 25618006 rows and 18031509 columns (presolve time = 51s)...
[2025-08-30 15:34:45] DEBUG    Presolve removed 25618006 rows and 18206709 columns (presolve time = 55s)...
[2025-08-30 15:34:46] DEBUG    Presolve removed 25766909 rows and 18206709 columns
[2025-08-30 15:35:24] DEBUG    Presolve time: 95.52s
Presolved: 2724343 rows, 3626858 columns, 11382727 nonzeros
[2025-08-30 15:35:24] DEBUG    Concurrent LP optimizer: primal simplex, dual simplex, and barrier
Showing barrier log only...
[2025-08-30 15:35:28] DEBUG    Ordering time: 1.77s
[2025-08-30 15:35:29] DEBUG    Barrier statistics:
 Dense cols : 174
[2025-08-30 15:35:29] DEBUG    AA' NZ     : 9.245e+06
 Factor NZ  : 4.108e+07 (roughly 3.0 GB of memory)
 Factor Ops : 2.774e+09 (less than 1 second per iteration)
 Threads    : 30
[2025-08-30 15:35:34] DEBUG    Objective                Residual
Iter       Primal          Dual         Primal    Dual     Compl     Time
[2025-08-30 15:35:35] DEBUG    0   9.09086406e+14 -1.13397470e+15  7.38e+10 3.11e-01  3.96e+11   106s
[2025-08-30 15:35:40] DEBUG    1   7.95436510e+14 -1.16176714e+15  6.34e+10 2.48e+01  3.17e+11   112s
[2025-08-30 15:35:47] DEBUG    2   6.67613052e+14 -1.15557922e+15  5.15e+10 1.22e+01  2.30e+11   118s
[2025-08-30 15:35:56] DEBUG    3   4.68565522e+14 -9.85156915e+14  3.33e+10 4.06e+00  1.31e+11   127s
[2025-08-30 15:36:04] DEBUG    4   3.92564863e+14 -9.05272593e+14  2.58e+10 1.36e+00  9.24e+10   135s
[2025-08-30 15:36:09] DEBUG    5   2.05913256e+14 -8.54072010e+14  7.00e+09 6.95e-01  2.75e+10   141s
[2025-08-30 15:36:14] DEBUG    6   1.72606711e+14 -7.35679589e+14  2.05e+09 2.49e-01  8.53e+09   146s
[2025-08-30 15:36:20] DEBUG    7   1.74087133e+14 -5.89127581e+14  1.32e+09 8.38e-02  4.92e+09   151s
[2025-08-30 15:36:24] DEBUG    8   1.75154068e+14 -4.75804508e+14  4.99e+08 2.74e-02  1.86e+09   155s
[2025-08-30 15:36:29] DEBUG    9   1.67472726e+14 -3.52318109e+14  2.63e+08 1.99e-02  9.36e+08   161s
[2025-08-30 15:36:39] DEBUG    10   1.44108310e+14 -2.44611075e+14  5.90e+07 3.73e-02  2.24e+08   170s
[2025-08-30 15:36:47] DEBUG    11   1.30547541e+14 -1.66009030e+14  3.33e+07 8.03e-02  1.23e+08   178s
[2025-08-30 15:36:52] DEBUG    12   1.20522600e+14 -1.29938171e+14  2.24e+07 7.44e-02  8.19e+07   183s
[2025-08-30 15:36:57] DEBUG    13   1.14047010e+14 -8.33448960e+13  1.74e+07 8.12e-02  5.72e+07   189s
[2025-08-30 15:37:03] DEBUG    14   1.10022473e+14 -8.22862912e+13  1.50e+07 8.07e-02  5.09e+07   195s
[2025-08-30 15:37:09] DEBUG    15   1.07798459e+14 -7.06210613e+13  1.38e+07 7.53e-02  4.46e+07   200s
[2025-08-30 15:37:16] DEBUG    16   1.04499315e+14 -6.92307545e+13  1.22e+07 7.48e-02  4.01e+07   207s
[2025-08-30 15:37:24] DEBUG    17   9.70797280e+13 -4.67154698e+13  8.80e+06 6.57e-02  2.64e+07   215s
[2025-08-30 15:37:35] DEBUG    18   8.89268789e+13 -2.73930375e+13  5.92e+06 6.06e-02  1.44e+07   226s
[2025-08-30 15:37:45] DEBUG    19   8.10165917e+13 -2.16566184e+13  3.73e+06 5.99e-02  8.87e+06   236s
[2025-08-30 15:37:53] DEBUG    20   7.74379195e+13 -1.53519875e+13  3.08e+06 5.61e-02  6.19e+06   245s
[2025-08-30 15:38:01] DEBUG    21   7.57884422e+13 -1.23752636e+13  2.78e+06 5.42e-02  5.01e+06   252s
[2025-08-30 15:38:06] DEBUG    22   7.32376400e+13 -1.13170987e+13  2.31e+06 4.75e-02  4.23e+06   257s
[2025-08-30 15:38:14] DEBUG    23   7.18889883e+13 -1.01219715e+13  2.12e+06 4.42e-02  3.76e+06   266s
[2025-08-30 15:38:24] DEBUG    24   6.97398149e+13 -7.64581200e+12  1.82e+06 3.75e-02  2.84e+06   275s
[2025-08-30 15:38:36] DEBUG    25   6.63672633e+13 -4.99142813e+12  1.35e+06 3.63e-02  1.79e+06   287s
[2025-08-30 15:38:48] DEBUG    26   6.36423942e+13 -4.05633470e+12  1.07e+06 3.57e-02  1.34e+06   299s
[2025-08-30 15:39:00] DEBUG    27   6.11081760e+13 -3.15493221e+12  8.50e+05 3.47e-02  9.91e+05   311s
[2025-08-30 15:39:11] DEBUG    28   5.94617349e+13 -2.71825916e+12  7.27e+05 3.41e-02  8.21e+05   323s
[2025-08-30 15:39:23] DEBUG    29   5.74573369e+13 -2.26290294e+12  5.98e+05 3.34e-02  6.47e+05   334s
[2025-08-30 15:39:34] DEBUG    30   5.65712511e+13 -1.88261896e+12  5.49e+05 3.28e-02  5.41e+05   345s
[2025-08-30 15:39:44] DEBUG    31   5.53047825e+13 -1.67437035e+12  4.82e+05 3.23e-02  4.65e+05   356s
[2025-08-30 15:39:56] DEBUG    32   5.40526197e+13 -1.43077394e+12  4.23e+05 3.18e-02  3.88e+05   368s
[2025-08-30 15:40:07] DEBUG    33   5.34936218e+13 -1.28093492e+12  4.00e+05 3.13e-02  3.48e+05   378s
[2025-08-30 15:40:19] DEBUG    34   5.29564951e+13 -1.13790167e+12  3.78e+05 3.08e-02  3.10e+05   391s
[2025-08-30 15:40:32] DEBUG    35   5.22228988e+13 -1.02500672e+12  3.50e+05 3.03e-02  2.77e+05   403s
[2025-08-30 15:40:45] DEBUG    36   5.13739621e+13 -9.57218570e+11  3.19e+05 2.99e-02  2.51e+05   416s
[2025-08-30 15:40:57] DEBUG    37   5.11321325e+13 -9.03412168e+11  3.11e+05 2.93e-02  2.38e+05   428s
[2025-08-30 15:41:07] DEBUG    38   5.04305646e+13 -8.80550538e+11  2.87e+05 2.92e-02  2.24e+05   438s
[2025-08-30 15:41:19] DEBUG    39   5.01432685e+13 -8.38895594e+11  2.78e+05 2.90e-02  2.13e+05   450s
[2025-08-30 15:41:31] DEBUG    40   4.95750549e+13 -7.88302151e+11  2.59e+05 2.89e-02  1.98e+05   463s
[2025-08-30 15:41:43] DEBUG    41   4.91743010e+13 -7.43150488e+11  2.47e+05 2.87e-02  1.85e+05   474s
[2025-08-30 15:41:56] DEBUG    42   4.90207170e+13 -7.05995722e+11  2.43e+05 2.86e-02  1.78e+05   487s
[2025-08-30 15:42:06] DEBUG    43   4.82619416e+13 -6.70822138e+11  2.20e+05 2.84e-02  1.63e+05   497s
[2025-08-30 15:42:15] DEBUG    44   4.80286296e+13 -6.13099393e+11  2.14e+05 2.82e-02  1.52e+05   507s
[2025-08-30 15:42:26] DEBUG    45   4.74069222e+13 -5.91226537e+11  1.97e+05 2.81e-02  1.42e+05   518s
[2025-08-30 15:42:39] DEBUG    46   4.69794255e+13 -5.48230197e+11  1.86e+05 2.78e-02  1.31e+05   530s
[2025-08-30 15:42:48] DEBUG    47   4.68289652e+13 -5.08018918e+11  1.82e+05 2.76e-02  1.23e+05   540s
[2025-08-30 15:43:01] DEBUG    48   4.62399266e+13 -4.83453812e+11  1.68e+05 2.75e-02  1.15e+05   552s
[2025-08-30 15:43:08] DEBUG    49   4.60557004e+13 -4.63207757e+11  1.64e+05 2.73e-02  1.10e+05   560s
[2025-08-30 15:43:20] DEBUG    50   4.54315831e+13 -4.30065524e+11  1.50e+05 2.70e-02  1.01e+05   571s
[2025-08-30 15:43:30] DEBUG    51   4.49624773e+13 -4.08724932e+11  1.40e+05 2.68e-02  9.40e+04   582s
[2025-08-30 15:43:41] DEBUG    52   4.46973131e+13 -3.54100288e+11  1.35e+05 2.65e-02  8.38e+04   592s
[2025-08-30 15:43:51] DEBUG    53   4.43600422e+13 -3.26558590e+11  1.28e+05 2.61e-02  7.77e+04   603s
[2025-08-30 15:43:59] DEBUG    54   4.40558744e+13 -3.15346736e+11  1.23e+05 2.60e-02  7.45e+04   611s
[2025-08-30 15:44:10] DEBUG    55   4.34980289e+13 -3.02752879e+11  1.13e+05 2.57e-02  6.96e+04   622s
[2025-08-30 15:44:21] DEBUG    56   4.32550200e+13 -2.85456794e+11  1.09e+05 2.52e-02  6.58e+04   632s
[2025-08-30 15:44:33] DEBUG    57   4.30831613e+13 -2.74892218e+11  1.06e+05 2.49e-02  6.35e+04   644s
[2025-08-30 15:44:44] DEBUG    58   4.27697667e+13 -2.62951125e+11  1.01e+05 2.40e-02  6.02e+04   655s
[2025-08-30 15:44:51] DEBUG    59   4.26701491e+13 -2.55910808e+11  9.92e+04 2.32e-02  5.88e+04   663s
[2025-08-30 15:45:03] DEBUG    60   4.23057423e+13 -2.48722861e+11  9.34e+04 2.23e-02  5.60e+04   674s
[2025-08-30 15:45:14] DEBUG    61   4.18978983e+13 -2.38501275e+11  8.71e+04 2.11e-02  5.27e+04   686s
[2025-08-30 15:45:26] DEBUG    62   4.16666234e+13 -2.28311813e+11  8.37e+04 2.02e-02  5.03e+04   698s
[2025-08-30 15:45:39] DEBUG    63   4.14743076e+13 -2.16705712e+11  8.10e+04 1.91e-02  4.78e+04   711s
[2025-08-30 15:45:52] DEBUG    64   4.12723518e+13 -2.07523157e+11  7.82e+04 1.83e-02  4.57e+04   724s
[2025-08-30 15:46:03] DEBUG    65   4.10187924e+13 -1.99715633e+11  7.49e+04 1.79e-02  4.36e+04   735s
[2025-08-30 15:46:15] DEBUG    66   4.07862772e+13 -1.88300058e+11  7.19e+04 1.76e-02  4.11e+04   746s
[2025-08-30 15:46:25] DEBUG    67   4.05479190e+13 -1.81160286e+11  6.89e+04 1.73e-02  3.92e+04   756s
[2025-08-30 15:46:36] DEBUG    68   4.04185167e+13 -1.72122506e+11  6.73e+04 1.72e-02  3.75e+04   768s
[2025-08-30 15:46:44] DEBUG    69   4.02545713e+13 -1.68725775e+11  6.54e+04 1.72e-02  3.66e+04   775s
[2025-08-30 15:46:51] DEBUG    70   4.02425937e+13 -1.67246768e+11  6.53e+04 1.72e-02  3.64e+04   783s
[2025-08-30 15:47:01] DEBUG    71   4.02216831e+13 -1.64418519e+11  6.50e+04 1.73e-02  3.59e+04   792s
[2025-08-30 15:47:09] DEBUG    72   4.01791595e+13 -1.61334826e+11  6.45e+04 1.73e-02  4.29e+04   800s
[2025-08-30 15:47:20] DEBUG    73   3.98362778e+13 -1.55319702e+11  6.06e+04 1.74e-02  4.07e+04   811s
[2025-08-30 15:47:30] DEBUG    74   3.96940330e+13 -1.49750335e+11  5.90e+04 1.75e-02  4.10e+04   821s
[2025-08-30 15:47:40] DEBUG    75   3.95971480e+13 -1.42137890e+11  5.79e+04 1.80e-02  3.93e+04   831s
[2025-08-30 15:47:46] DEBUG    76   3.94630196e+13 -1.40130059e+11  5.65e+04 1.92e-02  3.91e+04   838s
[2025-08-30 15:47:56] DEBUG    77   3.92035061e+13 -1.32957517e+11  5.37e+04 2.30e-02  3.69e+04   848s
[2025-08-30 15:48:02] DEBUG    78   3.90498851e+13 -1.30174191e+11  5.21e+04 2.45e-02  3.61e+04   853s
[2025-08-30 15:48:10] DEBUG    79   3.90175867e+13 -1.25513099e+11  5.18e+04 2.69e-02  3.52e+04   862s
[2025-08-30 15:48:18] DEBUG    80   3.88948644e+13 -1.23022792e+11  5.05e+04 2.82e-02  3.44e+04   869s
[2025-08-30 15:48:28] DEBUG    81   3.87060300e+13 -1.21643794e+11  4.87e+04 2.89e-02  3.36e+04   879s
[2025-08-30 15:48:34] DEBUG    82   3.85766331e+13 -1.19335548e+11  4.74e+04 3.01e-02  3.28e+04   886s
[2025-08-30 15:48:44] DEBUG    83   3.85326402e+13 -1.17371153e+11  4.70e+04 3.11e-02  3.23e+04   895s
[2025-08-30 15:48:52] DEBUG    84   3.84868293e+13 -1.15966428e+11  4.66e+04 3.18e-02  3.20e+04   903s
[2025-08-30 15:49:02] DEBUG    85   3.84286442e+13 -1.14553097e+11  4.61e+04 3.26e-02  3.16e+04   913s
[2025-08-30 15:49:13] DEBUG    86   3.83638236e+13 -1.12454358e+11  4.55e+04 3.36e-02  3.10e+04   925s
[2025-08-30 15:49:20] DEBUG    87   3.83032018e+13 -1.11025531e+11  4.49e+04 3.43e-02  3.07e+04   932s
[2025-08-30 15:49:30] DEBUG    88   3.82004767e+13 -1.08534591e+11  4.40e+04 3.56e-02  3.00e+04   941s
[2025-08-30 15:49:41] DEBUG    89   3.81524480e+13 -1.05595027e+11  4.35e+04 3.72e-02  2.93e+04   953s
[2025-08-30 15:49:53] DEBUG    90   3.78147801e+13 -1.02889405e+11  4.05e+04 3.88e-02  2.78e+04   964s
[2025-08-30 15:50:03] DEBUG    91   3.76587478e+13 -1.00243149e+11  3.92e+04 4.02e-02  2.70e+04   974s
[2025-08-30 15:50:11] DEBUG    92   3.75766498e+13 -9.77440680e+10  3.85e+04 4.14e-02  2.63e+04   982s
[2025-08-30 15:50:21] DEBUG    93   3.73701529e+13 -9.54464026e+10  3.68e+04 4.26e-02  2.54e+04   992s
[2025-08-30 15:50:28] DEBUG    94   3.72818323e+13 -9.46797996e+10  3.61e+04 4.30e-02  2.50e+04   999s
[2025-08-30 15:50:39] DEBUG    95   3.71033643e+13 -9.23878906e+10  3.47e+04 4.42e-02  2.42e+04  1011s
[2025-08-30 15:50:51] DEBUG    96   3.69643004e+13 -9.01199348e+10  3.37e+04 4.53e-02  2.34e+04  1023s
[2025-08-30 15:51:01] DEBUG    97   3.68619691e+13 -8.83720538e+10  3.29e+04 4.61e-02  2.29e+04  1032s
[2025-08-30 15:51:09] DEBUG    98   3.68190027e+13 -8.58204289e+10  3.26e+04 4.74e-02  2.23e+04  1040s
[2025-08-30 15:51:19] DEBUG    99   3.65948147e+13 -8.49168784e+10  3.10e+04 4.78e-02  2.17e+04  1050s
[2025-08-30 15:51:26] DEBUG    100   3.65741117e+13 -8.34737017e+10  3.09e+04 4.86e-02  2.14e+04  1057s
[2025-08-30 15:51:35] DEBUG    101   3.65605788e+13 -8.23386982e+10  3.08e+04 4.91e-02  2.12e+04  1066s
[2025-08-30 15:51:47] DEBUG    102   3.65006495e+13 -8.03923229e+10  3.04e+04 5.00e-02  2.07e+04  1078s
[2025-08-30 15:51:57] DEBUG    103   3.63652663e+13 -7.88337452e+10  2.95e+04 5.08e-02  2.01e+04  1088s
[2025-08-30 15:52:05] DEBUG    104   3.62716624e+13 -7.74400258e+10  2.89e+04 5.15e-02  1.97e+04  1097s
[2025-08-30 15:52:14] DEBUG    105   3.61405633e+13 -7.62285324e+10  2.80e+04 5.20e-02  1.92e+04  1105s
[2025-08-30 15:52:21] DEBUG    106   3.60135250e+13 -7.52543860e+10  2.73e+04 5.25e-02  1.88e+04  1112s
[2025-08-30 15:52:32] DEBUG    107   3.58535728e+13 -7.30474190e+10  2.63e+04 5.35e-02  1.81e+04  1124s
[2025-08-30 15:52:43] DEBUG    108   3.57388569e+13 -7.09960369e+10  2.56e+04 5.45e-02  1.76e+04  1135s
[2025-08-30 15:52:52] DEBUG    109   3.56736046e+13 -6.93865534e+10  2.52e+04 5.52e-02  1.72e+04  1143s
[2025-08-30 15:53:01] DEBUG    110   3.56187188e+13 -6.74547656e+10  2.49e+04 5.61e-02  1.67e+04  1152s
[2025-08-30 15:53:09] DEBUG    111   3.55081156e+13 -6.66051002e+10  2.43e+04 5.65e-02  1.64e+04  1160s
[2025-08-30 15:53:20] DEBUG    112   3.54134373e+13 -6.51983422e+10  2.38e+04 5.71e-02  1.60e+04  1172s
[2025-08-30 15:53:27] DEBUG    113   3.53199993e+13 -6.45788577e+10  2.33e+04 5.74e-02  1.57e+04  1179s
[2025-08-30 15:53:34] DEBUG    114   3.51868527e+13 -6.38547133e+10  2.26e+04 5.77e-02  1.54e+04  1186s
[2025-08-30 15:53:41] DEBUG    115   3.50887910e+13 -6.28723636e+10  2.21e+04 5.81e-02  1.51e+04  1193s
[2025-08-30 15:53:51] DEBUG    116   3.49657459e+13 -6.18135405e+10  2.14e+04 5.86e-02  1.47e+04  1202s
[2025-08-30 15:53:58] DEBUG    117   3.49494155e+13 -6.08317293e+10  2.13e+04 5.90e-02  1.45e+04  1209s
[2025-08-30 15:54:08] DEBUG    118   3.48167348e+13 -5.94390150e+10  2.07e+04 5.95e-02  1.41e+04  1220s
[2025-08-30 15:54:20] DEBUG    119   3.47100673e+13 -5.82516059e+10  2.02e+04 6.00e-02  1.37e+04  1232s
[2025-08-30 15:54:32] DEBUG    120   3.45861612e+13 -5.70528887e+10  1.96e+04 6.05e-02  1.33e+04  1244s
[2025-08-30 15:54:43] DEBUG    121   3.45104572e+13 -5.56539596e+10  1.93e+04 6.11e-02  1.30e+04  1255s
[2025-08-30 15:54:53] DEBUG    122   3.44467496e+13 -5.46344015e+10  1.90e+04 6.14e-02  1.27e+04  1264s
[2025-08-30 15:55:00] DEBUG    123   3.44404899e+13 -5.41150010e+10  1.89e+04 6.16e-02  1.26e+04  1272s
[2025-08-30 15:55:11] DEBUG    124   3.43736968e+13 -5.33707034e+10  1.86e+04 6.19e-02  1.24e+04  1282s
[2025-08-30 15:55:22] DEBUG    125   3.43122114e+13 -5.27689681e+10  1.84e+04 6.21e-02  1.25e+04  1293s
[2025-08-30 15:55:29] DEBUG    126   3.43047593e+13 -5.24378913e+10  1.83e+04 6.22e-02  1.24e+04  1301s
[2025-08-30 15:55:37] DEBUG    127   3.42978340e+13 -5.20115477e+10  1.83e+04 6.23e-02  1.24e+04  1308s
[2025-08-30 15:55:49] DEBUG    128   3.42040194e+13 -5.17080571e+10  1.79e+04 6.23e-02  1.22e+04  1320s
[2025-08-30 15:56:00] DEBUG    129   3.41471418e+13 -5.10765937e+10  1.76e+04 6.21e-02  1.20e+04  1331s
[2025-08-30 15:56:19] DEBUG    130   3.40601431e+13 -5.04764659e+10  1.73e+04 6.15e-02  1.18e+04  1350s
[2025-08-30 15:56:37] DEBUG    131   3.39949683e+13 -4.97902632e+10  1.70e+04 6.07e-02  1.16e+04  1368s
[2025-08-30 15:56:49] DEBUG    132   3.39734216e+13 -4.91366999e+10  1.69e+04 6.00e-02  1.15e+04  1380s
[2025-08-30 15:56:59] DEBUG    133   3.39237253e+13 -4.85615480e+10  1.67e+04 5.94e-02  1.13e+04  1391s
[2025-08-30 15:57:06] DEBUG    134   3.38735301e+13 -4.83053659e+10  1.64e+04 5.90e-02  1.12e+04  1398s
[2025-08-30 15:57:18] DEBUG    135   3.37905856e+13 -4.73329721e+10  1.61e+04 5.77e-02  1.09e+04  1409s
[2025-08-30 15:57:28] DEBUG    136   3.37823002e+13 -4.68050851e+10  1.61e+04 5.70e-02  1.08e+04  1419s
[2025-08-30 15:57:38] DEBUG    137   3.36734907e+13 -4.58829329e+10  1.56e+04 5.58e-02  1.05e+04  1429s
[2025-08-30 15:57:48] DEBUG    138   3.35656365e+13 -4.48829862e+10  1.52e+04 5.45e-02  1.02e+04  1439s
[2025-08-30 15:57:57] DEBUG    139   3.35069576e+13 -4.43768842e+10  1.49e+04 5.38e-02  1.01e+04  1449s
[2025-08-30 15:58:08] DEBUG    140   3.34480671e+13 -4.39190166e+10  1.47e+04 5.31e-02  9.94e+03  1460s
[2025-08-30 15:58:18] DEBUG    141   3.34250367e+13 -4.32117712e+10  1.46e+04 5.21e-02  9.79e+03  1469s
[2025-08-30 15:58:24] DEBUG    142   3.33385996e+13 -4.27000343e+10  1.43e+04 5.14e-02  9.59e+03  1475s
[2025-08-30 15:58:34] DEBUG    143   3.33148658e+13 -4.21973007e+10  1.42e+04 5.06e-02  9.48e+03  1485s
[2025-08-30 15:58:43] DEBUG    144   3.32956818e+13 -4.17248005e+10  1.41e+04 4.99e-02  9.37e+03  1494s
[2025-08-30 15:58:52] DEBUG    145   3.32661574e+13 -4.10229233e+10  1.40e+04 4.89e-02  9.22e+03  1503s
[2025-08-30 15:59:00] DEBUG    146   3.31973699e+13 -4.04791928e+10  1.37e+04 4.81e-02  9.04e+03  1511s
[2025-08-30 15:59:06] DEBUG    147   3.30929472e+13 -4.01239249e+10  1.33e+04 4.76e-02  8.87e+03  1517s
[2025-08-30 15:59:17] DEBUG    148   3.30225807e+13 -3.90740206e+10  1.31e+04 4.60e-02  8.61e+03  1528s
[2025-08-30 15:59:24] DEBUG    149   3.29642021e+13 -3.87363081e+10  1.29e+04 4.55e-02  8.49e+03  1536s
[2025-08-30 15:59:36] DEBUG    150   3.28999711e+13 -3.81768312e+10  1.27e+04 4.47e-02  8.32e+03  1547s
[2025-08-30 15:59:45] DEBUG    151   3.28241073e+13 -3.78231283e+10  1.24e+04 4.41e-02  8.18e+03  1557s
[2025-08-30 15:59:53] DEBUG    152   3.27823440e+13 -3.72482760e+10  1.23e+04 4.33e-02  8.04e+03  1564s
[2025-08-30 16:00:00] DEBUG    153   3.27274298e+13 -3.65158199e+10  1.21e+04 4.22e-02  7.86e+03  1572s
[2025-08-30 16:00:10] DEBUG    154   3.26984367e+13 -3.63341534e+10  1.20e+04 4.19e-02  7.80e+03  1581s
[2025-08-30 16:00:21] DEBUG    155   3.26209003e+13 -3.58791746e+10  1.17e+04 4.13e-02  7.64e+03  1592s
[2025-08-30 16:00:32] DEBUG    156   3.25857329e+13 -3.53964881e+10  1.16e+04 4.05e-02  7.59e+03  1603s
[2025-08-30 16:00:39] DEBUG    157   3.25543678e+13 -3.47666709e+10  1.15e+04 3.96e-02  7.45e+03  1610s
[2025-08-30 16:00:48] DEBUG    158   3.25123575e+13 -3.43381214e+10  1.14e+04 3.90e-02  7.37e+03  1620s
[2025-08-30 16:00:59] DEBUG    159   3.24134133e+13 -3.37671073e+10  1.11e+04 3.81e-02  7.17e+03  1630s
[2025-08-30 16:01:08] DEBUG    160   3.23322159e+13 -3.34635962e+10  1.08e+04 3.76e-02  7.04e+03  1639s
[2025-08-30 16:01:15] DEBUG    161   3.23186626e+13 -3.30610038e+10  1.08e+04 3.70e-02  6.96e+03  1647s
[2025-08-30 16:01:27] DEBUG    162   3.22454329e+13 -3.24369843e+10  1.05e+04 3.61e-02  6.78e+03  1658s
[2025-08-30 16:01:39] DEBUG    163   3.21791178e+13 -3.20293708e+10  1.04e+04 3.55e-02  6.65e+03  1670s
[2025-08-30 16:01:46] DEBUG    164   3.21411592e+13 -3.17959987e+10  1.02e+04 3.51e-02  6.58e+03  1678s
[2025-08-30 16:01:56] DEBUG    165   3.21242883e+13 -3.16573518e+10  1.02e+04 3.49e-02  6.54e+03  1687s
[2025-08-30 16:02:02] DEBUG    166   3.20940341e+13 -3.14009794e+10  1.01e+04 3.45e-02  6.47e+03  1694s
[2025-08-30 16:02:14] DEBUG    167   3.20552214e+13 -3.08907680e+10  1.00e+04 3.37e-02  6.38e+03  1705s
[2025-08-30 16:02:24] DEBUG    168   3.20022925e+13 -3.04703923e+10  9.85e+03 3.31e-02  6.27e+03  1716s
[2025-08-30 16:02:37] DEBUG    169   3.19708473e+13 -3.02519634e+10  9.76e+03 3.28e-02  6.20e+03  1728s
[2025-08-30 16:02:47] DEBUG    170   3.19237863e+13 -3.00056919e+10  9.63e+03 3.24e-02  6.12e+03  1739s
[2025-08-30 16:02:55] DEBUG    171   3.18924427e+13 -2.98115451e+10  9.54e+03 3.21e-02  6.06e+03  1746s
[2025-08-30 16:03:05] DEBUG    172   3.18694071e+13 -2.94515668e+10  9.48e+03 3.15e-02  5.98e+03  1756s
[2025-08-30 16:03:12] DEBUG    173   3.18424511e+13 -2.92979213e+10  9.41e+03 3.13e-02  5.97e+03  1763s
[2025-08-30 16:03:20] DEBUG    174   3.18087254e+13 -2.91490386e+10  9.32e+03 3.11e-02  5.91e+03  1771s
[2025-08-30 16:03:30] DEBUG    175   3.17896293e+13 -2.89106127e+10  9.27e+03 3.07e-02  5.86e+03  1781s
[2025-08-30 16:03:39] DEBUG    176   3.17541844e+13 -2.86858209e+10  9.17e+03 3.04e-02  5.80e+03  1790s
[2025-08-30 16:03:48] DEBUG    177   3.17411539e+13 -2.85594136e+10  9.14e+03 3.02e-02  5.78e+03  1799s
[2025-08-30 16:03:56] DEBUG    178   3.17241062e+13 -2.84013335e+10  9.09e+03 2.99e-02  5.73e+03  1807s
[2025-08-30 16:04:12] DEBUG    179   3.16921861e+13 -2.81546846e+10  9.01e+03 2.95e-02  5.67e+03  1823s
[2025-08-30 16:04:27] DEBUG    180   3.16255389e+13 -2.79090848e+10  8.84e+03 2.91e-02  5.58e+03  1838s
[2025-08-30 16:04:37] DEBUG    181   3.15965024e+13 -2.76930691e+10  8.76e+03 2.88e-02  5.52e+03  1848s
[2025-08-30 16:04:53] DEBUG    182   3.15622738e+13 -2.72882758e+10  8.68e+03 2.82e-02  5.43e+03  1865s
[2025-08-30 16:05:03] DEBUG    183   3.15405832e+13 -2.71353925e+10  8.62e+03 2.79e-02  5.38e+03  1875s
[2025-08-30 16:05:13] DEBUG    184   3.15053552e+13 -2.68971828e+10  8.54e+03 2.75e-02  5.31e+03  1884s
[2025-08-30 16:05:22] DEBUG    185   3.14766446e+13 -2.67340615e+10  8.47e+03 2.73e-02  5.28e+03  1894s
[2025-08-30 16:05:31] DEBUG    186   3.14639800e+13 -2.65553804e+10  8.43e+03 2.70e-02  5.24e+03  1902s
[2025-08-30 16:05:40] DEBUG    187   3.14445101e+13 -2.63864160e+10  8.39e+03 2.67e-02  5.21e+03  1912s
[2025-08-30 16:05:50] DEBUG    188   3.14321917e+13 -2.62212045e+10  8.36e+03 2.65e-02  5.17e+03  1921s
[2025-08-30 16:05:58] DEBUG    189   3.14016236e+13 -2.60499320e+10  8.28e+03 2.62e-02  5.13e+03  1930s
[2025-08-30 16:06:06] DEBUG    190   3.13824537e+13 -2.58621340e+10  8.24e+03 2.59e-02  5.08e+03  1937s
[2025-08-30 16:06:14] DEBUG    191   3.13652352e+13 -2.56925061e+10  8.20e+03 2.57e-02  5.05e+03  1945s
[2025-08-30 16:06:23] DEBUG    192   3.13440297e+13 -2.54544996e+10  8.14e+03 2.53e-02  5.00e+03  1954s
[2025-08-30 16:06:30] DEBUG    193   3.13273758e+13 -2.53688311e+10  8.11e+03 2.52e-02  4.98e+03  1962s
[2025-08-30 16:06:39] DEBUG    194   3.13077896e+13 -2.51516271e+10  8.06e+03 2.48e-02  4.92e+03  1971s
[2025-08-30 16:06:49] DEBUG    195   3.12565652e+13 -2.49421439e+10  7.94e+03 2.45e-02  4.86e+03  1980s
[2025-08-30 16:06:57] DEBUG    196   3.12314922e+13 -2.48202962e+10  7.88e+03 2.43e-02  4.82e+03  1988s
[2025-08-30 16:07:05] DEBUG    197   3.12210025e+13 -2.47179969e+10  7.86e+03 2.41e-02  4.79e+03  1997s
[2025-08-30 16:07:15] DEBUG    198   3.12030066e+13 -2.45606162e+10  7.81e+03 2.39e-02  4.76e+03  2006s
[2025-08-30 16:07:24] DEBUG    199   3.11580898e+13 -2.44171991e+10  7.71e+03 2.37e-02  4.71e+03  2016s
[2025-08-30 16:07:32] DEBUG    200   3.11187546e+13 -2.43237443e+10  7.62e+03 2.35e-02  4.66e+03  2023s
[2025-08-30 16:07:39] DEBUG    201   3.11105589e+13 -2.42107970e+10  7.60e+03 2.33e-02  4.64e+03  2030s
[2025-08-30 16:07:47] DEBUG    202   3.10860463e+13 -2.40871429e+10  7.55e+03 2.31e-02  4.60e+03  2038s
[2025-08-30 16:07:54] DEBUG    203   3.10831374e+13 -2.39926085e+10  7.54e+03 2.30e-02  4.59e+03  2045s
[2025-08-30 16:08:03] DEBUG    204   3.10734285e+13 -2.39122994e+10  7.52e+03 2.29e-02  4.57e+03  2054s
[2025-08-30 16:08:17] DEBUG    205   3.10400442e+13 -2.37255848e+10  7.45e+03 2.26e-02  4.52e+03  2068s
[2025-08-30 16:08:27] DEBUG    206   3.10095305e+13 -2.35622714e+10  7.38e+03 2.23e-02  4.47e+03  2078s
[2025-08-30 16:08:34] DEBUG    207   3.10015344e+13 -2.34856166e+10  7.36e+03 2.22e-02  4.45e+03  2085s
[2025-08-30 16:08:43] DEBUG    208   3.09935496e+13 -2.33651448e+10  7.35e+03 2.20e-02  4.43e+03  2094s
[2025-08-30 16:08:55] DEBUG    209   3.09421504e+13 -2.31739605e+10  7.23e+03 2.17e-02  4.37e+03  2106s
[2025-08-30 16:09:05] DEBUG    210   3.09307871e+13 -2.30599805e+10  7.21e+03 2.15e-02  4.35e+03  2117s
[2025-08-30 16:09:14] DEBUG    211   3.09252991e+13 -2.29362318e+10  7.20e+03 2.13e-02  4.32e+03  2126s
[2025-08-30 16:09:24] DEBUG    212   3.09129091e+13 -2.28042638e+10  7.17e+03 2.11e-02  4.30e+03  2136s
[2025-08-30 16:09:35] DEBUG    213   3.08954644e+13 -2.26613852e+10  7.13e+03 2.09e-02  4.27e+03  2147s
[2025-08-30 16:09:47] DEBUG    214   3.08794973e+13 -2.25107810e+10  7.10e+03 2.07e-02  4.24e+03  2159s
[2025-08-30 16:09:57] DEBUG    215   3.08385335e+13 -2.23613270e+10  7.01e+03 2.04e-02  4.19e+03  2169s
[2025-08-30 16:10:08] DEBUG    216   3.08212126e+13 -2.22208170e+10  6.98e+03 2.02e-02  4.16e+03  2179s
[2025-08-30 16:10:18] DEBUG    217   3.07879735e+13 -2.20639391e+10  6.91e+03 2.00e-02  4.11e+03  2190s
[2025-08-30 16:10:24] DEBUG    218   3.07826648e+13 -2.19422105e+10  6.90e+03 1.98e-02  4.10e+03  2195s
[2025-08-30 16:10:33] DEBUG    219   3.07582469e+13 -2.18358702e+10  6.85e+03 1.96e-02  4.06e+03  2204s
[2025-08-30 16:10:43] DEBUG    220   3.07509064e+13 -2.17102538e+10  6.83e+03 1.94e-02  4.04e+03  2214s
[2025-08-30 16:10:54] DEBUG    221   3.07264726e+13 -2.15592359e+10  6.78e+03 1.92e-02  4.01e+03  2225s
[2025-08-30 16:11:01] DEBUG    222   3.07161258e+13 -2.14675700e+10  6.76e+03 1.91e-02  3.99e+03  2232s
[2025-08-30 16:11:10] DEBUG    223   3.07082239e+13 -2.13371913e+10  6.75e+03 1.89e-02  3.97e+03  2242s
[2025-08-30 16:11:25] DEBUG    224   3.06662582e+13 -2.11779168e+10  6.66e+03 1.86e-02  3.93e+03  2256s
[2025-08-30 16:11:37] DEBUG    225   3.06139479e+13 -2.10124207e+10  6.56e+03 1.84e-02  3.87e+03  2268s
[2025-08-30 16:11:47] DEBUG    226   3.05800929e+13 -2.08843662e+10  6.49e+03 1.82e-02  3.82e+03  2278s
[2025-08-30 16:11:59] DEBUG    227   3.05596060e+13 -2.07442303e+10  6.45e+03 1.80e-02  3.79e+03  2290s
[2025-08-30 16:12:10] DEBUG    228   3.05344493e+13 -2.05866364e+10  6.40e+03 1.77e-02  3.75e+03  2301s
[2025-08-30 16:12:23] DEBUG    229   3.04548269e+13 -2.03910106e+10  6.24e+03 1.74e-02  3.67e+03  2315s
[2025-08-30 16:12:33] DEBUG    230   3.04406033e+13 -2.02856465e+10  6.22e+03 1.73e-02  3.65e+03  2325s
[2025-08-30 16:12:43] DEBUG    231   3.04207797e+13 -2.01798290e+10  6.18e+03 1.72e-02  3.62e+03  2334s
[2025-08-30 16:12:55] DEBUG    232   3.03969835e+13 -2.00462880e+10  6.14e+03 1.72e-02  3.59e+03  2346s
[2025-08-30 16:13:03] DEBUG    233   3.03479010e+13 -1.99314394e+10  6.04e+03 1.72e-02  3.54e+03  2355s
[2025-08-30 16:13:11] DEBUG    234   3.03363022e+13 -1.98561309e+10  6.02e+03 1.72e-02  3.53e+03  2362s
[2025-08-30 16:13:22] DEBUG    235   3.02876868e+13 -1.97599575e+10  5.93e+03 1.72e-02  3.48e+03  2373s
[2025-08-30 16:13:31] DEBUG    236   3.02657649e+13 -1.96515932e+10  5.89e+03 1.72e-02  3.45e+03  2382s
[2025-08-30 16:13:37] DEBUG    237   3.02612820e+13 -1.96031128e+10  5.89e+03 1.71e-02  3.44e+03  2389s
[2025-08-30 16:13:46] DEBUG    238   3.02428856e+13 -1.95327734e+10  5.85e+03 1.71e-02  3.42e+03  2398s
[2025-08-30 16:13:55] DEBUG    239   3.02119608e+13 -1.94434871e+10  5.80e+03 1.71e-02  3.39e+03  2407s
[2025-08-30 16:14:02] DEBUG    240   3.02051071e+13 -1.93583762e+10  5.78e+03 1.71e-02  3.38e+03  2414s
[2025-08-30 16:14:10] DEBUG    241   3.01992104e+13 -1.92869235e+10  5.77e+03 1.71e-02  3.37e+03  2422s
[2025-08-30 16:14:22] DEBUG    242   3.01754317e+13 -1.91875344e+10  5.73e+03 1.71e-02  3.34e+03  2434s
[2025-08-30 16:14:38] DEBUG    243   3.01323954e+13 -1.90609654e+10  5.66e+03 1.71e-02  3.30e+03  2449s
[2025-08-30 16:14:46] DEBUG    244   3.01096270e+13 -1.89505181e+10  5.62e+03 1.71e-02  3.27e+03  2458s
[2025-08-30 16:14:55] DEBUG    245   3.00782472e+13 -1.88706331e+10  5.56e+03 1.71e-02  3.24e+03  2466s
[2025-08-30 16:15:05] DEBUG    246   3.00654395e+13 -1.88125556e+10  5.54e+03 1.71e-02  3.23e+03  2476s
[2025-08-30 16:15:11] DEBUG    247   3.00649309e+13 -1.87576001e+10  5.54e+03 1.71e-02  3.22e+03  2483s
[2025-08-30 16:15:21] DEBUG    248   3.00416023e+13 -1.86516422e+10  5.50e+03 1.71e-02  3.19e+03  2493s
[2025-08-30 16:15:31] DEBUG    249   3.00341698e+13 -1.85782512e+10  5.49e+03 1.70e-02  3.18e+03  2503s
[2025-08-30 16:15:44] DEBUG    250   3.00025574e+13 -1.84581567e+10  5.43e+03 1.70e-02  3.15e+03  2516s
[2025-08-30 16:15:54] DEBUG    251   2.99905004e+13 -1.83723377e+10  5.41e+03 1.70e-02  3.13e+03  2526s
[2025-08-30 16:16:04] DEBUG    252   2.99763938e+13 -1.82768771e+10  5.39e+03 1.70e-02  3.11e+03  2535s
[2025-08-30 16:16:14] DEBUG    253   2.99520191e+13 -1.81981196e+10  5.35e+03 1.70e-02  3.09e+03  2545s
[2025-08-30 16:16:20] DEBUG    254   2.99307995e+13 -1.81396783e+10  5.31e+03 1.70e-02  3.07e+03  2552s
[2025-08-30 16:16:29] DEBUG    255   2.98954129e+13 -1.80502259e+10  5.25e+03 1.70e-02  3.04e+03  2560s
[2025-08-30 16:16:37] DEBUG    256   2.98795239e+13 -1.79615870e+10  5.23e+03 1.70e-02  3.02e+03  2569s
[2025-08-30 16:16:47] DEBUG    257   2.98756377e+13 -1.79015851e+10  5.22e+03 1.70e-02  3.01e+03  2578s
[2025-08-30 16:16:53] DEBUG    258   2.98277947e+13 -1.78748946e+10  5.14e+03 1.70e-02  2.98e+03  2585s
[2025-08-30 16:17:01] DEBUG    259   2.98249494e+13 -1.78329174e+10  5.14e+03 1.70e-02  2.98e+03  2592s
[2025-08-30 16:17:08] DEBUG    260   2.98219969e+13 -1.77606934e+10  5.13e+03 1.70e-02  2.96e+03  2600s
[2025-08-30 16:17:20] DEBUG    261   2.98130291e+13 -1.76412880e+10  5.12e+03 1.70e-02  2.95e+03  2611s
[2025-08-30 16:17:30] DEBUG    262   2.98065747e+13 -1.75797760e+10  5.11e+03 1.70e-02  2.94e+03  2621s
[2025-08-30 16:17:53] DEBUG    263   2.97532357e+13 -1.74779849e+10  5.02e+03 1.70e-02  2.90e+03  2644s
[2025-08-30 16:18:02] DEBUG    264   2.97373496e+13 -1.73878821e+10  5.00e+03 1.70e-02  2.88e+03  2653s
[2025-08-30 16:18:14] DEBUG    265   2.97074330e+13 -1.73065463e+10  4.95e+03 1.70e-02  2.85e+03  2665s
[2025-08-30 16:18:21] DEBUG    266   2.97043466e+13 -1.72374266e+10  4.95e+03 1.70e-02  2.84e+03  2672s
[2025-08-30 16:18:28] DEBUG    267   2.96921464e+13 -1.71704793e+10  4.93e+03 1.70e-02  2.83e+03  2680s
[2025-08-30 16:18:36] DEBUG    268   2.96832598e+13 -1.71179462e+10  4.91e+03 1.70e-02  2.82e+03  2687s
[2025-08-30 16:18:48] DEBUG    269   2.96690827e+13 -1.70136921e+10  4.89e+03 1.70e-02  2.81e+03  2700s
[2025-08-30 16:18:58] DEBUG    270   2.96505526e+13 -1.69098842e+10  4.86e+03 1.70e-02  2.79e+03  2709s
[2025-08-30 16:19:13] DEBUG    271   2.96288535e+13 -1.68189662e+10  4.83e+03 1.70e-02  2.77e+03  2724s
[2025-08-30 16:19:22] DEBUG    272   2.96248996e+13 -1.67480667e+10  4.82e+03 1.70e-02  2.76e+03  2733s
[2025-08-30 16:19:35] DEBUG    273   2.96069957e+13 -1.66656196e+10  4.79e+03 1.70e-02  2.74e+03  2747s
[2025-08-30 16:19:47] DEBUG    274   2.95769059e+13 -1.65905765e+10  4.75e+03 1.70e-02  2.72e+03  2759s
[2025-08-30 16:19:58] DEBUG    275   2.95374130e+13 -1.64438589e+10  4.69e+03 1.70e-02  2.68e+03  2769s
[2025-08-30 16:20:08] DEBUG    276   2.94958775e+13 -1.63506148e+10  4.63e+03 1.70e-02  2.65e+03  2780s
[2025-08-30 16:20:17] DEBUG    277   2.94921217e+13 -1.62951716e+10  4.62e+03 1.70e-02  2.64e+03  2789s
[2025-08-30 16:20:26] DEBUG    278   2.94316165e+13 -1.62343194e+10  4.53e+03 1.70e-02  2.60e+03  2797s
[2025-08-30 16:20:34] DEBUG    279   2.94258375e+13 -1.61632806e+10  4.52e+03 1.70e-02  2.58e+03  2806s
[2025-08-30 16:20:44] DEBUG    280   2.93784651e+13 -1.60935613e+10  4.45e+03 1.70e-02  2.55e+03  2816s
[2025-08-30 16:20:54] DEBUG    281   2.93700309e+13 -1.60576763e+10  4.44e+03 1.70e-02  2.54e+03  2825s
[2025-08-30 16:21:05] DEBUG    282   2.93488747e+13 -1.59652175e+10  4.41e+03 1.70e-02  2.52e+03  2836s
[2025-08-30 16:21:14] DEBUG    283   2.93408283e+13 -1.59153199e+10  4.40e+03 1.70e-02  2.52e+03  2845s
[2025-08-30 16:21:22] DEBUG    284   2.93031496e+13 -1.58421342e+10  4.35e+03 1.70e-02  2.49e+03  2854s
[2025-08-30 16:21:29] DEBUG    285   2.92987652e+13 -1.57959472e+10  4.34e+03 1.70e-02  2.48e+03  2861s
[2025-08-30 16:21:37] DEBUG    286   2.92931432e+13 -1.57704118e+10  4.33e+03 1.70e-02  2.48e+03  2868s
[2025-08-30 16:21:49] DEBUG    287   2.92623948e+13 -1.57007151e+10  4.29e+03 1.70e-02  2.45e+03  2880s
[2025-08-30 16:21:59] DEBUG    288   2.92516709e+13 -1.56379892e+10  4.28e+03 1.70e-02  2.44e+03  2890s
[2025-08-30 16:22:09] DEBUG    289   2.92310039e+13 -1.55682039e+10  4.25e+03 1.70e-02  2.43e+03  2901s
[2025-08-30 16:22:21] DEBUG    290   2.92092614e+13 -1.54802166e+10  4.22e+03 1.70e-02  2.41e+03  2912s
[2025-08-30 16:22:30] DEBUG    291   2.91850788e+13 -1.54207571e+10  4.18e+03 1.70e-02  2.39e+03  2922s
[2025-08-30 16:22:39] DEBUG    292   2.91522174e+13 -1.53507328e+10  4.14e+03 1.70e-02  2.37e+03  2931s
[2025-08-30 16:22:48] DEBUG    293   2.91385359e+13 -1.52976645e+10  4.12e+03 1.70e-02  2.35e+03  2940s
[2025-08-30 16:22:58] DEBUG    294   2.91099083e+13 -1.51789354e+10  4.08e+03 1.70e-02  2.32e+03  2950s
[2025-08-30 16:23:07] DEBUG    295   2.90902750e+13 -1.51059471e+10  4.06e+03 1.72e-02  2.31e+03  2958s
[2025-08-30 16:23:18] DEBUG    296   2.90685541e+13 -1.50206231e+10  4.03e+03 1.74e-02  2.29e+03  2970s
[2025-08-30 16:23:26] DEBUG    297   2.90596296e+13 -1.49871134e+10  4.02e+03 1.75e-02  2.29e+03  2978s
[2025-08-30 16:23:35] DEBUG    298   2.90508312e+13 -1.49626849e+10  4.00e+03 1.76e-02  2.29e+03  2987s
[2025-08-30 16:23:43] DEBUG    299   2.90383901e+13 -1.49218770e+10  3.99e+03 1.77e-02  2.28e+03  2995s
[2025-08-30 16:23:53] DEBUG    300   2.89765770e+13 -1.48623517e+10  3.91e+03 1.78e-02  2.24e+03  3004s
[2025-08-30 16:24:06] DEBUG    301   2.89518865e+13 -1.47748786e+10  3.88e+03 1.80e-02  2.22e+03  3017s
[2025-08-30 16:24:24] DEBUG    302   2.89121919e+13 -1.46752160e+10  3.83e+03 1.83e-02  2.19e+03  3035s
[2025-08-30 16:24:33] DEBUG    303   2.89042337e+13 -1.46216936e+10  3.82e+03 1.84e-02  2.18e+03  3044s
[2025-08-30 16:24:40] DEBUG    304   2.88920920e+13 -1.45743608e+10  3.80e+03 1.85e-02  2.17e+03  3051s
[2025-08-30 16:24:50] DEBUG    305   2.88681904e+13 -1.45452316e+10  3.77e+03 1.86e-02  2.16e+03  3062s
[2025-08-30 16:25:04] DEBUG    306   2.88291322e+13 -1.44539634e+10  3.72e+03 1.88e-02  2.13e+03  3076s
[2025-08-30 16:25:15] DEBUG    307   2.88010207e+13 -1.43744032e+10  3.69e+03 1.90e-02  2.11e+03  3086s
[2025-08-30 16:25:26] DEBUG    308   2.87456628e+13 -1.43075168e+10  3.62e+03 1.91e-02  2.07e+03  3097s
[2025-08-30 16:25:36] DEBUG    309   2.87244241e+13 -1.42419435e+10  3.59e+03 1.93e-02  2.06e+03  3107s
[2025-08-30 16:25:45] DEBUG    310   2.87010419e+13 -1.42085388e+10  3.57e+03 1.94e-02  2.04e+03  3116s
[2025-08-30 16:25:52] DEBUG    311   2.86905180e+13 -1.41571476e+10  3.55e+03 1.95e-02  2.04e+03  3123s
[2025-08-30 16:26:02] DEBUG    312   2.86684566e+13 -1.41018205e+10  3.53e+03 1.96e-02  2.02e+03  3133s
[2025-08-30 16:26:11] DEBUG    313   2.86628090e+13 -1.40603162e+10  3.52e+03 1.97e-02  2.02e+03  3143s
[2025-08-30 16:26:21] DEBUG    314   2.86399319e+13 -1.40115382e+10  3.49e+03 1.98e-02  2.00e+03  3152s
[2025-08-30 16:26:28] DEBUG    315   2.86210195e+13 -1.39701866e+10  3.47e+03 1.99e-02  1.99e+03  3159s
[2025-08-30 16:26:37] DEBUG    316   2.86074392e+13 -1.39295686e+10  3.46e+03 2.00e-02  1.98e+03  3169s
[2025-08-30 16:26:47] DEBUG    317   2.85891944e+13 -1.38688370e+10  3.44e+03 2.01e-02  1.97e+03  3179s
[2025-08-30 16:26:58] DEBUG    318   2.85780074e+13 -1.38111860e+10  3.42e+03 2.02e-02  1.96e+03  3189s
[2025-08-30 16:27:05] DEBUG    319   2.85682680e+13 -1.37541336e+10  3.41e+03 2.03e-02  1.95e+03  3196s
[2025-08-30 16:27:14] DEBUG    320   2.85588765e+13 -1.37159534e+10  3.40e+03 2.04e-02  1.95e+03  3206s
[2025-08-30 16:27:25] DEBUG    321   2.85471019e+13 -1.36913884e+10  3.39e+03 2.05e-02  1.94e+03  3216s
[2025-08-30 16:27:34] DEBUG    322   2.85277254e+13 -1.36433306e+10  3.37e+03 2.06e-02  1.93e+03  3226s
[2025-08-30 16:27:47] DEBUG    323   2.85043163e+13 -1.35732579e+10  3.34e+03 2.07e-02  1.92e+03  3238s
[2025-08-30 16:28:00] DEBUG    324   2.84836647e+13 -1.35194970e+10  3.32e+03 2.08e-02  1.90e+03  3251s
[2025-08-30 16:28:00] DEBUG    Barrier performed 324 iterations in 3251.48 seconds (838.74 work units)
[2025-08-30 16:28:00] DEBUG    Barrier solve interrupted - model solved by another algorithm
[2025-08-30 16:28:00] DEBUG    Solved with dual simplex
[2025-08-30 16:28:12] DEBUG    Iteration    Objective       Primal Inf.    Dual Inf.      Time
[2025-08-30 16:28:12] DEBUG    1185293    1.7816511e+10   0.000000e+00   0.000000e+00   3264s

Solved in 1185293 iterations and 3263.50 seconds (1270.59 work units)
[2025-08-30 16:28:12] DEBUG    Optimal objective  1.781651146e+10
✅ Scenario completato: new_trasmission_CG+VRES_2035_nostorage

🚀 Lancio scenario: new_trasmission_GT+VRES_2035_PHES
[2025-08-30 16:43:31] INFO     Loading sets
[2025-08-30 16:43:31] INFO     Loading parameters
[2025-08-30 16:44:14] INFO     constraints are loaded in the following order: ['energy_balance', 'dispatch', 'costs', 'capacity', 'network', 'policy', 'conversion', 'group', 'conversion_plus', 'milp', 'export']
[2025-08-30 16:44:14] INFO     creating energy_balance constraints
[2025-08-30 16:47:51] INFO     creating dispatch constraints
[2025-08-30 16:50:25] INFO     creating costs constraints
[2025-08-30 17:02:08] INFO     creating capacity constraints
[2025-08-30 17:02:08] INFO     creating network constraints
[2025-08-30 17:02:08] INFO     creating policy constraints
[2025-08-30 17:02:08] INFO     creating conversion constraints
[2025-08-30 17:02:08] INFO     creating group constraints
[2025-08-30 17:02:08] INFO     creating conversion_plus constraints
[2025-08-30 17:02:08] INFO     creating milp constraints
[2025-08-30 17:02:08] INFO     creating export constraints
[2025-08-30 17:18:14] DEBUG    Set parameter WLSAccessID
Set parameter WLSSecret
Set parameter LicenseID to value 2680226
[2025-08-30 17:18:15] DEBUG    Academic license 2680226 - for non-commercial use only - registered to an___@mail.polimi.it
[2025-08-30 17:19:03] DEBUG    Read LP format model from file /tmp/tmpyiyoahh4.pyomo.lp
[2025-08-30 17:19:03] DEBUG    Reading time = 48.17 seconds
x22955038: 30269764 rows, 22955038 columns, 75025284 nonzeros
[2025-08-30 17:19:03] DEBUG    Set parameter NumericFocus to value 1
[2025-08-30 17:19:03] DEBUG    Gurobi Optimizer version 12.0.2 build v12.0.2rc0 (linux64 - "Debian GNU/Linux 11 (bullseye)")

CPU model: Intel(R) Xeon(R) Silver 4314 CPU @ 2.40GHz, instruction set [SSE2|AVX|AVX2|AVX512]
Thread count: 32 physical cores, 64 logical processors, using up to 32 threads
[2025-08-30 17:19:03] DEBUG    Non-default parameters:
NumericFocus  1
[2025-08-30 17:19:03] DEBUG    Academic license 2680226 - for non-commercial use only - registered to an___@mail.polimi.it
[2025-08-30 17:19:03] DEBUG    Optimize a model with 30269764 rows, 22955038 columns and 75025284 nonzeros
[2025-08-30 17:19:04] DEBUG    Model fingerprint: 0x6d8f0411
[2025-08-30 17:19:04] DEBUG    Coefficient statistics:
  Matrix range     [1e-07, 6e+02]
[2025-08-30 17:19:04] DEBUG    Objective range  [1e+00, 1e+06]
  Bounds range     [0e+00, 0e+00]
  RHS range        [1e+00, 6e+09]
Warning: Model contains large rhs
[2025-08-30 17:19:09] DEBUG    Presolve removed 13001403 rows and 10699507 columns (presolve time = 5s)...
[2025-08-30 17:19:15] DEBUG    Presolve removed 22191237 rows and 13010187 columns (presolve time = 10s)...
[2025-08-30 17:19:20] DEBUG    Presolve removed 22191322 rows and 14835978 columns (presolve time = 16s)...
[2025-08-30 17:19:24] DEBUG    Presolve removed 24865344 rows and 17510000 columns (presolve time = 20s)...
[2025-08-30 17:19:29] DEBUG    Presolve removed 25947693 rows and 18546771 columns (presolve time = 25s)...
[2025-08-30 17:19:37] DEBUG    Presolve removed 25947693 rows and 18546771 columns (presolve time = 33s)...
[2025-08-30 17:20:17] DEBUG    Presolve removed 26485582 rows and 18800811 columns (presolve time = 73s)...
[2025-08-30 17:20:21] DEBUG    Presolve removed 26485582 rows and 18976011 columns (presolve time = 77s)...
[2025-08-30 17:20:25] DEBUG    Presolve removed 26485582 rows and 18976011 columns (presolve time = 81s)...
[2025-08-30 17:20:26] DEBUG    Presolve removed 26634485 rows and 18976011 columns
[2025-08-30 17:21:29] DEBUG    Presolve time: 146.38s
[2025-08-30 17:21:29] DEBUG    Presolved: 3635279 rows, 4127930 columns, 15208575 nonzeros

Concurrent LP optimizer: primal simplex, dual simplex, and barrier
Showing barrier log only...
[2025-08-30 17:22:13] DEBUG    Elapsed ordering time = 40s
[2025-08-30 17:22:16] DEBUG    Ordering time: 43.77s
[2025-08-30 17:22:19] DEBUG    Barrier statistics:
 Dense cols : 200
 AA' NZ     : 1.548e+07
 Factor NZ  : 6.593e+07 (roughly 4.0 GB of memory)
 Factor Ops : 7.598e+09 (less than 1 second per iteration)
 Threads    : 30
[2025-08-30 17:22:26] DEBUG    Objective                Residual
Iter       Primal          Dual         Primal    Dual     Compl     Time
[2025-08-30 17:22:26] DEBUG    0   9.29593422e+14 -9.40815592e+14  7.38e+10 2.58e-01  3.37e+11   203s
[2025-08-30 17:22:34] DEBUG    1   8.51362595e+14 -1.05744152e+15  6.69e+10 2.12e+01  2.72e+11   210s
[2025-08-30 17:22:41] DEBUG    2   8.13484267e+14 -3.61178405e+15  6.36e+10 1.50e+01  2.44e+11   218s
[2025-08-30 17:22:53] DEBUG    3   6.92117171e+14 -8.68566460e+15  5.28e+10 6.48e+00  1.81e+11   230s
[2025-08-30 17:23:01] DEBUG    4   5.34157446e+14 -1.05507205e+16  3.78e+10 2.19e+00  1.20e+11   238s
[2025-08-30 17:23:13] DEBUG    5   4.66736350e+14 -1.01036195e+16  3.16e+10 8.66e-01  9.60e+10   250s
[2025-08-30 17:23:21] DEBUG    6   2.72030367e+14 -9.34690166e+15  1.12e+10 4.48e-01  3.62e+10   258s
[2025-08-30 17:23:28] DEBUG    7   2.16189006e+14 -6.82409517e+15  4.10e+09 1.83e-01  1.36e+10   265s
[2025-08-30 17:23:35] DEBUG    8   2.11056770e+14 -4.84830222e+15  2.11e+09 1.10e-01  6.94e+09   272s
[2025-08-30 17:23:42] DEBUG    9   2.09820796e+14 -2.87138101e+15  1.46e+09 3.59e-02  4.45e+09   279s
[2025-08-30 17:23:49] DEBUG    10   1.84924666e+14 -1.23488068e+15  4.77e+08 1.88e-02  1.40e+09   286s
[2025-08-30 17:23:56] DEBUG    11   1.71607986e+14 -5.74717567e+14  1.56e+08 3.28e-02  4.66e+08   293s
[2025-08-30 17:24:02] DEBUG    12   1.57018643e+14 -3.21497092e+14  8.05e+07 3.68e-02  2.32e+08   299s
[2025-08-30 17:24:09] DEBUG    13   1.45566608e+14 -1.83337364e+14  5.25e+07 8.60e-02  1.39e+08   306s
[2025-08-30 17:24:18] DEBUG    14   1.30555448e+14 -1.39699321e+14  2.78e+07 7.71e-02  7.63e+07   315s
[2025-08-30 17:24:25] DEBUG    15   1.27898568e+14 -1.29846672e+14  2.55e+07 7.56e-02  6.93e+07   322s
[2025-08-30 17:24:34] DEBUG    16   1.19573550e+14 -7.53597008e+13  1.87e+07 8.47e-02  4.48e+07   331s
[2025-08-30 17:24:45] DEBUG    17   1.12739823e+14 -5.49415204e+13  1.41e+07 6.99e-02  3.21e+07   342s
[2025-08-30 17:24:54] DEBUG    18   1.05882086e+14 -3.57874873e+13  1.03e+07 6.28e-02  2.03e+07   351s
[2025-08-30 17:25:00] DEBUG    19   1.02084669e+14 -2.92401098e+13  8.76e+06 6.21e-02  1.65e+07   357s
[2025-08-30 17:25:07] DEBUG    20   1.00991131e+14 -2.38365680e+13  8.38e+06 6.14e-02  1.46e+07   364s
[2025-08-30 17:25:14] DEBUG    21   9.56415900e+13 -2.04422151e+13  6.48e+06 6.09e-02  1.13e+07   371s
[2025-08-30 17:25:22] DEBUG    22   9.36558534e+13 -1.85204509e+13  5.93e+06 6.05e-02  1.01e+07   379s
[2025-08-30 17:25:33] DEBUG    23   8.89040786e+13 -1.54966326e+13  4.70e+06 5.98e-02  7.48e+06   390s
[2025-08-30 17:25:46] DEBUG    24   8.62570040e+13 -1.16279444e+13  4.10e+06 5.74e-02  5.47e+06   403s
[2025-08-30 17:25:57] DEBUG    25   8.32958862e+13 -9.25778655e+12  3.47e+06 5.64e-02  4.18e+06   414s
[2025-08-30 17:26:11] DEBUG    26   7.87137121e+13 -7.10316421e+12  2.44e+06 4.51e-02  2.78e+06   428s
[2025-08-30 17:26:24] DEBUG    27   7.54632999e+13 -5.81595452e+12  1.92e+06 3.74e-02  2.08e+06   441s
[2025-08-30 17:26:35] DEBUG    28   7.41132746e+13 -4.81628098e+12  1.73e+06 3.59e-02  1.69e+06   452s
[2025-08-30 17:26:49] DEBUG    29   7.18922041e+13 -3.84390092e+12  1.45e+06 3.50e-02  1.26e+06   466s
[2025-08-30 17:27:03] DEBUG    30   6.97639074e+13 -2.83989245e+12  1.21e+06 3.37e-02  9.03e+05   480s
[2025-08-30 17:27:16] DEBUG    31   6.73815615e+13 -2.39619821e+12  9.78e+05 3.34e-02  7.02e+05   493s
[2025-08-30 17:27:30] DEBUG    32   6.63716076e+13 -2.19888436e+12  8.95e+05 3.35e-02  6.27e+05   507s
[2025-08-30 17:27:40] DEBUG    33   6.48061742e+13 -1.80798490e+12  7.73e+05 3.34e-02  4.99e+05   517s
[2025-08-30 17:27:54] DEBUG    34   6.39648996e+13 -1.65658634e+12  7.15e+05 3.32e-02  4.49e+05   531s
[2025-08-30 17:28:05] DEBUG    35   6.23250708e+13 -1.36018477e+12  6.07e+05 3.29e-02  3.53e+05   542s
[2025-08-30 17:28:16] DEBUG    36   6.15519497e+13 -1.10285931e+12  5.63e+05 3.24e-02  2.89e+05   553s
[2025-08-30 17:28:27] DEBUG    37   6.07981648e+13 -1.04138206e+12  5.23e+05 3.23e-02  2.66e+05   564s
[2025-08-30 17:28:41] DEBUG    38   6.02365752e+13 -9.78082286e+11  4.94e+05 3.21e-02  2.47e+05   578s
[2025-08-30 17:28:50] DEBUG    39   5.98593753e+13 -9.44690071e+11  4.76e+05 3.20e-02  2.36e+05   587s
[2025-08-30 17:28:59] DEBUG    40   5.98031047e+13 -9.23067219e+11  4.73e+05 3.19e-02  2.33e+05   596s
[2025-08-30 17:29:08] DEBUG    41   5.92266912e+13 -8.71648222e+11  4.46e+05 3.16e-02  2.17e+05   605s
[2025-08-30 17:29:17] DEBUG    42   5.89738074e+13 -8.49234219e+11  4.35e+05 3.15e-02  2.10e+05   614s
[2025-08-30 17:29:24] DEBUG    43   5.89214249e+13 -8.31998380e+11  4.32e+05 3.14e-02  2.07e+05   621s
[2025-08-30 17:29:36] DEBUG    44   5.88648500e+13 -8.02898423e+11  4.30e+05 3.13e-02  2.02e+05   633s
[2025-08-30 17:29:50] DEBUG    45   5.82979263e+13 -7.78160598e+11  4.04e+05 3.12e-02  1.91e+05   647s
[2025-08-30 17:30:04] DEBUG    46   5.81471035e+13 -7.42784244e+11  3.98e+05 3.10e-02  1.83e+05   661s
[2025-08-30 17:30:18] DEBUG    47   5.73316819e+13 -7.15572173e+11  3.63e+05 3.09e-02  1.69e+05   675s
[2025-08-30 17:30:26] DEBUG    48   5.72122203e+13 -6.73602096e+11  3.58e+05 3.06e-02  1.62e+05   683s
[2025-08-30 17:30:36] DEBUG    49   5.69961459e+13 -6.50323880e+11  3.49e+05 3.27e-02  1.56e+05   693s
[2025-08-30 17:30:45] DEBUG    50   5.68747484e+13 -6.26516650e+11  3.44e+05 3.52e-02  1.51e+05   702s
[2025-08-30 17:30:59] DEBUG    51   5.61131999e+13 -6.00920509e+11  3.15e+05 3.75e-02  1.40e+05   716s
[2025-08-30 17:31:12] DEBUG    52   5.52930064e+13 -5.55369551e+11  2.85e+05 4.14e-02  1.24e+05   729s
[2025-08-30 17:31:22] DEBUG    53   5.51154441e+13 -5.43451205e+11  2.79e+05 4.24e-02  1.21e+05   739s
[2025-08-30 17:31:34] DEBUG    54   5.47626127e+13 -5.13944248e+11  2.67e+05 4.49e-02  1.14e+05   751s
[2025-08-30 17:31:45] DEBUG    55   5.43833975e+13 -4.79566691e+11  2.55e+05 4.71e-02  1.06e+05   762s
[2025-08-30 17:31:59] DEBUG    56   5.37168086e+13 -4.52469849e+11  2.35e+05 4.75e-02  9.73e+04   776s
[2025-08-30 17:32:13] DEBUG    57   5.30320171e+13 -4.25920852e+11  2.15e+05 4.50e-02  8.88e+04   790s
[2025-08-30 17:32:27] DEBUG    58   5.26273995e+13 -4.07232381e+11  2.03e+05 4.40e-02  8.37e+04   804s
[2025-08-30 17:32:42] DEBUG    59   5.22883760e+13 -3.79613995e+11  1.94e+05 4.16e-02  7.76e+04   819s
[2025-08-30 17:32:52] DEBUG    60   5.20326614e+13 -3.63525879e+11  1.87e+05 3.99e-02  7.39e+04   829s
[2025-08-30 17:33:06] DEBUG    61   5.18144960e+13 -3.44913740e+11  1.82e+05 3.79e-02  6.99e+04   843s
[2025-08-30 17:33:19] DEBUG    62   5.12862443e+13 -3.32446787e+11  1.68e+05 3.63e-02  6.54e+04   856s
[2025-08-30 17:33:33] DEBUG    63   5.09336868e+13 -3.22552193e+11  1.60e+05 3.52e-02  6.21e+04   870s
[2025-08-30 17:33:45] DEBUG    64   5.08417542e+13 -3.12639939e+11  1.58e+05 3.40e-02  6.04e+04   882s
[2025-08-30 17:33:59] DEBUG    65   5.07594230e+13 -3.01445975e+11  1.56e+05 3.26e-02  5.86e+04   896s
[2025-08-30 17:34:08] DEBUG    66   5.05243643e+13 -2.93309794e+11  1.51e+05 3.14e-02  5.65e+04   905s
[2025-08-30 17:34:21] DEBUG    67   5.01283205e+13 -2.77211454e+11  1.42e+05 2.95e-02  5.25e+04   918s
[2025-08-30 17:34:33] DEBUG    68   4.99131627e+13 -2.64497404e+11  1.38e+05 2.79e-02  4.99e+04   930s
[2025-08-30 17:34:47] DEBUG    69   4.95099432e+13 -2.44101449e+11  1.30e+05 2.55e-02  4.55e+04   944s
[2025-08-30 17:35:01] DEBUG    70   4.92145347e+13 -2.28048278e+11  1.24e+05 2.34e-02  4.23e+04   958s
[2025-08-30 17:35:15] DEBUG    71   4.89067725e+13 -2.14508401e+11  1.18e+05 2.17e-02  3.94e+04   972s
[2025-08-30 17:35:27] DEBUG    72   4.86002558e+13 -2.00362607e+11  1.12e+05 1.99e-02  3.66e+04   984s
[2025-08-30 17:35:40] DEBUG    73   4.82993384e+13 -1.93133801e+11  1.07e+05 1.93e-02  3.47e+04   997s
[2025-08-30 17:35:53] DEBUG    74   4.79901186e+13 -1.86930003e+11  1.02e+05 1.92e-02  3.30e+04  1010s
[2025-08-30 17:36:07] DEBUG    75   4.77097928e+13 -1.78404889e+11  9.77e+04 1.91e-02  3.11e+04  1024s
[2025-08-30 17:36:21] DEBUG    76   4.73654524e+13 -1.70711349e+11  9.25e+04 1.90e-02  2.92e+04  1038s
[2025-08-30 17:36:34] DEBUG    77   4.71421217e+13 -1.64909139e+11  8.92e+04 1.89e-02  2.79e+04  1051s
[2025-08-30 17:36:45] DEBUG    78   4.69490253e+13 -1.60411681e+11  8.65e+04 1.88e-02  2.69e+04  1062s
[2025-08-30 17:36:57] DEBUG    79   4.68866816e+13 -1.53798329e+11  8.56e+04 1.87e-02  2.62e+04  1074s
[2025-08-30 17:37:09] DEBUG    80   4.67852913e+13 -1.47307402e+11  8.42e+04 1.86e-02  2.52e+04  1086s
[2025-08-30 17:37:21] DEBUG    81   4.67481930e+13 -1.45504261e+11  8.37e+04 1.86e-02  2.50e+04  1098s
[2025-08-30 17:37:35] DEBUG    82   4.63920618e+13 -1.43136675e+11  7.87e+04 1.85e-02  2.39e+04  1112s
[2025-08-30 17:37:45] DEBUG    83   4.63404578e+13 -1.41734008e+11  7.81e+04 1.85e-02  2.83e+04  1122s
[2025-08-30 17:37:54] DEBUG    84   4.61831153e+13 -1.40711901e+11  7.60e+04 1.85e-02  2.78e+04  1131s
[2025-08-30 17:38:07] DEBUG    85   4.59720704e+13 -1.39454148e+11  7.33e+04 1.84e-02  2.80e+04  1144s
[2025-08-30 17:38:21] DEBUG    86   4.56659599e+13 -1.34931639e+11  6.94e+04 1.84e-02  2.67e+04  1158s
[2025-08-30 17:38:31] DEBUG    87   4.55610333e+13 -1.32677047e+11  6.82e+04 1.83e-02  2.63e+04  1168s
[2025-08-30 17:38:42] DEBUG    88   4.55410411e+13 -1.31179088e+11  6.79e+04 1.83e-02  2.60e+04  1179s
[2025-08-30 17:38:52] DEBUG    89   4.54750970e+13 -1.29861507e+11  6.72e+04 1.83e-02  2.57e+04  1189s
[2025-08-30 17:39:01] DEBUG    90   4.54123015e+13 -1.27893231e+11  6.64e+04 1.82e-02  2.54e+04  1198s
[2025-08-30 17:39:15] DEBUG    91   4.50929804e+13 -1.24497410e+11  6.27e+04 1.82e-02  2.42e+04  1212s
[2025-08-30 17:39:27] DEBUG    92   4.49796058e+13 -1.21010112e+11  6.15e+04 1.81e-02  2.34e+04  1224s
[2025-08-30 17:39:36] DEBUG    93   4.49375128e+13 -1.20564023e+11  6.10e+04 1.81e-02  2.33e+04  1233s
[2025-08-30 17:39:49] DEBUG    94   4.48415764e+13 -1.18736156e+11  6.00e+04 1.80e-02  2.29e+04  1246s
[2025-08-30 17:39:58] DEBUG    95   4.47399700e+13 -1.16821934e+11  5.89e+04 1.80e-02  2.25e+04  1255s
[2025-08-30 17:40:12] DEBUG    96   4.45772311e+13 -1.14044073e+11  5.72e+04 1.79e-02  2.18e+04  1269s
[2025-08-30 17:40:21] DEBUG    97   4.44117174e+13 -1.12585258e+11  5.55e+04 1.79e-02  2.13e+04  1278s
[2025-08-30 17:40:34] DEBUG    98   4.41551533e+13 -1.10242258e+11  5.29e+04 1.79e-02  2.05e+04  1291s
[2025-08-30 17:40:48] DEBUG    99   4.39141663e+13 -1.07013329e+11  5.06e+04 1.78e-02  1.97e+04  1305s
[2025-08-30 17:41:02] DEBUG    100   4.37930085e+13 -1.03045956e+11  4.95e+04 1.77e-02  1.90e+04  1319s
[2025-08-30 17:41:13] DEBUG    101   4.36566518e+13 -1.00180627e+11  4.82e+04 1.78e-02  1.85e+04  1330s
[2025-08-30 17:41:26] DEBUG    102   4.35119109e+13 -9.69602133e+10  4.70e+04 1.79e-02  1.79e+04  1343s
[2025-08-30 17:41:37] DEBUG    103   4.34547195e+13 -9.45960699e+10  4.65e+04 1.90e-02  1.75e+04  1354s
[2025-08-30 17:41:48] DEBUG    104   4.34066742e+13 -9.43900374e+10  4.60e+04 1.99e-02  1.74e+04  1365s
[2025-08-30 17:42:01] DEBUG    105   4.31927935e+13 -9.21567235e+10  4.42e+04 2.19e-02  1.68e+04  1378s
[2025-08-30 17:42:12] DEBUG    106   4.31706708e+13 -9.09334872e+10  4.40e+04 2.30e-02  1.67e+04  1389s
[2025-08-30 17:42:26] DEBUG    107   4.31516874e+13 -8.85283883e+10  4.39e+04 2.52e-02  1.64e+04  1403s
[2025-08-30 17:42:40] DEBUG    108   4.29979914e+13 -8.69775352e+10  4.26e+04 2.66e-02  1.61e+04  1417s
[2025-08-30 17:42:54] DEBUG    109   4.28376005e+13 -8.52491363e+10  4.12e+04 2.83e-02  1.56e+04  1431s
[2025-08-30 17:43:06] DEBUG    110   4.27935761e+13 -8.36195804e+10  4.09e+04 2.99e-02  1.53e+04  1443s
[2025-08-30 17:43:15] DEBUG    111   4.27883464e+13 -8.23411000e+10  4.08e+04 3.12e-02  1.52e+04  1452s
[2025-08-30 17:43:26] DEBUG    112   4.27010636e+13 -8.09087481e+10  4.02e+04 3.27e-02  1.48e+04  1463s
[2025-08-30 17:43:35] DEBUG    113   4.26183968e+13 -7.99769252e+10  3.95e+04 3.38e-02  1.46e+04  1472s
[2025-08-30 17:43:46] DEBUG    114   4.24927912e+13 -7.92948092e+10  3.85e+04 3.45e-02  1.43e+04  1483s
[2025-08-30 17:43:59] DEBUG    115   4.23963877e+13 -7.78221214e+10  3.78e+04 3.61e-02  1.40e+04  1496s
[2025-08-30 17:44:12] DEBUG    116   4.22746927e+13 -7.66652422e+10  3.69e+04 3.72e-02  1.37e+04  1509s
[2025-08-30 17:44:26] DEBUG    117   4.20897994e+13 -7.48942728e+10  3.55e+04 3.89e-02  1.32e+04  1523s
[2025-08-30 17:44:39] DEBUG    118   4.19425780e+13 -7.24341455e+10  3.45e+04 4.09e-02  1.27e+04  1536s
[2025-08-30 17:44:53] DEBUG    119   4.17707805e+13 -7.08465067e+10  3.33e+04 4.25e-02  1.23e+04  1550s
[2025-08-30 17:45:06] DEBUG    120   4.16400846e+13 -6.88619074e+10  3.24e+04 4.44e-02  1.18e+04  1563s
[2025-08-30 17:45:18] DEBUG    121   4.15474653e+13 -6.73369274e+10  3.18e+04 4.58e-02  1.15e+04  1575s
[2025-08-30 17:45:31] DEBUG    122   4.13830674e+13 -6.58443653e+10  3.07e+04 4.71e-02  1.12e+04  1588s
[2025-08-30 17:45:45] DEBUG    123   4.12349926e+13 -6.43128440e+10  2.98e+04 4.85e-02  1.08e+04  1602s
[2025-08-30 17:45:59] DEBUG    124   4.10630449e+13 -6.28784038e+10  2.88e+04 4.97e-02  1.04e+04  1616s
[2025-08-30 17:46:10] DEBUG    125   4.09757531e+13 -6.13933484e+10  2.83e+04 5.10e-02  1.02e+04  1627s
[2025-08-30 17:46:22] DEBUG    126   4.08468974e+13 -6.01385771e+10  2.75e+04 5.21e-02  9.87e+03  1639s
[2025-08-30 17:46:35] DEBUG    127   4.06918640e+13 -5.88076738e+10  2.66e+04 5.31e-02  9.56e+03  1652s
[2025-08-30 17:46:49] DEBUG    128   4.05519139e+13 -5.75282341e+10  2.59e+04 5.42e-02  9.27e+03  1666s
[2025-08-30 17:47:01] DEBUG    129   4.04476537e+13 -5.63803492e+10  2.53e+04 5.51e-02  9.04e+03  1678s
[2025-08-30 17:47:12] DEBUG    130   4.03632631e+13 -5.56337478e+10  2.48e+04 5.56e-02  8.88e+03  1689s
[2025-08-30 17:47:25] DEBUG    131   4.02612701e+13 -5.45331376e+10  2.43e+04 5.64e-02  8.66e+03  1702s
[2025-08-30 17:47:37] DEBUG    132   4.02129353e+13 -5.35860669e+10  2.41e+04 5.71e-02  8.52e+03  1714s
[2025-08-30 17:47:48] DEBUG    133   4.01571201e+13 -5.28382305e+10  2.38e+04 5.76e-02  8.40e+03  1725s
[2025-08-30 17:47:58] DEBUG    134   4.01256071e+13 -5.21856422e+10  2.36e+04 5.80e-02  8.32e+03  1735s
[2025-08-30 17:48:09] DEBUG    135   4.00681452e+13 -5.12564680e+10  2.33e+04 5.85e-02  8.19e+03  1746s
[2025-08-30 17:48:20] DEBUG    136   4.00186792e+13 -5.05386673e+10  2.31e+04 5.89e-02  8.25e+03  1757s
[2025-08-30 17:48:29] DEBUG    137   3.99820275e+13 -4.98539371e+10  2.29e+04 5.93e-02  8.16e+03  1766s
[2025-08-30 17:48:41] DEBUG    138   3.99622538e+13 -4.91670110e+10  2.28e+04 5.97e-02  8.13e+03  1778s
[2025-08-30 17:48:50] DEBUG    139   3.99388458e+13 -4.87607892e+10  2.27e+04 5.99e-02  8.08e+03  1787s
[2025-08-30 17:49:03] DEBUG    140   3.98164632e+13 -4.72163635e+10  2.21e+04 6.07e-02  7.88e+03  1800s
[2025-08-30 17:49:14] DEBUG    141   3.97565183e+13 -4.61474503e+10  2.18e+04 6.11e-02  7.77e+03  1811s
[2025-08-30 17:49:27] DEBUG    142   3.96811176e+13 -4.45641018e+10  2.15e+04 6.18e-02  7.60e+03  1824s
[2025-08-30 17:49:40] DEBUG    143   3.96200158e+13 -4.38738771e+10  2.12e+04 6.22e-02  7.48e+03  1837s
[2025-08-30 17:49:53] DEBUG    144   3.95272351e+13 -4.29016774e+10  2.08e+04 6.28e-02  7.32e+03  1850s
[2025-08-30 17:50:07] DEBUG    145   3.94468230e+13 -4.21850047e+10  2.04e+04 6.33e-02  7.18e+03  1864s
[2025-08-30 17:50:21] DEBUG    146   3.93938245e+13 -4.12722329e+10  2.02e+04 6.38e-02  7.05e+03  1878s
[2025-08-30 17:50:31] DEBUG    147   3.92993656e+13 -4.06614688e+10  1.98e+04 6.42e-02  6.91e+03  1888s
[2025-08-30 17:50:43] DEBUG    148   3.92338381e+13 -4.00993926e+10  1.95e+04 6.45e-02  6.81e+03  1900s
[2025-08-30 17:50:54] DEBUG    149   3.91776832e+13 -3.93809595e+10  1.93e+04 6.50e-02  6.70e+03  1911s
[2025-08-30 17:51:06] DEBUG    150   3.91632181e+13 -3.86244746e+10  1.92e+04 6.54e-02  6.62e+03  1923s
[2025-08-30 17:51:15] DEBUG    151   3.91224129e+13 -3.83060579e+10  1.90e+04 6.56e-02  6.56e+03  1932s
[2025-08-30 17:51:26] DEBUG    152   3.90973436e+13 -3.76468645e+10  1.89e+04 6.60e-02  6.48e+03  1943s
[2025-08-30 17:51:38] DEBUG    153   3.90166998e+13 -3.67577919e+10  1.86e+04 6.65e-02  6.40e+03  1955s
[2025-08-30 17:51:51] DEBUG    154   3.89262198e+13 -3.60381965e+10  1.82e+04 6.69e-02  6.27e+03  1968s
[2025-08-30 17:52:00] DEBUG    155   3.88845041e+13 -3.57722670e+10  1.81e+04 6.70e-02  6.21e+03  1977s
[2025-08-30 17:52:10] DEBUG    156   3.88552378e+13 -3.53510333e+10  1.80e+04 6.72e-02  6.16e+03  1987s
[2025-08-30 17:52:19] DEBUG    157   3.87334857e+13 -3.48219640e+10  1.75e+04 6.75e-02  6.05e+03  1996s
[2025-08-30 17:52:31] DEBUG    158   3.86327898e+13 -3.43586908e+10  1.71e+04 6.77e-02  5.94e+03  2008s
[2025-08-30 17:52:43] DEBUG    159   3.86034363e+13 -3.36662396e+10  1.70e+04 6.81e-02  5.87e+03  2020s
[2025-08-30 17:52:54] DEBUG    160   3.85532296e+13 -3.32127324e+10  1.68e+04 6.83e-02  5.79e+03  2031s
[2025-08-30 17:53:03] DEBUG    161   3.85394864e+13 -3.30303156e+10  1.67e+04 6.84e-02  5.77e+03  2040s
[2025-08-30 17:53:16] DEBUG    162   3.83636585e+13 -3.23734280e+10  1.61e+04 6.88e-02  5.58e+03  2053s
[2025-08-30 17:53:25] DEBUG    163   3.83203911e+13 -3.23035269e+10  1.59e+04 6.89e-02  5.55e+03  2062s
[2025-08-30 17:53:39] DEBUG    164   3.82773365e+13 -3.17347945e+10  1.58e+04 6.92e-02  5.46e+03  2076s
[2025-08-30 17:53:50] DEBUG    165   3.82387405e+13 -3.13985011e+10  1.56e+04 6.94e-02  5.42e+03  2087s
[2025-08-30 17:54:01] DEBUG    166   3.82000118e+13 -3.08876402e+10  1.55e+04 6.96e-02  5.34e+03  2098s
[2025-08-30 17:54:13] DEBUG    167   3.81736950e+13 -3.04924077e+10  1.54e+04 6.99e-02  5.30e+03  2110s
[2025-08-30 17:54:25] DEBUG    168   3.81574537e+13 -3.02129261e+10  1.54e+04 7.00e-02  5.26e+03  2122s
[2025-08-30 17:54:36] DEBUG    169   3.81159953e+13 -2.99066467e+10  1.52e+04 7.02e-02  5.21e+03  2133s
[2025-08-30 17:54:48] DEBUG    170   3.80952950e+13 -2.95726829e+10  1.52e+04 7.04e-02  5.17e+03  2145s
[2025-08-30 17:54:58] DEBUG    171   3.80634299e+13 -2.92233528e+10  1.50e+04 7.06e-02  5.12e+03  2155s
[2025-08-30 17:55:10] DEBUG    172   3.80244421e+13 -2.90548607e+10  1.49e+04 7.07e-02  5.08e+03  2167s
[2025-08-30 17:55:24] DEBUG    173   3.79318970e+13 -2.85323734e+10  1.46e+04 7.10e-02  4.98e+03  2181s
[2025-08-30 17:55:33] DEBUG    174   3.78760635e+13 -2.83481709e+10  1.44e+04 7.11e-02  4.93e+03  2190s
[2025-08-30 17:55:45] DEBUG    175   3.78497849e+13 -2.79670240e+10  1.43e+04 7.13e-02  4.88e+03  2202s
[2025-08-30 17:55:57] DEBUG    176   3.78125812e+13 -2.76219739e+10  1.42e+04 7.15e-02  4.82e+03  2214s
[2025-08-30 17:56:10] DEBUG    177   3.77310760e+13 -2.72459626e+10  1.40e+04 7.17e-02  4.74e+03  2227s
[2025-08-30 17:56:21] DEBUG    178   3.77249969e+13 -2.69806104e+10  1.39e+04 7.18e-02  4.71e+03  2238s
[2025-08-30 17:56:32] DEBUG    179   3.76845649e+13 -2.67074651e+10  1.38e+04 7.19e-02  4.66e+03  2249s
[2025-08-30 17:56:41] DEBUG    180   3.76283797e+13 -2.65648088e+10  1.36e+04 7.20e-02  4.63e+03  2258s
[2025-08-30 17:56:52] DEBUG    181   3.75756933e+13 -2.60732642e+10  1.35e+04 7.23e-02  4.55e+03  2269s
[2025-08-30 17:57:04] DEBUG    182   3.75314246e+13 -2.57336416e+10  1.33e+04 7.24e-02  4.50e+03  2281s
[2025-08-30 17:57:15] DEBUG    183   3.75179089e+13 -2.53974782e+10  1.33e+04 7.26e-02  4.47e+03  2292s
[2025-08-30 17:57:27] DEBUG    184   3.74831298e+13 -2.52058479e+10  1.32e+04 7.27e-02  4.43e+03  2304s
[2025-08-30 17:57:38] DEBUG    185   3.74622883e+13 -2.48801548e+10  1.31e+04 7.28e-02  4.40e+03  2315s
[2025-08-30 17:57:52] DEBUG    186   3.72914658e+13 -2.44688598e+10  1.26e+04 7.30e-02  4.27e+03  2329s
[2025-08-30 17:58:03] DEBUG    187   3.72378258e+13 -2.41360928e+10  1.25e+04 7.31e-02  4.21e+03  2340s
[2025-08-30 17:58:15] DEBUG    188   3.72119575e+13 -2.38381182e+10  1.24e+04 7.33e-02  4.17e+03  2352s
[2025-08-30 17:58:28] DEBUG    189   3.71562908e+13 -2.33683218e+10  1.22e+04 7.35e-02  4.10e+03  2365s
[2025-08-30 17:58:37] DEBUG    190   3.71481026e+13 -2.32236829e+10  1.22e+04 7.35e-02  4.09e+03  2374s
[2025-08-30 17:58:48] DEBUG    191   3.71250027e+13 -2.28800425e+10  1.21e+04 7.37e-02  4.05e+03  2385s
[2025-08-30 17:58:59] DEBUG    192   3.70733282e+13 -2.25952247e+10  1.20e+04 7.38e-02  4.00e+03  2396s
[2025-08-30 17:59:10] DEBUG    193   3.70211587e+13 -2.23917325e+10  1.19e+04 7.39e-02  3.96e+03  2407s
[2025-08-30 17:59:24] DEBUG    194   3.69833594e+13 -2.20015027e+10  1.18e+04 7.41e-02  3.91e+03  2421s
[2025-08-30 17:59:36] DEBUG    195   3.69440499e+13 -2.17524000e+10  1.16e+04 7.41e-02  3.86e+03  2433s
[2025-08-30 17:59:47] DEBUG    196   3.69124490e+13 -2.15263818e+10  1.16e+04 7.42e-02  3.83e+03  2444s
[2025-08-30 17:59:58] DEBUG    197   3.68848869e+13 -2.13254137e+10  1.15e+04 7.43e-02  3.80e+03  2455s
[2025-08-30 18:00:10] DEBUG    198   3.68598007e+13 -2.11974199e+10  1.14e+04 7.44e-02  3.79e+03  2467s
[2025-08-30 18:00:22] DEBUG    199   3.68396087e+13 -2.10109348e+10  1.14e+04 7.44e-02  3.77e+03  2479s
[2025-08-30 18:00:34] DEBUG    200   3.68260260e+13 -2.07949604e+10  1.13e+04 7.45e-02  3.75e+03  2491s
[2025-08-30 18:00:44] DEBUG    201   3.68010628e+13 -2.04177191e+10  1.13e+04 7.46e-02  3.72e+03  2501s
[2025-08-30 18:00:53] DEBUG    202   3.67493809e+13 -2.03397974e+10  1.11e+04 7.46e-02  3.69e+03  2510s
[2025-08-30 18:01:07] DEBUG    203   3.66646656e+13 -2.00588180e+10  1.09e+04 7.47e-02  3.63e+03  2524s
[2025-08-30 18:01:20] DEBUG    204   3.66475108e+13 -1.97582251e+10  1.09e+04 7.48e-02  3.60e+03  2537s
[2025-08-30 18:01:31] DEBUG    205   3.66244368e+13 -1.96177767e+10  1.08e+04 7.48e-02  3.57e+03  2548s
[2025-08-30 18:01:43] DEBUG    206   3.65910791e+13 -1.93682763e+10  1.07e+04 7.46e-02  3.55e+03  2560s
[2025-08-30 18:01:51] DEBUG    207   3.65739107e+13 -1.92583620e+10  1.07e+04 7.45e-02  3.54e+03  2568s
[2025-08-30 18:02:03] DEBUG    208   3.65486513e+13 -1.90887560e+10  1.06e+04 7.42e-02  3.51e+03  2580s
[2025-08-30 18:02:12] DEBUG    209   3.65132526e+13 -1.89671772e+10  1.05e+04 7.40e-02  3.49e+03  2589s
[2025-08-30 18:02:24] DEBUG    210   3.64664515e+13 -1.87360769e+10  1.04e+04 7.34e-02  3.45e+03  2601s
[2025-08-30 18:02:35] DEBUG    211   3.64452289e+13 -1.85524564e+10  1.03e+04 7.30e-02  3.43e+03  2612s
[2025-08-30 18:02:47] DEBUG    212   3.64235485e+13 -1.84221715e+10  1.03e+04 7.26e-02  3.40e+03  2624s
[2025-08-30 18:02:57] DEBUG    213   3.64143292e+13 -1.83193292e+10  1.03e+04 7.24e-02  3.40e+03  2634s
[2025-08-30 18:03:07] DEBUG    214   3.63965879e+13 -1.82319110e+10  1.02e+04 7.21e-02  3.39e+03  2644s
[2025-08-30 18:03:19] DEBUG    215   3.63669486e+13 -1.81044396e+10  1.01e+04 7.17e-02  3.36e+03  2656s
[2025-08-30 18:03:33] DEBUG    216   3.63406966e+13 -1.79667604e+10  1.01e+04 7.13e-02  3.34e+03  2670s
[2025-08-30 18:03:43] DEBUG    217   3.63388668e+13 -1.79009519e+10  1.01e+04 7.11e-02  3.34e+03  2680s
[2025-08-30 18:04:02] DEBUG    218   3.62985135e+13 -1.76949049e+10  9.97e+03 7.04e-02  3.30e+03  2699s
[2025-08-30 18:04:13] DEBUG    219   3.62619142e+13 -1.75183659e+10  9.88e+03 6.99e-02  3.27e+03  2710s
[2025-08-30 18:04:25] DEBUG    220   3.62437095e+13 -1.73497413e+10  9.83e+03 6.93e-02  3.26e+03  2722s
[2025-08-30 18:04:37] DEBUG    221   3.62228644e+13 -1.71882080e+10  9.78e+03 6.88e-02  3.24e+03  2734s
[2025-08-30 18:04:46] DEBUG    222   3.62202621e+13 -1.70782384e+10  9.77e+03 6.84e-02  3.23e+03  2743s
[2025-08-30 18:04:55] DEBUG    223   3.62179300e+13 -1.69982787e+10  9.77e+03 6.81e-02  3.23e+03  2752s
[2025-08-30 18:05:10] DEBUG    224   3.61846024e+13 -1.67921762e+10  9.68e+03 6.74e-02  3.20e+03  2767s
[2025-08-30 18:05:25] DEBUG    225   3.61670362e+13 -1.65211961e+10  9.64e+03 6.65e-02  3.18e+03  2782s
[2025-08-30 18:05:37] DEBUG    226   3.61326554e+13 -1.64169013e+10  9.56e+03 6.61e-02  3.16e+03  2794s
[2025-08-30 18:05:47] DEBUG    227   3.59690129e+13 -1.62304760e+10  9.15e+03 6.54e-02  3.06e+03  2804s
[2025-08-30 18:06:01] DEBUG    228   3.59352219e+13 -1.60213314e+10  9.07e+03 6.47e-02  3.03e+03  2818s
[2025-08-30 18:06:10] DEBUG    229   3.59333776e+13 -1.59234189e+10  9.06e+03 6.43e-02  3.02e+03  2827s
[2025-08-30 18:06:21] DEBUG    230   3.59029816e+13 -1.57211726e+10  8.99e+03 6.36e-02  2.99e+03  2838s
[2025-08-30 18:06:31] DEBUG    231   3.58872934e+13 -1.56168633e+10  8.96e+03 6.32e-02  2.98e+03  2848s
[2025-08-30 18:06:38] DEBUG    232   3.58857203e+13 -1.55118291e+10  8.95e+03 6.29e-02  2.97e+03  2855s
[2025-08-30 18:06:50] DEBUG    233   3.58749392e+13 -1.53560728e+10  8.93e+03 6.23e-02  2.95e+03  2867s
[2025-08-30 18:07:02] DEBUG    234   3.58531693e+13 -1.52527248e+10  8.88e+03 6.19e-02  2.94e+03  2879s
[2025-08-30 18:07:12] DEBUG    235   3.58449166e+13 -1.51264172e+10  8.86e+03 6.14e-02  2.92e+03  2889s
[2025-08-30 18:07:13] DEBUG    Barrier performed 235 iterations in 2889.41 seconds (741.17 work units)
Numerical trouble encountered

Model may be infeasible or unbounded.  Consider using the
homogeneous algorithm (through parameter 'BarHomogeneous')
[2025-08-30 18:08:18] DEBUG    Waiting for other threads to finish...        2955s
[2025-08-30 18:09:22] DEBUG    Waiting for other threads to finish...        3019s
[2025-08-30 18:10:26] DEBUG    Waiting for other threads to finish...        3083s
[2025-08-30 18:11:31] DEBUG    Waiting for other threads to finish...        3148s
[2025-08-30 18:12:35] DEBUG    Waiting for other threads to finish...        3212s
[2025-08-30 18:13:40] DEBUG    Waiting for other threads to finish...        3277s
[2025-08-30 18:14:44] DEBUG    Waiting for other threads to finish...        3341s
[2025-08-30 18:15:49] DEBUG    Waiting for other threads to finish...        3406s
[2025-08-30 18:16:54] DEBUG    Waiting for other threads to finish...        3470s
[2025-08-30 18:17:59] DEBUG    Waiting for other threads to finish...        3536s
[2025-08-30 18:19:03] DEBUG    Waiting for other threads to finish...        3600s
[2025-08-30 18:20:08] DEBUG    Waiting for other threads to finish...        3665s
[2025-08-30 18:21:12] DEBUG    Waiting for other threads to finish...        3729s
[2025-08-30 18:22:17] DEBUG    Waiting for other threads to finish...        3794s
[2025-08-30 18:23:22] DEBUG    Waiting for other threads to finish...        3859s
[2025-08-30 18:24:26] DEBUG    Waiting for other threads to finish...        3923s
[2025-08-30 18:25:31] DEBUG    Waiting for other threads to finish...        3988s
[2025-08-30 18:26:36] DEBUG    Waiting for other threads to finish...        4053s
[2025-08-30 18:27:40] DEBUG    Waiting for other threads to finish...        4117s
[2025-08-30 18:28:45] DEBUG    Waiting for other threads to finish...        4182s
[2025-08-30 18:29:50] DEBUG    Waiting for other threads to finish...        4247s
[2025-08-30 18:30:55] DEBUG    Waiting for other threads to finish...        4312s
[2025-08-30 18:31:59] DEBUG    Waiting for other threads to finish...        4376s
[2025-08-30 18:33:03] DEBUG    Waiting for other threads to finish...        4440s
[2025-08-30 18:34:08] DEBUG    Waiting for other threads to finish...        4505s
[2025-08-30 18:35:13] DEBUG    Waiting for other threads to finish...        4570s
[2025-08-30 18:36:17] DEBUG    Waiting for other threads to finish...        4634s
[2025-08-30 18:37:22] DEBUG    Waiting for other threads to finish...        4699s
[2025-08-30 18:38:26] DEBUG    Waiting for other threads to finish...        4763s
[2025-08-30 18:39:31] DEBUG    Waiting for other threads to finish...        4828s
[2025-08-30 18:40:02] DEBUG    Solved with dual simplex
[2025-08-30 18:40:17] DEBUG    Iteration    Objective       Primal Inf.    Dual Inf.      Time
[2025-08-30 18:40:17] DEBUG    2350585    1.7816511e+10   0.000000e+00   0.000000e+00   4874s
[2025-08-30 18:40:17] DEBUG    Solved in 2350585 iterations and 4873.98 seconds (2993.25 work units)
[2025-08-30 18:40:17] DEBUG    Optimal objective  1.781651146e+10
✅ Scenario completato: new_trasmission_GT+VRES_2035_PHES
🏁 Tutti gli scenari sono stati processati.
